--
-- PostgreSQL database dump
--

\restrict EnEPSeyreBoxXnIBCC0pzHeM8lC8tTBkOij5DkWPZ1kGzYL8N3BEcHcIcZQF60v

-- Dumped from database version 16.14
-- Dumped by pg_dump version 16.14

SET statement_timeout = 0;
SET lock_timeout = 0;
SET idle_in_transaction_session_timeout = 0;
SET client_encoding = 'UTF8';
SET standard_conforming_strings = on;
SELECT pg_catalog.set_config('search_path', '', false);
SET check_function_bodies = false;
SET xmloption = content;
SET client_min_messages = warning;
SET row_security = off;

SET default_tablespace = '';

SET default_table_access_method = heap;

--
-- Name: accounts_userprofile; Type: TABLE; Schema: public; Owner: kameks_user
--

CREATE TABLE public.accounts_userprofile (
    id bigint NOT NULL,
    phone character varying(20) NOT NULL,
    company_name character varying(200) NOT NULL,
    inn character varying(12) NOT NULL,
    address text NOT NULL,
    avatar character varying(100) NOT NULL,
    user_id integer NOT NULL
);


ALTER TABLE public.accounts_userprofile OWNER TO kameks_user;

--
-- Name: accounts_userprofile_id_seq; Type: SEQUENCE; Schema: public; Owner: kameks_user
--

ALTER TABLE public.accounts_userprofile ALTER COLUMN id ADD GENERATED BY DEFAULT AS IDENTITY (
    SEQUENCE NAME public.accounts_userprofile_id_seq
    START WITH 1
    INCREMENT BY 1
    NO MINVALUE
    NO MAXVALUE
    CACHE 1
);


--
-- Name: auth_group; Type: TABLE; Schema: public; Owner: kameks_user
--

CREATE TABLE public.auth_group (
    id integer NOT NULL,
    name character varying(150) NOT NULL
);


ALTER TABLE public.auth_group OWNER TO kameks_user;

--
-- Name: auth_group_id_seq; Type: SEQUENCE; Schema: public; Owner: kameks_user
--

ALTER TABLE public.auth_group ALTER COLUMN id ADD GENERATED BY DEFAULT AS IDENTITY (
    SEQUENCE NAME public.auth_group_id_seq
    START WITH 1
    INCREMENT BY 1
    NO MINVALUE
    NO MAXVALUE
    CACHE 1
);


--
-- Name: auth_group_permissions; Type: TABLE; Schema: public; Owner: kameks_user
--

CREATE TABLE public.auth_group_permissions (
    id bigint NOT NULL,
    group_id integer NOT NULL,
    permission_id integer NOT NULL
);


ALTER TABLE public.auth_group_permissions OWNER TO kameks_user;

--
-- Name: auth_group_permissions_id_seq; Type: SEQUENCE; Schema: public; Owner: kameks_user
--

ALTER TABLE public.auth_group_permissions ALTER COLUMN id ADD GENERATED BY DEFAULT AS IDENTITY (
    SEQUENCE NAME public.auth_group_permissions_id_seq
    START WITH 1
    INCREMENT BY 1
    NO MINVALUE
    NO MAXVALUE
    CACHE 1
);


--
-- Name: auth_permission; Type: TABLE; Schema: public; Owner: kameks_user
--

CREATE TABLE public.auth_permission (
    id integer NOT NULL,
    name character varying(255) NOT NULL,
    content_type_id integer NOT NULL,
    codename character varying(100) NOT NULL
);


ALTER TABLE public.auth_permission OWNER TO kameks_user;

--
-- Name: auth_permission_id_seq; Type: SEQUENCE; Schema: public; Owner: kameks_user
--

ALTER TABLE public.auth_permission ALTER COLUMN id ADD GENERATED BY DEFAULT AS IDENTITY (
    SEQUENCE NAME public.auth_permission_id_seq
    START WITH 1
    INCREMENT BY 1
    NO MINVALUE
    NO MAXVALUE
    CACHE 1
);


--
-- Name: auth_user; Type: TABLE; Schema: public; Owner: kameks_user
--

CREATE TABLE public.auth_user (
    id integer NOT NULL,
    password character varying(128) NOT NULL,
    last_login timestamp with time zone,
    is_superuser boolean NOT NULL,
    username character varying(150) NOT NULL,
    first_name character varying(150) NOT NULL,
    last_name character varying(150) NOT NULL,
    email character varying(254) NOT NULL,
    is_staff boolean NOT NULL,
    is_active boolean NOT NULL,
    date_joined timestamp with time zone NOT NULL
);


ALTER TABLE public.auth_user OWNER TO kameks_user;

--
-- Name: auth_user_groups; Type: TABLE; Schema: public; Owner: kameks_user
--

CREATE TABLE public.auth_user_groups (
    id bigint NOT NULL,
    user_id integer NOT NULL,
    group_id integer NOT NULL
);


ALTER TABLE public.auth_user_groups OWNER TO kameks_user;

--
-- Name: auth_user_groups_id_seq; Type: SEQUENCE; Schema: public; Owner: kameks_user
--

ALTER TABLE public.auth_user_groups ALTER COLUMN id ADD GENERATED BY DEFAULT AS IDENTITY (
    SEQUENCE NAME public.auth_user_groups_id_seq
    START WITH 1
    INCREMENT BY 1
    NO MINVALUE
    NO MAXVALUE
    CACHE 1
);


--
-- Name: auth_user_id_seq; Type: SEQUENCE; Schema: public; Owner: kameks_user
--

ALTER TABLE public.auth_user ALTER COLUMN id ADD GENERATED BY DEFAULT AS IDENTITY (
    SEQUENCE NAME public.auth_user_id_seq
    START WITH 1
    INCREMENT BY 1
    NO MINVALUE
    NO MAXVALUE
    CACHE 1
);


--
-- Name: auth_user_user_permissions; Type: TABLE; Schema: public; Owner: kameks_user
--

CREATE TABLE public.auth_user_user_permissions (
    id bigint NOT NULL,
    user_id integer NOT NULL,
    permission_id integer NOT NULL
);


ALTER TABLE public.auth_user_user_permissions OWNER TO kameks_user;

--
-- Name: auth_user_user_permissions_id_seq; Type: SEQUENCE; Schema: public; Owner: kameks_user
--

ALTER TABLE public.auth_user_user_permissions ALTER COLUMN id ADD GENERATED BY DEFAULT AS IDENTITY (
    SEQUENCE NAME public.auth_user_user_permissions_id_seq
    START WITH 1
    INCREMENT BY 1
    NO MINVALUE
    NO MAXVALUE
    CACHE 1
);


--
-- Name: catalog_analogue; Type: TABLE; Schema: public; Owner: kameks_user
--

CREATE TABLE public.catalog_analogue (
    id bigint NOT NULL,
    brand_name character varying(100) NOT NULL,
    part_number character varying(100) NOT NULL,
    product_id bigint NOT NULL
);


ALTER TABLE public.catalog_analogue OWNER TO kameks_user;

--
-- Name: catalog_analogue_id_seq; Type: SEQUENCE; Schema: public; Owner: kameks_user
--

ALTER TABLE public.catalog_analogue ALTER COLUMN id ADD GENERATED BY DEFAULT AS IDENTITY (
    SEQUENCE NAME public.catalog_analogue_id_seq
    START WITH 1
    INCREMENT BY 1
    NO MINVALUE
    NO MAXVALUE
    CACHE 1
);


--
-- Name: catalog_brand; Type: TABLE; Schema: public; Owner: kameks_user
--

CREATE TABLE public.catalog_brand (
    id bigint NOT NULL,
    name character varying(100) NOT NULL,
    slug character varying(50) NOT NULL,
    logo character varying(100) NOT NULL,
    description text NOT NULL,
    is_active boolean NOT NULL,
    "order" smallint NOT NULL,
    CONSTRAINT catalog_brand_order_check CHECK (("order" >= 0))
);


ALTER TABLE public.catalog_brand OWNER TO kameks_user;

--
-- Name: catalog_brand_id_seq; Type: SEQUENCE; Schema: public; Owner: kameks_user
--

ALTER TABLE public.catalog_brand ALTER COLUMN id ADD GENERATED BY DEFAULT AS IDENTITY (
    SEQUENCE NAME public.catalog_brand_id_seq
    START WITH 1
    INCREMENT BY 1
    NO MINVALUE
    NO MAXVALUE
    CACHE 1
);


--
-- Name: catalog_carmodel; Type: TABLE; Schema: public; Owner: kameks_user
--

CREATE TABLE public.catalog_carmodel (
    id bigint NOT NULL,
    name character varying(150) NOT NULL,
    slug character varying(50) NOT NULL,
    year_from smallint,
    year_to smallint,
    is_active boolean NOT NULL,
    brand_id bigint NOT NULL,
    CONSTRAINT catalog_carmodel_year_from_check CHECK ((year_from >= 0)),
    CONSTRAINT catalog_carmodel_year_to_check CHECK ((year_to >= 0))
);


ALTER TABLE public.catalog_carmodel OWNER TO kameks_user;

--
-- Name: catalog_carmodel_id_seq; Type: SEQUENCE; Schema: public; Owner: kameks_user
--

ALTER TABLE public.catalog_carmodel ALTER COLUMN id ADD GENERATED BY DEFAULT AS IDENTITY (
    SEQUENCE NAME public.catalog_carmodel_id_seq
    START WITH 1
    INCREMENT BY 1
    NO MINVALUE
    NO MAXVALUE
    CACHE 1
);


--
-- Name: catalog_category; Type: TABLE; Schema: public; Owner: kameks_user
--

CREATE TABLE public.catalog_category (
    id bigint NOT NULL,
    name character varying(150) NOT NULL,
    slug character varying(50) NOT NULL,
    image character varying(100) NOT NULL,
    icon character varying(50) NOT NULL,
    description text NOT NULL,
    is_active boolean NOT NULL,
    "order" smallint NOT NULL,
    parent_id bigint,
    CONSTRAINT catalog_category_order_check CHECK (("order" >= 0))
);


ALTER TABLE public.catalog_category OWNER TO kameks_user;

--
-- Name: catalog_category_id_seq; Type: SEQUENCE; Schema: public; Owner: kameks_user
--

ALTER TABLE public.catalog_category ALTER COLUMN id ADD GENERATED BY DEFAULT AS IDENTITY (
    SEQUENCE NAME public.catalog_category_id_seq
    START WITH 1
    INCREMENT BY 1
    NO MINVALUE
    NO MAXVALUE
    CACHE 1
);


--
-- Name: catalog_product; Type: TABLE; Schema: public; Owner: kameks_user
--

CREATE TABLE public.catalog_product (
    id bigint NOT NULL,
    name character varying(300) NOT NULL,
    slug character varying(350) NOT NULL,
    sku character varying(100) NOT NULL,
    oem_number character varying(100) NOT NULL,
    description text NOT NULL,
    price numeric(10,2) NOT NULL,
    discount_price numeric(10,2),
    stock integer NOT NULL,
    weight numeric(7,3),
    is_original boolean NOT NULL,
    is_active boolean NOT NULL,
    is_bestseller boolean NOT NULL,
    is_new boolean NOT NULL,
    created_at timestamp with time zone NOT NULL,
    updated_at timestamp with time zone NOT NULL,
    category_id bigint NOT NULL,
    no_sku boolean NOT NULL,
    CONSTRAINT catalog_product_stock_check CHECK ((stock >= 0))
);


ALTER TABLE public.catalog_product OWNER TO kameks_user;

--
-- Name: catalog_product_brands; Type: TABLE; Schema: public; Owner: kameks_user
--

CREATE TABLE public.catalog_product_brands (
    id bigint NOT NULL,
    product_id bigint NOT NULL,
    brand_id bigint NOT NULL
);


ALTER TABLE public.catalog_product_brands OWNER TO kameks_user;

--
-- Name: catalog_product_brands_id_seq; Type: SEQUENCE; Schema: public; Owner: kameks_user
--

ALTER TABLE public.catalog_product_brands ALTER COLUMN id ADD GENERATED BY DEFAULT AS IDENTITY (
    SEQUENCE NAME public.catalog_product_brands_id_seq
    START WITH 1
    INCREMENT BY 1
    NO MINVALUE
    NO MAXVALUE
    CACHE 1
);


--
-- Name: catalog_product_car_models; Type: TABLE; Schema: public; Owner: kameks_user
--

CREATE TABLE public.catalog_product_car_models (
    id bigint NOT NULL,
    product_id bigint NOT NULL,
    carmodel_id bigint NOT NULL
);


ALTER TABLE public.catalog_product_car_models OWNER TO kameks_user;

--
-- Name: catalog_product_car_models_id_seq; Type: SEQUENCE; Schema: public; Owner: kameks_user
--

ALTER TABLE public.catalog_product_car_models ALTER COLUMN id ADD GENERATED BY DEFAULT AS IDENTITY (
    SEQUENCE NAME public.catalog_product_car_models_id_seq
    START WITH 1
    INCREMENT BY 1
    NO MINVALUE
    NO MAXVALUE
    CACHE 1
);


--
-- Name: catalog_product_id_seq; Type: SEQUENCE; Schema: public; Owner: kameks_user
--

ALTER TABLE public.catalog_product ALTER COLUMN id ADD GENERATED BY DEFAULT AS IDENTITY (
    SEQUENCE NAME public.catalog_product_id_seq
    START WITH 1
    INCREMENT BY 1
    NO MINVALUE
    NO MAXVALUE
    CACHE 1
);


--
-- Name: catalog_productattribute; Type: TABLE; Schema: public; Owner: kameks_user
--

CREATE TABLE public.catalog_productattribute (
    id bigint NOT NULL,
    name character varying(150) NOT NULL,
    value character varying(300) NOT NULL,
    "order" smallint NOT NULL,
    product_id bigint NOT NULL,
    CONSTRAINT catalog_productattribute_order_check CHECK (("order" >= 0))
);


ALTER TABLE public.catalog_productattribute OWNER TO kameks_user;

--
-- Name: catalog_productattribute_id_seq; Type: SEQUENCE; Schema: public; Owner: kameks_user
--

ALTER TABLE public.catalog_productattribute ALTER COLUMN id ADD GENERATED BY DEFAULT AS IDENTITY (
    SEQUENCE NAME public.catalog_productattribute_id_seq
    START WITH 1
    INCREMENT BY 1
    NO MINVALUE
    NO MAXVALUE
    CACHE 1
);


--
-- Name: catalog_productimage; Type: TABLE; Schema: public; Owner: kameks_user
--

CREATE TABLE public.catalog_productimage (
    id bigint NOT NULL,
    image character varying(100) NOT NULL,
    is_main boolean NOT NULL,
    "order" smallint NOT NULL,
    product_id bigint NOT NULL,
    CONSTRAINT catalog_productimage_order_check CHECK (("order" >= 0))
);


ALTER TABLE public.catalog_productimage OWNER TO kameks_user;

--
-- Name: catalog_productimage_id_seq; Type: SEQUENCE; Schema: public; Owner: kameks_user
--

ALTER TABLE public.catalog_productimage ALTER COLUMN id ADD GENERATED BY DEFAULT AS IDENTITY (
    SEQUENCE NAME public.catalog_productimage_id_seq
    START WITH 1
    INCREMENT BY 1
    NO MINVALUE
    NO MAXVALUE
    CACHE 1
);


--
-- Name: django_admin_log; Type: TABLE; Schema: public; Owner: kameks_user
--

CREATE TABLE public.django_admin_log (
    id integer NOT NULL,
    action_time timestamp with time zone NOT NULL,
    object_id text,
    object_repr character varying(200) NOT NULL,
    action_flag smallint NOT NULL,
    change_message text NOT NULL,
    content_type_id integer,
    user_id integer NOT NULL,
    CONSTRAINT django_admin_log_action_flag_check CHECK ((action_flag >= 0))
);


ALTER TABLE public.django_admin_log OWNER TO kameks_user;

--
-- Name: django_admin_log_id_seq; Type: SEQUENCE; Schema: public; Owner: kameks_user
--

ALTER TABLE public.django_admin_log ALTER COLUMN id ADD GENERATED BY DEFAULT AS IDENTITY (
    SEQUENCE NAME public.django_admin_log_id_seq
    START WITH 1
    INCREMENT BY 1
    NO MINVALUE
    NO MAXVALUE
    CACHE 1
);


--
-- Name: django_content_type; Type: TABLE; Schema: public; Owner: kameks_user
--

CREATE TABLE public.django_content_type (
    id integer NOT NULL,
    app_label character varying(100) NOT NULL,
    model character varying(100) NOT NULL
);


ALTER TABLE public.django_content_type OWNER TO kameks_user;

--
-- Name: django_content_type_id_seq; Type: SEQUENCE; Schema: public; Owner: kameks_user
--

ALTER TABLE public.django_content_type ALTER COLUMN id ADD GENERATED BY DEFAULT AS IDENTITY (
    SEQUENCE NAME public.django_content_type_id_seq
    START WITH 1
    INCREMENT BY 1
    NO MINVALUE
    NO MAXVALUE
    CACHE 1
);


--
-- Name: django_migrations; Type: TABLE; Schema: public; Owner: kameks_user
--

CREATE TABLE public.django_migrations (
    id bigint NOT NULL,
    app character varying(255) NOT NULL,
    name character varying(255) NOT NULL,
    applied timestamp with time zone NOT NULL
);


ALTER TABLE public.django_migrations OWNER TO kameks_user;

--
-- Name: django_migrations_id_seq; Type: SEQUENCE; Schema: public; Owner: kameks_user
--

ALTER TABLE public.django_migrations ALTER COLUMN id ADD GENERATED BY DEFAULT AS IDENTITY (
    SEQUENCE NAME public.django_migrations_id_seq
    START WITH 1
    INCREMENT BY 1
    NO MINVALUE
    NO MAXVALUE
    CACHE 1
);


--
-- Name: django_session; Type: TABLE; Schema: public; Owner: kameks_user
--

CREATE TABLE public.django_session (
    session_key character varying(40) NOT NULL,
    session_data text NOT NULL,
    expire_date timestamp with time zone NOT NULL
);


ALTER TABLE public.django_session OWNER TO kameks_user;

--
-- Name: integration_exchange1clog; Type: TABLE; Schema: public; Owner: kameks_user
--

CREATE TABLE public.integration_exchange1clog (
    id bigint NOT NULL,
    filename character varying(255) NOT NULL,
    status character varying(20) NOT NULL,
    created_at timestamp with time zone NOT NULL,
    count_processed integer NOT NULL,
    count_created integer NOT NULL,
    count_price_updated integer NOT NULL,
    count_stock_updated integer NOT NULL,
    count_no_sku integer NOT NULL,
    count_errors integer NOT NULL,
    error_text text NOT NULL,
    details text NOT NULL,
    CONSTRAINT integration_exchange1clog_count_created_check CHECK ((count_created >= 0)),
    CONSTRAINT integration_exchange1clog_count_errors_check CHECK ((count_errors >= 0)),
    CONSTRAINT integration_exchange1clog_count_no_sku_check CHECK ((count_no_sku >= 0)),
    CONSTRAINT integration_exchange1clog_count_price_updated_check CHECK ((count_price_updated >= 0)),
    CONSTRAINT integration_exchange1clog_count_processed_check CHECK ((count_processed >= 0)),
    CONSTRAINT integration_exchange1clog_count_stock_updated_check CHECK ((count_stock_updated >= 0))
);


ALTER TABLE public.integration_exchange1clog OWNER TO kameks_user;

--
-- Name: integration_exchange1clog_id_seq; Type: SEQUENCE; Schema: public; Owner: kameks_user
--

ALTER TABLE public.integration_exchange1clog ALTER COLUMN id ADD GENERATED BY DEFAULT AS IDENTITY (
    SEQUENCE NAME public.integration_exchange1clog_id_seq
    START WITH 1
    INCREMENT BY 1
    NO MINVALUE
    NO MAXVALUE
    CACHE 1
);


--
-- Name: integration_productbackup; Type: TABLE; Schema: public; Owner: kameks_user
--

CREATE TABLE public.integration_productbackup (
    id bigint NOT NULL,
    product_id integer NOT NULL,
    sku character varying(100) NOT NULL,
    name character varying(300) NOT NULL,
    price numeric(10,2) NOT NULL,
    stock integer NOT NULL,
    is_active boolean NOT NULL,
    action character varying(20) NOT NULL,
    log_id bigint NOT NULL,
    CONSTRAINT integration_productbackup_product_id_check CHECK ((product_id >= 0)),
    CONSTRAINT integration_productbackup_stock_check CHECK ((stock >= 0))
);


ALTER TABLE public.integration_productbackup OWNER TO kameks_user;

--
-- Name: integration_productbackup_id_seq; Type: SEQUENCE; Schema: public; Owner: kameks_user
--

ALTER TABLE public.integration_productbackup ALTER COLUMN id ADD GENERATED BY DEFAULT AS IDENTITY (
    SEQUENCE NAME public.integration_productbackup_id_seq
    START WITH 1
    INCREMENT BY 1
    NO MINVALUE
    NO MAXVALUE
    CACHE 1
);


--
-- Name: main_advantage; Type: TABLE; Schema: public; Owner: kameks_user
--

CREATE TABLE public.main_advantage (
    id bigint NOT NULL,
    icon character varying(50) NOT NULL,
    title character varying(100) NOT NULL,
    description text NOT NULL,
    "order" smallint NOT NULL,
    CONSTRAINT main_advantage_order_check CHECK (("order" >= 0))
);


ALTER TABLE public.main_advantage OWNER TO kameks_user;

--
-- Name: main_advantage_id_seq; Type: SEQUENCE; Schema: public; Owner: kameks_user
--

ALTER TABLE public.main_advantage ALTER COLUMN id ADD GENERATED BY DEFAULT AS IDENTITY (
    SEQUENCE NAME public.main_advantage_id_seq
    START WITH 1
    INCREMENT BY 1
    NO MINVALUE
    NO MAXVALUE
    CACHE 1
);


--
-- Name: main_banner; Type: TABLE; Schema: public; Owner: kameks_user
--

CREATE TABLE public.main_banner (
    id bigint NOT NULL,
    title character varying(200) NOT NULL,
    subtitle character varying(300) NOT NULL,
    image character varying(100) NOT NULL,
    button_text character varying(50) NOT NULL,
    button_url character varying(200) NOT NULL,
    is_active boolean NOT NULL,
    "order" smallint NOT NULL,
    CONSTRAINT main_banner_order_check CHECK (("order" >= 0))
);


ALTER TABLE public.main_banner OWNER TO kameks_user;

--
-- Name: main_banner_id_seq; Type: SEQUENCE; Schema: public; Owner: kameks_user
--

ALTER TABLE public.main_banner ALTER COLUMN id ADD GENERATED BY DEFAULT AS IDENTITY (
    SEQUENCE NAME public.main_banner_id_seq
    START WITH 1
    INCREMENT BY 1
    NO MINVALUE
    NO MAXVALUE
    CACHE 1
);


--
-- Name: main_partner; Type: TABLE; Schema: public; Owner: kameks_user
--

CREATE TABLE public.main_partner (
    id bigint NOT NULL,
    name character varying(100) NOT NULL,
    logo character varying(100) NOT NULL,
    website character varying(200) NOT NULL,
    "order" smallint NOT NULL,
    is_active boolean NOT NULL,
    CONSTRAINT main_partner_order_check CHECK (("order" >= 0))
);


ALTER TABLE public.main_partner OWNER TO kameks_user;

--
-- Name: main_partner_id_seq; Type: SEQUENCE; Schema: public; Owner: kameks_user
--

ALTER TABLE public.main_partner ALTER COLUMN id ADD GENERATED BY DEFAULT AS IDENTITY (
    SEQUENCE NAME public.main_partner_id_seq
    START WITH 1
    INCREMENT BY 1
    NO MINVALUE
    NO MAXVALUE
    CACHE 1
);


--
-- Name: main_review; Type: TABLE; Schema: public; Owner: kameks_user
--

CREATE TABLE public.main_review (
    id bigint NOT NULL,
    author_name character varying(100) NOT NULL,
    author_company character varying(150) NOT NULL,
    text text NOT NULL,
    rating smallint NOT NULL,
    is_active boolean NOT NULL,
    created_at date NOT NULL,
    CONSTRAINT main_review_rating_check CHECK ((rating >= 0))
);


ALTER TABLE public.main_review OWNER TO kameks_user;

--
-- Name: main_review_id_seq; Type: SEQUENCE; Schema: public; Owner: kameks_user
--

ALTER TABLE public.main_review ALTER COLUMN id ADD GENERATED BY DEFAULT AS IDENTITY (
    SEQUENCE NAME public.main_review_id_seq
    START WITH 1
    INCREMENT BY 1
    NO MINVALUE
    NO MAXVALUE
    CACHE 1
);


--
-- Name: orders_order; Type: TABLE; Schema: public; Owner: kameks_user
--

CREATE TABLE public.orders_order (
    id bigint NOT NULL,
    first_name character varying(100) NOT NULL,
    last_name character varying(100) NOT NULL,
    phone character varying(20) NOT NULL,
    email character varying(254) NOT NULL,
    company character varying(200) NOT NULL,
    delivery_type character varying(30) NOT NULL,
    delivery_address text NOT NULL,
    delivery_city character varying(100) NOT NULL,
    payment_type character varying(20) NOT NULL,
    status character varying(20) NOT NULL,
    comment text NOT NULL,
    total_price numeric(12,2) NOT NULL,
    created_at timestamp with time zone NOT NULL,
    updated_at timestamp with time zone NOT NULL,
    user_id integer,
    exported_at timestamp with time zone,
    exported_to_1c boolean NOT NULL,
    stock_deducted boolean NOT NULL
);


ALTER TABLE public.orders_order OWNER TO kameks_user;

--
-- Name: orders_order_id_seq; Type: SEQUENCE; Schema: public; Owner: kameks_user
--

ALTER TABLE public.orders_order ALTER COLUMN id ADD GENERATED BY DEFAULT AS IDENTITY (
    SEQUENCE NAME public.orders_order_id_seq
    START WITH 1
    INCREMENT BY 1
    NO MINVALUE
    NO MAXVALUE
    CACHE 1
);


--
-- Name: orders_orderitem; Type: TABLE; Schema: public; Owner: kameks_user
--

CREATE TABLE public.orders_orderitem (
    id bigint NOT NULL,
    price numeric(10,2) NOT NULL,
    quantity integer NOT NULL,
    order_id bigint NOT NULL,
    product_id bigint NOT NULL,
    CONSTRAINT orders_orderitem_quantity_check CHECK ((quantity >= 0))
);


ALTER TABLE public.orders_orderitem OWNER TO kameks_user;

--
-- Name: orders_orderitem_id_seq; Type: SEQUENCE; Schema: public; Owner: kameks_user
--

ALTER TABLE public.orders_orderitem ALTER COLUMN id ADD GENERATED BY DEFAULT AS IDENTITY (
    SEQUENCE NAME public.orders_orderitem_id_seq
    START WITH 1
    INCREMENT BY 1
    NO MINVALUE
    NO MAXVALUE
    CACHE 1
);


--
-- Data for Name: accounts_userprofile; Type: TABLE DATA; Schema: public; Owner: kameks_user
--

COPY public.accounts_userprofile (id, phone, company_name, inn, address, avatar, user_id) FROM stdin;
1						1
2						2
3						3
4						4
5						5
6	+79600627002					6
7						7
\.


--
-- Data for Name: auth_group; Type: TABLE DATA; Schema: public; Owner: kameks_user
--

COPY public.auth_group (id, name) FROM stdin;
\.


--
-- Data for Name: auth_group_permissions; Type: TABLE DATA; Schema: public; Owner: kameks_user
--

COPY public.auth_group_permissions (id, group_id, permission_id) FROM stdin;
\.


--
-- Data for Name: auth_permission; Type: TABLE DATA; Schema: public; Owner: kameks_user
--

COPY public.auth_permission (id, name, content_type_id, codename) FROM stdin;
1	Can add log entry	1	add_logentry
2	Can change log entry	1	change_logentry
3	Can delete log entry	1	delete_logentry
4	Can view log entry	1	view_logentry
5	Can add permission	2	add_permission
6	Can change permission	2	change_permission
7	Can delete permission	2	delete_permission
8	Can view permission	2	view_permission
9	Can add group	3	add_group
10	Can change group	3	change_group
11	Can delete group	3	delete_group
12	Can view group	3	view_group
13	Can add user	4	add_user
14	Can change user	4	change_user
15	Can delete user	4	delete_user
16	Can view user	4	view_user
17	Can add content type	5	add_contenttype
18	Can change content type	5	change_contenttype
19	Can delete content type	5	delete_contenttype
20	Can view content type	5	view_contenttype
21	Can add session	6	add_session
22	Can change session	6	change_session
23	Can delete session	6	delete_session
24	Can view session	6	view_session
25	Can add Преимущество	7	add_advantage
26	Can change Преимущество	7	change_advantage
27	Can delete Преимущество	7	delete_advantage
28	Can view Преимущество	7	view_advantage
29	Can add Баннер	8	add_banner
30	Can change Баннер	8	change_banner
31	Can delete Баннер	8	delete_banner
32	Can view Баннер	8	view_banner
33	Can add Партнёр	9	add_partner
34	Can change Партнёр	9	change_partner
35	Can delete Партнёр	9	delete_partner
36	Can view Партнёр	9	view_partner
37	Can add Отзыв	10	add_review
38	Can change Отзыв	10	change_review
39	Can delete Отзыв	10	delete_review
40	Can view Отзыв	10	view_review
41	Can add Марка автомобиля	11	add_brand
42	Can change Марка автомобиля	11	change_brand
43	Can delete Марка автомобиля	11	delete_brand
44	Can view Марка автомобиля	11	view_brand
45	Can add Модель автомобиля	12	add_carmodel
46	Can change Модель автомобиля	12	change_carmodel
47	Can delete Модель автомобиля	12	delete_carmodel
48	Can view Модель автомобиля	12	view_carmodel
49	Can add Категория	13	add_category
50	Can change Категория	13	change_category
51	Can delete Категория	13	delete_category
52	Can view Категория	13	view_category
53	Can add Товар	14	add_product
54	Can change Товар	14	change_product
55	Can delete Товар	14	delete_product
56	Can view Товар	14	view_product
57	Can add Аналог	15	add_analogue
58	Can change Аналог	15	change_analogue
59	Can delete Аналог	15	delete_analogue
60	Can view Аналог	15	view_analogue
61	Can add Фото товара	16	add_productimage
62	Can change Фото товара	16	change_productimage
63	Can delete Фото товара	16	delete_productimage
64	Can view Фото товара	16	view_productimage
65	Can add Заказ	17	add_order
66	Can change Заказ	17	change_order
67	Can delete Заказ	17	delete_order
68	Can view Заказ	17	view_order
69	Can add Позиция заказа	18	add_orderitem
70	Can change Позиция заказа	18	change_orderitem
71	Can delete Позиция заказа	18	delete_orderitem
72	Can view Позиция заказа	18	view_orderitem
73	Can add Профиль пользователя	19	add_userprofile
74	Can change Профиль пользователя	19	change_userprofile
75	Can delete Профиль пользователя	19	delete_userprofile
76	Can view Профиль пользователя	19	view_userprofile
77	Can add Характеристика товара	20	add_productattribute
78	Can change Характеристика товара	20	change_productattribute
79	Can delete Характеристика товара	20	delete_productattribute
80	Can view Характеристика товара	20	view_productattribute
81	Can add Лог обмена с 1С	21	add_exchange1clog
82	Can change Лог обмена с 1С	21	change_exchange1clog
83	Can delete Лог обмена с 1С	21	delete_exchange1clog
84	Can view Лог обмена с 1С	21	view_exchange1clog
85	Can add Бэкап товара	22	add_productbackup
86	Can change Бэкап товара	22	change_productbackup
87	Can delete Бэкап товара	22	delete_productbackup
88	Can view Бэкап товара	22	view_productbackup
\.


--
-- Data for Name: auth_user; Type: TABLE DATA; Schema: public; Owner: kameks_user
--

COPY public.auth_user (id, password, last_login, is_superuser, username, first_name, last_name, email, is_staff, is_active, date_joined) FROM stdin;
1	pbkdf2_sha256$720000$6hbnhlDByUdM3Ajr6dvuPs$ca745ap7ZvStfojNbS/992c7DVFUwemhXHLE7qZYDRQ=	2026-05-27 11:52:43.00119+00	f	фыв	фыыы	фяяя	mail@mail.ru	f	t	2026-05-27 11:52:42.848887+00
2	pbkdf2_sha256$720000$I3veGV8jHLj265CtkouGga$UfxkD8+RgYTH7Fz7fl7/gmywF9q8kkPOPaq0nE97/ss=	2026-05-27 13:08:22.12272+00	f	Overboss	Андрей	Семенович	111171@mail.ru	f	t	2026-05-27 13:08:21.965283+00
4	pbkdf2_sha256$720000$EQdXDOcvBm1ZivGbOgec1U$vNq+hP8ZM2MoyE5NRX1ASwHaDTsUh2xPg7Pkjjc1+dg=	2026-05-31 02:17:21.470288+00	f	huntekroks	Андрей	Настин	andryusha.ezh@mail.ru	f	t	2026-05-31 02:17:21.318795+00
5	pbkdf2_sha256$720000$cauGIPPUfXfsa4KBIpVi6C$61IdEd/pCQoqVv/IJfvkvgyPnpvIln3Y46HdDswGfyI=	2026-05-31 02:18:02.966968+00	f	plysh_katya	катя	плюш	smelaya_katya00@mail.ru	f	t	2026-05-31 02:18:02.822264+00
6	pbkdf2_sha256$720000$DmWargFRvSsujCNYxacis9$IRd1wOHFsfJzUXQP78uHtEm49AMTzZt0QCEks8o/98s=	2026-05-31 02:38:28.393581+00	f	andryusha.nastin04	Андрей		andryusha.nastin04@mail.ru	f	t	2026-05-31 02:37:39.618291+00
3	pbkdf2_sha256$720000$Rzp33WpXancV8tsDFj3iCl$1oWepncRh99GTdD58rDfIppzKKLZQs+SrgCyp7D6tIg=	2026-05-31 03:32:28.680833+00	t	admin			andryusha.ezh@mail.ru	t	t	2026-05-28 22:22:23.07862+00
7	pbkdf2_sha256$720000$8chxM3MbXh3ZvRULlaTVIv$OjO62qVXiq11SXeFkA6pOnb8lK0w1Dw9daBCAdjaJqo=	2026-05-31 08:23:06.005944+00	t	111171			111171@mail.ru	t	t	2026-05-31 08:22:41.826882+00
\.


--
-- Data for Name: auth_user_groups; Type: TABLE DATA; Schema: public; Owner: kameks_user
--

COPY public.auth_user_groups (id, user_id, group_id) FROM stdin;
\.


--
-- Data for Name: auth_user_user_permissions; Type: TABLE DATA; Schema: public; Owner: kameks_user
--

COPY public.auth_user_user_permissions (id, user_id, permission_id) FROM stdin;
\.


--
-- Data for Name: catalog_analogue; Type: TABLE DATA; Schema: public; Owner: kameks_user
--

COPY public.catalog_analogue (id, brand_name, part_number, product_id) FROM stdin;
\.


--
-- Data for Name: catalog_brand; Type: TABLE DATA; Schema: public; Owner: kameks_user
--

COPY public.catalog_brand (id, name, slug, logo, description, is_active, "order") FROM stdin;
1	КАМАЗ	kamaz		Камский автомобильный завод	t	1
2	МАЗ	maz		Минский автомобильный завод	t	2
3	Урал	ural		Автомобильный завод Урал	t	3
4	КрАЗ	kraz		Кременчугский автозавод	t	4
6	ЗИЛ	zil			t	10
7	ЛиАЗ	liaz			t	11
8	НЕФАЗ	nefaz			t	12
9	Икарус	ikarus			t	13
10	ГАЗ	gaz			t	14
11	МТЗ	mtz			t	15
5	ЯМЗ	yamz		Ярославский моторный завод	t	5
12	ПАЗ	paz			t	0
\.


--
-- Data for Name: catalog_carmodel; Type: TABLE DATA; Schema: public; Owner: kameks_user
--

COPY public.catalog_carmodel (id, name, slug, year_from, year_to, is_active, brand_id) FROM stdin;
1	65115	65115	2003	\N	t	1
2	65117	65117	2007	\N	t	1
3	6520	6520	2002	\N	t	1
4	5490	5490	2013	\N	t	1
5	43118	43118	1996	\N	t	1
6	5440	5440	2002	\N	t	2
7	6501	6501	2005	\N	t	2
8	5550	5550	1995	\N	t	2
9	4320	4320	1977	\N	t	3
10	6370	6370	2007	\N	t	3
11	255	255	1967	1994	t	4
12	6510	6510	1994	\N	t	4
13	238	238	1965	\N	t	5
14	536	536	2010	\N	t	5
\.


--
-- Data for Name: catalog_category; Type: TABLE DATA; Schema: public; Owner: kameks_user
--

COPY public.catalog_category (id, name, slug, image, icon, description, is_active, "order", parent_id) FROM stdin;
6953	Ходовая часть	hodovaya		bi-car-front		t	1	\N
6954	Амортизаторы	amortizatory				t	1	6953
6955	Амортизаторы подвески	amort-podveski				t	0	6954
6956	Амортизаторы кабины	amort-kabiny				t	1	6954
6957	Амортизаторы сиденья	amort-sidenya				t	2	6954
6958	Рессоры и детали	ressory				t	2	6953
6959	Рессоры	ressory-list				t	0	6958
6960	Стремянки	stremyanki				t	1	6958
6961	Реактивные штанги	reaktivnye-shtangi				t	3	6953
6962	Вкладыши штанг	vkladyshi-shtang				t	0	6961
6963	Домкраты	domkraty				t	4	6953
6964	Домкраты	domkraty-list				t	0	6963
6965	Трансмиссия	transmissiya		bi-gear		t	2	\N
6966	Валы карданные	valy-kardannye				t	1	6965
6967	Валы карданные КАМАЗ	valy-kamaz				t	0	6966
6968	Валы карданные МАЗ	valy-maz				t	1	6966
6969	Валы карданные КрАЗ	valy-kraz				t	2	6966
6970	Валы карданные Урал	valy-ural				t	3	6966
6971	Крестовины	krestoviny				t	2	6965
6972	Крестовины карданные	krestoviny-list				t	0	6971
6973	Вкладыши и втулки	vkladyshi				t	3	6965
6974	Вкладыши коренные	vkladyshi-korennye				t	0	6973
6975	Вкладыши шатунные	vkladyshi-shatunnye				t	1	6973
6976	Втулки распредвала	vtulki-raspredvala				t	2	6973
6977	КПП и сцепление	kpp				t	4	6965
6978	Детали КПП	detali-kpp				t	0	6977
6979	Мосты и балансиры	mosty				t	5	6965
6980	Детали мостов	detali-mostov				t	0	6979
6981	Шланги МОД	shlangi-mod				t	1	6979
6982	Тормозная система	tormoza		bi-record-circle		t	3	\N
6983	Тормозная аппаратура	torm-apparatura				t	1	6982
6984	Головки соединительные	golovki-palm				t	0	6983
6985	Клапаны	klapany				t	1	6983
6986	Влагоотделители	vlagootdeliteli				t	2	6983
6987	Энергоаккумуляторы	energoakkumulyatory				t	3	6983
6988	Регуляторы тормозных сил	regulyatory-torm				t	4	6983
6989	Тормозная аппаратура прочее	torm-apparatura-prochee				t	5	6983
6990	Тормозные камеры	torm-kamery				t	2	6982
6991	Камеры тормозные	kamery-list				t	0	6990
6992	Компрессоры	kompressory				t	3	6982
6993	Компрессоры тормозные	komp-list				t	0	6992
6994	Тормозные колодки	torm-kolodki				t	4	6982
6995	Колодки и накладки	kolodki-list				t	0	6994
6996	Двигатель	dvigatel		bi-engine		t	4	\N
6997	Прокладки и уплотнения	prokladki				t	1	6996
6998	Прокладки головки блока	prokladki-gbts				t	0	6997
6999	Прокладки клапанной крышки	prokladki-klapan				t	1	6997
7000	Прокладки коллектора	prokladki-kollektor				t	2	6997
7001	Манжеты и сальники	manzhety				t	3	6997
7002	РТИ и уплотнения	rti				t	4	6997
7003	Прокладки прочие	prokladki-prochie				t	5	6997
7004	Фильтры	filtry				t	2	6996
7005	Фильтры масляные	filtry-maslo				t	0	7004
7006	Фильтры топливные	filtry-toplivo				t	1	7004
7007	Фильтры воздушные	filtry-vozdukh				t	2	7004
7008	Воздухозаборники	vozdukhozaborniki				t	3	7004
7009	Детали ЦПГ	tspg				t	3	6996
7010	Поршневые кольца	porshnevye-kolca				t	0	7009
7011	Гильзы цилиндров	gilzy				t	1	7009
7012	Поршневая группа	porshnevaya				t	2	7009
7013	Детали маховика	makhodik				t	3	7009
7014	Система охлаждения	okhlazhdenie				t	4	6996
7015	Радиаторы	radiatory				t	0	7014
7016	Патрубки и шланги охлаждения	patrubki				t	1	7014
7017	Ремни и натяжители	remni				t	2	7014
7018	Водяной насос и ремкомплекты	vodyanoy-nasos				t	3	7014
7019	Система смазки	smazka				t	5	6996
7020	Масляный насос и ремкомплекты	maslyany-nasos				t	0	7019
7021	Турбокомпрессор	turbokompressor				t	6	6996
7022	ТКР и запчасти	tkr				t	0	7021
7023	Рулевое управление	rulevoe		bi-steering		t	5	\N
7024	ГУР и насосы	gur				t	1	7023
7025	Гидроусилители	gidroupraviteli				t	0	7024
7026	Насосы ГУРа	nasosy-gur				t	1	7024
7027	Ремкомплекты ГУРа	remk-gur				t	2	7024
7028	Гидроцилиндры	gidrotsilindry				t	3	7024
7029	Насосы шестерённые НШ	nsh				t	2	7023
7030	НШ	nsh-list				t	0	7029
7031	Рулевые тяги	rulevye-tyagi				t	3	7023
7032	Тяги рулевые	tyagi-list				t	0	7031
7033	Электрооборудование	elektro		bi-lightning		t	6	\N
7034	Генераторы	generatory				t	1	7033
7035	Генераторы	generatory-list				t	0	7034
7036	Регуляторы напряжения	regulyatory-napryazheniya				t	1	7034
7037	Стартеры	startery				t	2	7033
7038	Стартеры	startery-list				t	0	7037
7039	Бендиксы	bendiksy				t	1	7037
7040	Реле втягивающее	rele-vtyagivayushchee				t	2	7037
7041	Запчасти стартера	zapchasti-startera				t	3	7037
7042	Датчики и реле	datchiki				t	3	7033
7043	Датчики	datchiki-list				t	0	7042
7044	Реле	rele-list				t	1	7042
7045	Амперметры	ampmetry				t	2	7042
7046	Выключатели	vyklyuchateli				t	3	7042
7047	Реле поворота	rele-povorota				t	4	7042
7048	Оптика	optika				t	4	7033
7049	Лампы	lampy				t	0	7048
7050	Фонари	fonari				t	1	7048
7051	Фары	fary				t	2	7048
7052	Указатели поворота	ukazateli-povorota				t	3	7048
7053	Стёкла фар	stekla-far				t	4	7048
7054	Щётки электрических машин	shchetki				t	5	7033
7055	Щётки генератора	shchetki-generatora				t	0	7054
7056	Щётки стартера	shchetki-startera				t	1	7054
7057	Электрооборудование прочее	elektro-prochee				t	6	7033
7058	Конвертеры 24/12В	konvertery				t	0	7057
7059	Аккумуляторные узлы	akb				t	1	7057
7060	Пневмосистема	pnevmo		bi-wind		t	7	\N
7061	Шланги и трубки	shlangi-pnevmo				t	1	7060
7062	Шланги пневматические	shlangi-list				t	0	7061
7063	Фитинги и хомуты	fitingi				t	2	7060
7064	Фитинги	fitingi-list				t	0	7063
7065	Хомуты	khomut				t	1	7063
7066	Кузов и кабина	kuzov		bi-truck		t	8	\N
7067	Замки и ручки дверей	zamki				t	1	7066
7068	Замки дверей	zamki-list				t	0	7067
7069	Ручки дверей	ruchki				t	1	7067
7070	Стеклоподъёмники	steklopodyomniki				t	2	7067
7071	Тяги управления	tyagi-upravleniya				t	3	7067
7072	Облицовка и панели	oblitsovka				t	2	7066
7073	Панели кабины	paneli				t	0	7072
7074	Запасные части прочие	prochee		bi-box		t	9	\N
7075	Прочие детали	prochie-detali				t	1	7074
7076	Прочие детали	prochie-list				t	0	7075
\.


--
-- Data for Name: catalog_product; Type: TABLE DATA; Schema: public; Owner: kameks_user
--

COPY public.catalog_product (id, name, slug, sku, oem_number, description, price, discount_price, stock, weight, is_original, is_active, is_bestseller, is_new, created_at, updated_at, category_id, no_sku) FROM stdin;
7700	Амортизатор п/кабину  г.Гродно 90/271	112905005-53-2	11.2905005-53 (в уп.2шт.)			1750.00	\N	10	\N	t	t	f	f	2026-05-31 08:40:23.756401+00	2026-05-31 08:40:23.756421+00	6956	f
7701	Амортизатор п/сиденье  г.Гродно 110/200(шток 12,цилиндр 30)	116809010	11.6809010			1721.00	\N	10	\N	t	t	f	f	2026-05-31 08:40:23.75862+00	2026-05-31 08:40:23.75863+00	6956	f
7702	Амортизатор передней подвески  г.Гродно	4310-2905006-300485	4310-2905006 300/485			6899.00	\N	10	\N	t	t	f	f	2026-05-31 08:40:23.760445+00	2026-05-31 08:40:23.760455+00	6955	f
7703	Амортизатор передней подвески  г.Гродно 275/460	53212-2905006-02	53212-2905006-02 Пластм.			3670.00	\N	10	\N	t	t	f	f	2026-05-31 08:40:23.765196+00	2026-05-31 08:40:23.765204+00	6955	f
7704	Амортизатор передней подвески  г.Гродно 275/460	53212-2905006-01	53212-2905006-01 Метал.			5623.00	\N	10	\N	t	t	f	f	2026-05-31 08:40:23.768365+00	2026-05-31 08:40:23.768412+00	6955	f
7705	Амортизатор Икарус г. Гродно	5042905005-245450	50.4.2905005 245/450			5000.00	\N	10	\N	t	t	f	f	2026-05-31 08:40:23.771366+00	2026-05-31 08:40:23.771373+00	6955	f
7706	Амортизатор ЛИАЗ УКРАИНА	152-2905006-11230450	152-2905006-11(230/450)			1600.00	\N	10	\N	t	t	f	f	2026-05-31 08:40:23.774536+00	2026-05-31 08:40:23.774543+00	6955	f
7707	Амортизатор МАЗ, КАМАЗ 6520 г. Гродно 325/500	5022905005-325500	50.2.2905005 325/500			4009.00	\N	10	\N	t	t	f	f	2026-05-31 08:40:23.777593+00	2026-05-31 08:40:23.7776+00	6955	f
7708	Амортизатор НЕФАЗ, ЛИАЗ г.Гродно	5062905005-230450	50.6.2905005 230/450			4140.00	\N	10	\N	t	t	f	f	2026-05-31 08:40:23.780859+00	2026-05-31 08:40:23.780867+00	6955	f
7709	Амортизатор УРАЛ, КРАЗ, (43118)  300/475 г. Гродно	5052905005-300475	50.5.2905005   (300/475)			3980.00	\N	10	\N	t	t	f	f	2026-05-31 08:40:23.784115+00	2026-05-31 08:40:23.784124+00	6955	f
7710	Камера передняя тип 16 ЗИЛ  (ход штока 58мм)	100-3519010-01	100-3519010-01			1050.00	\N	10	\N	t	t	f	f	2026-05-31 08:40:23.787428+00	2026-05-31 08:40:23.787437+00	6955	f
7711	Камера передняя тип 16 ЗИЛ длинн. шток г.Гродно (шток 88мм)	100-3519010-11	100-3519010-11			1060.00	\N	10	\N	t	t	f	f	2026-05-31 08:40:23.790494+00	2026-05-31 08:40:23.790501+00	6955	f
7712	Камера передняя тип 24 г.Гродно L=2.5cм	243519010-01	24.3519010-01 корот. шток			1070.00	\N	10	\N	t	t	f	f	2026-05-31 08:40:23.79346+00	2026-05-31 08:40:23.793467+00	6955	f
7713	Камера передняя тип 24 г.Гродно L=5,5	243519010-11	24.3519010-11			2879.00	\N	10	\N	t	t	f	f	2026-05-31 08:40:23.795089+00	2026-05-31 08:40:23.795096+00	6955	f
7714	Камера тормозная (4310), МАЗ 24/24  г.Гродно	243519200-04	24.3519200-04			13857.00	\N	10	\N	t	t	f	f	2026-05-31 08:40:23.796766+00	2026-05-31 08:40:23.796774+00	6955	f
7715	Камера тормозная (5320) 20/20 г.Гродно	203519100-02	20.3519100-02			5476.00	\N	10	\N	t	t	f	f	2026-05-31 08:40:23.799931+00	2026-05-31 08:40:23.799939+00	6955	f
7716	Камера тормозная тип 12/20 с энергоаккумулятором ЛИАЗ  г. Гродно	123519110-01	12.3519110-01			5150.00	\N	10	\N	t	t	f	f	2026-05-31 08:40:23.802993+00	2026-05-31 08:40:23.803+00	6955	f
7717	Камера тормозная тип 20 МАЗ (шток 57 мм)  г. Гродно	183519110	18.3519110			2794.00	\N	10	\N	t	t	f	f	2026-05-31 08:40:23.806104+00	2026-05-31 08:40:23.806111+00	6955	f
7718	Камера тормозная тип 30 МАЗ, КРАЗ г. Гродно (шток 58 мм) (19.3519310-02)	303519010	30.3519010			1350.00	\N	10	\N	t	t	f	f	2026-05-31 08:40:23.809137+00	2026-05-31 08:40:23.809144+00	6955	f
7719	Камера тормозная тип 30/24 КАМАЗ 6520 г.Гродно	303519200	30.3519200			6939.00	\N	10	\N	t	t	f	f	2026-05-31 08:40:23.812372+00	2026-05-31 08:40:23.812411+00	6955	f
7720	Камера тормозная тип 30/30 г.Гродно	303519300-10	30.3519300-10			15183.00	\N	10	\N	t	t	f	f	2026-05-31 08:40:23.815853+00	2026-05-31 08:40:23.81586+00	6955	f
7721	Амортизатор п/п КАМАЗ метал. Первоуральск	4012905005-4310	П40.1.2905005  (4310)			2811.00	\N	10	\N	t	t	f	f	2026-05-31 08:40:23.817612+00	2026-05-31 08:40:23.817619+00	6955	f
7722	Амортизатор НЕФАЗ метал. (ПААЗ)	506-2905005-245450	П50.6-2905005 245х450			3980.00	\N	10	\N	t	t	f	f	2026-05-31 08:40:23.820936+00	2026-05-31 08:40:23.820943+00	6955	f
7723	Амортизатор Икарус, НЕФАЗ г.Барановичи	2-2454502905006152	А2-245/450.2905006(152)			4500.00	\N	10	\N	t	t	f	f	2026-05-31 08:40:23.824067+00	2026-05-31 08:40:23.824074+00	6955	f
7724	Амортизатор КАМАЗ усил., ПАЗ г.Барановичи	1-275460290500622	А1-275/460.2905006(22)			4119.00	\N	10	\N	t	t	f	f	2026-05-31 08:40:23.827286+00	2026-05-31 08:40:23.827293+00	6955	f
7725	Амортизатор п/прицеп МАЗ г.Барановичи	1-2374122905006-41	А1-237/412.2905006-41			4500.00	\N	10	\N	t	t	f	f	2026-05-31 08:40:23.830601+00	2026-05-31 08:40:23.830609+00	6955	f
7726	Амортизатор КАМАЗ 4308 г.Барановичи	1-2754502905006	А1-275/450.2905006			4175.00	\N	10	\N	t	t	f	f	2026-05-31 08:40:23.833698+00	2026-05-31 08:40:23.833704+00	6955	f
7727	Амортизатор МАЗ г.Барановичи 315/500	54327-2915006-10	54327-2915006-10			4500.00	\N	10	\N	t	t	f	f	2026-05-31 08:40:23.836912+00	2026-05-31 08:40:23.836919+00	6955	f
7728	Амортизатор МАЗ г. Барановичи 240/425	54327-2915006-50	54327-2915006-50			4500.00	\N	10	\N	t	t	f	f	2026-05-31 08:40:23.840032+00	2026-05-31 08:40:23.840039+00	6955	f
7729	Амортизатор МАЗ г.Барановичи 265/450	54327-2915006-30	54327-2915006-30			4500.00	\N	10	\N	t	t	f	f	2026-05-31 08:40:23.843103+00	2026-05-31 08:40:23.84311+00	6955	f
7730	Амортизатор ЕВРО, ЛиАЗ,НЕФАЗ(5460) г.Барановичи	2-2304502905006152	А2-230/450.2905006(152)			4500.00	\N	10	\N	t	t	f	f	2026-05-31 08:40:23.846659+00	2026-05-31 08:40:23.846668+00	6955	f
7731	Амортизатор МАЗ 190/425	54327-2915006-60	54327-2915006-60			4500.00	\N	10	\N	t	t	f	f	2026-05-31 08:40:23.849927+00	2026-05-31 08:40:23.849934+00	6955	f
7732	Амортизатор МАЗ, КАМАЗ 6520 г.Барановичи	1-3255002905006-11	А1-325/500.2905006-11			4100.00	\N	10	\N	t	t	f	f	2026-05-31 08:40:23.853068+00	2026-05-31 08:40:23.853075+00	6955	f
7733	Амортизатор МАЗ (290/475)	54327-2915006-20	54327-2915006-20			3229.00	\N	10	\N	t	t	f	f	2026-05-31 08:40:23.856205+00	2026-05-31 08:40:23.856213+00	6955	f
7734	Амортизатор УРАЛ,КРАЗ г.Барановичи перед. ушки 5460, пласт.кожух	1-3004752905006-21	А1-300/475.2905006-21			4001.00	\N	10	\N	t	t	f	f	2026-05-31 08:40:23.859177+00	2026-05-31 08:40:23.859185+00	6955	f
7735	Домкрат 25т. г.Барановичи	253913010	ДГ 25.3913010			20061.00	\N	10	\N	t	t	f	f	2026-05-31 08:40:23.862212+00	2026-05-31 08:40:23.862219+00	6964	f
7736	Бендикс Волга, Газель, УАЗ, 402 дв. г.Борисов	42-3708600	42-3708600			775.00	\N	10	\N	t	t	f	f	2026-05-31 08:40:23.865113+00	2026-05-31 08:40:23.86512+00	7039	f
7737	Бендикс Волга, Газель 406 дв. г. Борисов	42-3708600-10	42-3708600-10			672.00	\N	10	\N	t	t	f	f	2026-05-31 08:40:23.867969+00	2026-05-31 08:40:23.867976+00	7039	f
7738	Бендикс ВАЗ-2101-07, 2121 г. Борисов	425-3708600	425-3708600			590.00	\N	10	\N	t	t	f	f	2026-05-31 08:40:23.870772+00	2026-05-31 08:40:23.870779+00	7039	f
7739	Бендикс г. Борисов	74023708600	7402.3708600			1060.00	\N	10	\N	t	t	f	f	2026-05-31 08:40:23.872303+00	2026-05-31 08:40:23.87231+00	7039	f
7740	Бендикс большой ГАЗ-53, ПАЗ, ГАЗ-66 г.Борисов	230-3708600-01	СТ230-3708600-01			819.00	\N	10	\N	t	t	f	f	2026-05-31 08:40:23.873857+00	2026-05-31 08:40:23.873864+00	7039	f
7741	Бендикс ЗИЛ , СТ230К4 г.Борисов	230-3708600-01-2	СТ230К-3708600-01			869.00	\N	10	\N	t	t	f	f	2026-05-31 08:40:23.876752+00	2026-05-31 08:40:23.876759+00	7039	f
7742	Генератор 28В,110А ,10 руч.ш ев-3 г.Борисов	3242-3771-10	3242-3771-10			11466.00	\N	10	\N	t	t	f	f	2026-05-31 08:40:23.879612+00	2026-05-31 08:40:23.879619+00	7035	f
7743	Генератор 3232 Дв.ЯМЗ-236,-238, КАМАЗ-740 и их модиф.60А г.Борисов	32323771000	3232.3771000			6261.00	\N	10	\N	t	t	f	f	2026-05-31 08:40:23.881373+00	2026-05-31 08:40:23.88142+00	7035	f
7744	Генератор МАЗ ОАО БАТЭ 28В. 90А	32523771000	3252.3771000			8910.00	\N	10	\N	t	t	f	f	2026-05-31 08:40:23.884419+00	2026-05-31 08:40:23.884426+00	7035	f
7745	Генератор  МАЗ, МТЗ, ММЗ(ЕВРО-2) Д-245(Д-245.30Е-715,-716) 28В 60А г.Борисов	32323771000-10	3232.3771000-10			8271.00	\N	10	\N	t	t	f	f	2026-05-31 08:40:23.887276+00	2026-05-31 08:40:23.887283+00	7035	f
7746	Обмотка	2-3708150	СТ 2А-3708150			1436.00	\N	10	\N	t	t	f	f	2026-05-31 08:40:23.890211+00	2026-05-31 08:40:23.890218+00	7041	f
7747	Обмотка стартера	7402-3708120	7402-3708120			1723.00	\N	10	\N	t	t	f	f	2026-05-31 08:40:23.891753+00	2026-05-31 08:40:23.891759+00	7038	f
7748	Обмотка стартера (большая)	230-3708110	СТ230-3708110			1898.00	\N	10	\N	t	t	f	f	2026-05-31 08:40:23.893268+00	2026-05-31 08:40:23.893275+00	7038	f
7749	Обмотка стартера 402 дв. г.Борисов г.Борисов	4223708-423708-10	422.3708 (42.3708-10)			1247.00	\N	10	\N	t	t	f	f	2026-05-31 08:40:23.894832+00	2026-05-31 08:40:23.894838+00	7038	f
7750	Реле втягивающее малое в коробке ГАЗ, УАЗ (402, 406 дв)г. Борисов	4223708800	422.3708800			1543.00	\N	10	\N	t	t	f	f	2026-05-31 08:40:23.896637+00	2026-05-31 08:40:23.896644+00	7040	f
7751	Реле втягивающее г. Борисов	743708800-12	74.3708800 (12В)			2408.00	\N	10	\N	t	t	f	f	2026-05-31 08:40:23.899473+00	2026-05-31 08:40:23.89948+00	7040	f
7752	Реле втягивающее ММЗ Д-243,-245 г.Борисов	7402-3708800-24	7402-3708800 (24В)			2408.00	\N	10	\N	t	t	f	f	2026-05-31 08:40:23.901112+00	2026-05-31 08:40:23.901119+00	7040	f
7753	Реле втягивающее ММЗ Д-243,-245,-260 (12В) г. Борисов	142-3708800	СТ142М-3708800			3038.00	\N	10	\N	t	t	f	f	2026-05-31 08:40:23.902672+00	2026-05-31 08:40:23.902679+00	7040	f
7754	Реле втягивающее ММЗ Д245,-260 (24В) г.Борисов	142-3708800-2	СТ142Н-3708800			3105.00	\N	10	\N	t	t	f	f	2026-05-31 08:40:23.904241+00	2026-05-31 08:40:23.904247+00	7040	f
7755	Реле втягивающее ГАЗ-53 в сб.с крышкой г. Борисов	230-3708800	СТ230А-3708800			2057.00	\N	10	\N	t	t	f	f	2026-05-31 08:40:23.905763+00	2026-05-31 08:40:23.905769+00	7040	f
7756	Реле втягивающее большое в коробке  СТ230Б4, СТ230А1 г. Борисов	230-3708800-10	СТ230Б-3708800-10			1965.00	\N	10	\N	t	t	f	f	2026-05-31 08:40:23.908574+00	2026-05-31 08:40:23.908581+00	7040	f
7757	Реле втягивающее (СТ230К1, СТ230К4) г. Борисов	2302-3708800-10	СТ230Б2-3708800-10			1707.00	\N	10	\N	t	t	f	f	2026-05-31 08:40:23.910079+00	2026-05-31 08:40:23.910085+00	7040	f
7758	Стартер ВАЗ 2101-07 на магнитах г.Борисов	2107370810-01	2107.370810-01			5385.00	\N	10	\N	t	t	f	f	2026-05-31 08:40:23.9117+00	2026-05-31 08:40:23.911706+00	7038	f
7759	Стартер ВАЗ 2108-09 на магнитах г.Борисов	21093708010-01	2109.3708010-01			5385.00	\N	10	\N	t	t	f	f	2026-05-31 08:40:23.91327+00	2026-05-31 08:40:23.913276+00	7038	f
7760	Стартер 3002.3708000 ГАЗ 3306-3309-66  24В 7,7КВ	30023708000	3002.3708000			21193.00	\N	10	\N	t	t	f	f	2026-05-31 08:40:23.914831+00	2026-05-31 08:40:23.914837+00	7038	f
7761	Стартер 426 ВАЗ 2108-09 с обмоткой г.Борисов	4263708000	426.3708000			6958.00	\N	10	\N	t	t	f	f	2026-05-31 08:40:23.917767+00	2026-05-31 08:40:23.917774+00	7038	f
7762	Стартер 5404 редукт. ММЗ-243,245(аналог 230Р0,7402,142Н) г.Борисов	5404-3708000-24-52	5404-3708000 (24В 5,2кВт)			14429.00	\N	10	\N	t	t	f	f	2026-05-31 08:40:23.919303+00	2026-05-31 08:40:23.919309+00	7038	f
7763	Стартер ГАЗ УАЗ с редуктором  г. Борисов	5112-3708000-12-18	5112-3708000 (12В 1,8кВт)			6983.00	\N	10	\N	t	t	f	f	2026-05-31 08:40:23.920889+00	2026-05-31 08:40:23.920895+00	7038	f
7764	Стартер ГАЗ, УАЗ с редуктором	65023708000-011218	6502.3708000-01(12В1,8кВт			6403.00	\N	10	\N	t	t	f	f	2026-05-31 08:40:23.923745+00	2026-05-31 08:40:23.923752+00	7038	f
7765	Стартер СТ230К4 ЗИЛ-130, ЛАЗ, ЛиАЗ г. Борисов	2304-3708000-12	СТ230К4-3708000 (12В)			9597.00	\N	10	\N	t	t	f	f	2026-05-31 08:40:23.926677+00	2026-05-31 08:40:23.926684+00	7038	f
7766	Якорь стартера ММЗ-Д243,Д245 г.Борисов	230-3708200	СТ230Р-3708200			3030.00	\N	10	\N	t	t	f	f	2026-05-31 08:40:23.929992+00	2026-05-31 08:40:23.930001+00	7038	f
7767	43114-2202011-01 Вал карданный TIRSAN	rs966400202-l418-mm	RS.96640.02.02 L=418 mm			18248.00	\N	10	\N	t	t	f	f	2026-05-31 08:40:23.931713+00	2026-05-31 08:40:23.93172+00	6967	f
7768	Вал карданный КРАЗ	65101-2205010-l1582	65101-2205010 L=1582			12310.00	\N	10	\N	t	t	f	f	2026-05-31 08:40:23.935263+00	2026-05-31 08:40:23.935273+00	6969	f
7769	Вал карданный МАЗ	501-2203010-07-l168858	501-2203010-07 L=1688+58			9634.00	\N	10	\N	t	t	f	f	2026-05-31 08:40:23.939112+00	2026-05-31 08:40:23.939123+00	6968	f
7770	Вал карданный МАЗ	503-2201010-15-l1126	503-2201010-15 L=1126			9230.00	\N	10	\N	t	t	f	f	2026-05-31 08:40:23.942956+00	2026-05-31 08:40:23.942964+00	6968	f
7771	Вал карданный кв.фланец L=409mm	4310-2202011-02	4310-2202011-02			22143.00	\N	10	\N	t	t	f	f	2026-05-31 08:40:23.946105+00	2026-05-31 08:40:23.946112+00	6967	f
7772	Вал карданный  кв.фл. L=1136mm	4310-2203011-01	4310-2203011-01 Н/О			22640.00	\N	10	\N	t	t	f	f	2026-05-31 08:40:23.949247+00	2026-05-31 08:40:23.949254+00	6967	f
7773	Вал карданный круг.фланец L=727mm	4310-2205011-04	4310-2205011-04			31449.00	\N	10	\N	t	t	f	f	2026-05-31 08:40:23.952334+00	2026-05-31 08:40:23.952343+00	6967	f
7774	Вал карданный торц.шлицы L=418mm	43114-2202011-01	43114-2202011-01			42562.00	\N	10	\N	t	t	f	f	2026-05-31 08:40:23.955493+00	2026-05-31 08:40:23.955501+00	6967	f
7775	Вал карданный торц.шлицы L=1127mm	43114-2203011	43114-2203011			34128.00	\N	10	\N	t	t	f	f	2026-05-31 08:40:23.9586+00	2026-05-31 08:40:23.958607+00	6967	f
7776	Вал карданный торц.шлицы L=699mm	43114-2205011	43114-2205011			38691.00	\N	10	\N	t	t	f	f	2026-05-31 08:40:23.961872+00	2026-05-31 08:40:23.961881+00	6967	f
7777	Вал карданный торц.шлицы L=440+34mm	43118-2202011-31	43118-2202011-31			41769.00	\N	10	\N	t	t	f	f	2026-05-31 08:40:23.964858+00	2026-05-31 08:40:23.964865+00	6967	f
7778	Вал карданный торц.шлицы L=1305mm	43118-2203011-30	43118-2203011-30			39783.00	\N	10	\N	t	t	f	f	2026-05-31 08:40:23.968079+00	2026-05-31 08:40:23.968086+00	6967	f
7779	Вал карданный 43118-2203011-31 L=1285 mm	43118-2203011-31	43118-2203011-31			52220.00	\N	10	\N	t	t	f	f	2026-05-31 08:40:23.971287+00	2026-05-31 08:40:23.971294+00	6967	f
7780	Вал карданный кв.фланец L=724mm	5320-2201011-03	5320-2201011-03 М/О			20400.00	\N	10	\N	t	t	f	f	2026-05-31 08:40:23.974479+00	2026-05-31 08:40:23.974489+00	6967	f
7781	Вал карданный кв.фланец L=983mm	5320-2205011-04	5320-2205011-04			28500.00	\N	10	\N	t	t	f	f	2026-05-31 08:40:23.977613+00	2026-05-31 08:40:23.977621+00	6967	f
7782	Вал карданный круг.фланец L=990mm	5320-2205011-3334	5320-2205011-33(34)			15000.00	\N	10	\N	t	t	f	f	2026-05-31 08:40:23.980799+00	2026-05-31 08:40:23.980809+00	6967	f
7783	Вал карданный торц.шлицы L=709mm	53205-2201011-10	53205-2201011-10 М/О			33370.00	\N	10	\N	t	t	f	f	2026-05-31 08:40:23.983909+00	2026-05-31 08:40:23.983915+00	6967	f
7784	Вал карданный торц.шлицы L=955mm	53205-2205011-10	53205-2205011-10 ОСНОВНОЙ			38301.00	\N	10	\N	t	t	f	f	2026-05-31 08:40:23.987344+00	2026-05-31 08:40:23.987351+00	6967	f
7785	Вал карданный кв.фланец L=1483mm	53212-2205011-03	53212-2205011-03			25200.00	\N	10	\N	t	t	f	f	2026-05-31 08:40:23.990294+00	2026-05-31 08:40:23.990304+00	6967	f
7786	Вал карданный круг.фланец L=1377mm	53212-2205011-95	53212-2205011-95			15000.00	\N	10	\N	t	t	f	f	2026-05-31 08:40:23.993322+00	2026-05-31 08:40:23.993329+00	6967	f
7787	Вал карданный круг.фланец L=1666mm	53213-2205011-02	53213-2205011-02			15692.00	\N	10	\N	t	t	f	f	2026-05-31 08:40:23.996354+00	2026-05-31 08:40:23.996361+00	6967	f
7788	Вал карданный торц.шлицы L=1450mm	53215-2205011-10	53215-2205011-10			35995.00	\N	10	\N	t	t	f	f	2026-05-31 08:40:23.998008+00	2026-05-31 08:40:23.998015+00	6967	f
7789	Вал карданный круг.фланец L=1057mm	53254-2201011-02	53254-2201011-02			14000.00	\N	10	\N	t	t	f	f	2026-05-31 08:40:23.99964+00	2026-05-31 08:40:23.999646+00	6967	f
7790	Вал карданный кв.фланец L=638mm	5410-2205011-04	5410-2205011-04			28400.00	\N	10	\N	t	t	f	f	2026-05-31 08:40:24.001307+00	2026-05-31 08:40:24.001317+00	6967	f
7791	Вал карданный торц.шлицы L=629mm	54105-2205011-10	54105-2205011-10			37180.00	\N	10	\N	t	t	f	f	2026-05-31 08:40:24.003019+00	2026-05-31 08:40:24.003025+00	6967	f
7792	Вал карданный круг.фланец L=646mm	54112-2205011-02	54112-2205011-02			31641.00	\N	10	\N	t	t	f	f	2026-05-31 08:40:24.004643+00	2026-05-31 08:40:24.00465+00	6967	f
7793	Вал карданный кв.фланец L=818mm	5511-2205011-13	5511-2205011-13			28600.00	\N	10	\N	t	t	f	f	2026-05-31 08:40:24.006287+00	2026-05-31 08:40:24.006294+00	6967	f
7794	Вал карданный круг.фланец L=821mm	55111-2205011-11	55111-2205011-11			21671.00	\N	10	\N	t	t	f	f	2026-05-31 08:40:24.009283+00	2026-05-31 08:40:24.00929+00	6967	f
7795	Вал карданный КАМАЗ межосевой БЕЛКАРД L=701mm	6520-2201011-11	6520Г-2201011-11			47599.00	\N	10	\N	t	t	f	f	2026-05-31 08:40:24.012257+00	2026-05-31 08:40:24.012264+00	6968	f
7796	Вал карданный КАМАЗ основной БЕЛКАРД L=1425mm	6520-2205011-10	6520Г-2205011-10			66000.00	\N	10	\N	t	t	f	f	2026-05-31 08:40:24.01544+00	2026-05-31 08:40:24.015448+00	6968	f
7797	Вал карданный УРАЛ межосевой	375-2201010-04-l88092	375-2201010-04 L=880+92			12946.00	\N	10	\N	t	t	f	f	2026-05-31 08:40:24.018535+00	2026-05-31 08:40:24.018542+00	6970	f
7798	Вал карданный УРАЛ основной	375-2202010-03-l43629	375-2202010-03 L=436+29			26209.00	\N	10	\N	t	t	f	f	2026-05-31 08:40:24.021739+00	2026-05-31 08:40:24.021746+00	6970	f
7799	Вал карданный УРАЛ перед.мост	375-2203010-05-l116790	375-2203010-05 L=1167+90			19278.00	\N	10	\N	t	t	f	f	2026-05-31 08:40:24.024729+00	2026-05-31 08:40:24.024736+00	6970	f
7800	Вал карданный УРАЛ средний мост	375-2205010-04-l126260	375-2205010-04 L=1262+60			21956.00	\N	10	\N	t	t	f	f	2026-05-31 08:40:24.027751+00	2026-05-31 08:40:24.027758+00	6970	f
7801	Вал карданный УРАЛ межосевой	4320-2201010-03-l82192	4320-2201010-03 L=821+92			17994.00	\N	10	\N	t	t	f	f	2026-05-31 08:40:24.030606+00	2026-05-31 08:40:24.030613+00	6970	f
7802	Вал карданный УРАЛ средний мост	4320-2205010-02-l119260	4320-2205010-02 L=1192+60			23044.00	\N	10	\N	t	t	f	f	2026-05-31 08:40:24.033566+00	2026-05-31 08:40:24.033575+00	6970	f
7803	Вилка фланец 5320-2201023 межосевая	5320-2201023	5320-2201023			3441.00	\N	10	\N	t	t	f	f	2026-05-31 08:40:24.036555+00	2026-05-31 08:40:24.036562+00	6967	f
7804	Вилка фланец 6520-2201023	6520-2201023	6520-2201023			10345.00	\N	10	\N	t	t	f	f	2026-05-31 08:40:24.039593+00	2026-05-31 08:40:24.0396+00	6967	f
7805	Вилка фланец Н/О	5320-2205023-10	5320-2205023-10 Н/О			4565.00	\N	10	\N	t	t	f	f	2026-05-31 08:40:24.042767+00	2026-05-31 08:40:24.042774+00	6967	f
7806	Вал карданный (1136 мм)	4310-2203011-01-2	У 4310-2203011-01			13992.00	\N	10	\N	t	t	f	f	2026-05-31 08:40:24.045709+00	2026-05-31 08:40:24.045717+00	6967	f
7807	Вал карданный (1167 мм)	375-2203010-05	У 375-2203010-05			14027.00	\N	10	\N	t	t	f	f	2026-05-31 08:40:24.048588+00	2026-05-31 08:40:24.048595+00	6970	f
7808	Вал карданный (1285мм)	43118-2203011-31-2	У 43118-2203011-31			24318.00	\N	10	\N	t	t	f	f	2026-05-31 08:40:24.051447+00	2026-05-31 08:40:24.051454+00	6967	f
7809	Вал карданный (1305 мм)	43118-2203011-30-2	У 43118-2203011-30			22234.00	\N	10	\N	t	t	f	f	2026-05-31 08:40:24.054235+00	2026-05-31 08:40:24.054242+00	6967	f
7810	Вал карданный (1322мм)	43118-2205011	У 43118-2205011			27800.00	\N	10	\N	t	t	f	f	2026-05-31 08:40:24.057609+00	2026-05-31 08:40:24.057617+00	6967	f
7811	Вал карданный (1425 мм)	6520-2205011-10-2	У 6520-2205011-10			36975.00	\N	10	\N	t	t	f	f	2026-05-31 08:40:24.060849+00	2026-05-31 08:40:24.060857+00	6967	f
7812	Вал карданный (1454 мм)	53215-2205011-10-2	У 53215-2205011-10			32848.00	\N	10	\N	t	t	f	f	2026-05-31 08:40:24.0643+00	2026-05-31 08:40:24.064309+00	6967	f
7813	Вал карданный (1483 мм)	53212-2205011-03-2	У 53212-2205011-03			16055.00	\N	10	\N	t	t	f	f	2026-05-31 08:40:24.066095+00	2026-05-31 08:40:24.066104+00	6967	f
7814	Вал карданный (585 мм)	43118-2202011-10	У 43118-2202011-10			33465.00	\N	10	\N	t	t	f	f	2026-05-31 08:40:24.069125+00	2026-05-31 08:40:24.069135+00	6967	f
7815	Вал карданный (629 мм)	54105-2205011-10-2	У 54105-2205011-10			29842.00	\N	10	\N	t	t	f	f	2026-05-31 08:40:24.072164+00	2026-05-31 08:40:24.072171+00	6967	f
7816	Вал карданный (638 мм)	5410-2205011-04-2	У 5410-2205011-04			15333.00	\N	10	\N	t	t	f	f	2026-05-31 08:40:24.073799+00	2026-05-31 08:40:24.073806+00	6967	f
7817	Вал карданный (701 мм)	6520-2201011-11-2	У 6520Г-2201011-11			22999.00	\N	10	\N	t	t	f	f	2026-05-31 08:40:24.075501+00	2026-05-31 08:40:24.075508+00	6967	f
7818	Вал карданный (709 мм)	53205-2201011-10-2	У 53205-2201011-10			28088.00	\N	10	\N	t	t	f	f	2026-05-31 08:40:24.078643+00	2026-05-31 08:40:24.078651+00	6967	f
7819	Вал карданный (818 мм)	5511-2205011-13-2	У 5511-2205011-13			15133.00	\N	10	\N	t	t	f	f	2026-05-31 08:40:24.081854+00	2026-05-31 08:40:24.081861+00	6967	f
7825	Втулка распредвала	740-1006037	740-1006037			163.00	\N	10	\N	t	t	f	f	2026-05-31 08:40:24.099956+00	2026-05-31 08:40:24.099964+00	6976	f
7826	Втулка распредвала	740-1006026-02-1	740-1006026-02 1 шт.			121.00	\N	10	\N	t	t	f	f	2026-05-31 08:40:24.101728+00	2026-05-31 08:40:24.101736+00	6976	f
7827	Втулка распредвала ЕВРО	74021-1006037	740.21-1006037			171.00	\N	10	\N	t	t	f	f	2026-05-31 08:40:24.103403+00	2026-05-31 08:40:24.10341+00	6976	f
7828	Втулка шатуна	740-1004052	740-1004052			159.00	\N	10	\N	t	t	f	f	2026-05-31 08:40:24.105046+00	2026-05-31 08:40:24.105052+00	6975	f
7829	Замок двери правый г.Димитровград	5320-6105020-10	5320-6105020-10			849.00	\N	10	\N	t	t	f	f	2026-05-31 08:40:24.106837+00	2026-05-31 08:40:24.106844+00	7068	f
7830	Замок панели в сборе г.Димитровград	5320-8406010	5320-8406010			173.00	\N	10	\N	t	t	f	f	2026-05-31 08:40:24.11002+00	2026-05-31 08:40:24.110029+00	7068	f
7820	Вал карданный (955 мм)	53205-2205011-10-2	У 53205-2205011-10			33580.00	\N	10	\N	t	t	f	t	2026-05-31 08:40:24.084787+00	2026-05-31 08:40:24.084796+00	6967	f
7831	К--т вкладышей коренной Р0 МАЗ 236	236-1000102-00	236-1000102-00			2038.00	\N	10	\N	t	t	f	f	2026-05-31 08:40:24.113229+00	2026-05-31 08:40:24.113236+00	6974	f
7832	К--т вкладышей коренной Р1 МАЗ 236	236-1000102-01	236-1000102-01			2021.00	\N	10	\N	t	t	f	f	2026-05-31 08:40:24.116366+00	2026-05-31 08:40:24.116377+00	6974	f
7833	К--т вкладышей коренной Р2 МАЗ 236	236-1000102-02	236-1000102-02			2062.00	\N	10	\N	t	t	f	f	2026-05-31 08:40:24.11951+00	2026-05-31 08:40:24.119519+00	6974	f
7834	К--т вкладышей коренной Р6 МАЗ 236	236-1000102-06	236-1000102-06			1876.00	\N	10	\N	t	t	f	f	2026-05-31 08:40:24.122727+00	2026-05-31 08:40:24.122735+00	6974	f
7835	К--т вкладышей МАЗ 238 коренной Р0	238-1000102-00-2	238-1000102-00 Б2			2491.00	\N	10	\N	t	t	f	f	2026-05-31 08:40:24.12583+00	2026-05-31 08:40:24.125837+00	6974	f
7836	К--т вкладышей МАЗ 238 коренной Р1	238-1000102-01-2	238-1000102-01 Б2			2599.00	\N	10	\N	t	t	f	f	2026-05-31 08:40:24.128908+00	2026-05-31 08:40:24.128916+00	6974	f
7837	К--т вкладышей МАЗ 238 шатунный Р0	238-1000104-00	238-1000104-00			2810.00	\N	10	\N	t	t	f	f	2026-05-31 08:40:24.132076+00	2026-05-31 08:40:24.132083+00	6975	f
7838	К--т вкладышей МАЗ 238 шатунный Р1	238-1000104-01	238-1000104-01			2760.00	\N	10	\N	t	t	f	f	2026-05-31 08:40:24.135286+00	2026-05-31 08:40:24.135293+00	6975	f
7839	К--т вкладышей МАЗ 238 шатунный Р2	238-1000104-02	238-1000104-02			2879.00	\N	10	\N	t	t	f	f	2026-05-31 08:40:24.138403+00	2026-05-31 08:40:24.138413+00	6975	f
7840	К--т вкладышей Р0 коренной	7405-1000102-00-10	7405-1000102-00 10шт. уп.			2215.00	\N	10	\N	t	t	f	f	2026-05-31 08:40:24.141522+00	2026-05-31 08:40:24.141529+00	6974	f
7841	К--т вкладышей Р1 коренной	7405-1000102-01	7405-1000102-01			2087.00	\N	10	\N	t	t	f	f	2026-05-31 08:40:24.143206+00	2026-05-31 08:40:24.143213+00	6974	f
7842	К--т вкладышей Р2 коренной	7405-1000102-02	7405-1000102-02			2087.00	\N	10	\N	t	t	f	f	2026-05-31 08:40:24.144933+00	2026-05-31 08:40:24.14494+00	6974	f
7843	К--т вкладышей Р3 коренной	7405-1000102-03	7405-1000102-03			2006.00	\N	10	\N	t	t	f	f	2026-05-31 08:40:24.146707+00	2026-05-31 08:40:24.146715+00	6974	f
7844	К--т вкладышей Р4 коренной	7405-1000102-04	7405-1000102-04			2305.00	\N	10	\N	t	t	f	f	2026-05-31 08:40:24.14847+00	2026-05-31 08:40:24.148477+00	6974	f
7845	К--т вкладышей Р5 коренной	7405-1000102-05	7405-1000102-05			2087.00	\N	10	\N	t	t	f	f	2026-05-31 08:40:24.150265+00	2026-05-31 08:40:24.150272+00	6974	f
7846	К--т вкладышей Р6 коренной	7405-1000102-06	7405-1000102-06			2087.00	\N	10	\N	t	t	f	f	2026-05-31 08:40:24.152009+00	2026-05-31 08:40:24.152017+00	6974	f
7847	К--т вкладышей Р7 коренной	7405-1000102-07	7405-1000102-07			2006.00	\N	10	\N	t	t	f	f	2026-05-31 08:40:24.153758+00	2026-05-31 08:40:24.153765+00	6974	f
7848	К-т вкладышей Р0  шатунный	7405-1000104-00-9	7405-1000104-00  9 шт.уп.			2979.00	\N	10	\N	t	t	f	f	2026-05-31 08:40:24.155494+00	2026-05-31 08:40:24.1555+00	6975	f
7849	К-т вкладышей Р1  шатунный	7405-1000104-01	7405-1000104-01			2810.00	\N	10	\N	t	t	f	f	2026-05-31 08:40:24.15714+00	2026-05-31 08:40:24.157168+00	6975	f
7850	К-т вкладышей Р2  шатунный	7405-1000104-02	7405-1000104-02			2810.00	\N	10	\N	t	t	f	f	2026-05-31 08:40:24.158884+00	2026-05-31 08:40:24.158892+00	6975	f
7851	К-т вкладышей Р3  шатунный	7405-1000104-03	7405-1000104-03			1050.00	\N	10	\N	t	t	f	f	2026-05-31 08:40:24.160594+00	2026-05-31 08:40:24.160601+00	6975	f
7852	К-т вкладышей Р4  шатунный	7405-1000104-04	7405-1000104-04			970.00	\N	10	\N	t	t	f	f	2026-05-31 08:40:24.162269+00	2026-05-31 08:40:24.162276+00	6975	f
7853	К-т вкладышей Р5  шатунный	7405-1000104-05	7405-1000104-05			888.00	\N	10	\N	t	t	f	f	2026-05-31 08:40:24.163908+00	2026-05-31 08:40:24.163917+00	6975	f
7854	К-т вкладышей Р6  шатунный	7405-1000104-06	7405-1000104-06			3050.00	\N	10	\N	t	t	f	f	2026-05-31 08:40:24.165665+00	2026-05-31 08:40:24.165672+00	6975	f
7855	К-т вкладышей Р7  шатунный	7405-1000104-07	7405-1000104-07			786.00	\N	10	\N	t	t	f	f	2026-05-31 08:40:24.1673+00	2026-05-31 08:40:24.167307+00	6975	f
7856	К-т вкладышей шатунный Р0 МАЗ 236	236-1000104-00-2	236-1000104-00 В2			2108.00	\N	10	\N	t	t	f	f	2026-05-31 08:40:24.169011+00	2026-05-31 08:40:24.169019+00	6975	f
7857	К-т вкладышей шатунный Р1 МАЗ 236	236-1000104-01-2	236-1000104-01 В2			2097.00	\N	10	\N	t	t	f	f	2026-05-31 08:40:24.17258+00	2026-05-31 08:40:24.172586+00	6975	f
7858	Привод замка двери лев. г.Димитровград	5320-6105081	5320-6105081			97.00	\N	10	\N	t	t	f	f	2026-05-31 08:40:24.175684+00	2026-05-31 08:40:24.175691+00	7068	f
7859	Привод замка двери пр.г.Димитровград	5320-6105080	5320-6105080			97.00	\N	10	\N	t	t	f	f	2026-05-31 08:40:24.178755+00	2026-05-31 08:40:24.178762+00	7068	f
7860	Ручка двери внутренняя г.Димитровград	5320-6105180	5320-6105180			224.00	\N	10	\N	t	t	f	f	2026-05-31 08:40:24.182051+00	2026-05-31 08:40:24.182059+00	7069	f
7861	Ручка двери наружная к-т г.Димитровград	5320-6105040	5320-6105040			1122.00	\N	10	\N	t	t	f	f	2026-05-31 08:40:24.185006+00	2026-05-31 08:40:24.185013+00	7069	f
7862	Ручка стеклоподъемника  г.Димитровград	5320-6104060	5320-6104060			146.00	\N	10	\N	t	t	f	f	2026-05-31 08:40:24.187962+00	2026-05-31 08:40:24.187969+00	7070	f
7863	Стеклоподъемник двери  ЕВРО левый	53205-6104011-00	53205-6104011-00			1400.00	\N	10	\N	t	t	f	f	2026-05-31 08:40:24.191131+00	2026-05-31 08:40:24.191138+00	7070	f
7864	Стеклоподъемник двери ЕВРО правый	53205-6104010-00	53205-6104010-00			794.00	\N	10	\N	t	t	f	f	2026-05-31 08:40:24.194195+00	2026-05-31 08:40:24.194204+00	7070	f
7865	Тяга руч.управл.акселерат  (трос газа) г.Димитровград	5320-1108120-12	5320-1108120-12			214.00	\N	10	\N	t	t	f	f	2026-05-31 08:40:24.197268+00	2026-05-31 08:40:24.197275+00	7071	f
7866	Тяга ручной остановки двигателя длинн. г.Димитровград	5320-1108130	5320-1108130			103.00	\N	10	\N	t	t	f	f	2026-05-31 08:40:24.200442+00	2026-05-31 08:40:24.200449+00	7071	f
7867	Фиксатор замка левый г.Димитровград	5320-6105035-10	5320-6105035-10			351.00	\N	10	\N	t	t	f	f	2026-05-31 08:40:24.203684+00	2026-05-31 08:40:24.203693+00	7068	f
7868	Фиксатор замка правый г.Димитровград	5320-6105034-10	5320-6105034-10			329.00	\N	10	\N	t	t	f	f	2026-05-31 08:40:24.206765+00	2026-05-31 08:40:24.206772+00	7068	f
7869	Генератор 6562 КАМАЗ 4310 90А г.Самара	6562-3701000	6562-3701000			9910.00	\N	10	\N	t	t	f	f	2026-05-31 08:40:24.209782+00	2026-05-31 08:40:24.209789+00	7035	f
7870	Генератор 6582 КАМАЗ Евро 80А  2-х руч. г.Самара	6582-3701000-02	6582-3701000-02 М			10628.00	\N	10	\N	t	t	f	f	2026-05-31 08:40:24.213046+00	2026-05-31 08:40:24.213054+00	7035	f
7871	Генератор 6582 с широким шкивом ЕВРО г.Самара	6582-3701000-04	6582-3701000-04 ГЧ			9710.00	\N	10	\N	t	t	f	f	2026-05-31 08:40:24.21618+00	2026-05-31 08:40:24.216188+00	7035	f
7872	Генератор 6582 с широким шкивом ЕВРО г.Самара	6582-3701000-04-2	6582-3701000-04 М			10361.00	\N	10	\N	t	t	f	f	2026-05-31 08:40:24.217847+00	2026-05-31 08:40:24.217854+00	7035	f
7873	Генератор Iskra ААN5182 24v80A Евро (аналог7762,4502,3782)	aan5182	AAN5182 Искра			10200.00	\N	10	\N	t	t	f	f	2026-05-31 08:40:24.219561+00	2026-05-31 08:40:24.219569+00	7035	f
7874	Генератор Г 273В1-3701000-03 (28В 50А) г.Самара	2731	Г273В1 НОВЫЙ			6170.00	\N	10	\N	t	t	f	f	2026-05-31 08:40:24.221228+00	2026-05-31 08:40:24.221235+00	7035	f
7875	Генератор Г273В1-03М КАМАЗ, МАЗ 80А г. Самара	2731-03-80	Г273В1-03М 80А			6069.00	\N	10	\N	t	t	f	f	2026-05-31 08:40:24.222919+00	2026-05-31 08:40:24.222925+00	7035	f
7876	Генератор Г288Е 28 В 47А  г.Самара	288-3701000	Г288Е-3701000			10960.00	\N	10	\N	t	t	f	f	2026-05-31 08:40:24.226237+00	2026-05-31 08:40:24.226244+00	7035	f
7877	Генератор МАЗ,Урал с дв. ЯМЗ Евро 2,3 г.Самара	7762-3701-03-76	7762-3701-03  (76А)			5406.00	\N	10	\N	t	t	f	f	2026-05-31 08:40:24.227846+00	2026-05-31 08:40:24.227853+00	7035	f
7878	Диодный мост Г273В1	46-65-02	БПВ46-65-02Б			408.00	\N	10	\N	t	t	f	f	2026-05-31 08:40:24.23089+00	2026-05-31 08:40:24.230897+00	7035	f
7879	Диодный мост генератора 288,6562	7-100-02	БПВ 7-100-02			459.00	\N	10	\N	t	t	f	f	2026-05-31 08:40:24.232462+00	2026-05-31 08:40:24.232469+00	7035	f
7880	Диодный мост генератора 6582 ЕВРО	17-100-02	БПВ 17-100-02			1155.00	\N	10	\N	t	t	f	f	2026-05-31 08:40:24.234038+00	2026-05-31 08:40:24.234045+00	7035	f
7881	Ротор на Г 273В1-03  (50А)	6683701200-10	668.3701200-10			2138.00	\N	10	\N	t	t	f	f	2026-05-31 08:40:24.235613+00	2026-05-31 08:40:24.235619+00	7035	f
7882	Ротор ФЭГТ 2000.015	403771	Г-40.3771			1224.00	\N	10	\N	t	t	f	f	2026-05-31 08:40:24.237207+00	2026-05-31 08:40:24.237214+00	7035	f
7883	Статор генератора 6562 (90А), 6582 (80А)	653701100	Г65.3701100			2637.00	\N	10	\N	t	t	f	f	2026-05-31 08:40:24.23888+00	2026-05-31 08:40:24.238886+00	7035	f
7884	Статор генератора Г273В1 коопер. Самара (45А)	273-3701100	Г273-3701100			1408.00	\N	10	\N	t	t	f	f	2026-05-31 08:40:24.240547+00	2026-05-31 08:40:24.240553+00	7035	f
7885	Статор генератора Г288 (47А)	288-3701100	Г288-3701100			2301.00	\N	10	\N	t	t	f	f	2026-05-31 08:40:24.242213+00	2026-05-31 08:40:24.242222+00	7035	f
7886	Статор на Г 273В1-03  (на 50А)	6693701100-10	669.3701100-10			1347.00	\N	10	\N	t	t	f	f	2026-05-31 08:40:24.243927+00	2026-05-31 08:40:24.243934+00	7035	f
7887	Щеткодержатель генератора	273-3701010	Г273-3701010 А ЗАВОД			509.00	\N	10	\N	t	t	f	f	2026-05-31 08:40:24.245667+00	2026-05-31 08:40:24.245674+00	7035	f
7888	Щеткодержатель ЕВРО	6582-3701010	6582-3701010 ЗАВОД			505.00	\N	10	\N	t	t	f	f	2026-05-31 08:40:24.247366+00	2026-05-31 08:40:24.247372+00	7035	f
7889	Генератор ( аналог 4001-53) (АТЭ-1) 28В 80А	45013771-53	4501.3771-53			10702.00	\N	10	\N	t	t	f	f	2026-05-31 08:40:24.24897+00	2026-05-31 08:40:24.248976+00	7035	f
7890	Генератор 1312.3771 (аналог  Г273В1) 28В 60А КАМАЗ, МАЗ	13123771	1312.3771 Т			5631.00	\N	10	\N	t	t	f	f	2026-05-31 08:40:24.250674+00	2026-05-31 08:40:24.250681+00	7035	f
7891	Генератор 1322.3771 (аналог Г273В2) 28В 50А МАЗ	13223771	1322.3771 Т			5508.00	\N	10	\N	t	t	f	f	2026-05-31 08:40:24.253683+00	2026-05-31 08:40:24.25369+00	7035	f
7892	Генератор 1702.3771 (аналог Г288Е) 28В 50А КАМАЗ, МАЗ, КРАЗ	17023771	1702.3771 Т			7733.00	\N	10	\N	t	t	f	f	2026-05-31 08:40:24.256556+00	2026-05-31 08:40:24.256563+00	7035	f
7893	Генератор 3112.3771  28В 80А МАЗ (7511)  (2-х руч.)	31123771	3112.3771			6758.00	\N	10	\N	t	t	f	f	2026-05-31 08:40:24.259556+00	2026-05-31 08:40:24.259563+00	7035	f
7894	Генератор 3122.3771 2-х руч. 28В 80А (аналог 6582-02) КАМАЗ	31223771	3122.3771			9180.00	\N	10	\N	t	t	f	f	2026-05-31 08:40:24.262339+00	2026-05-31 08:40:24.262346+00	7035	f
7895	Генератор 3142.3771 (аналог Г4001-53) КАМАЗ Евро широкий шкив	31423771	3142.3771			10185.00	\N	10	\N	t	t	f	f	2026-05-31 08:40:24.265234+00	2026-05-31 08:40:24.265241+00	7035	f
7896	Генератор 4502.3771 широкий рем. (аналог 7762) 28В 80А КАМАЗ ЕВРО-2,-3	45023771	4502.3771Т			7926.00	\N	10	\N	t	t	f	f	2026-05-31 08:40:24.268131+00	2026-05-31 08:40:24.268138+00	7035	f
7897	Генератор 4512.3771 28В 90А МАЗ ЕВРО-3  широкий шкив	45123771	4512.3771Т			8638.00	\N	10	\N	t	t	f	f	2026-05-31 08:40:24.2711+00	2026-05-31 08:40:24.271106+00	7035	f
7898	Генератор 740.30, 740.31, креп.10мм.6 руч, 28В 90А	31423771-10	3142.3771-10			9244.00	\N	10	\N	t	t	f	f	2026-05-31 08:40:24.273954+00	2026-05-31 08:40:24.273961+00	7035	f
7899	Генератор 740.30, 740.31, креп.10мм.8 руч, 28В 90А	31423771-20	3142.3771-20			9007.00	\N	10	\N	t	t	f	f	2026-05-31 08:40:24.275585+00	2026-05-31 08:40:24.275592+00	7035	f
7900	Генератор КАМАЗ  Евро-4,5  8 руч ПРАМО	45423771-20-28-120	4542.3771-20 28В 120А			10782.00	\N	10	\N	t	t	f	f	2026-05-31 08:40:24.277107+00	2026-05-31 08:40:24.277114+00	7035	f
7901	Генератор КАМАЗ ЕВРО-3  28В 90А широкий шкив, пятипиновый разъем	45423771	4542.3771			9015.00	\N	10	\N	t	t	f	f	2026-05-31 08:40:24.280139+00	2026-05-31 08:40:24.280167+00	7035	f
7902	Генератор КАМАЗ ЕВРО-3,4 10-ти ручейковый	45223771-10-28-80	4522.3771-10 28В 80А			8548.00	\N	10	\N	t	t	f	f	2026-05-31 08:40:24.283445+00	2026-05-31 08:40:24.283452+00	7035	f
7903	Генератор средний	31123771-01-80	3112.3771-01 Т 80А			8303.00	\N	10	\N	t	t	f	f	2026-05-31 08:40:24.286519+00	2026-05-31 08:40:24.286526+00	7035	f
7904	Домкрат гидр.бут. 16т, 230-465 мм	16	ПРАМО 16 тонн			1505.00	\N	10	\N	t	t	f	f	2026-05-31 08:40:24.2881+00	2026-05-31 08:40:24.288106+00	6964	f
7905	Домкрат гидр.бут. 30т, 240-370 мм	30	ПРАМО 30 тонн			3887.00	\N	10	\N	t	t	f	f	2026-05-31 08:40:24.289769+00	2026-05-31 08:40:24.289775+00	6964	f
7906	Статор на 4502,4212(10),4522(10),4532(10),4542	45023771100-01	4502.3771.100-01			2981.00	\N	10	\N	t	t	f	f	2026-05-31 08:40:24.291443+00	2026-05-31 08:40:24.29145+00	7035	f
7907	Щеткодержатель с регулятором	45023771060	4502.3771.060			271.00	\N	10	\N	t	t	f	f	2026-05-31 08:40:24.293063+00	2026-05-31 08:40:24.293069+00	7035	f
7908	Гидроусилитель МАЗ	503-3405010-10	503-3405010-10			52514.00	\N	10	\N	t	t	f	f	2026-05-31 08:40:24.294667+00	2026-05-31 08:40:24.294674+00	7026	f
7909	Гидроцилиндр подъема запасного колеса КАМАЗ г.Борисов	453198237	453198.237 ШНКФ			15110.00	\N	10	\N	t	t	f	f	2026-05-31 08:40:24.297719+00	2026-05-31 08:40:24.297726+00	7026	f
7910	ГУР  КАМАЗ г.Борисов	4310-3400020-03	4310-3400020-03			110160.00	\N	10	\N	t	t	f	f	2026-05-31 08:40:24.30102+00	2026-05-31 08:40:24.301027+00	7026	f
7911	ГУР  КАМАЗ г.Борисов	4310-3400020-01	4310-3400020-01			107100.00	\N	10	\N	t	t	f	f	2026-05-31 08:40:24.304038+00	2026-05-31 08:40:24.304045+00	7026	f
7912	ГУР КамАЗ 4308, 4326, 6520 (двухосн., трехосные)	453461425-01	453461.425-01 ШНКФ			120502.00	\N	10	\N	t	t	f	f	2026-05-31 08:40:24.306999+00	2026-05-31 08:40:24.307008+00	7026	f
7913	Насос ГУРа  КАМАЗ (усил.)18*1,5 внутр г.Борисов	4310-3407200-21	4310-3407200-21			18092.00	\N	10	\N	t	t	f	f	2026-05-31 08:40:24.310083+00	2026-05-31 08:40:24.310089+00	7026	f
7914	Насос ГУРа  КАМАЗ г.Борисов	4310-3407200-01	4310-3407200-01			17769.00	\N	10	\N	t	t	f	f	2026-05-31 08:40:24.313094+00	2026-05-31 08:40:24.3131+00	7026	f
7915	Насос ГУРа (без бачка и шкива) г.Борисов	130-3407199	130-3407199			13249.00	\N	10	\N	t	t	f	f	2026-05-31 08:40:24.31623+00	2026-05-31 08:40:24.316237+00	7026	f
7916	Насос ГУРа 130-3407200-а ЗИЛ г.Борисов	130-3407200	130-3407200-а			17004.00	\N	10	\N	t	t	f	f	2026-05-31 08:40:24.319061+00	2026-05-31 08:40:24.319067+00	7026	f
7917	Насос ГУРа 6520 г.Елец	6520-3407200	6520-3407200 г.Елец			21719.00	\N	10	\N	t	t	f	f	2026-05-31 08:40:24.321965+00	2026-05-31 08:40:24.321972+00	7026	f
7918	Насос ГУРа КАМАЗ (наружн.резьба)	4310-3407200-02	4310-3407200-02 г. Елец			17850.00	\N	10	\N	t	t	f	f	2026-05-31 08:40:24.324803+00	2026-05-31 08:40:24.32481+00	7026	f
7919	Насос Гура Камаз левого вращения г.Борисов	4310-3407200-11	4310-3407200-11			18576.00	\N	10	\N	t	t	f	f	2026-05-31 08:40:24.327769+00	2026-05-31 08:40:24.327776+00	7026	f
7920	Насос ГУРа КРАЗ, Урал, МАЗ  г.Борисов	256-3407199-01	256б-3407199-01			15226.00	\N	10	\N	t	t	f	f	2026-05-31 08:40:24.330926+00	2026-05-31 08:40:24.330933+00	7026	f
7921	Насос МОК  в упаковке г.Борисов КАМАЗ, МАЗ (182.5004010-11)	458662250	458662.250 ШНКФ			21284.00	\N	10	\N	t	t	f	f	2026-05-31 08:40:24.334122+00	2026-05-31 08:40:24.334129+00	7026	f
7922	Р/К Насос ГУРа г.Борисов	5320-3407244	5320-3407244			3570.00	\N	10	\N	t	t	f	f	2026-05-31 08:40:24.337168+00	2026-05-31 08:40:24.337175+00	7026	f
7923	Р/К Насос Гура 453471.021 ШНКФ	453479011	453479.011 ШНКФ			2236.00	\N	10	\N	t	t	f	f	2026-05-31 08:40:24.340038+00	2026-05-31 08:40:24.340045+00	7026	f
7924	Цилиндр МОК (с трубкой) 43114-5003014 КАМАЗ г.Борисов	453198214	453198.214 ШНКФ			20225.00	\N	10	\N	t	t	f	f	2026-05-31 08:40:24.341631+00	2026-05-31 08:40:24.341637+00	7026	f
7925	Цилиндр МОК КАМАЗ г.Борисов	453198210	453198.210 ШНКФ			18527.00	\N	10	\N	t	t	f	f	2026-05-31 08:40:24.344574+00	2026-05-31 08:40:24.344581+00	7026	f
7926	Амперметр (30А)	110-381101030	110б-3811010(30А)			815.00	\N	10	\N	t	t	f	f	2026-05-31 08:40:24.347537+00	2026-05-31 08:40:24.347544+00	7045	f
7927	Амперметр (50А) Владимр	111-381101050	111б-3811010(50А)			535.00	\N	10	\N	t	t	f	f	2026-05-31 08:40:24.349065+00	2026-05-31 08:40:24.349072+00	7045	f
7928	Выключатель ВК318Б механч. Старый Оскол	318	ВК318Б			281.00	\N	10	\N	t	t	f	f	2026-05-31 08:40:24.350619+00	2026-05-31 08:40:24.350625+00	7043	f
7929	Выключатель массы электр.	14103737-4	1410.3737 4 шт.			2125.00	\N	10	\N	t	t	f	f	2026-05-31 08:40:24.35213+00	2026-05-31 08:40:24.352137+00	7043	f
7930	Выключатель массы КамАз-6520(крышка текстолит)	14003737-24-50	1400.3737 24В 50А			1759.00	\N	10	\N	t	t	f	f	2026-05-31 08:40:24.353744+00	2026-05-31 08:40:24.353751+00	7043	f
7931	Датчик  бензобака 500л. г.Владимир	52123827	5212.3827			740.00	\N	10	\N	t	t	f	f	2026-05-31 08:40:24.35676+00	2026-05-31 08:40:24.356767+00	7043	f
7932	Датчик  выкл.пневмат.сигнала торможения г.Пенза	125	ММ 125Д			43.00	\N	10	\N	t	t	f	f	2026-05-31 08:40:24.358307+00	2026-05-31 08:40:24.358314+00	7043	f
7933	Датчик аварийного давления масла г.Владимир	5320-3829030-1112602	5320-3829030 ММ 111(2602)			82.00	\N	10	\N	t	t	f	f	2026-05-31 08:40:24.359868+00	2026-05-31 08:40:24.359874+00	7043	f
7934	Замок зажигания ВК-353 г.Санкт-Петербург	5320-3708500-00	5320-3708500-00			899.00	\N	10	\N	t	t	f	f	2026-05-31 08:40:24.362823+00	2026-05-31 08:40:24.36283+00	7043	f
7935	Замок зажигания ЕВРО (камаз)	19023704	1902.3704			497.00	\N	10	\N	t	t	f	f	2026-05-31 08:40:24.365765+00	2026-05-31 08:40:24.365771+00	7043	f
7936	Привод спидометра г.Самара	307	МЭ 307			1302.00	\N	10	\N	t	t	f	f	2026-05-31 08:40:24.368852+00	2026-05-31 08:40:24.368859+00	7043	f
7937	Реле блокировки стартера РБС г.Пенза	86023777	8602.3777			74.00	\N	10	\N	t	t	f	f	2026-05-31 08:40:24.370499+00	2026-05-31 08:40:24.370507+00	7038	f
7938	Реле поворота  г.Владимир	951372610-37	РС 951А.372610 (37 уп)			1216.00	\N	10	\N	t	t	f	f	2026-05-31 08:40:24.372053+00	2026-05-31 08:40:24.372059+00	7043	f
7939	Рычаг стеклоочистителя шт	275205700-02	27.5205700-02			130.00	\N	10	\N	t	t	f	f	2026-05-31 08:40:24.373621+00	2026-05-31 08:40:24.373628+00	7043	f
7941	Термостат ТС 107.1306100-01М набор 2+1 КАМАЗ	30-80	(30 уп)80С			578.00	\N	10	\N	t	t	f	f	2026-05-31 08:40:24.378321+00	2026-05-31 08:40:24.378328+00	7043	f
7940	Термостат ТС 108.1306100-01М ГАЗ 53, ПАЗ	80-2	80С			180.00	\N	10	\N	t	t	f	f	2026-05-31 08:40:24.375132+00	2026-05-31 08:40:24.381328+00	7043	f
7942	Тяга	2725205500	272.5205500			392.00	\N	10	\N	t	t	f	f	2026-05-31 08:40:24.385217+00	2026-05-31 08:40:24.385224+00	7043	f
7943	Указатель уровня топлива г. Октябрьский	170	УБ 170			210.00	\N	10	\N	t	t	f	f	2026-05-31 08:40:24.386779+00	2026-05-31 08:40:24.386786+00	7043	f
7944	Щетка  г.Ставрово к-т	275205800-02	27.5205800-02 М			155.00	\N	10	\N	t	t	f	f	2026-05-31 08:40:24.388285+00	2026-05-31 08:40:24.388291+00	7043	f
7945	Вал ведомой шестерни	740-1029154	740-1029154			760.00	\N	10	\N	t	t	f	f	2026-05-31 08:40:24.38984+00	2026-05-31 08:40:24.389846+00	6980	f
7946	Вал промежуточный среднего моста	5320-2502201	5320-2502201 г.Курган			1100.00	\N	10	\N	t	t	f	f	2026-05-31 08:40:24.391361+00	2026-05-31 08:40:24.391368+00	6980	f
7947	Вилка перекл. 2-3 пер.КПП ОАО КАМАЗ	14-1702027	14-1702027			920.00	\N	10	\N	t	t	f	f	2026-05-31 08:40:24.394254+00	2026-05-31 08:40:24.394261+00	6978	f
7948	Вилка перекл.делителя КПП ОАО КАМАЗ	15-1771094	15-1771094			1640.00	\N	10	\N	t	t	f	f	2026-05-31 08:40:24.397458+00	2026-05-31 08:40:24.397466+00	6978	f
7949	Вкладыш реактивной штанги	5320-2919040	5320-2919040			34.00	\N	10	\N	t	t	f	f	2026-05-31 08:40:24.400597+00	2026-05-31 08:40:24.400605+00	6962	f
7950	Вкладыш наконечника верхний	5297-3414066	5297-3414066			847.00	\N	10	\N	t	t	f	f	2026-05-31 08:40:24.403525+00	2026-05-31 08:40:24.403532+00	7076	f
7951	Вкладыш наконечника нижний ОАО КАМАЗ	5320-3414067	5320-3414067			305.00	\N	10	\N	t	t	f	f	2026-05-31 08:40:24.405102+00	2026-05-31 08:40:24.405109+00	7076	f
7952	Вкладыш реактивного пальца (толстый) ОАО КАМАЗ	5511-2919034	5511-2919034			499.00	\N	10	\N	t	t	f	f	2026-05-31 08:40:24.408062+00	2026-05-31 08:40:24.408069+00	6962	f
7954	Втулка маховика	740-1005133	740-1005133			180.00	\N	10	\N	t	t	f	f	2026-05-31 08:40:24.413964+00	2026-05-31 08:40:24.41397+00	7013	f
7955	Втулка распорная	5320-2502029	5320-2502029			463.00	\N	10	\N	t	t	f	f	2026-05-31 08:40:24.415567+00	2026-05-31 08:40:24.415576+00	6980	f
7956	Втулка шестерни 1-ой передачи	154-1701282	154-1701282			1650.00	\N	10	\N	t	t	f	f	2026-05-31 08:40:24.418478+00	2026-05-31 08:40:24.418487+00	6978	f
7957	Гайка конич.шестерни среднего моста	853550	853550			345.00	\N	10	\N	t	t	f	f	2026-05-31 08:40:24.420129+00	2026-05-31 08:40:24.420136+00	6980	f
7958	Гайка пер. колеса ЕВРО ОАО КАМАЗ	5425-3101040	5425-3101040			48.00	\N	10	\N	t	t	f	f	2026-05-31 08:40:24.421797+00	2026-05-31 08:40:24.421804+00	7076	f
7959	Гайка подшипника в сборе ОАО КАМАЗ	5320-2502063	5320-2502063			330.00	\N	10	\N	t	t	f	f	2026-05-31 08:40:24.42489+00	2026-05-31 08:40:24.424897+00	6980	f
7960	Гайка подшипника дифер.бугельная ОАО КАМАЗ	53205-2403040	53205-2403040			630.00	\N	10	\N	t	t	f	f	2026-05-31 08:40:24.427853+00	2026-05-31 08:40:24.42786+00	6980	f
7961	Гайка подшипника ступицы 4310 ОАО КАМАЗ	4310-3103076	4310-3103076			320.00	\N	10	\N	t	t	f	f	2026-05-31 08:40:24.430925+00	2026-05-31 08:40:24.430933+00	6980	f
7962	Гайка сошки Гура	853567	853567			215.00	\N	10	\N	t	t	f	f	2026-05-31 08:40:24.434101+00	2026-05-31 08:40:24.434108+00	7025	f
7963	Гнездо АКБ ОАО КАМАЗ ( без крышки)	5320-3703058	5320-3703058			3500.00	\N	10	\N	t	t	f	f	2026-05-31 08:40:24.435867+00	2026-05-31 08:40:24.435873+00	7059	f
7964	Колодка тормозная в сб.ОАО КАМАЗ	6520-3501090	6520-3501090			3952.00	\N	10	\N	t	t	f	f	2026-05-31 08:40:24.438762+00	2026-05-31 08:40:24.438768+00	6995	f
7965	Колпак воздухозаборника ОАО КАМАЗ	5320-1109384	5320-1109384			830.00	\N	10	\N	t	t	f	f	2026-05-31 08:40:24.4417+00	2026-05-31 08:40:24.441707+00	7008	f
7966	Колпак воздухозаборника в сборе	55118-1109384	55118-1109384			815.00	\N	10	\N	t	t	f	f	2026-05-31 08:40:24.444611+00	2026-05-31 08:40:24.444618+00	7008	f
7967	Кольцо маслонагнетательное ОАО КАМАЗ	14-1701096	14-1701096			415.00	\N	10	\N	t	t	f	f	2026-05-31 08:40:24.447498+00	2026-05-31 08:40:24.447506+00	7076	f
7968	Кран управления делителем(нов.обр.) ОАО КАМАЗ	15-1772132-10	15-1772132-10			2040.00	\N	10	\N	t	t	f	f	2026-05-31 08:40:24.450476+00	2026-05-31 08:40:24.450484+00	6978	f
7969	Кронштейн амортизатора левый	5320-2905535	5320-2905535			680.00	\N	10	\N	t	t	f	f	2026-05-31 08:40:24.453321+00	2026-05-31 08:40:24.453328+00	6955	f
7970	Кронштейн амортизатора правый	5320-2905534	5320-2905534			680.00	\N	10	\N	t	t	f	f	2026-05-31 08:40:24.456134+00	2026-05-31 08:40:24.456141+00	6955	f
7971	Муфта блокировки МОД ОАО КАМАЗ	5320-2509053	5320-2509053			810.00	\N	10	\N	t	t	f	f	2026-05-31 08:40:24.458951+00	2026-05-31 08:40:24.458958+00	6978	f
7972	Муфта с втулкой (к-т)	14-1701580	14-1701580			2000.00	\N	10	\N	t	t	f	f	2026-05-31 08:40:24.461909+00	2026-05-31 08:40:24.461916+00	6978	f
7973	Накладка оси тормозных колодок ОАО КАМАЗ	5320-3501133	5320-3501133			86.00	\N	10	\N	t	t	f	f	2026-05-31 08:40:24.463487+00	2026-05-31 08:40:24.463494+00	6995	f
7974	Насос масляный без шестерни ЕВРО	74011-1011014	740.11-1011014			7365.00	\N	10	\N	t	t	f	f	2026-05-31 08:40:24.46647+00	2026-05-31 08:40:24.466477+00	7020	f
7975	Натяжитель ремня	740-1308110	740-1308110			2355.00	\N	10	\N	t	t	f	f	2026-05-31 08:40:24.467965+00	2026-05-31 08:40:24.467972+00	7017	f
7976	Палец буксирной вилки ОАО КАМАЗ	53205-2806117	53205-2806117			705.00	\N	10	\N	t	t	f	f	2026-05-31 08:40:24.470908+00	2026-05-31 08:40:24.470915+00	7012	f
7977	Панель облицовочная верхняя ОАО КАМАЗ	5320-8401012-00	5320-8401012-00			2943.00	\N	10	\N	t	t	f	f	2026-05-31 08:40:24.473864+00	2026-05-31 08:40:24.473871+00	7073	f
7978	Панель облицовочная нижняя ОАО КАМАЗ	5320-8401120	5320-8401120			7500.00	\N	10	\N	t	t	f	f	2026-05-31 08:40:24.47684+00	2026-05-31 08:40:24.476847+00	7073	f
7979	Панель облицовочная нижняя ЕВРО ОАО КАМАЗ	53205-8401120-00	53205-8401120-00			6200.00	\N	10	\N	t	t	f	f	2026-05-31 08:40:24.479831+00	2026-05-31 08:40:24.479839+00	7073	f
7980	Панель передка боковая съемная ОАО КАМАЗ	5320-5301046	5320-5301046			1620.00	\N	10	\N	t	t	f	f	2026-05-31 08:40:24.482892+00	2026-05-31 08:40:24.482899+00	7073	f
7981	Панель передка боковая съемная ОАО КАМАЗ	5320-5301047	5320-5301047			880.00	\N	10	\N	t	t	f	f	2026-05-31 08:40:24.485895+00	2026-05-31 08:40:24.485902+00	7073	f
7982	Панель с обтекателем левая в сборе ОАО КАМАЗ	5320-5399005-00	5320-5399005-00			1570.00	\N	10	\N	t	t	f	f	2026-05-31 08:40:24.488948+00	2026-05-31 08:40:24.488955+00	7073	f
7983	Панель с обтекателем правая в сборе ОАО КАМАЗ	5320-5399004-00	5320-5399004-00			1570.00	\N	10	\N	t	t	f	f	2026-05-31 08:40:24.491922+00	2026-05-31 08:40:24.491929+00	7073	f
7984	Поршневая ч/б с пальцем ОАО КАМАЗ (поршнекомплект)	740-1000128-1839	740-1000128-1839			8000.00	\N	10	\N	t	t	f	f	2026-05-31 08:40:24.495562+00	2026-05-31 08:40:24.495569+00	7012	f
7985	Р/К водяного насоса в сборе ЕВРО-3 НАШ	3	ЕВРО- 3			1320.00	\N	10	\N	t	t	f	f	2026-05-31 08:40:24.498516+00	2026-05-31 08:40:24.498523+00	7018	f
7986	Р/К масляного насоса полный	740-1011014-30	740-1011014-30			825.00	\N	10	\N	t	t	f	f	2026-05-31 08:40:24.500055+00	2026-05-31 08:40:24.500061+00	7020	f
7987	Ролик (тормозмой колодки) ОАО КАМАЗ	5320-3501109	5320-3501109			105.00	\N	10	\N	t	t	f	f	2026-05-31 08:40:24.501679+00	2026-05-31 08:40:24.501686+00	6995	f
7988	Стакан подшипников ОАО КАМАЗ	5320-2402046	5320-2402046			3200.00	\N	10	\N	t	t	f	f	2026-05-31 08:40:24.504604+00	2026-05-31 08:40:24.504611+00	7076	f
7989	Ступица ведомого диска ОАО КАМАЗ	14-1601142	14-1601142			450.00	\N	10	\N	t	t	f	f	2026-05-31 08:40:24.507566+00	2026-05-31 08:40:24.507573+00	6978	f
7990	Стяжка кронштейнов оси (балансира) ОАО КАМАЗ	5320-2918189	5320-2918189			4440.00	\N	10	\N	t	t	f	f	2026-05-31 08:40:24.510564+00	2026-05-31 08:40:24.510571+00	6980	f
7991	Тяга продольная рулевая в сборе ОАО КАМАЗ	5320-3414009-00	5320-3414009-00			12000.00	\N	10	\N	t	t	f	f	2026-05-31 08:40:24.513685+00	2026-05-31 08:40:24.513691+00	7032	f
7992	Тяга продольная рулевая в сборе ОАО КАМАЗ	5297-3414009-00	5297-3414009-00			12000.00	\N	10	\N	t	t	f	f	2026-05-31 08:40:24.516722+00	2026-05-31 08:40:24.516729+00	7032	f
7993	Фланец КПП круг. ОАО КАМАЗ	152-1701240	152-1701240			2100.00	\N	10	\N	t	t	f	f	2026-05-31 08:40:24.519779+00	2026-05-31 08:40:24.519786+00	6978	f
7994	Чашки МОД (к-т) ОАО КАМАЗ	53205-2506016	53205-2506016			25000.00	\N	10	\N	t	t	f	f	2026-05-31 08:40:24.522901+00	2026-05-31 08:40:24.522908+00	6980	f
7995	Чека ОАО КАМАЗ	5320-3501134	5320-3501134			17.00	\N	10	\N	t	t	f	f	2026-05-31 08:40:24.526055+00	2026-05-31 08:40:24.526063+00	7076	f
7996	Экран	740-1003216	740-1003216			24.00	\N	10	\N	t	t	f	f	2026-05-31 08:40:24.529004+00	2026-05-31 08:40:24.52901+00	7076	f
7997	Генератор 6661 М-2141 дв. 412 Уфа ОАО ЗИТ	66613701	6661.3701			2590.47	\N	10	\N	t	t	f	f	2026-05-31 08:40:24.530789+00	2026-05-31 08:40:24.530796+00	7035	f
7998	Крышка СТ222-3708400	222-3708400	носик			500.00	\N	10	\N	t	t	f	f	2026-05-31 08:40:24.532429+00	2026-05-31 08:40:24.533873+00	7041	f
7999	Привод в сборе н/о (на редукт. 20,24 серию)	203708600-01	20.3708600-01			465.00	\N	10	\N	t	t	f	f	2026-05-31 08:40:24.535551+00	2026-05-31 08:40:24.535558+00	7041	f
8000	Привод  МТЗ-80 в сборе	243708600-01	24.3708600-01			405.00	\N	10	\N	t	t	f	f	2026-05-31 08:40:24.537121+00	2026-05-31 08:40:24.537127+00	7041	f
8001	Редуктор с валом на стартер 9112	40000012	40000012			1870.00	\N	10	\N	t	t	f	f	2026-05-31 08:40:24.540165+00	2026-05-31 08:40:24.540173+00	7038	f
8002	Реле втягивающее	603708800	60.3708800			700.00	\N	10	\N	t	t	f	f	2026-05-31 08:40:24.541807+00	2026-05-31 08:40:24.541813+00	7040	f
8003	Реле стартера в сборе МТЗ-80 24В ОАО ЗИТ	203708800	20.3708800 стар.обр.			1310.00	\N	10	\N	t	t	f	f	2026-05-31 08:40:24.54344+00	2026-05-31 08:40:24.543447+00	7038	f
8004	Стартер взамен 20 Бычок, МТЗ редуктор. (5,9 кВт) ОАО ЗИТ	20023708000-01-24	2002.3708000-01 24В			6100.00	\N	10	\N	t	t	f	f	2026-05-31 08:40:24.546373+00	2026-05-31 08:40:24.546417+00	7038	f
8005	Стартер Д-144,Т-40,Т25А2 редукт. (взамен 241 и 222А)  ОАО ЗИТ	24123708000-01-12-4	2412.3708000-01 12В 4кВт			6100.00	\N	10	\N	t	t	f	f	2026-05-31 08:40:24.549232+00	2026-05-31 08:40:24.549239+00	7038	f
8006	Стартер МТЗ-50,80,100 редукт. 4 кВт (взамен 24)  ОАО ЗИТ	24023708000-01-12	2402.3708000-01 12В			6100.00	\N	10	\N	t	t	f	f	2026-05-31 08:40:24.550861+00	2026-05-31 08:40:24.550868+00	7038	f
8007	Стартер Т-40М  5,9  кВт (взамен 201)  ОАО ЗИТ	201237008000-01-24	2012.37008000-01 24В			6100.00	\N	10	\N	t	t	f	f	2026-05-31 08:40:24.553736+00	2026-05-31 08:40:24.553744+00	7038	f
8008	Якорь стартера	20-3708200-02	20-3708200-02 нов.обр.			1695.00	\N	10	\N	t	t	f	f	2026-05-31 08:40:24.555267+00	2026-05-31 08:40:24.555274+00	7038	f
8009	Компрессор 1-ц. г.Ижевск 16 мм.	53205-3509015-20-21	53205-3509015-20 (21)			12230.00	\N	10	\N	t	t	f	f	2026-05-31 08:40:24.5569+00	2026-05-31 08:40:24.556906+00	6993	f
8010	Компрессор 1-ц.( Айк-Мото) г.Ижевск 22 мм. выход сверху	53205-3509015-02	53205-3509015-02 АЙК			12818.00	\N	10	\N	t	t	f	f	2026-05-31 08:40:24.5598+00	2026-05-31 08:40:24.559807+00	6993	f
8011	Компрессор 1-цил. КАМАЗ г.Борисов	306-01	ПК 306-01			28539.00	\N	10	\N	t	t	f	f	2026-05-31 08:40:24.562767+00	2026-05-31 08:40:24.562774+00	6993	f
8012	Компрессор  2-х цил. КАМАЗ 201 л/мин г.Борисов	214-30	ПК 214-30			28705.00	\N	10	\N	t	t	f	f	2026-05-31 08:40:24.565816+00	2026-05-31 08:40:24.565823+00	6993	f
8013	Компрессор 5336-3509012 МАЗ, Урал со шкивом 210 л/мин г.Борисов	5336-3509012-210	5336-3509012  210л/м			23460.00	\N	10	\N	t	t	f	f	2026-05-31 08:40:24.568786+00	2026-05-31 08:40:24.568793+00	6993	f
8014	Компрессор 5336-3509012-01 без шкива ЗИЛ, МАЗ,КРАЗ,Урал, БЕЛАЗ г.Борисов	5336-3509012-01-201	5336-3509012-01 201 л/мин			21805.00	\N	10	\N	t	t	f	f	2026-05-31 08:40:24.57183+00	2026-05-31 08:40:24.571838+00	6993	f
8015	Компрессор 5336-3509012-10 усилин. 270 л/мин г.Борисов	5336-3509012-10	5336-3509012-10			19890.00	\N	10	\N	t	t	f	f	2026-05-31 08:40:24.574914+00	2026-05-31 08:40:24.574921+00	6993	f
8016	Компрессор МАЗ,Лиаз,Урал 320л/мин  г.Борисов	310	ПК 310			26000.00	\N	10	\N	t	t	f	f	2026-05-31 08:40:24.576568+00	2026-05-31 08:40:24.576575+00	6993	f
8017	Компрессор 1 цил. Литва выход сверху	18-3509015-20-373	18-3509015-20 ( 373л.)			18100.00	\N	10	\N	t	t	f	f	2026-05-31 08:40:24.579698+00	2026-05-31 08:40:24.579706+00	6993	f
8018	Компрессор 2-х 275 л/м (дв.ЯМЗ) Литва	161-3509012-20	161-3509012-20			23460.00	\N	10	\N	t	t	f	f	2026-05-31 08:40:24.581277+00	2026-05-31 08:40:24.581283+00	6993	f
8020	Компрессор 2-х цил. Литва Н/О  275 л/мин	5320-3509015-10	5320-3509015-10			24072.00	\N	10	\N	t	t	f	f	2026-05-31 08:40:24.587489+00	2026-05-31 08:40:24.587497+00	6993	f
8021	Компрессор 2-х цил. (дв.ЯМЗ)  201л/мин Литва	161-3509012	161-3509012			23606.00	\N	10	\N	t	t	f	f	2026-05-31 08:40:24.590524+00	2026-05-31 08:40:24.590531+00	6993	f
8022	Р/К  1-но цил. компрессора Р0 в сборе НАШ	0-1	Р0 1-но цил.			618.00	\N	10	\N	t	t	f	f	2026-05-31 08:40:24.593529+00	2026-05-31 08:40:24.593536+00	6959	f
8023	Р/К  2-х цил. компрессора Р1 из 5-ти наим.	1	без шатуна Р 1			371.00	\N	10	\N	t	t	f	f	2026-05-31 08:40:24.595083+00	2026-05-31 08:40:24.595089+00	6959	f
8024	Крестовина 5320-2201025 межосевая г.Гродно	5320-2201025-02-20	5320-2201025-02 меж.20шт			3104.00	\N	10	\N	t	t	f	f	2026-05-31 08:40:24.596871+00	2026-05-31 08:40:24.596879+00	6972	f
8025	Крестовина  53205-2201025 м/о г.Гродно	53205-2201025-10-10	53205-2201025-10 меж.10шт			4188.00	\N	10	\N	t	t	f	f	2026-05-31 08:40:24.599899+00	2026-05-31 08:40:24.599906+00	6972	f
8026	Крестовина 4310-2205025 основная г.Гродно	4310-2205025-10	4310-2205025 осн.10шт			4999.00	\N	10	\N	t	t	f	f	2026-05-31 08:40:24.602917+00	2026-05-31 08:40:24.602924+00	6972	f
8027	Крестовина  53205-2205025 основная г.Гродно	53205-2205025-12-10	53205-2205025-12 осн.10шт			4579.00	\N	10	\N	t	t	f	f	2026-05-31 08:40:24.605784+00	2026-05-31 08:40:24.605791+00	6972	f
8028	Крестовина ЗИЛ 130-2201025 межосевая г.Гродно	130-2201025	130-2201025			459.00	\N	10	\N	t	t	f	f	2026-05-31 08:40:24.608614+00	2026-05-31 08:40:24.608621+00	6972	f
8029	Крестовина ЗИЛ 131-2205025 основная г.Гродно	131-2205025	131-2205025			765.00	\N	10	\N	t	t	f	f	2026-05-31 08:40:24.61147+00	2026-05-31 08:40:24.611477+00	6972	f
8030	Крестовина осн. 53205-2205026-10 голая	53205-2205026-10	голая			1379.00	\N	10	\N	t	t	f	f	2026-05-31 08:40:24.614351+00	2026-05-31 08:40:24.614358+00	6972	f
8031	Тавотница 90	853858	853858			4.00	\N	10	\N	t	t	f	f	2026-05-31 08:40:24.617249+00	2026-05-31 08:40:24.617256+00	6972	f
8032	Крестовина 5320-2201026	11839	ПРАМО (118*39 мм)			567.00	\N	10	\N	t	t	f	f	2026-05-31 08:40:24.618943+00	2026-05-31 08:40:24.618951+00	6972	f
8033	Крестовина 5320-2205025-01	13550	ПРАМО (135*50 мм)			1022.00	\N	10	\N	t	t	f	f	2026-05-31 08:40:24.621967+00	2026-05-31 08:40:24.621975+00	6972	f
8034	Крестовина 53205-2201025	50135	ПРАМО (50*135мм) М/О			1525.00	\N	10	\N	t	t	f	f	2026-05-31 08:40:24.624972+00	2026-05-31 08:40:24.624979+00	6972	f
8035	Крестовина 53205-2205025	15550	ПРАМО (155*50 мм) ОСН.			1093.00	\N	10	\N	t	t	f	f	2026-05-31 08:40:24.627861+00	2026-05-31 08:40:24.627868+00	6972	f
8036	Крестовина в сборе (28*68) рулевого вала КАМАЗ, Агротэк	5320-3422039	5320-3422039 АЕ			255.00	\N	10	\N	t	t	f	f	2026-05-31 08:40:24.63083+00	2026-05-31 08:40:24.630838+00	6972	f
8037	Крестовина в сборе (39*118) м/о Агротэк	5320-2201025	5320-2201025 Агротэк			688.00	\N	10	\N	t	t	f	f	2026-05-31 08:40:24.634011+00	2026-05-31 08:40:24.634018+00	6972	f
8038	Крестовина в сборе (50*135) евро-2 м/о,Агротэк	6520-2201025	6520-2201025 АЕ			1270.00	\N	10	\N	t	t	f	f	2026-05-31 08:40:24.636987+00	2026-05-31 08:40:24.636994+00	6972	f
8039	Крестовина в сборе (50*135) Агротэк	5320-2205025	5320-2205025 АЕ			1202.00	\N	10	\N	t	t	f	f	2026-05-31 08:40:24.639908+00	2026-05-31 08:40:24.639915+00	6972	f
8040	Крестовина в сборе (50*155) евро осн, Агротэк	53205-2205025	53205-2205025 АЕ			1314.00	\N	10	\N	t	t	f	f	2026-05-31 08:40:24.6429+00	2026-05-31 08:40:24.642907+00	6972	f
8041	Крестовина в сборе (50*155) КАМАЗ,КРАЗ,МАЗ(Агротэк)	4310-2205025	4310-2205025 АЕ			1348.00	\N	10	\N	t	t	f	f	2026-05-31 08:40:24.645987+00	2026-05-31 08:40:24.645994+00	6972	f
8042	Крестовина ВЕБЕР (малая) ЕВРО	53205s-2201025-6	53205S-2201025 (уп 6)			592.00	\N	10	\N	t	t	f	f	2026-05-31 08:40:24.649358+00	2026-05-31 08:40:24.649365+00	6972	f
8044	Крестовина У.5320-2205025-10 основная со стопорными кольцами	5320-2205025-10	У 5320-2205025-10			1551.00	\N	10	\N	t	t	f	f	2026-05-31 08:40:24.658095+00	2026-05-31 08:40:24.658103+00	6972	f
8045	Крестовина У.6520-2201025-10  мал. в сб.	2	УКД ЕВРО-2			1836.00	\N	10	\N	t	t	f	f	2026-05-31 08:40:24.66843+00	2026-05-31 08:40:24.668438+00	6972	f
8046	Рычаг регулировочный левый 10 т. трещётка зад.	5511-3502237	5511-3502237 ПРАМО			842.00	\N	10	\N	t	t	f	f	2026-05-31 08:40:24.671454+00	2026-05-31 08:40:24.671462+00	6972	f
8047	Рычаг регулировочный правый 8 т. трещётка зад.	5320-3502236	5320-3502236 ПРАМО			725.00	\N	10	\N	t	t	f	f	2026-05-31 08:40:24.674248+00	2026-05-31 08:40:24.674255+00	6972	f
8048	НШ-10 ПРАВЫЙ г.Ставрополь	10	НШ-10			700.00	\N	10	\N	t	t	f	f	2026-05-31 08:40:24.677279+00	2026-05-31 08:40:24.677286+00	7030	f
8049	Насос НШ-10 У3 (4-х шл.) правый	10-3	НШ-10 У3			2700.00	\N	10	\N	t	t	f	f	2026-05-31 08:40:24.678918+00	2026-05-31 08:40:24.67893+00	7030	f
8050	Насос НШ-50 А3 правый круглый	503	НШ-50А3 правый			12000.00	\N	10	\N	t	t	f	f	2026-05-31 08:40:24.68067+00	2026-05-31 08:40:24.680677+00	7030	f
8051	Лампа А 24-21+5 г.Брест 2-х конт.	24-215	А 24-21+5			5.00	\N	10	\N	t	t	f	f	2026-05-31 08:40:24.682505+00	2026-05-31 08:40:24.682513+00	7049	f
8052	Передний указатель поворота правый г.Киржач	118-3726010	УП118-3726010-П			245.00	\N	10	\N	t	t	f	f	2026-05-31 08:40:24.684247+00	2026-05-31 08:40:24.684254+00	7052	f
8053	Стекло фары (галоген) ВАЗ-2101,ГАЗ-2410	62-3711201-01	62 3711201-01			11.87	\N	10	\N	t	t	f	f	2026-05-31 08:40:24.68601+00	2026-05-31 08:40:24.686016+00	7053	f
8054	Стекло фары ВАЗ-2101,ГАЗ-2410	140-3711201	ФГ140 3711201			10.82	\N	10	\N	t	t	f	f	2026-05-31 08:40:24.688972+00	2026-05-31 08:40:24.68898+00	7053	f
8055	Фонарь УП-1 (4502.3712) ОСВАР	45023712	4502.3712			275.00	\N	10	\N	t	t	f	f	2026-05-31 08:40:24.69198+00	2026-05-31 08:40:24.691987+00	7050	f
8056	Буфер передней рессоры ОАО БРТ	5320-2902624	5320-2902624			493.00	\N	10	\N	t	t	f	f	2026-05-31 08:40:24.693629+00	2026-05-31 08:40:24.693636+00	7002	f
8057	Вставка уплотнителя рычага КПП ОАО БРТ	5320-5130027	5320-5130027			519.00	\N	10	\N	t	t	f	f	2026-05-31 08:40:24.696624+00	2026-05-31 08:40:24.696631+00	7002	f
8058	Втулка торсиона ОАО БРТ	5320-5002025	5320-5002025			90.00	\N	10	\N	t	t	f	f	2026-05-31 08:40:24.699787+00	2026-05-31 08:40:24.699794+00	7002	f
8059	Гофра ПГУ ОАО БРТ	5320-1609569	5320-1609569			10.00	\N	10	\N	t	t	f	f	2026-05-31 08:40:24.702751+00	2026-05-31 08:40:24.702758+00	7002	f
8060	Диафрагма механизма блокировки МОД ОАО БРТ	5320-2509017	5320-2509017			27.00	\N	10	\N	t	t	f	f	2026-05-31 08:40:24.705623+00	2026-05-31 08:40:24.70563+00	7002	f
8061	К-т пр-ок блока двигателя КАМАЗ (темпсил) ПРОФИ 7 наименований	106005-23	106005-23			48.00	\N	10	\N	t	t	f	f	2026-05-31 08:40:24.708534+00	2026-05-31 08:40:24.708541+00	7002	f
8062	К-т пр-ок водяной коробки двигателя КАМАЗ (темпсил) ПРОФИ 4 наименования	106004-23	106004-23			10.00	\N	10	\N	t	t	f	f	2026-05-31 08:40:24.711611+00	2026-05-31 08:40:24.711617+00	7002	f
8063	К-т пр-ок гидромуфты двигателя КАМАЗ (темпсил) ПРОФИ 6 наименований	106006-23	106006-23			22.00	\N	10	\N	t	t	f	f	2026-05-31 08:40:24.714737+00	2026-05-31 08:40:24.714745+00	7002	f
8064	К-т пр-ок двигателя КАМАЗ (темпсил) ПРОФИ 24 наименования	106001-23	106001-23			95.00	\N	10	\N	t	t	f	f	2026-05-31 08:40:24.717836+00	2026-05-31 08:40:24.717844+00	7002	f
8065	К-т пр-ок картера маховика КАМАЗ (темпсил) ПРОФИ 7 наименований	106002-23	106002-23			48.00	\N	10	\N	t	t	f	f	2026-05-31 08:40:24.720987+00	2026-05-31 08:40:24.720994+00	7002	f
8066	Кольцо ТНВД ОАО БРТ	331111069	33.1111069			5.00	\N	10	\N	t	t	f	f	2026-05-31 08:40:24.72417+00	2026-05-31 08:40:24.724177+00	7002	f
8067	Кольцо ТНВД ОАО БРТ	331111083	33.1111083			5.00	\N	10	\N	t	t	f	f	2026-05-31 08:40:24.725813+00	2026-05-31 08:40:24.72582+00	7002	f
8068	Кольцо уплотнительное (ФГОТ, ФЦОМ) ОАО БРТ	740-1105075	740-1105075			10.00	\N	10	\N	t	t	f	f	2026-05-31 08:40:24.727788+00	2026-05-31 08:40:24.727794+00	7002	f
8069	Кольцо уплотн. воздушного фильтра ОАО БРТ	740-1109553	740-1109553			279.00	\N	10	\N	t	t	f	f	2026-05-31 08:40:24.729437+00	2026-05-31 08:40:24.729447+00	7002	f
8070	Манжета балансира ОАО БРТ	864117115145	864117(115х145)			171.00	\N	10	\N	t	t	f	f	2026-05-31 08:40:24.731179+00	2026-05-31 08:40:24.731185+00	7001	f
8071	Манжета гидромуфты ЗАО ВРТ	740-1318166-10012512	740-1318166 (100х125х12)			401.00	\N	10	\N	t	t	f	f	2026-05-31 08:40:24.732783+00	2026-05-31 08:40:24.732789+00	7001	f
8072	Манжета гидромуфты ЗАО ВРТ	740-1318186-345010	740-1318186 (34х50х10)			116.00	\N	10	\N	t	t	f	f	2026-05-31 08:40:24.735702+00	2026-05-31 08:40:24.735709+00	7001	f
8073	Манжета ГУР на сошку (42*58*10)	864141	864141			40.80	\N	10	\N	t	t	f	f	2026-05-31 08:40:24.73864+00	2026-05-31 08:40:24.738647+00	7001	f
8074	Манжета ГУР на угловой редуктор	864113-223456	864113  (22х34,5х6)			29.00	\N	10	\N	t	t	f	f	2026-05-31 08:40:24.740244+00	2026-05-31 08:40:24.740251+00	7001	f
8075	Манжета ГЦС ОАО БРТ	5320-1602517-29265	5320-1602517 (29х26х5)			26.00	\N	10	\N	t	t	f	f	2026-05-31 08:40:24.741927+00	2026-05-31 08:40:24.741937+00	7001	f
8076	Манжета коленвала ЕВРО Резерв	7405-1005160-105130	7405-1005160 (105х130)			295.00	\N	10	\N	t	t	f	f	2026-05-31 08:40:24.744919+00	2026-05-31 08:40:24.744925+00	7001	f
8077	Манжета КПП (45х64) ЗАО ВРТ	14-1701230-01	14-1701230-01			165.00	\N	10	\N	t	t	f	f	2026-05-31 08:40:24.747923+00	2026-05-31 08:40:24.74793+00	7001	f
8078	Манжета с пружиной в сборе	6520-2502280	6520-2502280			690.00	\N	10	\N	t	t	f	f	2026-05-31 08:40:24.749558+00	2026-05-31 08:40:24.749565+00	7001	f
8079	Манжета с пружиной в сборе 80*105 наружн.	6520-2402176	6520-2402176			732.00	\N	10	\N	t	t	f	f	2026-05-31 08:40:24.752525+00	2026-05-31 08:40:24.752532+00	7001	f
8080	Манжета с пружиной в сборе 80*105 сред. мост	6520-2502180	6520-2502180			784.00	\N	10	\N	t	t	f	f	2026-05-31 08:40:24.756444+00	2026-05-31 08:40:24.756451+00	7001	f
8081	Манжета ступицы задней  ОАО БРТ	864129-0114216816	864129-01(142х168х16)			153.00	\N	10	\N	t	t	f	f	2026-05-31 08:40:24.759619+00	2026-05-31 08:40:24.759626+00	7001	f
8082	Манжета ступицы передней ОАО БРТ с пружиной	864135-01	864135-01			198.00	\N	10	\N	t	t	f	f	2026-05-31 08:40:24.76124+00	2026-05-31 08:40:24.761247+00	7001	f
8083	Манжета хвостовика Евро	864195-709210	864195 (70*92*10)			325.00	\N	10	\N	t	t	f	f	2026-05-31 08:40:24.762791+00	2026-05-31 08:40:24.762798+00	7001	f
8084	Манжета хвостовика ЗАО ВРТ	864180-70921216	864180 (70х92х12х16)			296.00	\N	10	\N	t	t	f	f	2026-05-31 08:40:24.764466+00	2026-05-31 08:40:24.764473+00	7001	f
8085	Манжета хвостовика ЗАО ВРТ	864176-70921216	864176 (70х92х12х16)			298.00	\N	10	\N	t	t	f	f	2026-05-31 08:40:24.765981+00	2026-05-31 08:40:24.765987+00	7001	f
8086	Мембрана тип 24 ОАО БРТ	100-3519250	100-3519250Р			218.00	\N	10	\N	t	t	f	f	2026-05-31 08:40:24.767554+00	2026-05-31 08:40:24.76756+00	7002	f
8087	Мембрана тип 30 ОАО БРТ	100-3519350	100-3519350			218.00	\N	10	\N	t	t	f	f	2026-05-31 08:40:24.769159+00	2026-05-31 08:40:24.769166+00	7002	f
8088	Патрубок радиатора 6520 нижний ОАО БРТ	6520-1303026	6520-1303026			950.00	\N	10	\N	t	t	f	f	2026-05-31 08:40:24.770725+00	2026-05-31 08:40:24.770732+00	7015	f
8089	Патрубок радиатора Шланг Ф68х120 ОАО БРТ	5320-1303027	5320-1303027			139.00	\N	10	\N	t	t	f	f	2026-05-31 08:40:24.773779+00	2026-05-31 08:40:24.773786+00	7015	f
8090	Патрубок радиатора ШЛАНГ Ф68х200 ОАО БРТ	5320-1303026	5320-1303026			214.00	\N	10	\N	t	t	f	f	2026-05-31 08:40:24.776885+00	2026-05-31 08:40:24.776892+00	7015	f
8091	Патрубок расширительного бачка ШЛАНГ Ф30Р ОАО БРТ	5320-1311049	5320-1311049			110.00	\N	10	\N	t	t	f	f	2026-05-31 08:40:24.779918+00	2026-05-31 08:40:24.779927+00	7016	f
8092	Патрубок сапуна переходной ОАО БРТ	740-1014138	740-1014138			87.00	\N	10	\N	t	t	f	f	2026-05-31 08:40:24.78301+00	2026-05-31 08:40:24.783019+00	7016	f
8093	Подушка переднего крепления кабины нижняя ОАО БРТ	5320-5001021	5320-5001021			870.00	\N	10	\N	t	t	f	f	2026-05-31 08:40:24.784733+00	2026-05-31 08:40:24.784739+00	7002	f
8094	Прокладка баллона (рессивера) ОАО БРТ	5320-3513092-01	5320-3513092-01Р			51.00	\N	10	\N	t	t	f	f	2026-05-31 08:40:24.787624+00	2026-05-31 08:40:24.787631+00	7003	f
8095	Прокладка впускного коллектора (домик)	740-1115026-01	740-1115026-01			13.00	\N	10	\N	t	t	f	f	2026-05-31 08:40:24.790683+00	2026-05-31 08:40:24.79069+00	7000	f
8096	Прокладка выпускного коллектора	7403-1008050	7403-1008050 армир.			35.00	\N	10	\N	t	t	f	f	2026-05-31 08:40:24.792336+00	2026-05-31 08:40:24.792343+00	7000	f
8097	Прокладка ГБЦ ОАО БРТ	740-1003213-20	740-1003213-20			108.00	\N	10	\N	t	t	f	f	2026-05-31 08:40:24.794012+00	2026-05-31 08:40:24.794018+00	6998	f
8098	Прокладка клапанной крышки ОАО БРТ	740-1003270-11	740-1003270-11			73.00	\N	10	\N	t	t	f	f	2026-05-31 08:40:24.795575+00	2026-05-31 08:40:24.795582+00	6985	f
8099	Прокладка поддона ОАО БРТ	740-1009040	740-1009040			261.00	\N	10	\N	t	t	f	f	2026-05-31 08:40:24.79711+00	2026-05-31 08:40:24.797117+00	7003	f
8100	Пыльник крестовины м/о ОАО БРТ	5320-2201043	5320-2201043			25.00	\N	10	\N	t	t	f	f	2026-05-31 08:40:24.798666+00	2026-05-31 08:40:24.798672+00	6972	f
8101	Пыльник крестовины осн. ОАО БРТ	5320-2205042	5320-2205042			30.00	\N	10	\N	t	t	f	f	2026-05-31 08:40:24.801499+00	2026-05-31 08:40:24.801506+00	6972	f
8102	Р/К компрессора	5320-3509015-10-2	5320-3509015-10 н/о			1040.00	\N	10	\N	t	t	f	f	2026-05-31 08:40:24.804347+00	2026-05-31 08:40:24.804354+00	6959	f
8019	Р/К компрессора	5320-3509015-2	5320-3509015			495.00	\N	10	\N	t	t	f	f	2026-05-31 08:40:24.584334+00	2026-05-31 08:40:24.807088+00	6959	f
8103	Р/К компрессора (6 наименований) паронит	2-2	2-х цил.			34.00	\N	10	\N	t	t	f	f	2026-05-31 08:40:24.809745+00	2026-05-31 08:40:24.809751+00	6959	f
8104	Р/К компрессора 1-ц	18-3509015	18-3509015			597.00	\N	10	\N	t	t	f	f	2026-05-31 08:40:24.811282+00	2026-05-31 08:40:24.811288+00	6959	f
8105	Ремень 1250 зубчатый ОАО БРТ	740-1308020-10	740-1308020-10			375.00	\N	10	\N	t	t	f	f	2026-05-31 08:40:24.812854+00	2026-05-31 08:40:24.81286+00	7002	f
8106	Ремень 1320 ОАО БРТ	740-1307170	740-1307170Р			253.00	\N	10	\N	t	t	f	f	2026-05-31 08:40:24.815668+00	2026-05-31 08:40:24.815674+00	7002	f
8107	Сальник п/оси КамАЗ-4310	864158-10-864159	864158-10Р (864159)			216.00	\N	10	\N	t	t	f	f	2026-05-31 08:40:24.818539+00	2026-05-31 08:40:24.818549+00	7001	f
8108	Уплотнитель педали тормоза ОАО БРТ	5320-5130029-01	5320-5130029-01Р			86.00	\N	10	\N	t	t	f	f	2026-05-31 08:40:24.821661+00	2026-05-31 08:40:24.821668+00	7002	f
8109	Уплотнитель проема двери УП 805 ОАО БРТ	5320-6107805	5320-6107805			347.00	\N	10	\N	t	t	f	f	2026-05-31 08:40:24.824697+00	2026-05-31 08:40:24.824704+00	7002	f
8110	Уплотнитель рычага КПП ОАО БРТ	5320-5130016-01	5320-5130016-01			706.00	\N	10	\N	t	t	f	f	2026-05-31 08:40:24.827625+00	2026-05-31 08:40:24.827632+00	7002	f
8111	Уплотнитель форточки двери лев.	5320-6103123	5320-6103123			414.00	\N	10	\N	t	t	f	f	2026-05-31 08:40:24.830603+00	2026-05-31 08:40:24.83061+00	7002	f
8112	Уплотнитель форточки двери ОАО БРТ	5320-6103122	5320-6103122			431.00	\N	10	\N	t	t	f	f	2026-05-31 08:40:24.833555+00	2026-05-31 08:40:24.833562+00	7002	f
8113	Уплотнитель энергоаккумулятора ОАО БРТ	100-3519180	100-3519180Р			121.00	\N	10	\N	t	t	f	f	2026-05-31 08:40:24.836419+00	2026-05-31 08:40:24.836428+00	6987	f
8115	Прокладка клапанной крышки Евро	7406-1003270-01	7406-1003270-01 СТР			220.00	\N	10	\N	t	t	f	f	2026-05-31 08:40:24.839644+00	2026-05-31 08:40:24.839651+00	6985	f
8114	Р/К топливного фильтра	item-426	СТР			198.00	\N	10	\N	t	t	f	f	2026-05-31 08:40:24.838055+00	2026-05-31 08:40:24.842575+00	7002	f
8116	Бендикс КАМАЗ Евро	5402-3708600-01	5402-3708600-01			1720.00	\N	10	\N	t	t	f	f	2026-05-31 08:40:24.844178+00	2026-05-31 08:40:24.844185+00	7038	f
8117	Бендикс г. Борисов	5432-3708600-01	5432-3708600-01			2254.00	\N	10	\N	t	t	f	f	2026-05-31 08:40:24.847187+00	2026-05-31 08:40:24.847195+00	7038	f
8118	Бендикс  г.Борисов 10 зуб.	142-3708600	СТ142Б-3708600			1834.00	\N	10	\N	t	t	f	f	2026-05-31 08:40:24.848754+00	2026-05-31 08:40:24.84876+00	7038	f
8119	Крепление стартера МАЗ	142-3708000	142Т-3708000			335.00	\N	10	\N	t	t	f	f	2026-05-31 08:40:24.850282+00	2026-05-31 08:40:24.850289+00	7038	f
8120	Крышка втягивающего реле в сборе с болтами	142-3708830	142-3708830			556.00	\N	10	\N	t	t	f	f	2026-05-31 08:40:24.853175+00	2026-05-31 08:40:24.853182+00	7038	f
8121	Обмотка стартера  5402-01,5432-10-20	54323708110-01	5432.3708110-01			3143.00	\N	10	\N	t	t	f	f	2026-05-31 08:40:24.854789+00	2026-05-31 08:40:24.854796+00	7038	f
8122	Обмотка стартера СТ142-3708110 г.Борисов	142-3708110	СТ142-3708110			4630.00	\N	10	\N	t	t	f	f	2026-05-31 08:40:24.856323+00	2026-05-31 08:40:24.85633+00	7038	f
8123	Реле втягивающее г.Борисов	1422-3708800	СТ142Б2-3708800			3844.00	\N	10	\N	t	t	f	f	2026-05-31 08:40:24.857937+00	2026-05-31 08:40:24.857943+00	7038	f
8124	Реле втягивающее	5402-3708800	5402-3708800			3208.00	\N	10	\N	t	t	f	f	2026-05-31 08:40:24.859572+00	2026-05-31 08:40:24.859579+00	7038	f
8125	Реле втягивающее (стартер 5432-10, 5402-01) г.Борисов	5432-3708800-10	5432-3708800-10			2893.00	\N	10	\N	t	t	f	f	2026-05-31 08:40:24.861141+00	2026-05-31 08:40:24.861166+00	7038	f
8126	Реле стартера дополнит. г.Борисов	24	РС-24Д			1316.00	\N	10	\N	t	t	f	f	2026-05-31 08:40:24.862699+00	2026-05-31 08:40:24.862706+00	7038	f
8127	Стартер 5402 КАМАЗ Евро 2, 3 , Урал (редукторный с доп. реле)	54023708-01	5402.3708-01			17417.00	\N	10	\N	t	t	f	f	2026-05-31 08:40:24.864283+00	2026-05-31 08:40:24.864289+00	7038	f
8128	Стартер 5402 ЕВРО редукт (аналог AZF 4554) 24В, 5,4 кВт,10 зуб.  г.Борисов	5402-3708	5402-3708			16218.00	\N	10	\N	t	t	f	f	2026-05-31 08:40:24.867287+00	2026-05-31 08:40:24.867294+00	7038	f
8129	Стартер Евро-2 (Аналог БОШ взамен 0001261006) г.Борисов	54223708-24-10	5422.3708 24В 10кВ б/н			19052.00	\N	10	\N	t	t	f	f	2026-05-31 08:40:24.86885+00	2026-05-31 08:40:24.868857+00	7038	f
8130	Стартер КАМАЗ ЕВРО-2,3 г.Борисов  (8,2 кВт 24В 10 зуб)	142-3708-10	СТ142Б-3708-10			25924.00	\N	10	\N	t	t	f	f	2026-05-31 08:40:24.870422+00	2026-05-31 08:40:24.870429+00	7038	f
8131	Стартер КАМАЗ г.Борисов (24В 8,2кВт)	1422-3708	СТ142Б2-3708			26622.00	\N	10	\N	t	t	f	f	2026-05-31 08:40:24.873355+00	2026-05-31 08:40:24.873363+00	7038	f
8132	Стартер КАМАЗ,Зил-133ГЯ,Урал,ЛиАЗ, редукт.24В 5,5кВт (ан. 3367) г.Борисов	5432-3708-10	5432-3708-10 с доп.реле			19870.00	\N	10	\N	t	t	f	f	2026-05-31 08:40:24.876305+00	2026-05-31 08:40:24.876312+00	7038	f
8133	Стартер МАЗ 10 зуб. 24В 9кв.(ан. 4581) г.Борисов	5432-3708000	5432-3708000 МАЗ			16397.00	\N	10	\N	t	t	f	f	2026-05-31 08:40:24.879439+00	2026-05-31 08:40:24.879446+00	7038	f
8134	Стартер МАЗ 10 зуб. 24В 9кв.(ан.4581) с доп. реле	5432-3708-01	5432-3708-01			17466.00	\N	10	\N	t	t	f	f	2026-05-31 08:40:24.882329+00	2026-05-31 08:40:24.882337+00	7038	f
8135	Стартер МАЗ 11зуб. г.Борисов	142-3708	СТ142Т-3708			25959.00	\N	10	\N	t	t	f	f	2026-05-31 08:40:24.885375+00	2026-05-31 08:40:24.885418+00	7038	f
8136	Стартер МАЗ евро 10зуб.г.Борисов	142-3708-10-2	СТ142Т-3708-10			25062.00	\N	10	\N	t	t	f	f	2026-05-31 08:40:24.888221+00	2026-05-31 08:40:24.888228+00	7038	f
8137	Траверза СТ 142Б1	142-3708330	СТ142-3708330			1383.00	\N	10	\N	t	t	f	f	2026-05-31 08:40:24.891124+00	2026-05-31 08:40:24.891131+00	7038	f
8138	Щетки стартера СТ 142Б1	142-3708060-10	СТ142-3708060-10			62.00	\N	10	\N	t	t	f	f	2026-05-31 08:40:24.892808+00	2026-05-31 08:40:24.892814+00	7038	f
8139	Якорь стартера г.Борисов	142-3708200	СТ 142-3708200			8503.00	\N	10	\N	t	t	f	f	2026-05-31 08:40:24.894369+00	2026-05-31 08:40:24.894375+00	7038	f
8140	Якорь стартера ЕВРО г.Борисов	142-3708200-10	СТ 142-3708200-10			8503.00	\N	10	\N	t	t	f	f	2026-05-31 08:40:24.895952+00	2026-05-31 08:40:24.895958+00	7038	f
8141	Бендикс ( для ст.25.3708 КАМАЗ)	25023708600-10	2502.3708.600-10 г.Ржев			2632.00	\N	10	\N	t	t	f	f	2026-05-31 08:40:24.897641+00	2026-05-31 08:40:24.897651+00	7038	f
8142	Бендикс 11 зуб МАЗ (подходит на стартер 142Т) г.Ржев	25023708600	2502.3708.600			1224.00	\N	10	\N	t	t	f	f	2026-05-31 08:40:24.900778+00	2026-05-31 08:40:24.900785+00	7038	f
8143	Катушка (обмотка) КАМАЗ	25013708150-10	2501.3708.150-10			1184.00	\N	10	\N	t	t	f	f	2026-05-31 08:40:24.903706+00	2026-05-31 08:40:24.903713+00	7038	f
8144	Катушка (обмотка)  МАЗ г.Ржев	25013708150-01	2501.3708.150-01			4017.00	\N	10	\N	t	t	f	f	2026-05-31 08:40:24.906827+00	2026-05-31 08:40:24.906834+00	7038	f
8145	Привод стартера (АТЭ-1)	423708600-006	42.3708.600 ХН-006			204.00	\N	10	\N	t	t	f	f	2026-05-31 08:40:24.909649+00	2026-05-31 08:40:24.909656+00	7038	f
8146	Привод стартера (АТЭ-1)	423708600-10-949	42.3708.600-10 ХН-949			204.00	\N	10	\N	t	t	f	f	2026-05-31 08:40:24.911179+00	2026-05-31 08:40:24.911185+00	7038	f
8147	Реле втягивающее (АТЭ-1)	423708800-01-3-017	42.3708.800-01 ХН-3-017			551.00	\N	10	\N	t	t	f	f	2026-05-31 08:40:24.912723+00	2026-05-31 08:40:24.91273+00	7038	f
8148	Реле втягивающее (АТЭ-1)	423708800-11-3-082	42.3708.800-11 ХН-3-082			551.00	\N	10	\N	t	t	f	f	2026-05-31 08:40:24.914295+00	2026-05-31 08:40:24.914302+00	7038	f
8149	Стартер (АТЭ-1) ГАЗ, УАЗ с двиг. ЗМЗ - 406.10, 4061.10, 4062.10	42-3708-11	42-3708-11 Р			3754.00	\N	10	\N	t	t	f	f	2026-05-31 08:40:24.915809+00	2026-05-31 08:40:24.915816+00	7038	f
8150	Стартер (АТЭ-1) ГАЗ, УАЗ с двиг. УМЗ 3151-01, 3303-01, 3741-01	42-3708	42-3708 Р			3754.00	\N	10	\N	t	t	f	f	2026-05-31 08:40:24.918628+00	2026-05-31 08:40:24.918634+00	7038	f
8151	Стартер (АТЭ-1) ГАЗ с дв.ЗМЗ 402.10,4021.10,4025.10	422-370800	422-370800			3754.00	\N	10	\N	t	t	f	f	2026-05-31 08:40:24.921599+00	2026-05-31 08:40:24.921606+00	7038	f
8152	Стартер КАМАЗ (АТЭ-1) 24В 8,5 кВт редукторный	9112-9	9112 М9Т четыре болта			8364.00	\N	10	\N	t	t	f	f	2026-05-31 08:40:24.924549+00	2026-05-31 08:40:24.924556+00	7038	f
8153	Стартер МАЗ 10 зуб. ЕВРО нов/обр. г.Ржев	25013708-21	2501.3708-21 МАЗ			28553.00	\N	10	\N	t	t	f	f	2026-05-31 08:40:24.927536+00	2026-05-31 08:40:24.927545+00	7038	f
8154	Стартер МАЗ 11 зуб. г.Ржев	25013708-40	2501.3708-40 МАЗ			28451.00	\N	10	\N	t	t	f	f	2026-05-31 08:40:24.93044+00	2026-05-31 08:40:24.930447+00	7038	f
8155	Траверза высокая г.Ржев	253708320	25.3708.320			719.00	\N	10	\N	t	t	f	f	2026-05-31 08:40:24.933343+00	2026-05-31 08:40:24.93335+00	7038	f
8156	Траверза низкая г.Ржев	25023708320-11	2502.3708.320-11			704.00	\N	10	\N	t	t	f	f	2026-05-31 08:40:24.934956+00	2026-05-31 08:40:24.934962+00	7038	f
8157	Якорь стартера МАЗ ( для стар. 2501-40) г.Ржев	25013708200-03	2501.3708.200-03			12795.00	\N	10	\N	t	t	f	f	2026-05-31 08:40:24.936605+00	2026-05-31 08:40:24.936611+00	7038	f
8158	Бендикс на ст. 3367,3436 (Искра) г.Самара	16904237	16.904.237			1576.00	\N	10	\N	t	t	f	f	2026-05-31 08:40:24.939481+00	2026-05-31 08:40:24.939487+00	7038	f
8159	Бендикс на ст.4554 АТЭ	16911674	16911674  АТЭ			829.00	\N	10	\N	t	t	f	f	2026-05-31 08:40:24.941173+00	2026-05-31 08:40:24.94118+00	7038	f
8160	Редуктор стартера AZF 4554,4581	16904832	16904832			2193.00	\N	10	\N	t	t	f	f	2026-05-31 08:40:24.942718+00	2026-05-31 08:40:24.942725+00	7038	f
8161	Реле втягивающее AZJ 3367 г.Самара	16670421	16.670.421			1831.00	\N	10	\N	t	t	f	f	2026-05-31 08:40:24.944312+00	2026-05-31 08:40:24.944318+00	7038	f
8162	Реле стартера ст.4554 г.Самара	16670546	16.670.546			1933.00	\N	10	\N	t	t	f	f	2026-05-31 08:40:24.945932+00	2026-05-31 08:40:24.945939+00	7038	f
8163	Стартер AZF 4554 КАМАЗ ЕВРО 24V 4kW z10 пр-во ISKRA ( ЕВРО 6520)	4554-azf11131150	4554 AZF(11131150)			17697.00	\N	10	\N	t	t	f	f	2026-05-31 08:40:24.947493+00	2026-05-31 08:40:24.9475+00	7038	f
8164	Стартер AZF 4594 КАМАЗ 4308 с двигателем Cummins 24 V z10 пр-во ISKRA	4594-azf11131359	4594 AZF(11131359)			17850.00	\N	10	\N	t	t	f	f	2026-05-31 08:40:24.950669+00	2026-05-31 08:40:24.950675+00	7038	f
8165	Стартер AZJ 3367 КАМАЗ, ДТ 75 (аналог 9112) 24V 6kW пр-во ИСКРА Словения	3367-azj	3367 AZJ			17833.00	\N	10	\N	t	t	f	f	2026-05-31 08:40:24.954032+00	2026-05-31 08:40:24.95404+00	7038	f
8166	Стартер КАМАЗ 4308 дв. Cammins (Китай) 24V z12	4929600-kw-60	С4929600 kw 6.0			15300.00	\N	10	\N	t	t	f	f	2026-05-31 08:40:24.957251+00	2026-05-31 08:40:24.957258+00	7038	f
8167	Щетки стартера AZF 4554	16908995	16908995			834.00	\N	10	\N	t	t	f	f	2026-05-31 08:40:24.960301+00	2026-05-31 08:40:24.960308+00	7038	f
8168	ГТК н/обр. с педалью 100-3514108 SORL	3514-009-013-0	3514 009 013 0			2712.00	\N	10	\N	t	t	f	f	2026-05-31 08:40:24.961893+00	2026-05-31 08:40:24.9619+00	7076	f
8169	ГТК н/обр.(без педали) 100-3514108-10 SORL	3514-009-014-0	3514 009 014 0			2332.00	\N	10	\N	t	t	f	f	2026-05-31 08:40:24.963487+00	2026-05-31 08:40:24.963493+00	7076	f
8170	Клапан двухмагистральный 100-3562010-10 SORL	3533-009-013-0	3533 009 013 0			638.00	\N	10	\N	t	t	f	f	2026-05-31 08:40:24.965072+00	2026-05-31 08:40:24.965078+00	6985	f
8171	КУТП-2 100-3522010 SORL	3522-001-015-0	3522 001 015 0			2250.00	\N	10	\N	t	t	f	f	2026-05-31 08:40:24.966602+00	2026-05-31 08:40:24.966608+00	6989	f
8172	КУТП-2 ЕВРО с глушителем 25-3522210-10 SORL	3522-002-038-0	3522 002 038 0			2614.00	\N	10	\N	t	t	f	f	2026-05-31 08:40:24.96813+00	2026-05-31 08:40:24.968137+00	6989	f
8173	Ручник 2-х выходной WABKO 961 723 038,001,015 SORL	3526-004-201-0	3526 004 201 0			2780.00	\N	10	\N	t	t	f	f	2026-05-31 08:40:24.969769+00	2026-05-31 08:40:24.969776+00	6989	f
8174	Энергоаккумулятор тип 30/24 25-3519301 SORL	3530-010-646-0	3530 010 646 0			3643.00	\N	10	\N	t	t	f	f	2026-05-31 08:40:24.97129+00	2026-05-31 08:40:24.971296+00	6987	f
8175	Головка ПАЛМ Автокомпонент Плюс	16-3521110	16-3521110			138.00	\N	10	\N	t	t	f	f	2026-05-31 08:40:24.972828+00	2026-05-31 08:40:24.972835+00	6984	f
8176	Головка ПАЛМ Автокомпонент Плюс	16-3521111	16-3521111			138.00	\N	10	\N	t	t	f	f	2026-05-31 08:40:24.974329+00	2026-05-31 08:40:24.974335+00	6984	f
8177	ГТК Автокомпонент плюс	16-3514008	16-3514008			1561.00	\N	10	\N	t	t	f	f	2026-05-31 08:40:24.975944+00	2026-05-31 08:40:24.975951+00	7076	f
8178	Клапан защитный одинарный ( Автокомпонент плюс)	16-3515010	16-3515010			146.00	\N	10	\N	t	t	f	f	2026-05-31 08:40:24.977572+00	2026-05-31 08:40:24.977578+00	6985	f
8179	Кран пневматический (авар.растормаж.) Автокомпонент Плюс	16-3537110	16-3537110			276.00	\N	10	\N	t	t	f	f	2026-05-31 08:40:24.979123+00	2026-05-31 08:40:24.97913+00	6989	f
8180	Кран подпедальный ( Автокомпонент плюс)	16-3514108	16-3514108			1561.00	\N	10	\N	t	t	f	f	2026-05-31 08:40:24.980746+00	2026-05-31 08:40:24.980752+00	6989	f
8181	Ручник ЕВРО 4-х Автокомпонент Ппюс	16-3537310	16-3537310			1051.00	\N	10	\N	t	t	f	f	2026-05-31 08:40:24.982485+00	2026-05-31 08:40:24.982492+00	6989	f
8182	Головка ПАЛМ автомат. г.Полтава	113521411	11.3521411 ПААЗ			633.00	\N	10	\N	t	t	f	f	2026-05-31 08:40:24.984253+00	2026-05-31 08:40:24.984259+00	6984	f
8183	Головка ПАЛМ автомат. г.Полтава	113521410	11.3521410 ПААЗ			633.00	\N	10	\N	t	t	f	f	2026-05-31 08:40:24.985833+00	2026-05-31 08:40:24.98584+00	6984	f
8184	Головка ПАЛМ г.Полтава	1003521111	100.3521111 ПААЗ			580.00	\N	10	\N	t	t	f	f	2026-05-31 08:40:24.987452+00	2026-05-31 08:40:24.987461+00	6984	f
8185	Головка ПАЛМ г.Полтава	1003521110	100.3521110 ПААЗ			580.00	\N	10	\N	t	t	f	f	2026-05-31 08:40:24.988984+00	2026-05-31 08:40:24.98899+00	6984	f
8186	ГТК БелОМО	64221-3514008-8000	64221-3514008 (8000)			7452.00	\N	10	\N	t	t	f	f	2026-05-31 08:40:24.990628+00	2026-05-31 08:40:24.990634+00	7076	f
8187	Клапан двухмагистральный ЕВРО Беларусь	60253562010	6025.3562010			605.00	\N	10	\N	t	t	f	f	2026-05-31 08:40:24.992224+00	2026-05-31 08:40:24.992231+00	6985	f
8188	Клапан контрольного вывода  г.Полтава	133515310	13.3515310 ПААЗ			361.00	\N	10	\N	t	t	f	f	2026-05-31 08:40:24.995259+00	2026-05-31 08:40:24.995267+00	6985	f
8189	Клапан ускорительный под глушитель БЕЛОМО	64221-3518010-10	64221-3518010-10 ЕВРО			2601.00	\N	10	\N	t	t	f	f	2026-05-31 08:40:24.99687+00	2026-05-31 08:40:24.996877+00	6985	f
8190	Клапан четырехконтурный  г.Полтава	113515410	11.3515410 ПААЗ			3111.00	\N	10	\N	t	t	f	f	2026-05-31 08:40:24.998515+00	2026-05-31 08:40:24.998521+00	6985	f
8191	Кран аварийного раст. 64221-3537110 БелОМО	64221-3537110-8002	64221-3537110 (8002)			1367.00	\N	10	\N	t	t	f	f	2026-05-31 08:40:25.000028+00	2026-05-31 08:40:25.000034+00	6989	f
8192	Кран аварийного растормаживания г.Полтава	1003537110	100.3537110			1235.00	\N	10	\N	t	t	f	f	2026-05-31 08:40:25.003008+00	2026-05-31 08:40:25.003014+00	6989	f
8193	Кран подпедальный КАМАЗ-6520 БелОМО	8099-3514108	8099-3514108			7691.00	\N	10	\N	t	t	f	f	2026-05-31 08:40:25.004641+00	2026-05-31 08:40:25.004647+00	6989	f
8194	Кран подпедальный МАЗ (аналог WABKO 4613190080) БелОМО	8090-3514100	8090-3514100			8931.00	\N	10	\N	t	t	f	f	2026-05-31 08:40:25.007719+00	2026-05-31 08:40:25.007726+00	6989	f
8195	Кран подпедальный Нефаз (снизу сапун кривой) БелОМО	8099-3514108-10	8099-3514108-10			6794.00	\N	10	\N	t	t	f	f	2026-05-31 08:40:25.010723+00	2026-05-31 08:40:25.01073+00	6989	f
8196	Кран разобщительный 12.3520010 г.Полтава	123520010	12.3520010 ПААЗ			911.00	\N	10	\N	t	t	f	f	2026-05-31 08:40:25.013607+00	2026-05-31 08:40:25.013614+00	6989	f
8197	Кран разобщительный МТЗ ПААЗ	143520010	14.3520010 ПААЗ			696.00	\N	10	\N	t	t	f	f	2026-05-31 08:40:25.015196+00	2026-05-31 08:40:25.015202+00	6989	f
8198	Кран ручника Беломо ( аналог WABKO 961 723 100)	8708-3537310	8708-3537310			4142.00	\N	10	\N	t	t	f	f	2026-05-31 08:40:25.018142+00	2026-05-31 08:40:25.018163+00	6989	f
8199	КУТП-1 г.Полтава	1003522110	100.3522110			4792.00	\N	10	\N	t	t	f	f	2026-05-31 08:40:25.019738+00	2026-05-31 08:40:25.019744+00	6989	f
8200	КУТП-2  Беларусь ЕВРО	64221-3522010-6024	64221-3522010 (6024)			5214.00	\N	10	\N	t	t	f	f	2026-05-31 08:40:25.021468+00	2026-05-31 08:40:25.021475+00	6989	f
8201	КУТП-2 г.Полтава	1003522010	100.3522010			4315.00	\N	10	\N	t	t	f	f	2026-05-31 08:40:25.024516+00	2026-05-31 08:40:25.024523+00	6989	f
8202	КУТП-2 ЕВРО с клапаном обрыва г.Полтава	113522008	11.3522008			4760.00	\N	10	\N	t	t	f	f	2026-05-31 08:40:25.026114+00	2026-05-31 08:40:25.02612+00	6985	f
8203	Педаль ГТК н/о в сборе	5320-3514012	5320-3514012			204.00	\N	10	\N	t	t	f	f	2026-05-31 08:40:25.027763+00	2026-05-31 08:40:25.027769+00	7076	f
8204	РДВ 11.3512010 г.Полтава (МАЗ, КРАЗ,УРАЛ)	113512010	11.3512010 ПААЗ			4871.00	\N	10	\N	t	t	f	f	2026-05-31 08:40:25.030626+00	2026-05-31 08:40:25.030633+00	6989	f
8205	РДВ 11.3512010-10 г.Полтава  (КАМАЗ)	113512010-10	11.3512010-10 ПААЗ			4488.00	\N	10	\N	t	t	f	f	2026-05-31 08:40:25.033657+00	2026-05-31 08:40:25.033664+00	6989	f
8206	Ручник (ЕВРО, 4 отв.) г.Полтава	113537310	11.3537310			3280.00	\N	10	\N	t	t	f	f	2026-05-31 08:40:25.036655+00	2026-05-31 08:40:25.036662+00	6989	f
8207	Ручник ЕВРО МАЗ БелОМО	64221-3537310-6029-30	64221-3537310 (6029)-30			2944.00	\N	10	\N	t	t	f	f	2026-05-31 08:40:25.038215+00	2026-05-31 08:40:25.038221+00	6989	f
8208	Влагоотделитель с РДВ  г.Рославль	25-3511110-01	25-3511110-01			7609.00	\N	10	\N	t	t	f	f	2026-05-31 08:40:25.041117+00	2026-05-31 08:40:25.041123+00	6986	f
8209	Головка автоматическая  г.Рославль	100-3521110-10	100-3521110-10			785.00	\N	10	\N	t	t	f	f	2026-05-31 08:40:25.04273+00	2026-05-31 08:40:25.042737+00	6989	f
8210	Головка автоматическая г.Рославль	100-3521111-10	100-3521111-10			785.00	\N	10	\N	t	t	f	f	2026-05-31 08:40:25.04425+00	2026-05-31 08:40:25.044256+00	6989	f
8211	Головка ПАЛМ  г.Рославль	100-3521111	100-3521111			713.00	\N	10	\N	t	t	f	f	2026-05-31 08:40:25.045937+00	2026-05-31 08:40:25.045944+00	6984	f
8212	Головка ПАЛМ  г.Рославль	100-3521110	100-3521110			713.00	\N	10	\N	t	t	f	f	2026-05-31 08:40:25.047578+00	2026-05-31 08:40:25.047585+00	6984	f
8213	ГТК г.Рославль	100-3514008	100-3514008			6581.00	\N	10	\N	t	t	f	f	2026-05-31 08:40:25.049264+00	2026-05-31 08:40:25.04927+00	7076	f
8214	Камера передняя тип 24  г.Рославль	100-3519210	100-3519210			2256.00	\N	10	\N	t	t	f	f	2026-05-31 08:40:25.050838+00	2026-05-31 08:40:25.050844+00	6991	f
8215	Камера тормозная 4310 тип 24х24 г.Рославль	100-3519200	100-3519200			5676.00	\N	10	\N	t	t	f	f	2026-05-31 08:40:25.052429+00	2026-05-31 08:40:25.052436+00	6991	f
8216	Камера тормозная 5320 тип 20х20  г.Рославль	100-3519100	100-3519100			4745.00	\N	10	\N	t	t	f	f	2026-05-31 08:40:25.055464+00	2026-05-31 08:40:25.055471+00	6991	f
8217	Камера тормозная  5320 тип 20х20  г.Рославль	1003519100-10	100.3519100-10 левые			4812.00	\N	10	\N	t	t	f	f	2026-05-31 08:40:25.05852+00	2026-05-31 08:40:25.058527+00	6991	f
8218	Камера тормозная  5320 тип 20х20  г.Рославль	100-3519100-30	100-3519100-30 правые			4812.00	\N	10	\N	t	t	f	f	2026-05-31 08:40:25.061674+00	2026-05-31 08:40:25.061681+00	6991	f
8219	Камера тормозная  6520 тип 30/24 г.Рославль	25-3519301	25-3519301			7364.00	\N	10	\N	t	t	f	f	2026-05-31 08:40:25.064755+00	2026-05-31 08:40:25.064763+00	6991	f
8220	Камера тормозная 5320 тип 20х20  РРТ	5-435-05-002-1	5 435 05 002 1СЕРБИЯ			4925.00	\N	10	\N	t	t	f	f	2026-05-31 08:40:25.067928+00	2026-05-31 08:40:25.067936+00	6991	f
8221	Камера тормозная прицепа тип 30 г.Рославль	100-3519310	100-3519310			2227.00	\N	10	\N	t	t	f	f	2026-05-31 08:40:25.070924+00	2026-05-31 08:40:25.070931+00	6991	f
8222	Клапан  быстрого растормаживания РААЗ	100-3518110	100-3518110			1975.00	\N	10	\N	t	t	f	f	2026-05-31 08:40:25.072606+00	2026-05-31 08:40:25.072612+00	6985	f
8223	Клапан  защитный 1-й  г.Рославль	100-3515010	100-3515010			1540.00	\N	10	\N	t	t	f	f	2026-05-31 08:40:25.074199+00	2026-05-31 08:40:25.074205+00	6985	f
8224	Клапан  защитный 2-й  г.Рославль	100-3515110	100-3515110			2559.00	\N	10	\N	t	t	f	f	2026-05-31 08:40:25.075816+00	2026-05-31 08:40:25.075823+00	6985	f
8225	Клапан  защитный 3-й    г.Рославль	100-3515210	100-3515210			2910.00	\N	10	\N	t	t	f	f	2026-05-31 08:40:25.077451+00	2026-05-31 08:40:25.07746+00	6985	f
8226	Клапан 2-х магистральный  г.Рославль	100-3562010	100-3562010			862.00	\N	10	\N	t	t	f	f	2026-05-31 08:40:25.079112+00	2026-05-31 08:40:25.079118+00	6985	f
8227	Клапан защитный 4-х контурный РААЗ	100-3515510-20	100-3515510-20			3003.00	\N	10	\N	t	t	f	f	2026-05-31 08:40:25.080822+00	2026-05-31 08:40:25.080829+00	6985	f
8228	Клапан контрольного вывода  г.Рославль	100-3515310	100-3515310 высок.			385.00	\N	10	\N	t	t	f	f	2026-05-31 08:40:25.08255+00	2026-05-31 08:40:25.082557+00	6985	f
8229	Клапан контрольного вывода  г.Рославль	100-3515310-01	100-3515310-01 мален.			385.00	\N	10	\N	t	t	f	f	2026-05-31 08:40:25.084311+00	2026-05-31 08:40:25.08432+00	6985	f
8230	Клапан огран. давления  г.Рославль	100-3534010	100-3534010			2887.00	\N	10	\N	t	t	f	f	2026-05-31 08:40:25.086028+00	2026-05-31 08:40:25.086037+00	6985	f
8231	Клапан ускорительный   г.Рославль	100-3518010	100-3518010			2706.00	\N	10	\N	t	t	f	f	2026-05-31 08:40:25.087679+00	2026-05-31 08:40:25.087686+00	6985	f
8232	Клапан ускорительный ЕВРО г.Рославль	100-3518010-10	100-3518010-10			2811.00	\N	10	\N	t	t	f	f	2026-05-31 08:40:25.089367+00	2026-05-31 08:40:25.089374+00	6985	f
8233	Кран аварийного раст. 100-3537110 г.Рославль	100-3537110	100-3537110			1428.00	\N	10	\N	t	t	f	f	2026-05-31 08:40:25.090993+00	2026-05-31 08:40:25.090999+00	6989	f
8234	Кран подпедальный   100-3514108-10  г.Рославль	100-3514108-10	100-3514108-10			6394.00	\N	10	\N	t	t	f	f	2026-05-31 08:40:25.092677+00	2026-05-31 08:40:25.092684+00	6989	f
8235	Кран прицепа 100-3531008 г.Рославль	100-3531008	100-3531008			7019.00	\N	10	\N	t	t	f	f	2026-05-31 08:40:25.094204+00	2026-05-31 08:40:25.09421+00	6989	f
8236	Кран разобщительный 100-3520010  г.Рославль	100-3520010	100-3520010			1550.00	\N	10	\N	t	t	f	f	2026-05-31 08:40:25.095798+00	2026-05-31 08:40:25.095804+00	6989	f
8237	Кран слива  100-3513110 г.Рославль	100-3513110	100-3513110			340.00	\N	10	\N	t	t	f	f	2026-05-31 08:40:25.097332+00	2026-05-31 08:40:25.097338+00	6989	f
8238	КУТП-1 г.Рославль	100-3522110	100-3522110			5479.00	\N	10	\N	t	t	f	f	2026-05-31 08:40:25.100597+00	2026-05-31 08:40:25.100603+00	6989	f
8239	КУТП-2 г.Рославль	100-3522010	100-3522010			6409.00	\N	10	\N	t	t	f	f	2026-05-31 08:40:25.102359+00	2026-05-31 08:40:25.102365+00	6989	f
8240	КУТП-2 с клап. обрыва  г.Рославль	253522210	25.3522210			6042.00	\N	10	\N	t	t	f	f	2026-05-31 08:40:25.104085+00	2026-05-31 08:40:25.104092+00	6989	f
8249	Фитинг MRUC (прямой) 15 мм.	mruc-15	Металл			176.00	\N	10	\N	t	t	f	f	2026-05-31 08:40:25.12123+00	2026-05-31 08:40:25.125673+00	7064	f
8250	"Радиатор водяной ""CuproBraze"""	54115-1301010-01-3	54115Ш-1301010-01 3-х			14000.00	\N	10	\N	t	t	f	f	2026-05-31 08:40:25.127296+00	2026-05-31 08:40:25.127302+00	7015	f
8251	Трубка подвода масла ТКР	74021-1118310	740.21-1118310 длинная			160.00	\N	10	\N	t	t	f	f	2026-05-31 08:40:25.130441+00	2026-05-31 08:40:25.130449+00	7022	f
8252	Шланг желто-красный  к-т.	75	7,5 м.			240.00	\N	10	\N	t	t	f	f	2026-05-31 08:40:25.132124+00	2026-05-31 08:40:25.132131+00	7062	f
8253	Шланг МОД (кривой) Казань	5320-2511016	5320-2511016			30.00	\N	10	\N	t	t	f	f	2026-05-31 08:40:25.133794+00	2026-05-31 08:40:25.133801+00	6980	f
8254	Шланг тормозной 4310 задний г/г (пруж.)	4310-3506442-10	4310-3506442-10			82.00	\N	10	\N	t	t	f	f	2026-05-31 08:40:25.136812+00	2026-05-31 08:40:25.136819+00	7062	f
8255	Шланг тормозной 4310 передний ш/г	4310-3506060	4310-3506060			76.00	\N	10	\N	t	t	f	f	2026-05-31 08:40:25.1397+00	2026-05-31 08:40:25.139707+00	7062	f
8256	Фильтр очистки масла 560 Штайр Колан	560-1017004	560-1017004			150.00	\N	10	\N	t	t	f	f	2026-05-31 08:40:25.142569+00	2026-05-31 08:40:25.142576+00	7005	f
8257	ФТОТ ЕВРО-3 Д-245 Д-243 синий г.Гродно	020-245-1117010-140	020-ФТ245-1117010 1/40			290.00	\N	10	\N	t	t	f	f	2026-05-31 08:40:25.144193+00	2026-05-31 08:40:25.1442+00	7006	f
8258	Эл.фильтра воздушного ЕВРО-3 г.Гродно	4391	В 4391			1070.00	\N	10	\N	t	t	f	f	2026-05-31 08:40:25.145837+00	2026-05-31 08:40:25.145844+00	7007	f
8259	Эл.фильтра воздушный г.Гродно	740-1109560	740-1109560			850.00	\N	10	\N	t	t	f	f	2026-05-31 08:40:25.147454+00	2026-05-31 08:40:25.147462+00	7007	f
8260	Эл.фильтра воздушный ЕВРО г.Гродно	7405-1109560	7405-1109560			950.00	\N	10	\N	t	t	f	f	2026-05-31 08:40:25.149071+00	2026-05-31 08:40:25.149077+00	7007	f
8261	Эл.фильтра воздушный ЕВРО-2 г.Гродно	4313	В 4313 наружний			720.00	\N	10	\N	t	t	f	f	2026-05-31 08:40:25.150594+00	2026-05-31 08:40:25.1506+00	7007	f
8262	Эл.фильтра воздушный низкий МАЗ ЕВРО,ТУТАЙ г.Гродно	8421-1109080	8421-1109080 МЭ			290.00	\N	10	\N	t	t	f	f	2026-05-31 08:40:25.152182+00	2026-05-31 08:40:25.152189+00	7007	f
8263	Эл.фильтра воздушный МАЗ  г.Гродно	238-1109080	238Н-1109080			358.00	\N	10	\N	t	t	f	f	2026-05-31 08:40:25.155052+00	2026-05-31 08:40:25.155059+00	7007	f
8264	Эл.фильтра МАЗ масляный  г.Гродно м/с	240-1017040-6	240-1017040 (6 шт)			42.00	\N	10	\N	t	t	f	f	2026-05-31 08:40:25.158304+00	2026-05-31 08:40:25.158315+00	7005	f
8265	Эл.фильтра масляный в метал.сетке г.Гродно	740-1012040-10-6	740-1012040-10 м/с (6 шт)			108.00	\N	10	\N	t	t	f	f	2026-05-31 08:40:25.161198+00	2026-05-31 08:40:25.161204+00	7005	f
8266	Эл.фильтра масляный ЕВРО в метал.сетке г.Гродно	7405-1012040-6	7405-1012040 м/с (6 шт)			141.00	\N	10	\N	t	t	f	f	2026-05-31 08:40:25.16277+00	2026-05-31 08:40:25.162777+00	7005	f
8267	Эл.фильтра масляный ниточный ЕВРО г.Гродно	5334	М 5334			126.00	\N	10	\N	t	t	f	f	2026-05-31 08:40:25.164549+00	2026-05-31 08:40:25.164556+00	7005	f
8268	Эл.фильтра топливный в метал.сетке г.Гродно	740-1117040-10-13	740-1117040-10 м/с (13шт)			68.00	\N	10	\N	t	t	f	f	2026-05-31 08:40:25.166077+00	2026-05-31 08:40:25.166083+00	7006	f
8269	Эл.фильтра топливный  г.Гродно	740-1117040-13	740-1117040 уп.13шт.			18.00	\N	10	\N	t	t	f	f	2026-05-31 08:40:25.167746+00	2026-05-31 08:40:25.167752+00	7006	f
8270	Элемент масляного фильтра ЕВРО железный г.Ливны	7405-1017040-703	7405-1017040 ЭФМ703			960.00	\N	10	\N	t	t	f	f	2026-05-31 08:40:25.169364+00	2026-05-31 08:40:25.169371+00	7005	f
8271	Конвертер 24/12 V г.Калуга	213759-0530	21.3759-05(30А)			3598.00	\N	10	\N	t	t	f	f	2026-05-31 08:40:25.170927+00	2026-05-31 08:40:25.170933+00	7058	f
8272	Регулятор напряжения в сб (7762)  г.Калуга	6123702-08	612.3702-08			460.00	\N	10	\N	t	t	f	f	2026-05-31 08:40:25.172496+00	2026-05-31 08:40:25.172503+00	7036	f
8273	Регулятор напряжения в сборе (3252,7762-02,7762-03)  г.Калуга	6123702-05	612.3702-05			316.00	\N	10	\N	t	t	f	f	2026-05-31 08:40:25.173996+00	2026-05-31 08:40:25.174002+00	7036	f
8274	Регулятор напряжения в сборе со щеточным узлом на ген. 4502  г.Калуга	6123702-06	612.3702-06(в сб. с ЩУ)			180.00	\N	10	\N	t	t	f	f	2026-05-31 08:40:25.175601+00	2026-05-31 08:40:25.175608+00	7036	f
8275	Регулятор напряжения на генер. 40.3771,Г3000  г.Калуга	6213702-0173323702	621.3702-01(7332.3702)			111.00	\N	10	\N	t	t	f	f	2026-05-31 08:40:25.177158+00	2026-05-31 08:40:25.177166+00	7036	f
8276	Регулятор напряжения на генер. Г3000А  г.Калуга	6213702-02-73423702	621.3702-02 (7342.3702)			105.00	\N	10	\N	t	t	f	f	2026-05-31 08:40:25.178779+00	2026-05-31 08:40:25.179705+00	7036	f
8277	Реле блокировки стартера КамАЗ, Евро, Краз, ЗИЛ г.Калуга	133787-01-73123777-02	13.3787-01 (7312.3777-02)			120.00	\N	10	\N	t	t	f	f	2026-05-31 08:40:25.182255+00	2026-05-31 08:40:25.182262+00	7038	f
8278	Реле поворота РС951А г. Калуга	7183777	718.3777			665.00	\N	10	\N	t	t	f	f	2026-05-31 08:40:25.18589+00	2026-05-31 08:40:25.185897+00	7047	f
8279	Щетки для стартера с контактами и изолированными выводами г.Калуга	2-5-123220	ЩСК 2 (МГС5) (12х32х20)			330.00	\N	10	\N	t	t	f	f	2026-05-31 08:40:25.187495+00	2026-05-31 08:40:25.187501+00	7038	f
7953	Воздухораспределитель делителя КПП	15-1772010-2	15-1772010			246.75	\N	10	\N	t	t	f	f	2026-05-31 08:40:24.411025+00	2026-05-31 08:40:25.195313+00	6978	f
8282	ГУР	53212-3400020	53212-3400020			4000.00	\N	10	\N	t	t	f	f	2026-05-31 08:40:25.196974+00	2026-05-31 08:40:25.196981+00	7025	f
8283	Рессора задняя 55111	55111-2912012-02	55111-2912012-02 ЕВРО			14500.00	\N	10	\N	t	t	f	f	2026-05-31 08:40:25.199999+00	2026-05-31 08:40:25.200006+00	6959	f
8284	Прокладка впускного коллектора	7403-1115050	7403-1115050			29.00	\N	10	\N	t	t	f	f	2026-05-31 08:40:25.202897+00	2026-05-31 08:40:25.202903+00	7000	f
8241	ППЗ 100-3536010  г.Рославль	100-3536010	100-3536010			2675.00	\N	10	\N	t	t	t	f	2026-05-31 08:40:25.105742+00	2026-05-31 08:40:25.105748+00	6989	f
8242	РДВ 100-3512010  г.Рославль	100-3512010-2	100-3512010 упк.2 шт.			5677.00	\N	10	\N	t	t	t	f	2026-05-31 08:40:25.107436+00	2026-05-31 08:40:25.107443+00	6989	f
8243	Регулятор тормозных сил 100-3533010-10  г.Рославль	100-3533010-10	100-3533010-10			4902.00	\N	10	\N	t	t	t	f	2026-05-31 08:40:25.109068+00	2026-05-31 08:40:25.109075+00	6988	f
8244	Ручник 100-3537010 г.Рославль	100-3537010	100-3537010			4191.00	\N	10	\N	t	t	t	f	2026-05-31 08:40:25.110676+00	2026-05-31 08:40:25.110682+00	6989	f
8245	Ручник ЕВРО 100-3537310 г.Рославль	100-3537310	100-3537310			3366.00	\N	10	\N	t	t	t	f	2026-05-31 08:40:25.112303+00	2026-05-31 08:40:25.112309+00	6989	f
8246	Фильтр магистральный г.Рославль	100-3511310	100-3511310			1280.00	\N	10	\N	t	t	t	f	2026-05-31 08:40:25.114143+00	2026-05-31 08:40:25.114164+00	6989	f
8247	Цилиндр пневматический г.Рославль	100-3570110	100-3570110			1211.00	\N	10	\N	t	t	t	f	2026-05-31 08:40:25.117546+00	2026-05-31 08:40:25.117557+00	6989	f
8248	Цилиндр пневматический г.Рославль	100-3570210	100-3570210			1508.00	\N	10	\N	t	t	t	f	2026-05-31 08:40:25.119574+00	2026-05-31 08:40:25.11958+00	6989	f
7821	Вал карданный межосевой  (724 мм)	5320-2201011-01	У 5320-2201011-01			12466.00	\N	10	\N	t	t	f	t	2026-05-31 08:40:24.087725+00	2026-05-31 08:40:24.087732+00	6967	f
7822	Вал карданный торц.шл. L=1127mm	43114-2203011-2	У 43114-2203011			27238.00	\N	10	\N	t	t	f	t	2026-05-31 08:40:24.090573+00	2026-05-31 08:40:24.090581+00	6967	f
7823	Вал карданный торц.шл. L=418mm	43114-2202011-01-2	У 43114-2202011-01			20175.00	\N	10	\N	t	t	f	t	2026-05-31 08:40:24.093704+00	2026-05-31 08:40:24.093714+00	6967	f
7824	Вал карданный УРАЛ м/о (821мм)	4320-2201010-03	У 4320-2201010-03			16704.00	\N	10	\N	t	t	f	t	2026-05-31 08:40:24.096855+00	2026-05-31 08:40:24.096862+00	6970	f
8043	Крестовина У.6520-2201025 межосевая	6520-2201025-2	УниверсалКарданДеталь			1751.00	\N	10	\N	t	t	f	t	2026-05-31 08:40:24.652435+00	2026-05-31 08:40:24.665818+00	6967	f
8280	Вал карданный кв.фланец дл.983 мм.	5320-2205011-03	5320-2205011-03			4300.00	\N	10	\N	t	t	f	t	2026-05-31 08:40:25.189212+00	2026-05-31 08:40:25.189219+00	6967	f
8281	Вал карданный кв.фланец дл.818 мм.	5511-2205011-12	5511-2205011-12			4300.00	\N	10	\N	t	t	f	t	2026-05-31 08:40:25.192442+00	2026-05-31 08:40:25.19245+00	6967	f
\.


--
-- Data for Name: catalog_product_brands; Type: TABLE DATA; Schema: public; Owner: kameks_user
--

COPY public.catalog_product_brands (id, product_id, brand_id) FROM stdin;
6007	7702	1
6008	7703	1
6009	7704	1
6010	7705	9
6011	7706	7
6012	7707	1
6013	7707	2
6014	7708	8
6015	7708	7
6016	7709	1
6017	7709	3
6018	7709	4
6019	7710	6
6020	7711	6
6021	7714	1
6022	7714	2
6023	7715	1
6024	7716	7
6025	7717	2
6026	7718	2
6027	7718	4
6028	7719	1
6029	7719	2
6030	7721	1
6031	7721	2
6032	7721	3
6033	7722	8
6034	7723	8
6035	7723	9
6036	7724	1
6037	7724	2
6038	7724	12
6039	7725	2
6040	7726	1
6041	7726	2
6042	7727	2
6043	7728	2
6044	7729	2
6045	7730	8
6046	7730	7
6047	7731	2
6048	7732	1
6049	7732	2
6050	7733	2
6051	7734	3
6052	7734	4
6053	7735	6
6054	7736	10
6055	7737	10
6056	7740	10
6057	7740	12
6058	7741	6
6059	7743	1
6060	7743	2
6061	7743	5
6062	7744	2
6063	7745	2
6064	7745	11
6065	7750	10
6066	7755	10
6067	7760	10
6068	7763	10
6069	7764	10
6070	7765	6
6071	7765	7
6072	7767	1
6073	7768	4
6074	7769	2
6075	7770	2
6076	7771	1
6077	7772	1
6078	7773	1
6079	7774	1
6080	7775	1
6081	7776	1
6082	7777	1
6083	7778	1
6084	7778	6
6085	7779	1
6086	7780	1
6087	7781	1
6088	7782	1
6089	7783	1
6090	7784	1
6091	7785	1
6092	7786	1
6093	7793	1
6094	7794	1
6095	7795	1
6096	7795	2
6097	7796	1
6098	7796	2
6099	7797	3
6100	7798	3
6101	7799	3
6102	7800	3
6103	7801	3
6104	7802	3
6105	7803	1
6106	7804	1
6107	7805	1
6108	7806	1
6109	7807	3
6110	7808	1
6111	7809	1
6112	7809	6
6113	7810	1
6114	7811	1
6115	7813	1
6116	7814	1
6117	7817	1
6118	7818	1
6119	7819	1
6120	7820	1
6121	7821	1
6122	7822	1
6123	7823	1
6124	7824	3
6125	7829	1
6126	7830	1
6127	7831	2
6128	7832	2
6129	7833	2
6130	7834	2
6131	7835	2
6132	7836	2
6133	7837	2
6134	7838	2
6135	7839	2
6136	7856	2
6137	7857	2
6138	7858	1
6139	7859	1
6140	7860	1
6141	7861	1
6142	7862	1
6143	7863	1
6144	7864	1
6145	7865	1
6146	7865	10
6147	7866	1
6148	7866	6
6149	7867	1
6150	7868	1
6151	7869	1
6152	7869	2
6153	7870	1
6154	7870	2
6155	7875	1
6156	7875	2
6157	7877	2
6158	7877	3
6159	7877	5
6160	7890	1
6161	7890	2
6162	7890	6
6163	7891	2
6164	7892	1
6165	7892	2
6166	7892	4
6167	7893	2
6168	7894	1
6169	7894	2
6170	7895	1
6171	7895	2
6172	7896	1
6173	7896	2
6174	7897	2
6175	7900	1
6176	7900	2
6177	7901	1
6178	7901	2
6179	7902	1
6180	7902	2
6181	7908	2
6182	7909	1
6183	7909	2
6184	7910	1
6185	7910	2
6186	7911	1
6187	7911	2
6188	7912	1
6189	7912	2
6190	7913	1
6191	7913	2
6192	7914	1
6193	7914	2
6194	7915	6
6195	7916	6
6196	7917	1
6197	7918	1
6198	7918	2
6199	7919	1
6200	7919	2
6201	7920	2
6202	7920	3
6203	7920	4
6204	7921	1
6205	7921	2
6206	7922	1
6207	7924	1
6208	7924	2
6209	7925	1
6210	7925	2
6211	7930	1
6212	7930	2
6213	7933	1
6214	7934	1
6215	7935	1
6216	7935	2
6219	7940	6
6220	7941	1
6221	7941	2
6222	7941	6
6223	7940	10
6224	7940	12
6225	7946	1
6226	7947	1
6227	7947	2
6228	7948	1
6229	7948	2
6230	7949	1
6231	7951	1
6232	7951	2
6233	7952	1
6234	7952	2
6235	7953	1
6236	7953	2
6237	7955	1
6238	7958	1
6239	7958	2
6240	7959	1
6241	7959	2
6242	7960	1
6243	7960	2
6244	7961	1
6245	7961	2
6246	7963	1
6247	7963	2
6248	7964	1
6249	7964	2
6250	7965	1
6251	7965	2
6252	7966	1
6253	7967	1
6254	7967	2
6255	7968	1
6256	7968	2
6257	7969	1
6258	7970	1
6259	7971	1
6260	7971	2
6261	7973	1
6262	7973	2
6263	7975	6
6264	7976	1
6265	7976	2
6266	7977	1
6267	7977	2
6268	7978	1
6269	7978	2
6270	7979	1
6271	7979	2
6272	7980	1
6273	7980	2
6274	7981	1
6275	7981	2
6276	7982	1
6277	7982	2
6278	7983	1
6279	7983	2
6280	7984	1
6281	7984	2
6282	7987	1
6283	7987	2
6284	7988	1
6285	7988	2
6286	7989	1
6287	7989	2
6288	7990	1
6289	7990	2
6290	7991	1
6291	7991	2
6292	7992	1
6293	7992	2
6294	7993	1
6295	7993	2
6296	7994	1
6297	7994	2
6298	7995	1
6299	7995	2
6300	8000	11
6301	8003	11
6302	8004	11
6303	8006	11
6304	8009	1
6305	8010	1
6306	8011	1
6307	8011	2
6308	8012	1
6309	8012	2
6310	8013	2
6311	8013	3
6312	8014	2
6313	8014	3
6314	8014	4
6315	8014	6
6316	8016	2
6317	8016	3
6318	8016	7
6319	8018	5
6320	8019	1
6321	8020	1
6322	8021	5
6323	8024	1
6324	8025	1
6325	8026	1
6326	8027	1
6327	8028	6
6328	8029	6
6329	8030	1
6330	8032	1
6331	8033	1
6332	8034	1
6333	8035	1
6334	8036	1
6335	8036	2
6336	8037	1
6337	8038	1
6338	8039	1
6339	8040	1
6340	8041	1
6341	8041	2
6342	8041	4
6343	8042	1
6344	8043	1
6345	8044	1
6346	8045	1
6347	8046	1
6348	8047	1
6349	8053	10
6350	8054	10
6351	8056	1
6352	8057	1
6353	8057	6
6354	8058	1
6355	8059	1
6356	8060	1
6357	8061	1
6358	8061	2
6359	8062	1
6360	8062	2
6361	8063	1
6362	8063	2
6363	8064	1
6364	8064	2
6365	8065	1
6366	8065	2
6367	8071	6
6368	8072	6
6369	8075	1
6370	8076	6
6371	8078	1
6372	8079	1
6373	8080	1
6374	8088	1
6375	8088	6
6376	8089	1
6377	8089	6
6378	8090	1
6379	8090	6
6380	8091	1
6381	8091	6
6382	8093	1
6383	8094	1
6384	8094	6
6385	8100	1
6386	8101	1
6387	8102	1
6388	8105	6
6389	8106	6
6390	8107	1
6391	8107	2
6392	8108	1
6393	8108	6
6394	8109	1
6395	8110	1
6396	8110	6
6397	8111	1
6398	8112	1
6399	8116	1
6400	8116	2
6401	8119	2
6402	8127	1
6403	8127	2
6404	8127	3
6405	8130	1
6406	8130	2
6407	8131	1
6408	8131	2
6409	8132	1
6410	8132	2
6411	8132	3
6412	8132	6
6413	8132	7
6414	8133	2
6415	8134	2
6416	8135	2
6417	8136	2
6418	8141	1
6419	8141	2
6420	8142	2
6421	8143	1
6422	8143	2
6423	8144	2
6424	8149	10
6425	8150	10
6426	8151	10
6427	8152	1
6428	8152	2
6429	8153	2
6430	8154	2
6431	8157	2
6432	8163	1
6433	8163	2
6434	8163	6
6435	8164	1
6436	8164	2
6437	8164	6
6438	8165	1
6439	8165	2
6440	8166	1
6441	8166	2
6442	8187	11
6443	8193	1
6444	8193	2
6445	8194	2
6446	8194	6
6447	8195	8
6448	8197	11
6449	8200	11
6450	8203	1
6451	8204	2
6452	8204	3
6453	8204	4
6454	8205	1
6455	8205	2
6456	8207	2
6457	8215	1
6458	8216	1
6459	8217	1
6460	8218	1
6461	8219	1
6462	8220	1
6463	8237	6
6464	8246	6
6465	8250	6
6466	8253	1
6467	8254	1
6468	8255	1
6469	8262	2
6470	8263	2
6471	8264	2
6472	8277	1
6473	8277	2
6474	8277	4
6475	8277	6
6476	8280	1
6477	8281	1
6478	8282	1
6479	8283	1
\.


--
-- Data for Name: catalog_product_car_models; Type: TABLE DATA; Schema: public; Owner: kameks_user
--

COPY public.catalog_product_car_models (id, product_id, carmodel_id) FROM stdin;
\.


--
-- Data for Name: catalog_productattribute; Type: TABLE DATA; Schema: public; Owner: kameks_user
--

COPY public.catalog_productattribute (id, name, value, "order", product_id) FROM stdin;
\.


--
-- Data for Name: catalog_productimage; Type: TABLE DATA; Schema: public; Owner: kameks_user
--

COPY public.catalog_productimage (id, image, is_main, "order", product_id) FROM stdin;
\.


--
-- Data for Name: django_admin_log; Type: TABLE DATA; Schema: public; Owner: kameks_user
--

COPY public.django_admin_log (id, action_time, object_id, object_repr, action_flag, change_message, content_type_id, user_id) FROM stdin;
1	2026-05-31 03:35:31.559297+00	5943	7403-1115050 — Прокладка впускного коллектора	2	[{"changed": {"fields": ["\\u0425\\u0438\\u0442 \\u043f\\u0440\\u043e\\u0434\\u0430\\u0436", "\\u041d\\u043e\\u0432\\u0438\\u043d\\u043a\\u0430"]}}]	14	3
2	2026-05-31 07:06:28.528636+00	6528	7403-1115050 — Прокладка впускного коллектора	2	[{"added": {"name": "\\u0424\\u043e\\u0442\\u043e \\u0442\\u043e\\u0432\\u0430\\u0440\\u0430", "object": "\\u0424\\u043e\\u0442\\u043e #1 \\u2192 7403-1115050"}}]	14	3
3	2026-05-31 07:12:14.60253+00	6529	228 — КОЛЯ	1	[{"added": {}}]	14	3
4	2026-05-31 07:12:29.779351+00	6529	228 — КОЛЯ	2	[{"added": {"name": "\\u0424\\u043e\\u0442\\u043e \\u0442\\u043e\\u0432\\u0430\\u0440\\u0430", "object": "\\u0424\\u043e\\u0442\\u043e #2 \\u2192 228"}}]	14	3
5	2026-05-31 07:13:59.861706+00	6528	7403-1115050 — Прокладка впускного коллектора	2	[{"deleted": {"name": "\\u0424\\u043e\\u0442\\u043e \\u0442\\u043e\\u0432\\u0430\\u0440\\u0430", "object": "\\u0424\\u043e\\u0442\\u043e #None \\u2192 7403-1115050"}}]	14	3
6	2026-05-31 07:32:19.403369+00	7114	7403-1115050 — Прокладка впускного коллектора	2	[{"added": {"name": "\\u0424\\u043e\\u0442\\u043e \\u0442\\u043e\\u0432\\u0430\\u0440\\u0430", "object": "\\u0424\\u043e\\u0442\\u043e #3 \\u2192 7403-1115050"}}]	14	3
7	2026-05-31 08:28:09.803893+00	3	Заказ #3 от фыу фыв	2	[{"changed": {"fields": ["\\u0421\\u0442\\u0430\\u0442\\u0443\\u0441"]}}]	17	7
\.


--
-- Data for Name: django_content_type; Type: TABLE DATA; Schema: public; Owner: kameks_user
--

COPY public.django_content_type (id, app_label, model) FROM stdin;
1	admin	logentry
2	auth	permission
3	auth	group
4	auth	user
5	contenttypes	contenttype
6	sessions	session
7	main	advantage
8	main	banner
9	main	partner
10	main	review
11	catalog	brand
12	catalog	carmodel
13	catalog	category
14	catalog	product
15	catalog	analogue
16	catalog	productimage
17	orders	order
18	orders	orderitem
19	accounts	userprofile
20	catalog	productattribute
21	integration	exchange1clog
22	integration	productbackup
\.


--
-- Data for Name: django_migrations; Type: TABLE DATA; Schema: public; Owner: kameks_user
--

COPY public.django_migrations (id, app, name, applied) FROM stdin;
1	contenttypes	0001_initial	2026-05-26 17:54:58.749125+00
2	auth	0001_initial	2026-05-26 17:54:58.809123+00
3	accounts	0001_initial	2026-05-26 17:54:58.822793+00
4	admin	0001_initial	2026-05-26 17:54:58.840352+00
5	admin	0002_logentry_remove_auto_add	2026-05-26 17:54:58.86326+00
6	admin	0003_logentry_add_action_flag_choices	2026-05-26 17:54:58.869224+00
7	contenttypes	0002_remove_content_type_name	2026-05-26 17:54:58.880964+00
8	auth	0002_alter_permission_name_max_length	2026-05-26 17:54:58.886734+00
9	auth	0003_alter_user_email_max_length	2026-05-26 17:54:58.892461+00
10	auth	0004_alter_user_username_opts	2026-05-26 17:54:58.8976+00
11	auth	0005_alter_user_last_login_null	2026-05-26 17:54:58.904354+00
12	auth	0006_require_contenttypes_0002	2026-05-26 17:54:58.905252+00
13	auth	0007_alter_validators_add_error_messages	2026-05-26 17:54:58.910334+00
14	auth	0008_alter_user_username_max_length	2026-05-26 17:54:58.919823+00
15	auth	0009_alter_user_last_name_max_length	2026-05-26 17:54:58.925499+00
16	auth	0010_alter_group_name_max_length	2026-05-26 17:54:58.933344+00
17	auth	0011_update_proxy_permissions	2026-05-26 17:54:58.938552+00
18	auth	0012_alter_user_first_name_max_length	2026-05-26 17:54:58.944389+00
19	catalog	0001_initial	2026-05-26 17:54:59.045521+00
20	main	0001_initial	2026-05-26 17:54:59.067101+00
21	orders	0001_initial	2026-05-26 17:54:59.103702+00
22	sessions	0001_initial	2026-05-26 17:54:59.113563+00
23	catalog	0002_remove_product_specifications_product_no_sku_and_more	2026-05-31 06:41:18.70748+00
24	integration	0001_initial	2026-05-31 06:41:18.726213+00
25	orders	0002_order_exported_at_order_exported_to_1c	2026-05-31 06:41:18.741693+00
26	orders	0003_order_stock_deducted	2026-05-31 06:48:53.937474+00
27	integration	0002_alter_exchange1clog_status	2026-05-31 07:02:47.081715+00
\.


--
-- Data for Name: django_session; Type: TABLE DATA; Schema: public; Owner: kameks_user
--

COPY public.django_session (session_key, session_data, expire_date) FROM stdin;
cqlp9ut04bs9crv9ysouyq492fsjveb4	eyJjYXJ0Ijp7fX0:1wRw2s:ugrtBwtBfjCKLoJ1ZfU9E_Ct3jVJDKvA-qFzpLKDRI4	2026-06-09 17:58:26.827082+00
04fsw6rxjqkuwrg48haioryem6wb7bc4	eyJjYXJ0Ijp7fX0:1wRw4o:c0opzEyuksfDDdrJOFGDli_Hj9sBimRn5d45n0k909Y	2026-06-09 18:00:26.812887+00
oufoza2z973h0qzxk77vy24gwyvbvdjm	eyJjYXJ0Ijp7fX0:1wRw4q:HN6pACBvCT75WO5tX1jJIsmm8E8aYZ4bewO1zyZkzV0	2026-06-09 18:00:28.49285+00
b3sacqgqmk71ndbymdbyeuqzf30e13gy	eyJjYXJ0Ijp7fX0:1wRw4s:cxl997yr5cpnQPaSAIwH5puiVrtANpa1Cq6JqfzFeWs	2026-06-09 18:00:30.370623+00
l1z9issagk51ay9vjv11qw154q1apt76	eyJjYXJ0Ijp7fX0:1wRw4x:H11Vq3AXXKT0Xci6Lev29PgRi-1tMkUgq4TDozIs3mM	2026-06-09 18:00:35.203545+00
q9yvy79tqjffl44xkpzn2fxxdqnk3qx2	eyJjYXJ0Ijp7fX0:1wRw5K:dq1Hw8PG7vK1TH4xXTeygduAQUZWaPdiryKMmihfAsI	2026-06-09 18:00:58.009878+00
1eko69xv0xln4olbp4mgf8sswewlgguy	eyJjYXJ0Ijp7fX0:1wRw5K:dq1Hw8PG7vK1TH4xXTeygduAQUZWaPdiryKMmihfAsI	2026-06-09 18:00:58.726624+00
bsddfydp1rjhnsk3wllodwk5n77ri5ze	eyJjYXJ0Ijp7fX0:1wRw5R:YsB9qAyfvmvMil9JV2tF2d4Ik3Xwxdaf9V1p_QzlFbA	2026-06-09 18:01:05.173886+00
h8ju1y3lfptaffyyt2n8i64vuol5kxsq	eyJjYXJ0Ijp7fX0:1wRw5Z:G9q8m5pwiOVpJrlhREOjJA5iFUwLm4i_2iQOKtBypd0	2026-06-09 18:01:13.767781+00
moewfq3n8kfsqg05v2qmge7n72eet4b2	eyJjYXJ0Ijp7fX0:1wRw5f:S8FAo5mJmna7lXzIx6-BB8epXgfWg2iJ4c-Rx8ETp5Y	2026-06-09 18:01:19.230512+00
rfiyys6s3vf0b0hm6ydz115uqu22xnm1	eyJjYXJ0Ijp7fX0:1wRw5g:qL1SBcvG7SKP2M650mjjSZwwyCjm8H13ZpoGtx8JN7o	2026-06-09 18:01:20.423749+00
h7zvtaf6z0koo09uqjx1isdjblasr2mx	eyJjYXJ0Ijp7fX0:1wRw5h:k3lz25-eIabUS0Q_dfUaWEf9h9--iXF_cxDnHtc6GyQ	2026-06-09 18:01:21.516646+00
9a5x244yre39h555wq2d5py26d9zlrwq	eyJjYXJ0Ijp7fX0:1wRw5i:rRlVa2ZSL5_zLoAFIHyygKF_HYXNO-LWNl5XUJ310Ow	2026-06-09 18:01:22.473489+00
9jckyyhi3n5rtbdbec0gu25vubakzkyj	eyJjYXJ0Ijp7fX0:1wRw5j:RwcKJqExFDgBYc2U5oopbFbHq2VHqtCbEbam0kXBfzw	2026-06-09 18:01:23.015012+00
qjmxme88a79ghi34kwt7gszsptpmue1p	eyJjYXJ0Ijp7fX0:1wRw5l:YX-mJm2B87nhV7eaDay7223VpBWbpvay37o0oHnlBtE	2026-06-09 18:01:25.132168+00
dd85omka1on5i014t9fnjb29mof1a28k	eyJjYXJ0Ijp7fX0:1wRw5o:vUWb-bt4EM07l-9daJogaNQ_FHo-3Iqm9AL1Y4CIh_Y	2026-06-09 18:01:28.67312+00
tca1yoo6dnichph90qp2inr6ytzf8umg	eyJjYXJ0Ijp7fX0:1wRw9Z:VToTn79Al0rC9zAMOpXBUjxRiUhCKVMOYtipOk_r_EE	2026-06-09 18:05:21.644841+00
l29oodkw6knsqgoih75celjdtdll4106	eyJjYXJ0Ijp7fX0:1wRw9p:6GV7WG_8Y4ld5SUUuNMQOV_zA5DHf8rAjewgTBs-He4	2026-06-09 18:05:37.743574+00
nrqixp2hwdio1ir9p2cexbbiwac2ifd1	eyJjYXJ0Ijp7fX0:1wRwAJ:tP2Y7W1AZ63bTfmcf-SgGe4pJWuIcVnMQcAmAqn_3kI	2026-06-09 18:06:07.701253+00
uztnjgen96jwuyglo731q3djq2f7mred	eyJjYXJ0Ijp7fX0:1wRwB9:xUt3YunCl05HWnC-tG7ETdRKG0BQl2UTqoulz6Qdy28	2026-06-09 18:06:59.060615+00
95ej4uceyotlflaboodyfj2w1h61am1q	eyJjYXJ0Ijp7fX0:1wRwBJ:H0lfbPdzHuoaAGvlFzMmdZ-kEZfTGBuEtROJSeL5m64	2026-06-09 18:07:09.016113+00
rgt53p9mc6n74s4uauahubk8o8bznbjq	eyJjYXJ0Ijp7fX0:1wRwBN:-BbdMc_ft4YHHkIoOdsL2UxyZK1k1lgorMyogDamNBo	2026-06-09 18:07:13.031257+00
2bce7f96oewoxbqp7bwzn2ez122t6eea	eyJjYXJ0Ijp7fX0:1wRwBv:4ywTwsMUDsE7fpjzANiylT7D2ZLimUH-hwX1ZPPbiRk	2026-06-09 18:07:47.780825+00
1utf7kbusja1x1z4vshdy3e5a9ej8mvm	eyJjYXJ0Ijp7fX0:1wRwC5:dFOeAntNe02Gr7QOAxQohLJ6APc3whulUj9lG4mXXMQ	2026-06-09 18:07:57.323743+00
65gsz5au7ufgaog3lss34j21v5l4z8jv	eyJjYXJ0Ijp7fX0:1wRwDL:TfmXy51GV5A-E5Wy13-62sfQ5_Rpi0B0W2SRIeossRc	2026-06-09 18:09:15.241036+00
psmd002t05wjc6odded7o890edogs2t5	eyJjYXJ0Ijp7fX0:1wRwDM:dETfnafk9z2pvHTIwy_gGRJ80mwPruhVwqtqM19A7y0	2026-06-09 18:09:16.655469+00
xxchw9ia9xzjx6lc5kb6y7o18pppibhp	eyJjYXJ0Ijp7fX0:1wRwDz:XtLsT8DhjyispJ8AzsImd86Bzao2Kb1Sel1v8-2V2rg	2026-06-09 18:09:55.921541+00
n33etzh24exdko49aowtwsr0kzxdwam0	eyJjYXJ0Ijp7fX0:1wRwIc:WUqASZOmzcHjJUiN-HKTgK_miE5_68rGSzCnTt-IRVs	2026-06-09 18:14:42.540448+00
zqi9i2rpw682ufoipq1rjq4cs393bw3r	eyJjYXJ0Ijp7fX0:1wRwP7:6slkw4Yp2JLa6RUb497sU-5goT1KA1kZZZ6NVeYcXbE	2026-06-09 18:21:25.168897+00
837u4s7j1ez4s4zge89udjkomh7sux4z	eyJjYXJ0Ijp7fX0:1wRwPp:pugcXNqRGcIJ2r5n9r68efmKCQUOVGuQ6pO3yrYDRq8	2026-06-09 18:22:09.321505+00
kupbd56bkikcamq7ewm97mua7banab66	eyJjYXJ0Ijp7fX0:1wRwPp:pugcXNqRGcIJ2r5n9r68efmKCQUOVGuQ6pO3yrYDRq8	2026-06-09 18:22:09.946325+00
wb5d79atvqxekifrhuhgx3vz4p8fqcnd	eyJjYXJ0Ijp7fX0:1wRwPs:jGnOiEELZnnKnZvQ0I63iZ5_BO3UXlOkDUQxohXO3uE	2026-06-09 18:22:12.380772+00
65ng61kygx4bue81xg8iouga25wq4h4b	eyJjYXJ0Ijp7fX0:1wRwPt:rh3x-wrnafQmqMvrRJ-kihHSNZ9U3reaUV8wDdlWcG0	2026-06-09 18:22:13.356175+00
qxkta339yq54jfwj64v63tnvc1rlzbhc	eyJjYXJ0Ijp7fX0:1wRwPw:d9ujyHC1Z-IXLzbYCJrFRWi3A8c5fohk6kKRJbgjTe4	2026-06-09 18:22:16.553741+00
7g94jawlchvvwp66q9yjaewralkv8ifx	eyJjYXJ0Ijp7fX0:1wRwSs:mBRi5rFKsVvRnKpP92xpVPmHFOnhx5RWm--X16qmPD8	2026-06-09 18:25:18.056983+00
89zvwl1ga8ew7qdqmxijqswp4d1r3w14	eyJjYXJ0Ijp7fX0:1wRwT8:3W6Kv8M_upxR3LwpF9nY7ZaBLk-oM8Qy2jFzkWVLgDc	2026-06-09 18:25:34.263252+00
1g4szxw7d1ublsqr025f2aurenoc6cid	eyJjYXJ0Ijp7fX0:1wRwjs:nukHR-Hbx8yr67POzcuG5ZD-7trVgjxHPTN7frq-Mgs	2026-06-09 18:42:52.954433+00
aw749tecr9v9sxkm2p7a5zpfxh3bu30y	eyJjYXJ0Ijp7fX0:1wRwwW:G_xRNmlxYnaQXVZtYUom9Dl_3Hbo59cI-Wn2glvzVQo	2026-06-09 18:55:56.737496+00
ns4a8rubgzgru2ffwhsl0yxk02dzh4v0	eyJjYXJ0Ijp7fX0:1wRx0q:eCPpLHF4QsGSe_aJ363moFhewC8KWNQEPEFjh8UJPEI	2026-06-09 19:00:24.722672+00
uxwi70hqvzhijhtx76kioisgwdgq3l0t	eyJjYXJ0Ijp7fX0:1wRx1O:mcOvBB6eyH7rjfAI58pQNes1zf3dJ8KJ2HaddfCRXes	2026-06-09 19:00:58.189661+00
pjagt3zpn9uzmrje6tnx5ik4pfxvyiar	eyJjYXJ0Ijp7fX0:1wRx2d:MMpoBKDdGDH0C4eiyZh0191WAQ9lzSuPJqR1ldOvBP0	2026-06-09 19:02:15.532714+00
r6gic9cexucsvsi5xxyf1f2iunu98xhc	eyJjYXJ0Ijp7fX0:1wRxwC:_w2sfoH4k3OnaeRzd47J4wA5WzrN7GML_bFEN99AP0M	2026-06-09 19:59:40.592232+00
gua1emanb76011imjznf15xa2z1eyrfc	eyJjYXJ0Ijp7fX0:1wRxwx:7Yxlny0ahIZ4u7m9veQxqdNro942ZgrwT-seHh9e-w4	2026-06-09 20:00:27.891932+00
zfh11jjtyfuztfkhnzsok31gowvqmb5d	eyJjYXJ0Ijp7fX0:1wRyRd:Y_2zp5P7oOGwi8lfnKWMJ0pvb_USjEYci3lKEuEzgXI	2026-06-09 20:32:09.307147+00
cumnrofedg6vlqhpzg0p7i4nbnk7gg8j	eyJjYXJ0Ijp7fX0:1wRyRl:AP6Ic28ahJc0d0lnRVtZ5fQVcm73ff0Lg6riZbtl2cE	2026-06-09 20:32:17.163669+00
jcaewzmogsvgdn5lbzbuyozz2vumvddq	eyJjYXJ0Ijp7fX0:1wRyS7:DpAG0vkEZxcUrgYDAsUwd0fspPvoDzV5-sB1FPqtMo0	2026-06-09 20:32:39.193165+00
zug3ruewai5e2hrj8whx7mtqacbdbqsv	eyJjYXJ0Ijp7fX0:1wRyZO:32d66IsqkZiHY9fsMOZajgBswuW_SGmxpk6fAygLPQg	2026-06-09 20:40:10.473931+00
2n4koo4cu7mc1znujzaxoa645a3ymk6r	eyJjYXJ0Ijp7fX0:1wRyxc:u9y-0s5tKBD2fZ1WBcHBvh-k__ZrBuj9U_d_OmgPLOs	2026-06-09 21:05:12.159333+00
tqn22bj36f7pb6397k5kslrpjgtv7r4m	eyJjYXJ0Ijp7fX0:1wRyxh:KMnB6BsdaHg6KNxfSmuLoMhEB7EyAyPnBP7NIFZGdg0	2026-06-09 21:05:17.670333+00
bcg0ho5xdooozr0xsebtyrs5dduib6au	eyJjYXJ0Ijp7fX0:1wRyyB:BUwaRV-exCiejzl9b6F5D0orBpcY2Dc5rxPHa0guoBA	2026-06-09 21:05:47.790989+00
yac4ys60f3zdkbc696gcvi4cflpoe601	eyJjYXJ0Ijp7fX0:1wRyyT:-AEf2kfwYUl0jOPWHuGCkJQVQ_asjUHtJPMvqE4pxuo	2026-06-09 21:06:05.508536+00
ck0dyzwrtn8w4qzixkq2gxeojv6k44gr	eyJjYXJ0Ijp7fX0:1wRyyZ:BzFLP6H1O7yzhhkfPyW6SAZX4ikKFPaRumGNiy628Gs	2026-06-09 21:06:11.086311+00
l2foogtj2rgkehumxapc7yr1kyx66udv	eyJjYXJ0Ijp7fX0:1wRzN4:9h27K2WC3QSrdp8So67lBv5OJpPnJ4lW6V6t8pUcG5E	2026-06-09 21:31:30.161075+00
ze4kwxf706bncfh33twp5anpeiiawths	eyJjYXJ0Ijp7fX0:1wRzUH:xqZHUkJcaT8lPYV-09FULTrDJGZ9m9Ph0-fb14zYP4w	2026-06-09 21:38:57.908052+00
1oi8vxbs3jjmdb3su0dpcplqq2bxd3om	eyJjYXJ0Ijp7fX0:1wRzYm:WJW7N7WouTIQbrmhPj6zmKd9GXl7aSLDLNnRHTd9w-E	2026-06-09 21:43:36.360434+00
23p1bgkf74revuhbq7qybdviu0lvkgpo	eyJjYXJ0Ijp7fX0:1wRzYt:AGdY0gaLg8os82cdK-ucLKmlQpFUnBofbXpDMtchwJU	2026-06-09 21:43:43.567564+00
7xcyu6cr2qvymjhyn5q8igj7bhkdv3qv	eyJjYXJ0Ijp7fX0:1wRzbo:D5gVGgX-n4TTbx9sFN4zbWBxhJxWG50bn_GGL4Dsv_Q	2026-06-09 21:46:44.98699+00
68bol6c5h3qcwxvana14n36leihvz8pc	eyJjYXJ0Ijp7fX0:1wRzep:U4Lt0ZwvSt8i71Lcux4JvyARd-uoMTUR17-Uq9tG_Vo	2026-06-09 21:49:51.144866+00
bswgacu7me6emzf2pf0rf4ivaris1ksk	eyJjYXJ0Ijp7fX0:1wRzoD:2z-G92Ra8qa-H-5igXMF6IzsHRNhFoVG2xyV-WpmavQ	2026-06-09 21:59:33.315787+00
g3zgihbgp18dwhvxuomk4kkq9hrr8dj1	eyJjYXJ0Ijp7fX0:1wRzoN:HKhRkWDGS98YOO1xQ1rNeT42bcWIg7dNm33tnzL5wi0	2026-06-09 21:59:43.320842+00
ctveo7r5ujg65fn9umxrh0uxg8w9ctsf	eyJjYXJ0Ijp7fX0:1wRzy7:mGth8pxTYgfnPpHiTIvGaGiBuWipBcTvzyG5y89h3-0	2026-06-09 22:09:47.486506+00
rggxmbs7iwtk35w8f2dd9p5omdw4z3or	eyJjYXJ0Ijp7fX0:1wS069:xTg07a3_RTxyzoXtUXCaIbVWIpDgiW6mylXS3kQKeys	2026-06-09 22:18:05.180967+00
gyeef3i2b9szb4joresc7c1k5ypec700	eyJjYXJ0Ijp7fX0:1wS07r:zCcZo0n99JPc_Ym6gwHdpBS4VJ1dLjCicb5ybtt-0Z4	2026-06-09 22:19:51.558696+00
57ahdezr020oi6j65kge6nvdvr8eqyxu	eyJjYXJ0Ijp7fX0:1wS08J:EAL7btEyZuyLw1dpmlXgKAokxQ16S0FkCt2dVQZeicQ	2026-06-09 22:20:19.004486+00
35vguum2fduma8ax2qu8fkw1y3kb958u	eyJjYXJ0Ijp7fX0:1wS0D4:VwxPgK-2xRpsNgjDg_2yCu44GvYXIZCTco-G27X5ImI	2026-06-09 22:25:14.655364+00
wo210kknapj0zv4yjtv92d9le0z1110m	eyJjYXJ0Ijp7fX0:1wS0H3:PiJWrHPvEp255Ut-DZ-2XOEalMOBP24gAKXTKZ3UnQo	2026-06-09 22:29:21.192503+00
pxexrsxqg34c1k6yv4yi82g3bwv0xnx0	eyJjYXJ0Ijp7fX0:1wS0Ri:RR3FlG_RjrQ-WXZW4xEt2UhG3mX3LX2nQlQjy_nlUr0	2026-06-09 22:40:22.892702+00
sejbeqzd7fjl2ko9x1mx6c5px0fdr56h	eyJjYXJ0Ijp7fX0:1wS0ae:m8cIO3sS7qPavsBLzVdfqdJL48iP7nHz_3srOJtTxDg	2026-06-09 22:49:36.148867+00
ltjc7vn2360qel7qkacgut6roeab7ipv	eyJjYXJ0Ijp7fX0:1wS0gD:SuqLnX8EisRRzEF9Mh0ZWX2_v-scY8xAF5CiV6zoBC4	2026-06-09 22:55:21.378227+00
cx4zxh2m9a13jo4d62ngi8ckajnpruya	eyJjYXJ0Ijp7fX0:1wS0jW:9bK6WxVsSyeHt87vwhtjv5EXKXHlLwO5mdLB5-l6o7I	2026-06-09 22:58:46.181863+00
sf2i3tsarghknvyivzufyih0hj49flcg	eyJjYXJ0Ijp7fX0:1wS0ja:t4S__yv-EtZ7Ro5NdQ9tKYYOYGGzg0TB_sygP-Np9Sk	2026-06-09 22:58:50.449464+00
g99dsfuskue4ysxolurof3phbim1zrry	eyJjYXJ0Ijp7fX0:1wS0om:6Qe1H3qb5I5lC5ix0I_tc9lZZOJVJ6kN0OufBXtef-o	2026-06-09 23:04:12.624252+00
cb5hk3iilltu78xhgaekap2n7qzaqsov	eyJjYXJ0Ijp7fX0:1wS0ss:REEEvul4--PdSfjZ39aElDJszeV2SFneABlhAohl54c	2026-06-09 23:08:26.752737+00
3o1fqhi3kg79ox9ezuszqgipp2pl2alu	eyJjYXJ0Ijp7fX0:1wS0wp:0N0rD-JXueU69TmmRvw1CFfGHJcUxFMdl99CVrUWqXo	2026-06-09 23:12:31.075537+00
dp970oi3imdimxe5k72wn60u55syc4gv	eyJjYXJ0Ijp7fX0:1wS13c:mRo1WAnNKSBJy-mYaOj2la9_PqDYPImMP_AMogSstHw	2026-06-09 23:19:32.957686+00
ctzphajvoh2niumanto7bwa2npeqats0	eyJjYXJ0Ijp7fX0:1wS1Cj:3fsoKLaEgLdvnQNBZXDR-AXlWIhlO-217yZqe3OWNY4	2026-06-09 23:28:57.171563+00
5c22s9zqg9ehi1sberke84q238okgft4	eyJjYXJ0Ijp7fX0:1wS1Cy:cwVEMopLh17oPX0q7KmO_QRbJ9QNpG52qf0oiIRlVmY	2026-06-09 23:29:12.490776+00
24ewglsrc1oolncd9h4hdehqafj5q4bw	eyJjYXJ0Ijp7fX0:1wS1NR:vJrImHnaV9WW-SleaN0sCwHgdSrAkjEJAF0_-G7IJUc	2026-06-09 23:40:01.262346+00
dovnpekem85m05jvecm9b6ad2rxti3ce	eyJjYXJ0Ijp7fX0:1wS1Vv:zBClM5cE5wB5cSvryIGYxTkZjv4NAFSLD74CSAdWq70	2026-06-09 23:48:47.069339+00
uw0np1xrova0zlvmq2b8wuj0a5hvsksm	eyJjYXJ0Ijp7fX0:1wS1WZ:AB-QdpWwk24rSNP532VRYzp9K5Z-YJt5x013zEaM5Mk	2026-06-09 23:49:27.939977+00
rtix1nq1hqw92ijtgp47q7wj1vuc5h1r	eyJjYXJ0Ijp7fX0:1wS1e0:f7Z5vFiOCAl8E2Pre7XAAwM92yJm_FJoz6jTvB1FaVE	2026-06-09 23:57:08.631121+00
lzcargo3knl0xrxsxi50pvol2ergxd36	eyJjYXJ0Ijp7fX0:1wS1n8:ZpdG2XhL80A21aI5ID513dGfMazqf6TnvTohYKk7xUQ	2026-06-10 00:06:34.24377+00
brlm2iawsg0zvxlc5pgxff8w4t0h38po	eyJjYXJ0Ijp7fX0:1wS1sM:QyDD7aMk_bLK7mMCYGcJlLH3F8WZX1jWN3p7GqyXE2U	2026-06-10 00:11:58.606231+00
r8s9fo3qzs7ouoix3veyeurof61nhhki	eyJjYXJ0Ijp7fX0:1wS1zo:VZ_aMZz4z5N7LOde2RmC4K8H6-zbNF8azjbEzhIPzZc	2026-06-10 00:19:40.416179+00
050g2t5cppsvbe8to4tle25cdlogi1f6	eyJjYXJ0Ijp7fX0:1wS20b:bMa180nEMYeaqFivr_vDk4quYc5GRed9V-HWbngEiwU	2026-06-10 00:20:29.204857+00
rmahekkq4mukfiljsya5f1s7bfjdydrp	eyJjYXJ0Ijp7fX0:1wS291:pmAraktH4OJeeFgTM4sdl4bmwSL20EmMwNtPhVBTTwQ	2026-06-10 00:29:11.583327+00
4o6jxbjemm825viccvvcwbinstztnnnn	eyJjYXJ0Ijp7fX0:1wS2FL:sW8Ca9lsdLavqW3U5JVt_4UYF_i-H-POrRYj6dKRvpI	2026-06-10 00:35:43.300219+00
fqgpcvtz90n0t6kqy8jdh6p2r72vype0	eyJjYXJ0Ijp7fX0:1wS2FY:Nvdv6rqJjITemURbBrfJn_q2dNCaUMQ3aPbOycwgnSw	2026-06-10 00:35:56.251301+00
cbuimiu0blv0l9uvp15q3dpc58p8ju9h	eyJjYXJ0Ijp7fX0:1wS2IP:HZZCkEHJhSCldO9PSc-jbiqCliTWOUWsSAM21O1rSmA	2026-06-10 00:38:53.268175+00
qjoijg9eevstdznnnzjnodmisd7ib8tv	eyJjYXJ0Ijp7fX0:1wS2T0:k2jVfHtE48yq_1iRigAeQFttp-rrhyVgyq-Px2Rrvmk	2026-06-10 00:49:50.755147+00
ejxo48sglwulh0b9eh5c8ixa0ysrwmcp	eyJjYXJ0Ijp7fX0:1wS2Wk:CU17_aW3k32_p9zqdTsIJwjH0HDp7rvUVuclzRe9BJU	2026-06-10 00:53:42.567258+00
xdu1hf1pq1qvo4atkgkmuswmcslqk1ea	eyJjYXJ0Ijp7fX0:1wS2c1:qxV5ZT9e5FRNbsvRfdWsbLQVc3yCvuWsTMmVEpkYMkw	2026-06-10 00:59:09.574193+00
33b9nfi2nmxijeixhwwdajhyyb8551mq	eyJjYXJ0Ijp7fX0:1wS2lF:DkGWOd2kxiPkPua47ELcIWEs0ukcl-No-D-iHQWb9HI	2026-06-10 01:08:41.30307+00
j6iq62sdbnn49k10ogk22l9qfk5lki4j	eyJjYXJ0Ijp7fX0:1wS2qy:lrZc_OTgwd3tdKCP7JQnK0VxeLsV9b_BPsYs9BvN4vM	2026-06-10 01:14:36.367282+00
dy014dmddm9by75arpn99ch6zfo44oqd	eyJjYXJ0Ijp7fX0:1wS2r6:Jxnb59Zm2uKwCiTLWAjBYA2HdxdSjxxuCC5etO6CCNE	2026-06-10 01:14:44.482859+00
fgz33p10pzjfy7iyv3vuhp2j9sv7z4rf	eyJjYXJ0Ijp7fX0:1wS2vA:jGNaPlXYTq-nniAy8lglsGZ8GGS_mjH1JNkZqs7oHJM	2026-06-10 01:18:56.197525+00
jrs7lcu8kxt7dsrffeikluzoc03k8neq	eyJjYXJ0Ijp7fX0:1wS32t:RlaXUxuaRa4hrBRQr4UEhkNDu3nm-2UEV8iSohzvI10	2026-06-10 01:26:55.669939+00
a9rbj83t4av58hyy16gy1ggrf4db1k5u	eyJjYXJ0Ijp7fX0:1wS3LM:o6887sscRHtXqaxuauWUMWtMmcmDnOt9zoysqZqyXWw	2026-06-10 01:46:00.055292+00
a7jq90cyqwnui2slbl6lhe16bip40f9f	eyJjYXJ0Ijp7fX0:1wS3aB:szDMgUIVFr9DwfCYKxJptVx5CJIlcdQZXs-kkJBm6pU	2026-06-10 02:01:19.739158+00
d3zybcma5c0w4m6w9ydn1wxojc9866vq	eyJjYXJ0Ijp7fX0:1wS3at:bOEtUfw9B9HBx1PgZ9hM4tW-4QXbANcT5LUwSfO1bqQ	2026-06-10 02:02:03.850128+00
rnc7c8ojvwcea2dsfg8nrtd6qwf2ig7o	eyJjYXJ0Ijp7fX0:1wS3q0:vDnoSfzk_euwLKqwBAUGaviIdXFIHX27-HdfIsO0ycY	2026-06-10 02:17:40.312886+00
ou4fa1rbts4pj10ivgm6byefqzs0t5kn	eyJjYXJ0Ijp7fX0:1wS3yF:W04SX2vaIws-oxa5iWu3do-0GLqLDF-JZjN0pI4zJ4E	2026-06-10 02:26:11.27672+00
51ght3pxiaxhqmdajnf30i5pim3099a3	eyJjYXJ0Ijp7fX0:1wS44z:F8r2Pnh6sS0F9sqkhJK2rLQrGl9wVqN_ha-sY7azWqM	2026-06-10 02:33:09.873319+00
itvdyrh9s20t1fcja3hyglgz7fmt3guu	eyJjYXJ0Ijp7fX0:1wS49Q:M-hnKV2Tqs7aM35OjjGZKxH-10DQkeqcG1YqDLYnhBA	2026-06-10 02:37:44.256285+00
qbood83q8exscgoepyl9052y7z4zjje0	eyJjYXJ0Ijp7fX0:1wS4Am:1XwyATbyIN02OPqgjY-VOibmxUlxCsQZszCsnhR06Ig	2026-06-10 02:39:08.324208+00
1aqayojlu9fzl68vfhv2yivoevdtebtu	eyJjYXJ0Ijp7fX0:1wS4Hs:qmJsERadnfNH1xNAO2y9p4iGGxJl8pNAteNiGm30Vx8	2026-06-10 02:46:28.767743+00
gqtll7daig4amr9dymfpxwftoyknx35f	eyJjYXJ0Ijp7fX0:1wS4Kv:hQoerM1YyXtyWYFGuONDQjB-xlSSXXM804BV2f9rYPQ	2026-06-10 02:49:37.411958+00
tm8hqaezey9klvq5wa2l75001c3um1y4	eyJjYXJ0Ijp7fX0:1wS4Ls:itvNVg1rDatj3pYkq5P-vEm_rmz0pC6JKSBKEL6Pq10	2026-06-10 02:50:36.797155+00
53va723en1sr5tgtqah90b4z92qq4879	eyJjYXJ0Ijp7fX0:1wS4RR:65ArBJPHbvuNtS2SoGkFi2ctklWgDM-nJGC4rCl8JrI	2026-06-10 02:56:21.215007+00
xct8kkc6y8n3kauaezr96ermwu1tz64n	eyJjYXJ0Ijp7fX0:1wS4Uw:8dyrEjhFpYNyCn1Q8CX01g4d5P2QLZ3jskw8e0pMtqA	2026-06-10 02:59:58.352189+00
kuiws1sxeza4cwh3c9swknng1y54u3kw	eyJjYXJ0Ijp7fX0:1wS4eM:ECWty-FTur3kWDn7LLyTR3s9rjJLLmEF3-6drB8vOxM	2026-06-10 03:09:42.187632+00
g578f14xlia52fyuaeub367xxfs66vb1	eyJjYXJ0Ijp7fX0:1wS4eX:b6O_6NxX-TB2ROrt3mz1l_nGhRemmwBR92KUmQORB8A	2026-06-10 03:09:53.053081+00
v67ugy1xa2m6bs5mzvlutowq58lxbevn	eyJjYXJ0Ijp7fX0:1wS4pO:yZim6u_zbZN_FQLLMrdninC8ncBn5FV7-9KxBxrDSp4	2026-06-10 03:21:06.450427+00
zdoqor7gy6b1fo0qo12427epggvlv7uz	eyJjYXJ0Ijp7fX0:1wS4s2:Yc3l1Buu13DZcKvRsGqdBrIYBD8RP5MlmbN2oHk2GpE	2026-06-10 03:23:50.21884+00
g3o60o4u9nmr7qyuwrzzu4043163xagy	eyJjYXJ0Ijp7fX0:1wS54B:pu1rrpyFmyukvS6FuPEJMB5fkeCb9Y9g_p-MfA1wpOM	2026-06-10 03:36:23.879808+00
87mt6v4dpw7aaynav3sclx0hl3n5veyg	eyJjYXJ0Ijp7fX0:1wS59s:kkAHAil-wfsISVGRXq6Fd1BYvHvur00SJNkzznjWlbs	2026-06-10 03:42:16.927882+00
nocqbmzufxxj4gdwpm3kkqjryw6gn928	eyJjYXJ0Ijp7fX0:1wS5AF:3ZVKxscm-gNc6wR0dQzf5AXBy3fR1TDiFxQBin59Y1c	2026-06-10 03:42:39.902375+00
usdycb4jc2v53jimpyzcq4h4ku4bcpmx	eyJjYXJ0Ijp7fX0:1wS5KJ:yp574ScR9ZB_ROZu-2yWpyVtHjn76EED2z35o8kus08	2026-06-10 03:53:03.750859+00
3c7d0sna02r58ykbv54l287xigfrynos	eyJjYXJ0Ijp7fX0:1wS5MH:WZyIKDHTn2wGKicnjpobTGdFveN5-Z7fxpC00PKx0Cg	2026-06-10 03:55:05.842638+00
fiu74hraa147f3g3nftcs6mwbclk45mf	eyJjYXJ0Ijp7fX0:1wS5Nj:FPJXf3FVrw3EV04eZFc8PZl2IYUFWGSR2kVhsfHLrZ4	2026-06-10 03:56:35.259372+00
2upoa1avea21gu70ubwxk2yfxsdehz5w	eyJjYXJ0Ijp7fX0:1wS5V1:wK61hSoFGOY5--CAaJhhAqFk2aoHJJIXVxbZ6cBukPA	2026-06-10 04:04:07.763606+00
s5cx8jrvhlmivi2uhnor8etk5kjdol4p	eyJjYXJ0Ijp7fX0:1wS5fQ:Caw9Nhix-EqiLlKMR1ePeuQsGDSoTvEQ5Oo0sbiEt7Q	2026-06-10 04:14:52.798955+00
6ox7jbum3kbmsugkw1ymu45030ipuclu	eyJjYXJ0Ijp7fX0:1wS5fx:V1A6zfKHM5WIUKjDsEjTp11sbBSSnM_YcZljGQwWM4U	2026-06-10 04:15:25.610015+00
jetq4j3vz3a7w83rnbihyf8r3pcoqn0w	eyJjYXJ0Ijp7fX0:1wS5mb:iapk_DxJwaElRnQtvmu9WizMqK-S5cbetPFaNkP-Yzs	2026-06-10 04:22:17.883139+00
pexzysbmxuqgugmg8utnv2cx0gdawxfj	eyJjYXJ0Ijp7fX0:1wS5x9:813tCDfCWCIhUNDsKmzKTjVRsdP-Ue2IfN6DnryhC3E	2026-06-10 04:33:11.975037+00
14jlekugd1a168soy4oo4307xfk7qudl	eyJjYXJ0Ijp7fX0:1wS5xO:Wu-FFphRfIIKVkgOo3bvmnT6II2rCjhj02_c6HnOZmU	2026-06-10 04:33:26.705685+00
glveeedf1bmuflaqsnaxn0yi293r9217	eyJjYXJ0Ijp7fX0:1wS5xX:ogSQt9-92s55R7Fg1-HNE6sbxwNGWKSpp3HzDOfr2DI	2026-06-10 04:33:35.371328+00
y5vu6euf63f6xvxezrvyj5obsrgj1sc3	eyJjYXJ0Ijp7fX0:1wS5xY:nou_oI-XDVRmA-KFgko6odgkos_AuZT8zVSugShXu5o	2026-06-10 04:33:36.661798+00
rmzmejqxgx1ego0qv4afototdx6icc5c	eyJjYXJ0Ijp7fX0:1wS5xZ:m3zkXc7z7UcWp_uxuWYqSmQqCfeIuXTpDM6B9zcJKto	2026-06-10 04:33:37.06651+00
q694ctiibsv7c7lbwfitxqwizqepr5hs	eyJjYXJ0Ijp7fX0:1wS5xZ:m3zkXc7z7UcWp_uxuWYqSmQqCfeIuXTpDM6B9zcJKto	2026-06-10 04:33:37.321462+00
6ry6okdcd2xq6dtd1ldgbu202ew8ha7p	eyJjYXJ0Ijp7fX0:1wS5xZ:m3zkXc7z7UcWp_uxuWYqSmQqCfeIuXTpDM6B9zcJKto	2026-06-10 04:33:37.672008+00
81x7f5onlp3mnmyqa6so80uglfnh4eqo	eyJjYXJ0Ijp7fX0:1wS5zx:kP3af3-7wXQF3Oz7GEymXejm9Qon7_Cxfy7iadoK5Vc	2026-06-10 04:36:05.436438+00
32zyuaxx0afrmrg1j3afcfmt6rr568a6	eyJjYXJ0Ijp7fX0:1wS687:C8rQQ8ai_4XYsy3iRZzaVYR4tXf04c2nvEtCv4ZGW9w	2026-06-10 04:44:31.149641+00
pejggm91qj8kl60kfh6wu5waw0tngcsi	eyJjYXJ0Ijp7fX0:1wS68s:IW4WySQBg_jIgSdwpMxn61biZDjmFSJM1qR_61Pbn8M	2026-06-10 04:45:18.079203+00
r2x5t8au6hbfblfaavsfw58nuhfffrdg	eyJjYXJ0Ijp7fX0:1wS68u:O7NKiFjdLc4SCG-Zc9ydIGMK645fjU4XEgEFnFp55X0	2026-06-10 04:45:20.727458+00
2c3zxggh1d0tsjtbxr1jfd5368mhshg7	eyJjYXJ0Ijp7fX0:1wS68x:fu3-2J87DCVQsn1nRZzaanb-SEaDrrVa2xS8rTCxWI8	2026-06-10 04:45:23.782091+00
ocmf2mtrxmu62d5jr44i4atxavvzrdw8	eyJjYXJ0Ijp7fX0:1wS68y:6fDxO1HlRwIS6B4YiprkVR9VKhaUdUIX16qr4YPDyIk	2026-06-10 04:45:24.620091+00
h2zklj4vxmssav46k1lrh4bsu4pekqjt	eyJjYXJ0Ijp7fX0:1wS692:TyQouyMUX8C4_LHCOSI3L0GCoTbS_9R6bSXN5z6EJFI	2026-06-10 04:45:28.041229+00
oxv2rc5fpm766ionbt1yhksgtqqxcl45	eyJjYXJ0Ijp7fX0:1wS693:jWBSEXJ4qGObYOgMIAqGWvciLj5Dzl_JM7YcRr0mCUs	2026-06-10 04:45:29.959306+00
om0mp4zfd2w14lix587yvwoo40nmobff	eyJjYXJ0Ijp7fX0:1wS6BX:z3njO28G-DNakRrLKLNrXpY2y2Nth41UmNeQi3r_hQ0	2026-06-10 04:48:03.72991+00
cei00772hi4jo4mgja2wu3xlzy8cncr2	eyJjYXJ0Ijp7fX0:1wS6IL:WzHs4CzY3JIqoaZ6Vqmv5V2mfVORvokI_I6eKdfuSnM	2026-06-10 04:55:05.530539+00
petn1panp4wob7gb6yn5lnyid6cvrpu6	eyJjYXJ0Ijp7fX0:1wS6IO:JN1WWSyuYyhoOmd9mdlOyLjsD7k4WdD6qgfZX7uLqk4	2026-06-10 04:55:08.234489+00
el79vfvdd2fh7wv1gg8zjqkcuf4yowhk	eyJjYXJ0Ijp7fX0:1wS6IS:kf7cDmwN_2bWkWcVB6FCuIunBIgCPaaKXAP8-7TyiDc	2026-06-10 04:55:12.218107+00
z2m7v8r9gw2pzffv5yippjaxtzgmb0q8	eyJjYXJ0Ijp7fX0:1wS6Ia:nzFiwt_X-FxDghUIxOfbjkCvBlxyufydpYqGbkHyg_4	2026-06-10 04:55:20.402233+00
1299yiqu8bacaznx2k27b6uo0dm35914	eyJjYXJ0Ijp7fX0:1wS6Je:9Lo-veeVndnnewAqm7WkTRVTdFVoRef8RzGj0DmQtVU	2026-06-10 04:56:26.730285+00
ydokjm6uc7gg2fyzku72y6tlryy4y3l3	eyJjYXJ0Ijp7fX0:1wS6KH:-1Pg9KhfXEv5VegMT1-AsCRgEACcIqY-MC9YNNk1D4g	2026-06-10 04:57:05.85464+00
d0j0l7qxghj8yp3ni37h0hojqr0wb00e	eyJjYXJ0Ijp7fX0:1wS6S8:f8MivVA-46eSFWzkktyKik_uF5L3JV_w5DLIhRDjTR0	2026-06-10 05:05:12.359529+00
ejc6un2xqfexulu13w8njqazkqoj1kyw	eyJjYXJ0Ijp7fX0:1wS6To:cUJWHrXlE4cNQC5dgEhd2MiBXVH9UTmJWQr580ttkYQ	2026-06-10 05:06:56.0621+00
kdx2bg9buqks6xwsq4rbigg7dhqbviwk	eyJjYXJ0Ijp7fX0:1wS6bG:blcE2sEa00PGkzUX0DFIOCfwEguAK0cYsutSNKgt9BQ	2026-06-10 05:14:38.691707+00
7nwiqr1o2walwu6ge728gnz5i2zpb4n7	eyJjYXJ0Ijp7fX0:1wS6gw:4NgIaDQuRezGQbA52YLo1ezyZLcGcNiTQ4mvSD6yapw	2026-06-10 05:20:30.534273+00
cl7gwireg1qnogcwekjj27anmdzcz1x0	eyJjYXJ0Ijp7fX0:1wS6ha:QOFW0jPIyY55-SmVSK5SSARPqtNyDqj5U13eh1axOco	2026-06-10 05:21:10.09326+00
xtub9mq9v4h969h6n5ejjaw1nhhn4jhw	eyJjYXJ0Ijp7fX0:1wS6iN:NFghTNvM26JxVr2sgYjt4kbQzt7yTzkpNtg4d9haT8I	2026-06-10 05:21:59.274219+00
dmgwm8sr1dftodcfrdeikxhrq1jhexga	eyJjYXJ0Ijp7fX0:1wS6iX:5DIVhiVcKNDbDQlB7S1Hyn1WDuoxfkojVV9tuMDszDo	2026-06-10 05:22:09.217715+00
j9axkxz8e2ina8b3nkc1ad2jq0rrhj7i	eyJjYXJ0Ijp7fX0:1wS6iX:5DIVhiVcKNDbDQlB7S1Hyn1WDuoxfkojVV9tuMDszDo	2026-06-10 05:22:09.910101+00
m5bgp7jkuu8ojby69f1mbf6eteijbla4	eyJjYXJ0Ijp7fX0:1wS6iZ:1ncV-5L-yz6Sk6r_NfmQIoeJPfNglzZ_bqOKEriR6IM	2026-06-10 05:22:11.210876+00
5tksq89y031ttsw2fccgwms94zdy8ai4	eyJjYXJ0Ijp7fX0:1wS6nB:HPLMjRUB-vgCB0wa-Tzzy7kKDNsrslOYNu_ozSq062Y	2026-06-10 05:26:57.173749+00
tyrz925f1p4ffewij0dhy478bxp4120w	eyJjYXJ0Ijp7fX0:1wS6nC:2Iy73omOg0My_IZVxYj2cmseoFJy0m5dPJr0eeQEazo	2026-06-10 05:26:58.297551+00
tnbuj74m9l5wn9bq630wa4bcsmvf06cu	eyJjYXJ0Ijp7fX0:1wS6nC:2Iy73omOg0My_IZVxYj2cmseoFJy0m5dPJr0eeQEazo	2026-06-10 05:26:58.31641+00
p3dtyub58o4xvlfknbe7ur0b6rd32gkg	eyJjYXJ0Ijp7fX0:1wS6nC:2Iy73omOg0My_IZVxYj2cmseoFJy0m5dPJr0eeQEazo	2026-06-10 05:26:58.448754+00
onpad23datdttd9sak8fc2kmh0rbybar	eyJjYXJ0Ijp7fX0:1wS6nC:2Iy73omOg0My_IZVxYj2cmseoFJy0m5dPJr0eeQEazo	2026-06-10 05:26:58.582977+00
own0dn60jnmtohe9n61qwsrjnxc0x7o7	eyJjYXJ0Ijp7fX0:1wS6nD:tNU-gOYW7bU1V82T_F15355MLD0OliY7Y_y3A0mVG5k	2026-06-10 05:26:59.24715+00
7z4phwg4bgv5qucffdebm5i2bgnof8w2	eyJjYXJ0Ijp7fX0:1wS6xy:kXLmN06IzwUwEGZkWw-T7-lT52pHBWbEeYjFi8XX5hk	2026-06-10 05:38:06.996886+00
043lf6swroyg53da6t7qm6qj4eil1t1b	eyJjYXJ0Ijp7fX0:1wS7Dv:WvoPEgxokwPcMCfyuwB-JSjhvlhBUemIIDdT9cwZJiY	2026-06-10 05:54:35.059042+00
nvl1emdgce2xg59qu7yxcbxrkeyguq7m	eyJjYXJ0Ijp7fX0:1wS7Rj:ZY9G-J-MDkNGfCPYrwpR7fkTC4SpyNSOZpR2194Kd1A	2026-06-10 06:08:51.150214+00
pni23wnxsgs4s95j3vcc9gv2mrzwcggr	eyJjYXJ0Ijp7fX0:1wS7jQ:ApmVe4y-1y0DTO6bY4nlyN9rpzq1lnmHtpoiggVMuDE	2026-06-10 06:27:08.897947+00
q8vboklqx2lgig8dumeftz98e7pk9bph	eyJjYXJ0Ijp7fX0:1wS7xo:HiWXbLM8bbSfQM0d3Jlup_1o-93SqoQDr9ScAbnTF9o	2026-06-10 06:42:00.207423+00
extjhwfx6jeqmhykgt9v9fkdwjezozd8	eyJjYXJ0Ijp7fX0:1wS8EA:yWcU-6mZj9NVdu9-yZ93DwHcwMReRdTxhzFY_Zhg3i4	2026-06-10 06:58:54.333608+00
itvr3i8qizz3usx1uv42sb8isoq6dsq3	eyJjYXJ0Ijp7fX0:1wS8FI:8AqvVd3_8Kce3tqZmC9enJcFxA3lzd5VCX-HcdwSBrY	2026-06-10 07:00:04.47473+00
2jmvq5162cz48evbw0jbmwbqs7o7ltzo	eyJjYXJ0Ijp7fX0:1wS8UV:8lJhDqgjX7VoaNTJkDcbWDGmJjY9_AOdbognhWu0AOw	2026-06-10 07:15:47.687051+00
u8n182078m9b5x15boo26kchr6l48r3t	eyJjYXJ0Ijp7fX0:1wS8ld:1hoVEZxjjtpt-agAakbIr9Sph9V8XQ39bnrUSnrBYeA	2026-06-10 07:33:29.608545+00
biov703c56e18mza994wq94grciv5ghd	eyJjYXJ0Ijp7fX0:1wS93I:AQbsCwXV49HmeE--HQBh1AyfMsCENlOZ2HGlRcGAhps	2026-06-10 07:51:44.892576+00
feiol6bpy94jf3dg4mogfyhjq4e6xak5	eyJjYXJ0Ijp7fX0:1wS9IP:nwun5mj0LiWJ8FH5nbjEW1KZBkF2wNPC1lMSKRvPbnk	2026-06-10 08:07:21.967588+00
wabetbxel0t5azmchau36u2h47e973sg	eyJjYXJ0Ijp7fX0:1wS9NR:1CS2M41jXyBhqMhHIOcD10WUVchI9OT439TkSsj5oj8	2026-06-10 08:12:33.726506+00
rzgiq3zvyy9fe2kd5fbq6zls1a2pvqra	eyJjYXJ0Ijp7fX0:1wS9WO:sWqmmw4mBaBxqAfH95xkfxttzbDcK5UcwP6N5JcYuHE	2026-06-10 08:21:48.389255+00
jp46t0qy5ufpsn21yvduzaqn85s9b7k9	eyJjYXJ0Ijp7fX0:1wS9nB:vRwRbS0ROdFuKS5Ngg5Z0q_9XdUXfgzksMYJgDFhNAU	2026-06-10 08:39:09.21784+00
8znbzga81jfqqltx77pn5ahb68rmzz6f	eyJjYXJ0Ijp7fX0:1wSA0f:-xv6M5ZyX8wIMFO-c6-rgMPUOaYtPrUpYslwsSnqRWs	2026-06-10 08:53:05.494889+00
ejawi1v7uviwlk7758etuliikskyevcv	eyJjYXJ0Ijp7fX0:1wSA4w:MQ2SC8mo-XZjAXhEyj-4dv_AfpSXPLmzqO0tfPmiNHs	2026-06-10 08:57:30.627194+00
7arg6157g0908cbgiukxy6bhazl8xsj0	eyJjYXJ0Ijp7fX0:1wSA8l:P9USdAAaVG2WDrsjHhjATOBaPlNrBzWsFCOViya-DAM	2026-06-10 09:01:27.590024+00
4x9wokyvgq2i3iihfjrtbkds6n6pgra2	eyJjYXJ0Ijp7fX0:1wSAC6:zrjj2k1Ewp2dD4Yie4GhATYJgiZSY-1oNnnFhfaOmcw	2026-06-10 09:04:54.079469+00
4enlsvz0gpj13l527iyb6o6mlfixmlbl	eyJjYXJ0Ijp7fX0:1wSAIK:IoVJFHx29A6vVIhhy8PPTmn4qLdIXoBIZQ83BMhZMpk	2026-06-10 09:11:20.295134+00
533qnvsmmfevgia9tymmvumozv7u7fri	eyJjYXJ0Ijp7fX0:1wSAS9:pMDXG7C1wGM2eu61fB4iYRXF03OGF2VnwZPaKP908bU	2026-06-10 09:21:29.204208+00
3vgykzq3bomuwv3e38sm534nezetbcd4	eyJjYXJ0Ijp7fX0:1wSAba:6NXE4YZpIaTMLkec85yrlSqXL-C3H2aKbhrSgdwFbok	2026-06-10 09:31:14.555804+00
ihraellgbxbobb4cumgzq4eulb7qg0yy	eyJjYXJ0Ijp7fX0:1wSAuJ:pfFS386-dMB3Z0bkb1WhnX26EGKCBUJqzOnSYFDOEIo	2026-06-10 09:50:35.955792+00
uys5gk9wp0i7o4mub6by9k9lui27183o	eyJjYXJ0Ijp7fX0:1wSB9p:J8QsHdTd6tl_ElnFQW_sprp0Eh4iDCNM31xcc9cRF5I	2026-06-10 10:06:37.25019+00
9x806ylv1808jgvz7l3hzdme1el6oou1	eyJjYXJ0Ijp7fX0:1wSBPw:161t-bIrcttgnF8XH1f3xfoygHdp3cANgX0UoWhTJ1Q	2026-06-10 10:23:16.542436+00
mvg3v7dmuf27iessg99ucnumi5drfq0p	eyJjYXJ0Ijp7fX0:1wSBS2:wRNhCCtmDXu7D1H3t-1T2TRFSV23bRWyAAtcM9A_xmQ	2026-06-10 10:25:26.529092+00
cdtk2yrc304b2alc9o6039wub5p5orxu	eyJjYXJ0Ijp7fX0:1wSBS4:MoXuTfeBYBre3d2IxyM6LpxaxcVMbMKZtLNz3jDsIaw	2026-06-10 10:25:28.489138+00
rwjskgrw5dltl19jsoibj6yq43n97din	eyJjYXJ0Ijp7fX0:1wSBS6:jE3kv7nvm9F6AQTvVfcha_f3oycTTsjMVIsOSJFMSaw	2026-06-10 10:25:30.457964+00
2th6yeypvm1t938xte9bkbo4ld2mgyl7	eyJjYXJ0Ijp7fX0:1wSBTC:e_-jntqem0_6oZbRi506dBoqpEvq4Oe4k9mqjMl1KDg	2026-06-10 10:26:38.209155+00
uzh6a2vcruklxzgrp911sck4j94pkmlg	eyJjYXJ0Ijp7fX0:1wSBTM:2LvVS7W46Z0aRBLPgL1ggYiKqvQJfIaf-VOhNlH_LlY	2026-06-10 10:26:48.444047+00
njgp8rk1yxu7mk7hvpjn8708er61h544	eyJjYXJ0Ijp7fX0:1wSCA7:VX95vmKMKoXxh_kPtue0Sz_H4XEtOa7YOgIuaCtvE_w	2026-06-10 11:10:59.259557+00
275rwe2somuie1l1x4qo4ox559dg68xl	eyJjYXJ0Ijp7fX0:1wSCRq:580aF1YYgmiXhhx2Pie0a9dqOo7EXlZ0UDncpto6uJ4	2026-06-10 11:29:18.413467+00
1b0niskr9fla5zni5mud7alktads3nqm	eyJjYXJ0Ijp7fX0:1wSCRr:cjoLH-CiiG9qNRkRq7Soo_LBLSqDNIfHBOW6Le6pCdw	2026-06-10 11:29:19.044552+00
ig2d57t8b8ztuvlflmhh3ad684fqu2ep	eyJjYXJ0Ijp7fX0:1wSCT4:DBB2xzAPuaqPG1qmSb1mUisHsEV_gvGT9Dbv1BMiprc	2026-06-10 11:30:34.694852+00
7nm8lpq4ti63ugf4pgzjns50l0y8w2ao	eyJjYXJ0Ijp7fX0:1wSCTB:vYJEOyCIbV5jSKqm0e0saG5lOpredVHXYbAvK-ybDnM	2026-06-10 11:30:41.681664+00
5y4ggyjx6lmmdvuz68k9itmvqyehhgvf	eyJjYXJ0Ijp7fX0:1wSCTD:BGLwCD5jBOzNroHIuBHf3ADUDvmZLZzItWe_7Y4G_sU	2026-06-10 11:30:43.178839+00
c3osszingeik3wvcw77yfv594916mpsx	eyJjYXJ0Ijp7fX0:1wSCTE:WREITq-gUM3dyeviWE0UUDeUrjiIwSF_JW5YVmJFFn0	2026-06-10 11:30:44.829666+00
rjzjvi46d0t7r4dp5bk36x64z4fxzg6l	eyJjYXJ0Ijp7fX0:1wSCTJ:yUmrecDap2DXfn0WAU4nkm0vn5e7kcCGeBY6GfcNhrI	2026-06-10 11:30:49.118764+00
xxfjjs0dzega5t0cqhg4pw1eqlu2lhl4	eyJjYXJ0Ijp7fX0:1wSCTL:U4FeoVjRFqgsbKtsE4FbvF_gHv8K901678d1YDTtMH8	2026-06-10 11:30:51.136814+00
f5911puki2z503rdiwzutgksvw3jgsbd	eyJjYXJ0Ijp7fX0:1wSCTR:6MQ4mbUNqO4yNNrhpfqG3dhZZH-k5gSoVND7CFR_gzc	2026-06-10 11:30:57.275206+00
ixesdjbin3yowz2j97w5w8hz50ndrie8	eyJjYXJ0Ijp7fX0:1wSCTU:1PiaBau3ygdSHcPh6bvw-evIh0nd64Es2nWNFDj20QQ	2026-06-10 11:31:00.188797+00
0nf89ol9nbbvnbl8zfw32a0gustci9qj	eyJjYXJ0Ijp7fX0:1wSCTX:QLGG7Yq7_axh8EG0aDEjCcAMaKKZCbNNoxg331pnEws	2026-06-10 11:31:03.841188+00
1b3vtl8rwfbsl0gd9f2u715oztasgldu	eyJjYXJ0Ijp7fX0:1wSCTb:uzqVlM1YGNO26vopZh1Rs5R-1O1cF-LFvCO20wID5hg	2026-06-10 11:31:07.729495+00
ugamfma8tjfxne9wccozdy2gc2xzu55x	eyJjYXJ0Ijp7fX0:1wSCTe:GLLdPKn_zSS_uNEj6A7lacySzjLhy70MhZ0DsE8h2S0	2026-06-10 11:31:10.370208+00
7w4kq8jxlnbisx5fba84po5vqnlvv59s	eyJjYXJ0Ijp7fX0:1wSCTg:mI287_xojELQc4EnOI_IBLlYCSCkdbPNiQV7SmZZC5o	2026-06-10 11:31:12.080244+00
lpqap64jnqboroljcjvdgfssy3ry4xzx	eyJjYXJ0Ijp7fX0:1wSCUW:mPkCoWITs_srL8huj2PHEQTdsjgz60Dtj5nNOMXIqkQ	2026-06-10 11:32:04.011513+00
x5epk7lng9zypdv8xu033hpwhn53nn2l	eyJjYXJ0Ijp7fX0:1wSCWH:DV3wJg5UOH-K5qMLQFIbLMVIQ-1uNtTUXR0Lg12Hwa8	2026-06-10 11:33:53.620314+00
0zd6w6uw93chsnamxkv778yvyfkue5b6	eyJjYXJ0Ijp7fX0:1wSCan:O14EnW3amW_6kCRTZcWvDBT2hsMhDQJ3xWh6xIy2lT0	2026-06-10 11:38:33.822988+00
nm80po4v6c0m55k7idd7ww0i4zi8ufz5	eyJjYXJ0Ijp7fX0:1wSCaq:VL69-VzhYVuZoweWodeUwOzpPCrFzml67OscV_olSiA	2026-06-10 11:38:36.369648+00
792l2dpaq6o4xgu81923kz2c2eh05ejy	eyJjYXJ0Ijp7fX0:1wSCau:9BwG_VFGjSzHT-jnrwlrTOPQL85J3uj61NDGzGlmJ8E	2026-06-10 11:38:40.582153+00
4r3q8sey8pzzbkmuawdp0yazm085i64y	eyJjYXJ0Ijp7fX0:1wSCax:ETM9vHaPEc4xHH2LaF2NAvncReJ6C4LBU0kZax4njH0	2026-06-10 11:38:43.144561+00
zjzpvc6p1fvprlaqkokgtnztvvg98kj5	eyJjYXJ0Ijp7fX0:1wSCay:UF4rz73ZriD0dmtlqB0EPH00IFIX7gPho7VcILKhil8	2026-06-10 11:38:44.132074+00
bp2yg83ln6fufnyrxxm0j199tyqoyfx4	eyJjYXJ0Ijp7fX0:1wSCb7:uXFAilTvSrWboAlmuu_HgQPJuL7cA0lYptrHNlfGQzI	2026-06-10 11:38:53.715822+00
r9jbj7g1irw3uyyk748yj4igrsjpcey3	eyJjYXJ0Ijp7fX0:1wSCb9:TvEa1rfnln_hn9RRvEgEXqzSkJEFidIM0zwnt5r4sLw	2026-06-10 11:38:55.683554+00
utl7odszyozckcd3isji6f9mykwqfjtb	eyJjYXJ0Ijp7fX0:1wSCbD:bfWXrzEECHPGsunhK__GBBiCDkiXuKDgH-zUr0wyFJc	2026-06-10 11:38:59.951729+00
tzvr6an15fzdiq7ogtkfu35azmet14wh	eyJjYXJ0Ijp7fX0:1wSCbF:YdCW2J7ePtiI5yn-6BFAlgd0YNChG0Pmvfpocd9a_fk	2026-06-10 11:39:01.245403+00
7oeq3ee5b33onq5zb7ji0rs8vypp0oun	eyJjYXJ0Ijp7fX0:1wSCbG:1LTtNkJtWiAkPW-kJuUZsWGHWHsDmsfuRiaIvjvBdyc	2026-06-10 11:39:02.971451+00
rs2gmdhx6guees401zpddtt2to2tjry6	eyJjYXJ0Ijp7fX0:1wSCbK:RzwG4VuPi_-0PWZ5tEOPG9B2csTuyQ4lJUt64YvbEnQ	2026-06-10 11:39:06.347137+00
pvz5y7q55fsmun7qhq5hd377ggs7uc2w	eyJjYXJ0Ijp7fX0:1wSCbz:b20GzKm3DN7lhEpHnUnRBMRhyumH2nxGPlTtQzf85pc	2026-06-10 11:39:47.261795+00
rl6wwjrns0wtwj1t3zf2oj284t14s7ge	eyJjYXJ0Ijp7fX0:1wSCcI:eL9-311DxB-5__-YQVleA3Qf22qVWy-LbH4cQQSkxQo	2026-06-10 11:40:06.041797+00
tjwwmgvblmwp558uyl90tbhf32by9f1r	eyJjYXJ0Ijp7fX0:1wSCcK:8yq2h1_-S2QiuWmv-NsuKzSUk5s8paswvGBybR00o_Q	2026-06-10 11:40:08.489572+00
nxczmjuh320qchmok6rzz4yufj4przme	eyJjYXJ0Ijp7fX0:1wSCd5:tehHbFbaffHKQgdYyJnDQ7hhqoLHVZAFBRiJo95cLuU	2026-06-10 11:40:55.814985+00
6yg61c54o2x5z8r11p6zk661ihn7stvh	eyJjYXJ0Ijp7fX0:1wSCd9:kg4vbriziV59Xqp_aBGyMrXC8u9JAGC3k68Q51sRgEc	2026-06-10 11:40:59.803601+00
26s6ralnxm6w3chgm3x7yzw9kp54vydk	eyJjYXJ0Ijp7fX0:1wSCdB:PwCYGb10VgeDk4QMPGzs4jCXI62zg2n2LWmhlWK7zJg	2026-06-10 11:41:01.791891+00
zrxzgy2mk8zwjqao6wqcw0u38bo6th1h	eyJjYXJ0Ijp7fX0:1wSCdN:1OCv8JS5qSrNu9fFmzkiBW9-V594hnM2YK03DvRHUus	2026-06-10 11:41:13.339436+00
gjcmd5o2by2ryudrlotfj4o0g24ksq0d	eyJjYXJ0Ijp7fX0:1wSCdY:WaLwXiXbaloPCxzhS_aRI9fHYn4ZX2oLzVUZVa06z2U	2026-06-10 11:41:24.40005+00
1e4r36er8p4qbtlso3hylgn4oflv8kln	eyJjYXJ0Ijp7fX0:1wSCdb:P4d3MTFbrjaP9nuCaZhOsehBBaOEF8HcKlFLiD6emk4	2026-06-10 11:41:27.631733+00
qi8lodqybadk12v0w3b6ew4abwrknz07	eyJjYXJ0Ijp7fX0:1wSCgQ:cJNVeZjh5FjqqZhGNwc2fwrZlzMmeAlYFpazA-QhumA	2026-06-10 11:44:22.189354+00
0o3qo92p78xnee487w654k4pbcejzizx	eyJjYXJ0Ijp7fX0:1wSCgR:0z2PeKabOKQzQg0s7Vp56nTNtRSOeHbBdBucBQ8Iok8	2026-06-10 11:44:23.360868+00
94w2r1rxh4nv1o68mat2md0qd7xzstp8	eyJjYXJ0Ijp7fX0:1wSCi9:7XMtJWQ-OtmsVGpx9cQejRv4HqH2-nEYPFD5NTOYJLY	2026-06-10 11:46:09.1301+00
o1m92ns9ctq7xouy0rd930psjls3ivpb	eyJjYXJ0Ijp7fX0:1wSCiH:p3kK87XGTTyU4T6KdgbpzLPCX7kwxKx4_BIiVySqNGM	2026-06-10 11:46:17.758601+00
yku97980bmykv0hvcf8vo2m0uh0cs9ug	eyJjYXJ0Ijp7fX0:1wSDn0:etc7aAkCPXDVvV1_6g83h4N0C44Orc45haP8uYb4pkY	2026-06-10 12:55:14.636411+00
pfsgn9ht6u64uz5agk3riwxsd0c7rruy	eyJjYXJ0Ijp7fX0:1wTVqi:sZHph2Eu9rUls6dUhV2MgDoN7SSGwA73FZRUDX_G0H8	2026-06-14 02:24:24.783088+00
7k3dbgc4szf0p7om5wqqdgx4noezfj6t	eyJjYXJ0Ijp7fX0:1wSDUt:slUzIMGickktshybey76kLvdLggnavoj9BsRK7NYtm0	2026-06-10 12:36:31.993187+00
d5hguc8yu7rl2x2qtk3iergt3nrcv1xu	eyJjYXJ0Ijp7fX0:1wTWJm:MFzdS_wOpa63F4hZhoKgDFxtPQ-4ZZROPBXVE9_5pyo	2026-06-14 02:54:26.296605+00
vzarqu93wrhtn3n363u7uqakw3a678bd	eyJjYXJ0Ijp7fX0:1wTWu7:Ozqb4fKXypy1DqvAXbChPslUvNI22WIpfBwRTGK8qcg	2026-06-14 03:31:59.112503+00
ho5w31xm9p6o8pbrdv9khfnlj0v8bip8	eyJjYXJ0Ijp7fX0:1wTWyv:99sYqYmcuTwQeM7CXC8UrQi8flZ4hlrLTtze859L1X0	2026-06-14 03:36:57.056325+00
2mitou4h5h319p96ws7vonhvjgrgwtwj	eyJjYXJ0Ijp7fX0:1wTXXY:vk7JkJQI4InuNJTRTiL7kvVPueOaojKZAPvozPHbl6g	2026-06-14 04:12:44.342102+00
2iid380k7je0g1u3sn2891b56yl6adn8	eyJjYXJ0Ijp7fX0:1wTXqJ:gtqgaeVqBAuRkb30S88pdXk5yV0i6YoLVHb28ksmDww	2026-06-14 04:32:07.753986+00
oop7mhi5p4lci6mbf43qn98m7k7ifv0k	eyJjYXJ0Ijp7fX0:1wSEJZ:HchEovgFOMmsO0It5cUtwF2r5I9aZhogCzIYyo7vfUs	2026-06-10 13:28:53.993113+00
x1z4uzv5kx51y92zk264v0a29zb2gm6n	eyJjYXJ0Ijp7fX0:1wSENu:VSldh3iMt4HUq7FSapVBCewQBV1w_6za5sMWeG7tA2I	2026-06-10 13:33:22.470773+00
zc2u2u1w3h9d7hcrtd4tcy4xb1syzpe0	.eJyrVkpOLCpRsqpWMjM3AlGFpYl5JZkllUpWhjpKBUWZyalKVkrGxgZ6BgZKtTpAVYY4VRkaGECU1dYCAG0lGT8:1wSERm:8Nx4UZOFtW-akzw-20DQyPeb7p6EEpQgMvb2-lvZE_o	2026-06-10 13:37:22.12372+00
xp7nbz9639om51z9xjsfjj5gqby3sqmm	eyJjYXJ0Ijp7fX0:1wSETb:SRzx5OCBkaQxnAKOU-troIPnj-ttHpoUJquLVFvQ8lQ	2026-06-10 13:39:15.11502+00
4gstow91czj35yb5ztfbjs4d0u762ms7	eyJjYXJ0Ijp7fX0:1wSEY5:3q01rx2OSq1QJl1yFkfvCliONvp_pOqWrk_M5WkieCs	2026-06-10 13:43:53.033262+00
3rlv6idsz6xdag98l33kethhs9xpkfu4	eyJjYXJ0Ijp7fX0:1wSEdq:7hOWgFaxE7ZyUpR6gGIrjlTbR1ZKLT7pnLbc196NXZA	2026-06-10 13:49:50.596195+00
iregaakvz2qkqzka4l86e28s233hj4o4	eyJjYXJ0Ijp7fX0:1wSElk:6Eha3Ca7093TN5_RRtWI_Z99imGDGq72iUuoAe81v-4	2026-06-10 13:58:00.87651+00
tjwem63r468xebh8xuu5kfjc3vj8074v	eyJjYXJ0Ijp7fX0:1wSEwX:6x0ksY0ejKYDDBBCGtgtXsPV3XhMTjof5-QxADknc7I	2026-06-10 14:09:09.067184+00
3s1jvlrfioeknv22pmzlbkurdqedkosm	eyJjYXJ0Ijp7fX0:1wSF60:pWXqFY3IxQaWGYwbFk7tvtwlSpb7QH8_Io2-MHksYqY	2026-06-10 14:18:56.182278+00
ayxmjl18t0mmm9ofsmpi9d4p59yzfec0	eyJjYXJ0Ijp7fX0:1wSFFY:-1ern6ExwuM3Wd5pIx2Z2GDMCwhMfGtDN9OCBet56BQ	2026-06-10 14:28:48.007681+00
vu7nh5qvi8fdtlaun3jeh7xzxnarupsf	eyJjYXJ0Ijp7fX0:1wSCr2:jZppDO27Wot5x_krdhrd29rB3wuDPpkvzdU2L7qFmLU	2026-06-10 11:55:20.344576+00
hy1o1oyiqd1n0d2z36wo8u6fvb1rx9f2	eyJjYXJ0Ijp7fX0:1wSFKe:Bca0nQMZFqQHWgPhCEdsnoM6YIAIH-_i_uonUPZhhtg	2026-06-10 14:34:04.466005+00
jfpf5ckm1hygocm6iw68vrx4oqhi71jk	eyJjYXJ0Ijp7fX0:1wSFKi:091IGcEqIyP0xYig7rscSitL33cA1HUD5MMpQm7cA8I	2026-06-10 14:34:08.786196+00
tef1o9fje46k0kpy3fklgcvtxc4v15n4	eyJjYXJ0Ijp7fX0:1wSFKn:MTR4dn1I8x141gQfz6qE_wSL8S-IEyeUvPWz-4bWrOg	2026-06-10 14:34:13.023176+00
53i6cvvnb0hcoogg9z86z0m1v5cf8el9	eyJjYXJ0Ijp7fX0:1wSFKp:y_RLHBwWKNCR3XHGJEvkNksYCTTAmm8RGhErHcH_UQg	2026-06-10 14:34:15.737981+00
anx9hn4oc8okwn74ius8vdjcmm8brfj9	eyJjYXJ0Ijp7fX0:1wSFKs:YaqpLOEqCtDquAcICAnGxd5IE4D_UH7pqUt2FL_ALJs	2026-06-10 14:34:18.511244+00
2g1wb2h00sujbazrsyvu2c5n7069ila2	eyJjYXJ0Ijp7fX0:1wSFLP:kIcLtVlM3vtX6OsIDZ3zIC5IBqkcfy3PsMk-GyxIig4	2026-06-10 14:34:51.295598+00
a0qtspu9o9ajp6g580x36q5uqx476b5x	eyJjYXJ0Ijp7fX0:1wSFOa:e7LsyyniEYnTWjonXo9BaQBqhaViq6qoNVqn9dGys9g	2026-06-10 14:38:08.346797+00
z0epw1ijd7ge0p01mcu2fg6kvni67cla	eyJjYXJ0Ijp7fX0:1wSFPh:MKUeRSOtE9Llgkhp85aPlYQiPQTcgBAlF0uKOSFWQJc	2026-06-10 14:39:17.263837+00
o5t09i8indh7mex35kpwo3c3m32wjenp	eyJjYXJ0Ijp7fX0:1wSFWR:tqrxuA73KHaRGR1cwGOkEnVvdUTaMEoqBe-2exG3d_A	2026-06-10 14:46:15.925651+00
zkwpx0pf28kho2ip0i0eiud9z2w6ztsv	eyJjYXJ0Ijp7fX0:1wSFhi:wj7gkNN3kRQsE20FLMIGlNSlPLGELnl1QYsHVTaU-vA	2026-06-10 14:57:54.934354+00
hd6mfuxig0w97219nxueq48fxhr3sr87	eyJjYXJ0Ijp7fX0:1wSFht:awkGoudGbEL7OcMx4aaXq1C-6q-xGh3UdsTJ4BKJmeg	2026-06-10 14:58:05.477874+00
nuycxw4o9zhj4okqae83tyjg6t25hojh	eyJjYXJ0Ijp7fX0:1wSFsT:66lil-SVDT_dr8uj8eJC8EnIrdqWQeNx7Y582YSTOwk	2026-06-10 15:09:01.153777+00
ew0xp8t7zrz1tptrfl0pprjz2ddz79gu	eyJjYXJ0Ijp7fX0:1wSFuR:h1PaM9DNjxR5w_Uio8--Grd96OeLBoK99W2BTmIImuI	2026-06-10 15:11:03.496475+00
04sm44w5mr8oi7hwfo4modcnh03zopcj	eyJjYXJ0Ijp7fX0:1wSFuU:qoH7JpDn-oENhs4Kgzjn7jKfFksWoRUYTl2cgzY1a5Q	2026-06-10 15:11:06.967606+00
8e27wwmhgizhy6ccvr16a6quz1b5ipgh	eyJjYXJ0Ijp7fX0:1wSG2I:MfkQpr4NMwC_Dq4aSvtZA9vjJM-aj8kg0kqDzukjCuA	2026-06-10 15:19:10.197178+00
j1i7tiejoupp4377itm9v7zh54n8ujsi	eyJjYXJ0Ijp7fX0:1wSDBF:umxB7cRQVXdYy8FzWVyYRxht8zhWjH0oBeFrF9PdKE4	2026-06-10 12:16:13.974754+00
1l789jgr2iv68makazb3wdzp0w4nygnc	eyJjYXJ0Ijp7fX0:1wSG4B:Ik4xcJL2_jaJcs79EvCW7s4tUIB0trOUI9IevbOPtQw	2026-06-10 15:21:07.693038+00
8yo5rxsowqny5er47fm3r0c7haxshuns	eyJjYXJ0Ijp7fX0:1wSGBS:zsod9-4xg5imYKA9DcDjBmOEyYLcOIfpgGOTujZscvk	2026-06-10 15:28:38.81451+00
axerasogyno9oqiu9di8gcckxv4xoy4i	eyJjYXJ0Ijp7fX0:1wSGLM:Qxjhf5BKQ_FVXV47mIsrfx1BtQM4we3wn5EmtYxyr28	2026-06-10 15:38:52.978182+00
rqszlpjq871t5krt6qivjpif194p4adn	eyJjYXJ0Ijp7fX0:1wSGOU:oPCf49ajncG1zkqkQ63EUhSD8mGmr3SuLx3qWFlRW5I	2026-06-10 15:42:06.498422+00
r737b0jeit3pqz8mvg6q8r4ix25i7bqk	eyJjYXJ0Ijp7fX0:1wSGUc:9G_-xhlnZQmHb6q1T6OyFM1RfTQ_JUAGKkif_xAOxvI	2026-06-10 15:48:26.303244+00
3l3odqi47jw1e0q6t7avapl1n6wtx97s	eyJjYXJ0Ijp7fX0:1wSGeV:O4F9xVMp5cflaY413TEmRfprFJRcjTTbZszyVqTyAQA	2026-06-10 15:58:39.177518+00
0cki8tvzq9ob5ges5bsk8f30czblfjnj	eyJjYXJ0Ijp7fX0:1wSE0E:MvPES8nWRa0DgECETHfwlQ1_1AvelXZLV5UyudNqy_4	2026-06-10 13:08:54.466796+00
wr8f32by66ipyk4w2sm4q9yzbqq5m8xm	eyJjYXJ0Ijp7fX0:1wSE9N:IfZpffvbkVfNtBVvXsBHrCHtgvhTIehr5w8ydc-Qe7Y	2026-06-10 13:18:21.52844+00
k56nig2c4n859fju1d8r647jntc4eq5r	eyJjYXJ0Ijp7fX0:1wSHtt:Cy2UhgqrZJw1S3UgdhZAik1YRuyuw-8V8aEqfBfcm9c	2026-06-10 17:18:37.670216+00
ki8usybsju9ounvn70lapnbe76iqjvjl	eyJjYXJ0Ijp7fX0:1wSI7t:w2jwUh7QelgvjsZuRngXUjuYt34VT3scW0OjQvX8GOo	2026-06-10 17:33:05.442591+00
vyg2xhftgik59fq2ykuyjsqbz2zpbn2n	eyJjYXJ0Ijp7fX0:1wSIGA:rMF69-OwJsgvOAvKyMySNAFH2VCXfcQdMPBTejoaa1s	2026-06-10 17:41:38.694063+00
jkdhj82atsdif572ebuwh3crat1nnqfv	eyJjYXJ0Ijp7fX0:1wSIPD:H7W4lvGc1cngFwgoSmkMwVfslXOLoJBXVek6nNA6O3A	2026-06-10 17:50:59.876742+00
612ei4fdbdcmjhltzbbwkgbda64ak5n0	eyJjYXJ0Ijp7fX0:1wSIS5:OEyl37le7mlGZNLPgLcuD0Ab66M2rs_2HAdOl80BFNc	2026-06-10 17:53:57.821006+00
wtnk0dmeij7k3ije6q7la1b0w4uxtxii	eyJjYXJ0Ijp7fX0:1wSIT9:Ia_1V6hLxg8a0O7nYIvzLDN2Cc3mY5qWr8r7EzS5VSo	2026-06-10 17:55:03.682398+00
jywvyhqtry7i6z2o41g96ks9omjobd37	eyJjYXJ0Ijp7fX0:1wSIZ2:MYzKDcI69ueI-Eew6d_ZrkWplGntuWNzm4rETRMvPoA	2026-06-10 18:01:08.616042+00
1fsmjgb1xyviqy2y2n98rv7wauj3cm83	eyJjYXJ0Ijp7fX0:1wSIkn:rixoS-ScfQmAb25kvGlDjIO2kxCXi3d_oKYoIoc0-8w	2026-06-10 18:13:17.454528+00
1snrflg03wabi7rxk8wo7hn907h7cn39	eyJjYXJ0Ijp7fX0:1wSIlF:BLn0tRwvEa7FUvUTYEar1UI-yGBgQ0-WIc1PREyhzZA	2026-06-10 18:13:45.464357+00
rf5zuthlc0jjayuo5639nsb0c2xxbvho	eyJjYXJ0Ijp7fX0:1wSIll:nDp27k8_lSw_e7giA80Epbp04Cxi1xINZpRoJIxcFa4	2026-06-10 18:14:17.306668+00
7218rb201mxvy5cy95s0n4ufpfxsz010	.eJyrVkpOLCpRsqpWMjO3AFGFpYl5JZkllUpWhjpKBUWZyalKVkpGlnoGBkq1OkBF5jgVGZqYGhjA1JnhNszQwBSsqrYWAPriI_I:1wSh54:SNz0UcKR4lXKNE7Rc22gOJ3yj4M69_e4ppDed8NX6Sc	2026-06-11 20:11:50.746603+00
9ikozim76bu77o1cgt95sgn6utrd1zq3	.eJyrVkpOLCpRsqpWMjO3AFGFpYl5JZkllUpWhjpKBUWZyalKVkpGlnoGBkq1OkBF5jgVGZqYGhjA1RniVmcAVVZbCwAdMiQX:1wSEFI:1Ew3jDc1DRATzMNyWLdjEtbd94IrGBqN0QPuTaY2jXE	2026-06-10 13:24:28.161897+00
lfa5fh2k5azenop120niekln2tceg1k1	eyJjYXJ0Ijp7fX0:1wSIlm:Ujx2O-DFpA4PwVvmCmINlBcKgFOH-2YOzJk3bqxy6iE	2026-06-10 18:14:18.623676+00
6zh3mzmql81d89gpi7w9oymjmchn67k8	eyJjYXJ0Ijp7fX0:1wSItQ:M5mkxEMevIa6TbylCdyMrx9sMhY_51SMybXCs3H4k9s	2026-06-10 18:22:12.205535+00
4edv1jx5wop4viwqr7b99p6ncjz8coof	eyJjYXJ0Ijp7fX0:1wSJ3W:Scvm-KMJyM34DCbSUse1Bl7NZssBff1OuDE9FZWyCqw	2026-06-10 18:32:38.797526+00
6t10aqhm1vflp2r5nkdho4gemnawt2zl	eyJjYXJ0Ijp7fX0:1wSJCY:LyiFCMcs2BA95otXA9j4BsSAsJfcWJ39BhmPSsvEIF4	2026-06-10 18:41:58.409866+00
upuyn3aaj8l5puu7t3clfv0oghcbklx0	eyJjYXJ0Ijp7fX0:1wSJM4:W-AOEV2Hb9fvQ9n5gbLMhT4LrakrgX4ZAOLNju9xR7U	2026-06-10 18:51:48.319678+00
9cdi1sup5y54vab87uxgrl25ijv22ggu	eyJjYXJ0Ijp7fX0:1wSJMq:eTUJNcfcDm9CGgV73GHlQxzeRojx8uKZT76pT1yb4Mo	2026-06-10 18:52:36.294037+00
j8a6tvgisf58l5fxw4oup6wq3sqyov9t	eyJjYXJ0Ijp7fX0:1wSJVz:2Wa95U2Fu6UZP8uRN3Bx3-pfp8AhAxE3yA49Vg9sy0k	2026-06-10 19:02:03.570283+00
o8xogoi0tdvokkjfphjw8atyfp47hjlk	eyJjYXJ0Ijp7fX0:1wSJfg:okdHtIUAadk_ylSPt8jXSaJHcR28pmNTIZVJ_iPFUw8	2026-06-10 19:12:04.565261+00
qxgo7pfuqo1vmt13ca8ob54h9q3ikzkq	eyJjYXJ0Ijp7fX0:1wSJm2:Ajh1rGwDKQQgJEKfP-UaRhcdKwUnvluxcn31BWEXnvg	2026-06-10 19:18:38.282255+00
zijnx1hf4vkeg0mw92a0v8wax0yt9x6i	eyJjYXJ0Ijp7fX0:1wSJnA:tWwzaXbOo-TYj27zi599jmGdaIYvYsYsAApSxBYv5jg	2026-06-10 19:19:48.517869+00
h3d79agvtnvwu40r8zqvztug095sj6t4	eyJjYXJ0Ijp7fX0:1wSK02:zvdx0kXyX3E_u5DEL-YHEx__s5DIZrWulC2v7KQbbrQ	2026-06-10 19:33:06.578621+00
i1ekz2xmfo8l4kvv630b13hnh29yewvq	eyJjYXJ0Ijp7fX0:1wSK6i:9BAqgS1L2FaSakTq8Knxeb7MKvY0oN9YKdziuP_eFQI	2026-06-10 19:40:00.255009+00
0ch1gxvp4fu8zdn2xxuf85vc3jf8lt2b	eyJjYXJ0Ijp7fX0:1wSKHe:vgOYnCw8cf-uoeVG4Td3Iy0CgyuAxxeqYR4geKEu93A	2026-06-10 19:51:18.690329+00
oiooaz89ru1eoe034zno094tiev3fhtt	eyJjYXJ0Ijp7fX0:1wSKLX:Pb-487nluaSeA2RaWWCavRIjywoEYSU_LKLswRq2Kzk	2026-06-10 19:55:19.942865+00
v3yedpl3v8ttywo9u70iwovilzfjxteb	eyJjYXJ0Ijp7fX0:1wSKSJ:FV69zDZZTmzgyjrUVSi6By_nb2ghrCns0-rkPADXd-A	2026-06-10 20:02:19.094243+00
gs1rf5d0azaxsqggu6iga7kaf8z7h464	eyJjYXJ0Ijp7fX0:1wSKSl:o_wPd4Pefkb97n-44s0sU4-eCcB95B4X4KMw4HykSDg	2026-06-10 20:02:47.189462+00
6sqzd3jrka5aj0z6gzc3zjq8f5y1reg4	eyJjYXJ0Ijp7fX0:1wSKSn:UnJiRn9pAFb43h3ytcFBxcX-vhhAnUNR_Pm4kkxaR1g	2026-06-10 20:02:49.368703+00
mj6szm82uq5uu57ctjncc2w4w4wk05ry	eyJjYXJ0Ijp7fX0:1wSKSn:UnJiRn9pAFb43h3ytcFBxcX-vhhAnUNR_Pm4kkxaR1g	2026-06-10 20:02:49.673197+00
f6lu5urfsj7p9vlbe828vk1nhsbw5ik3	eyJjYXJ0Ijp7fX0:1wSKSt:fL3ZsEfEIsIYuIO1KVIlWXF8kDzTfiggu8XftQksnZA	2026-06-10 20:02:55.992444+00
emchh5ihlvabkgoixe6uu57x2enytl6m	eyJjYXJ0Ijp7fX0:1wSKSu:iujpHCCvmabBkvRRNZdHNIZQqMoqwNGeKPCq1HeEp-c	2026-06-10 20:02:56.312946+00
6r3uqeriy06u2kmrzic7cwt42ey286ul	eyJjYXJ0Ijp7fX0:1wSKSu:iujpHCCvmabBkvRRNZdHNIZQqMoqwNGeKPCq1HeEp-c	2026-06-10 20:02:56.496157+00
m7sl4slvygu1pnbmprudiw7815wgud3w	eyJjYXJ0Ijp7fX0:1wSKSv:E0qGFweR1TTVLxkRFS6UN_3wwGzlLPpgm_DmWheEeF4	2026-06-10 20:02:57.759696+00
1dhg6rz73d8h15dyao8ncfe4jl7jf2pc	eyJjYXJ0Ijp7fX0:1wSKSv:E0qGFweR1TTVLxkRFS6UN_3wwGzlLPpgm_DmWheEeF4	2026-06-10 20:02:57.8166+00
6svbpge0gevnprq4p5mr8jh8zz4wxrfx	eyJjYXJ0Ijp7fX0:1wSKSv:E0qGFweR1TTVLxkRFS6UN_3wwGzlLPpgm_DmWheEeF4	2026-06-10 20:02:57.840279+00
1tjhz6vtdu0c3uck0uyu371c9sd5d45z	eyJjYXJ0Ijp7fX0:1wSKSv:E0qGFweR1TTVLxkRFS6UN_3wwGzlLPpgm_DmWheEeF4	2026-06-10 20:02:57.891203+00
2oupv5emzdj9mu1qn7v5f6jzj8bjkvfr	eyJjYXJ0Ijp7fX0:1wSKSv:E0qGFweR1TTVLxkRFS6UN_3wwGzlLPpgm_DmWheEeF4	2026-06-10 20:02:57.918258+00
9y3b5780ukputbb2qyj8p3ptignjqj1e	eyJjYXJ0Ijp7fX0:1wSKSv:E0qGFweR1TTVLxkRFS6UN_3wwGzlLPpgm_DmWheEeF4	2026-06-10 20:02:57.935143+00
3xzbozxc1v00rdfhktnol4cpfaankq6i	eyJjYXJ0Ijp7fX0:1wSKSv:E0qGFweR1TTVLxkRFS6UN_3wwGzlLPpgm_DmWheEeF4	2026-06-10 20:02:57.942848+00
bb8wi81gdfrfjzlqtibqvfts0qcki1yz	eyJjYXJ0Ijp7fX0:1wSKSv:E0qGFweR1TTVLxkRFS6UN_3wwGzlLPpgm_DmWheEeF4	2026-06-10 20:02:57.988098+00
qq1a5zxhr44ibudlrbqv8dmhcqvg2g4c	eyJjYXJ0Ijp7fX0:1wSKdk:6TfDZo5hDv55x88Jlz3P_-y9XMHs-5vTitrSc-lidcs	2026-06-10 20:14:08.61158+00
djnvq3npts3abfvgr2rnrf8mscf6gszi	eyJjYXJ0Ijp7fX0:1wSKkd:1Bowo4Rtw3EguoUlRrmCVCZDTgD-b-RNDK1RMeLp_yI	2026-06-10 20:21:15.771513+00
uskeamf5v8e3hr3l05xakhqyc0nu7gj4	eyJjYXJ0Ijp7fX0:1wSLer:3CX5RmJXG7x7rz03DwYNHsCSvwE2N4o3XK3lnKh57PA	2026-06-10 21:19:21.276566+00
w5c0ksyw7zjqx9v4u3j4jb0grkt8f1ok	eyJjYXJ0Ijp7fX0:1wSLjv:AGyLv9YdeE2HGjkEOpB35CzysSvhoMxGozjOYiMnBWE	2026-06-10 21:24:35.385781+00
yg0bb8ipcit59s165oe5r9e2pseke1hf	eyJjYXJ0Ijp7fX0:1wSLmR:YVGm8l9vLTqwHCrby8IzyAuZMAzdBdCJZBolejdxbDQ	2026-06-10 21:27:11.981509+00
r7qngm1cchvf96v31qgfiw6fjrlrrybr	eyJjYXJ0Ijp7fX0:1wSMXL:QCn4tKEeAr_QggaFUuX2EA0kVJcdF5523RsFhb18AQI	2026-06-10 22:15:39.789549+00
8n1uh6akgutj2ywitqf0wdtde6eax0k0	eyJjYXJ0Ijp7fX0:1wSMrX:y24xFRrDh3ribMMNOuhE4AWhrsgdX4B9QEe3ptj6UhU	2026-06-10 22:36:31.053401+00
noexltgy7yg34ra3st4rxg1k2avc6upd	eyJjYXJ0Ijp7fX0:1wSN46:rYY6vDLmE-YNjsXUXdDwEzyp8OeRt0_wC1FqILXvxoE	2026-06-10 22:49:30.728785+00
g5pxacwsalmu214et81urkvj63h75qel	eyJjYXJ0Ijp7fX0:1wSNDm:NH0hux9WrFIPuuUwWmAZtTVfU1XRhItgehnan1kiGJg	2026-06-10 22:59:30.398552+00
qp9hg928c9n7f6b2e0le2xboxfaigrcv	eyJjYXJ0Ijp7fX0:1wSNN8:evnMEJnLmSAJ9Hc0TvDpkjvWuXco5wC37vmP8B6rq84	2026-06-10 23:09:10.333142+00
qcw8zndlzy6ga3zf8lailpxcgj6mmtis	eyJjYXJ0Ijp7fX0:1wSNUW:3uhBdhml4hhD89SIA9_BLFW9-W_yE3SmlHiCJ5Ynkfk	2026-06-10 23:16:48.12357+00
4g4oozpcg97g90xgblqkrc5yb257qvz8	eyJjYXJ0Ijp7fX0:1wSNWY:DyfKErtV6YB_TBSchQeuIywmiV__BdwaruiHwHKIFyw	2026-06-10 23:18:54.137276+00
r3fe9po984h8lemuk62pasw3qhzjl5aa	eyJjYXJ0Ijp7fX0:1wSNfB:1Zq_hIVOAZOtSnbZRz78tvhbQbBGxpfRExJlXv6tYnM	2026-06-10 23:27:49.931245+00
onjhqp92jp76sa33teljdbrkxer3hrcq	eyJjYXJ0Ijp7fX0:1wSNgV:s4SbrqbuPEeT7BLJGPq0mSBcHumF-gadBpujkDe30Ow	2026-06-10 23:29:11.84212+00
f7ulmnybzv1uqft5sup1g02tugzlkfd5	eyJjYXJ0Ijp7fX0:1wSNrS:ISPCle41ihC81aVAYbL31xA50CfTh6o1Y3c8L778Pps	2026-06-10 23:40:30.850465+00
2wydw26fxl8hmkch0wgo843go09a81mg	eyJjYXJ0Ijp7fX0:1wSO1w:fjRBo8rFsAN7V0JhMhLoaEW8O23IcU6r4WkbCL-lYuk	2026-06-10 23:51:20.395119+00
szys2c3mgjofbxza38sgu8cmsdi9dx32	eyJjYXJ0Ijp7fX0:1wSOBO:utStp4IGuk3v6SJRalqNuGSU9uHxHghBWpfvYn2DB5Y	2026-06-11 00:01:06.325308+00
xp85kkrtnhqpzji02ymg7h1zw987yggy	eyJjYXJ0Ijp7fX0:1wSOIM:XyiIPHftOwFqi7rBsHM-6Orii-yCk5HLJrIey259zCE	2026-06-11 00:08:18.268825+00
xhfyomqjvobgfd40tfrkbc6ymchmmdkw	eyJjYXJ0Ijp7fX0:1wSOTk:JhEErUk6Ald_RVAZDZ_-DU6dXUACvmn85y3Rg9wCIcY	2026-06-11 00:20:04.46002+00
jj9luarzoe5btiw7kixbd0bserqeet60	eyJjYXJ0Ijp7fX0:1wSOef:xLl9IBCediYHU27tCNygI3a-TaQvf6f9LzpNPnj9h50	2026-06-11 00:31:21.584009+00
uo3g9canlm1h5pxvpdjer8v24vylsskr	eyJjYXJ0Ijp7fX0:1wSOn7:AmBdttZcAdFP83Bq-k4OeBvgP2E3XQZF7r4eJ_uYH0M	2026-06-11 00:40:05.697459+00
098239s85cyxk38zi1f7iqlfwu4g6fim	eyJjYXJ0Ijp7fX0:1wSOqZ:3sna_GMKrXwNhjVan3xJ3JRstLBwxOMqfnRfUVkWhwc	2026-06-11 00:43:39.53842+00
61sxhbsu6ngy7d3kdg7abdfwb0b02fw7	eyJjYXJ0Ijp7fX0:1wSOy2:P426saH6eUA7AsVYiPwVkRwtw8wcKspbrbfhVKaRzdA	2026-06-11 00:51:22.385134+00
w0ju1bqvwt0er6dxe8sgvm9x586tc4kv	eyJjYXJ0Ijp7fX0:1wSP3T:gqMKxSPATcawBfU4u7EqiA0gXmXLSOEdZBHrTN3MK60	2026-06-11 00:56:59.402135+00
zrbucld351gp0z92dn5pvhjf2nn3zzec	eyJjYXJ0Ijp7fX0:1wSPEf:oklMDA4Sa2foV8Rz-X72JCHE8t95gqW-rMzL5s9lx7I	2026-06-11 01:08:33.883003+00
7771burhe96j7f9a47mcumfmlb82kkyo	eyJjYXJ0Ijp7fX0:1wSPZR:vIKdAO9dC1Hk43DoZff8YMeTTPjvlks24VT0b-kJUe0	2026-06-11 01:30:01.589752+00
0an1vby4i42og5zffy4ms6rz06im91r1	eyJjYXJ0Ijp7fX0:1wSPm4:pOh4AtEY9tmNEH8pZaAY5OseqHfSvP1aksychJUpyr8	2026-06-11 01:43:04.949051+00
edw7r64u7tcb690gjvbeo005mrr3g49d	eyJjYXJ0Ijp7fX0:1wSPul:G8ASPuMwTzLsaLxoFSsf0nyD10lb4NQZt5HVLDJnPus	2026-06-11 01:52:03.282584+00
fzbame7semum6ooboqrbnf700rhd5fgh	eyJjYXJ0Ijp7fX0:1wSQ5Q:gkyH4-3i0-Eb9BxEZG6ePtQUIjJqeNVy8fjMdomMmhY	2026-06-11 02:03:04.427674+00
dwgbymww3phidvnissv8ug04vbmiue64	eyJjYXJ0Ijp7fX0:1wSQEl:Zof0c9LltqZaqloB1cGlRMeB_MQarOBg6LHEpzKRyt8	2026-06-11 02:12:43.604001+00
tmw4x6vpm2utojdineknre25fakof3oq	eyJjYXJ0Ijp7fX0:1wSQOz:unDSjppITyD3RC1EubAyQKBYM88C3pkWGOT9qCCMs10	2026-06-11 02:23:17.003454+00
lq5ocrzdfqrnsq8gfcw83b6uj02tm82c	eyJjYXJ0Ijp7fX0:1wSQYv:bxPWdqPmaoIkiaFElofJeAm1hc556ivRVULsKgKf5ro	2026-06-11 02:33:33.92096+00
ffzuiu7hnbyuz80bibzwf83kjfqysnqi	eyJjYXJ0Ijp7fX0:1wSQgU:VTEZGbZd4_zRqzukAHxPDPX6_enmz0MKkLTXayNERUM	2026-06-11 02:41:22.800469+00
3ic8j5ipvevkhfuj4kg6quot0fyr0vev	eyJjYXJ0Ijp7fX0:1wSQie:ZJaQBOFidzZH1VHstoR6dyPZWMHql0OuLCD47tPMRgc	2026-06-11 02:43:36.632924+00
kum2oe5wk6h7vlbsv7n75lkpls2loyqy	eyJjYXJ0Ijp7fX0:1wSQqV:_aMp0AM4tK_yhFsGH8Jt_a_pD95dPgmaYgezMoDZvy0	2026-06-11 02:51:43.353927+00
qqklbcfr8fejar6zscydtp462ew7xb5z	eyJjYXJ0Ijp7fX0:1wSRUn:_IBFx0LbnHbGSZ2iYYmz_VtdXQNZxMMbJ-4APrciC28	2026-06-11 03:33:21.147542+00
fi8r61nvztdnyq3znivlmi05vilooxke	eyJjYXJ0Ijp7fX0:1wSRYl:qe29-kXOL_UuSFFud3qUd4rwdl3S1oaIaYY47aClrL4	2026-06-11 03:37:27.784974+00
4j2tdbujd99aujp4uwyzjt8gisp7wha3	eyJjYXJ0Ijp7fX0:1wSRYn:4B9M7YyenjyZduXanKQYco7QG43WbQjwewc8v7pqxck	2026-06-11 03:37:29.54409+00
7f6r31ujypfhhrn25rwheqhmmakta50r	eyJjYXJ0Ijp7fX0:1wSRlW:sCXPxtW5tk0BJS_Jg13r2F2iHEIDHlzQ5NgmUDCadvE	2026-06-11 03:50:38.549842+00
uy6fe672qi8wa9hevt6aqs3m41biolau	eyJjYXJ0Ijp7fX0:1wSRuZ:b3br6mNZLtsy2YWfxxul2YCGbLfOosOK4Z2jEgBaNdw	2026-06-11 03:59:59.014091+00
n15xh9vqzkwuxbhd5v17k0gn5lu9dto3	eyJjYXJ0Ijp7fX0:1wSS58:Ky4vldUyOi_o6yc03bijl-SOjmBBBeM_8DLRoe9DXZU	2026-06-11 04:10:54.169313+00
1e28c5yr46adatgub635onzk5ndt56pv	eyJjYXJ0Ijp7fX0:1wSSF5:IF6K9VTWbwbsp3Y41_J92CppIkhz8nShNDfl5YcXaZI	2026-06-11 04:21:11.727568+00
ieox0pazynpj66t51qh23k2yy4q8ya7w	eyJjYXJ0Ijp7fX0:1wSSKJ:22-6y0RypMcoMVXXYQ6_Vko9Qd6bsCcWLFfD7dk4FTs	2026-06-11 04:26:35.216377+00
rxo8bn687yma01vqexsjw75etnzp4rtx	eyJjYXJ0Ijp7fX0:1wSSOY:na-nKQGFp_WDk7j1Z4_Pbm36iatQQS-l_Fld6BxWDtg	2026-06-11 04:30:58.605564+00
6r4pmhj32jg27uoyl6f2kxk0zc3851vt	eyJjYXJ0Ijp7fX0:1wSSYB:3RfCk4ZEb140n3v39GXeQukqC9CT_z_P4OYIGl5J8V0	2026-06-11 04:40:55.081546+00
wxi1pb9ccddk5xrtgmx0ud3lmk11zcoy	eyJjYXJ0Ijp7fX0:1wSSgq:Q90yF2AMe0IFAMSLYrl742csAQkczRrVw0N25csoZtE	2026-06-11 04:49:52.70915+00
farmjm24vbv6cg998vd3c54bfgalihyk	eyJjYXJ0Ijp7fX0:1wSSrn:ZHG09p-yl6eEe9v58KoPfIxoPEpo-TuxoHQR5h8ZFfs	2026-06-11 05:01:11.888826+00
dwbo9kfbb2bldtwnyy9b2pamyz2xexpg	eyJjYXJ0Ijp7fX0:1wSSzB:6C7EwuuNzTgiw8S0NnNOr5Al6V4uPrteJgun9gA0QkE	2026-06-11 05:08:49.644993+00
ceo4ftq2iswjkt6s80sag8ajd7si8gca	eyJjYXJ0Ijp7fX0:1wST6E:YQTn8XxPyqQZazfIlrvJiK80rDLHmaBaj2jb7HcA_YE	2026-06-11 05:16:06.80697+00
ww53hu1h7q2ydna83wyl1mlnl1l3nkhl	eyJjYXJ0Ijp7fX0:1wSTA9:RLabgKD3WJc5MNNcOGq9uFA2cqjZuLpUNpWR-j9peGE	2026-06-11 05:20:09.678662+00
1hc4c74j60j863dxcxeymp4m8yzc6vyq	eyJjYXJ0Ijp7fX0:1wSTLC:9SRqV3abnnb8BKcKf2T7gmdDMf67ESGZxr61SMoz_hc	2026-06-11 05:31:34.519123+00
t8r2o7fu1t60yoe74xsd8yh8ft7nh33x	eyJjYXJ0Ijp7fX0:1wSTTf:4mMEkQBVPb8wob_FyetQD42dR8oVMrC2gxkSRQ3qZEY	2026-06-11 05:40:19.212364+00
stry0mexxcqoqoonri3mvllq38tihrk1	eyJjYXJ0Ijp7fX0:1wSTeC:SFFVIrVk0Ku1xbeiR0uXV0FjPywQgZ7M10P3uKl9kUw	2026-06-11 05:51:12.920531+00
h6s6xl20cm940ngpc8u6oak0tx7ntkjz	eyJjYXJ0Ijp7fX0:1wSTnu:c9Tn5x87gSk1qffuSF4kwasjwljS47w3kusQqBGj93I	2026-06-11 06:01:14.272028+00
ks9dcwa40com4bg5y4ieyrlaotsa6jat	eyJjYXJ0Ijp7fX0:1wSTpH:r9W2iMN179m7skmVMq0esMUUdIaOgmOSsAhoD5_j_zo	2026-06-11 06:02:39.96213+00
2llknoi3729k612abgkwf878g9vip2p3	eyJjYXJ0Ijp7fX0:1wSTrK:y5Et-xygOtxecvYNVIfISUSoNNaBdw1Arq5dZbfgXMs	2026-06-11 06:04:46.222014+00
7g7wg35i5ehiq9oa12sefcj9757c3vvt	eyJjYXJ0Ijp7fX0:1wSTrK:y5Et-xygOtxecvYNVIfISUSoNNaBdw1Arq5dZbfgXMs	2026-06-11 06:04:46.472619+00
jl4hvrpx9qq53cre8vhwbprxf3n32twq	eyJjYXJ0Ijp7fX0:1wSTrK:y5Et-xygOtxecvYNVIfISUSoNNaBdw1Arq5dZbfgXMs	2026-06-11 06:04:46.473365+00
9u557pl7to242awhkv4j42zk6lnn3wd9	eyJjYXJ0Ijp7fX0:1wSTrK:y5Et-xygOtxecvYNVIfISUSoNNaBdw1Arq5dZbfgXMs	2026-06-11 06:04:46.54027+00
ezvek1wz7fyhb3lpezh6zpxsmifzutlc	eyJjYXJ0Ijp7fX0:1wSTrK:y5Et-xygOtxecvYNVIfISUSoNNaBdw1Arq5dZbfgXMs	2026-06-11 06:04:46.560344+00
4jcexdphfgt4zts3ao6hqvbh6w4w8kfi	eyJjYXJ0Ijp7fX0:1wSTwI:OzbnjrMX-agRz8W0fbGA9jOqwgHi9nUa32gnOjbpCiI	2026-06-11 06:09:54.675064+00
769raubno0ipgh0ynr35ilhvlp4h98uv	eyJjYXJ0Ijp7fX0:1wSU5x:UPbnQod8-fW54sTlJox-Y9IcopW43omBXAcOsM9hojA	2026-06-11 06:19:53.067577+00
21t6xp1jrtoltk5ip03k7t4ks6gvkw53	eyJjYXJ0Ijp7fX0:1wSUGt:3IbXw7p_L9Bwlplw837FfxHUvfJvX55JiwU-MuDThKs	2026-06-11 06:31:11.226172+00
fbm621ts5u64kjml9f2yi0zektcxujan	eyJjYXJ0Ijp7fX0:1wSUQf:hxlTMm0Q0hlyfK0ZI8H6vToycfHeBTZ62pA2knNjXuM	2026-06-11 06:41:17.422162+00
5h6edx1ktn3q8ff6cmijbg60yt7guf6m	eyJjYXJ0Ijp7fX0:1wSURn:YfKnzmsJVcDqp6FyWvhBNM_4XP7zTUdB10SUety8ZDI	2026-06-11 06:42:27.23183+00
d157ocarwnhhj07ejrp5qca7a7467xbz	eyJjYXJ0Ijp7fX0:1wSUUB:c74qnyxCwoGNY5WJI30Qg5T8Bs4FsTVCnbW3i62aCxg	2026-06-11 06:44:55.105374+00
zg08q4ycm70ljpotxfo386fmfze3gyb6	eyJjYXJ0Ijp7fX0:1wSUWx:15dLH2cSHHYjbsWmOEMXihOEDzO9jeyimk6LkDyrfDU	2026-06-11 06:47:47.995358+00
thk5nhig7145da4wz6ni9ojblrw97qha	eyJjYXJ0Ijp7fX0:1wSWAH:t2DbCgU1aUTcnHyxty1ufvbazGwhLVcHx-msYO7OvRU	2026-06-11 08:32:29.893127+00
v5xmkc4dxwvnkbefophnsxmlx5k16txn	eyJjYXJ0Ijp7fX0:1wSWLe:Xt86DXLttDGUGbTOp-TIDRUZ9LkrWrK-pL5XeMLrpEM	2026-06-11 08:44:14.178934+00
p5id5rs9nsef1k37wei1fprb6ygflcfp	eyJjYXJ0Ijp7fX0:1wSWXM:57JP-gLntcGjmZQtLIRtWYWAAa_iA41QDoby7buKSMk	2026-06-11 08:56:20.078483+00
yhkzq37zsx2ifpzcuo7r467csrznexbj	eyJjYXJ0Ijp7fX0:1wSWYY:4yUatsHSInNI0O4PEKvA32OpGqfXpehChHjTb53l_pA	2026-06-11 08:57:34.880654+00
s636090lz6ly1rm5e9dd7scfso3rn1ai	.eJxVjEEOgyAQRe_CuiEOIIwuu-8ZCDBDsW00QV0Z715NXLTb_95_m_BhXYpfZ65-INELJW6_WwzpzeMJ6BXG5yTTNC51iPJU5EVn-ZiIP_fL_QuUMJfjzWSZHYEBQFLJOduh1kC5bUzUkDUqazpLMSkySjO2nFUGm9EgNB0e0RTqIvpt378NEDp3:1wSWaF:UGovQwL5Oq5_OiU1QILj136-Rl8SKIakZbu7flQEIhA	2026-06-11 08:59:19.48161+00
bz0i8mn2cqdw7xe29t9qm72zko9ue84c	eyJjYXJ0Ijp7fX0:1wSWgr:vUwlc5bHMMSGX5BpFQOorNqm71_bLuuB39veVvKVgdM	2026-06-11 09:06:09.364217+00
pw12aaktwco5ezi7o2pqenzfu8s5j1sx	eyJjYXJ0Ijp7fX0:1wSWnp:Xw0JaSF40x7a8Uda7HLLMcVCrcgjlfvHY_HX6yBsc_0	2026-06-11 09:13:21.646065+00
q37n0ag2re3lbh6ipqtqwqjztyj2pmyl	eyJjYXJ0Ijp7fX0:1wSWqP:rXd5-HsJh-9QId6RMA11j4IALuG9CMVi2ortq2TVQ5o	2026-06-11 09:16:01.788126+00
t4r59fu1okqbhe2j87sl2uec0795bykb	eyJjYXJ0Ijp7fX0:1wTWPQ:P12r98f6mcKI_VtOlEq44AMR7nuVmLdzSi9Wr0G7W8A	2026-06-14 03:00:16.717279+00
d7859i9pvvg82fay4zen8rp46y2lom66	eyJjYXJ0Ijp7fX0:1wTX5I:vWZmOZrIKr5epV2yvZZ4l2pt_6mDxNGQgejKViHBex0	2026-06-14 03:43:32.007075+00
zxtohmbqbk61xl9vosdhenpnqwl8uvmx	eyJjYXJ0Ijp7fX0:1wTXi3:EwbIJERwXnRwNnxJwXH6c2hhx8lqnrBW85zV0GoopPk	2026-06-14 04:23:35.259352+00
gtqcesyt7ie6zxq3jxevtcn693d5qqds	eyJjYXJ0Ijp7fX0:1wTXzK:PLro6SLVGIPCU06q70rA2B9m9soD6AafVQ647AHgNRU	2026-06-14 04:41:26.721173+00
6akvnj0y0j9huvoaoc5xhr9g7qu7f4em	eyJjYXJ0Ijp7fX0:1wSWyY:GPdVu1fYWmoMiMdZIVSvpkWBZztBLhWVedCssBPPn5Q	2026-06-11 09:24:26.772534+00
rv69rbjwkqgwiyk2i4ftlt3y7d7lul5d	eyJjYXJ0Ijp7fX0:1wSX03:CFrd7MfQQmZNYh40XJzSeG8DUh9BlZDrQRGxpH5wp-U	2026-06-11 09:25:59.531003+00
t6miibjfgf1nonzhr924hz40qjjf2rbi	eyJjYXJ0Ijp7fX0:1wSX9a:Tpi08Y__ihNMonIubWknI8DfYlagiaEQWGXmiSQ83cE	2026-06-11 09:35:50.01201+00
3zu41phz9w980r03s31fosjgkdfy1xjj	eyJjYXJ0Ijp7fX0:1wSXIa:e5WwjJfga4vK1mUCF0jL-MAtsI1ODs49H8HsPWJa1WM	2026-06-11 09:45:08.656794+00
hui3bzwqfpd7f8zxbuzokg48qw36db7v	eyJjYXJ0Ijp7fX0:1wSXTP:D1i5eNawI1jjBES71gqyR0jrdKGeduNZxDxSWmiCZfI	2026-06-11 09:56:19.800013+00
okq55x6vvx5sfe80t09kpon93fggis5t	eyJjYXJ0Ijp7fX0:1wSuB7:d0rucLwTJ4LlAft_Py9FP0Y09dnVUGIfrONdhtKY83o	2026-06-12 10:10:57.267089+00
q1c7owa2eqyig681qp0tdg64mb4jp0ik	eyJjYXJ0Ijp7fX0:1wSXd7:yBq4AJNHixfFTUDx6vEyk02siWtzif8MZbrqx8FCcis	2026-06-11 10:06:21.849034+00
pu0zdcy839ea2gw3eekzzdgsq6u4hvcv	eyJjYXJ0Ijp7fX0:1wSXkh:KdVvcWe3c3kTfjYeMpfQ-NesmQdo2eDQ2-1dK7CmhAc	2026-06-11 10:14:11.414937+00
1m5s2gyoa2k1uftw7vn1dgo7jauhskkn	eyJjYXJ0Ijp7fX0:1wSXmT:R1oWDpC_7TZaYu4xPRtyL5Rofb_p3C9wfF6x91YIDc0	2026-06-11 10:16:01.635342+00
exktpgrt7n9fnc2pbtf48zyfa74uw6tf	eyJjYXJ0Ijp7fX0:1wSXwO:l35y8_ZWsPlu0nmAmYXDYgCIAhp1PgG14OcHrv88yB0	2026-06-11 10:26:16.071062+00
0j3j0iojv6gk8b1q1g5mtyxdcbb0ormy	eyJjYXJ0Ijp7fX0:1wSY6G:oKihK70pFsh-i_IPhOazNOLJHASS_2_zarReHy1GljQ	2026-06-11 10:36:28.899515+00
z4jpbwo9509ip2eas46d4g8mx9m79skv	eyJjYXJ0Ijp7fX0:1wSYEu:DrWs32SWEB2rUc9HaPrGQAv_EPrrHyzPnTynrkOcIDk	2026-06-11 10:45:24.806307+00
yvhdu563dpf1d53rtgpfwtkjdbsbx1os	eyJjYXJ0Ijp7fX0:1wSYLu:0LwfuAJwO8oxSdqUWFpQdrnzGR0CMPt1_b_IxTXf6-Q	2026-06-11 10:52:38.849547+00
eqq9sckww9r8fvqbogzy46uc9k3gfnpn	eyJjYXJ0Ijp7fX0:1wSYLw:YaaDaZAaS3VN-3xmTLufSEhvUC1izo-I1qLUGkqjyfM	2026-06-11 10:52:40.887918+00
aci5ofmhegmu66r9wor042ni8lxj4odc	eyJjYXJ0Ijp7fX0:1wSYP6:AlwvIktztu1KHmfAEfOMgx-ncBVohUSJ3ydk7i92CrM	2026-06-11 10:55:56.610758+00
ka5ldvehwj8u8e5alnem2ptyuj4dqizm	eyJjYXJ0Ijp7fX0:1wSYY5:1l0RamVWDBkcvRr20fuU83CLjldlkrN2GrBCJNnhZCk	2026-06-11 11:05:13.690475+00
xcqw80g0l5vhpffd81gmcpr6i5wlom7c	eyJjYXJ0Ijp7fX0:1wSYfc:5woGlYEFHXrt4F8Iv0daxrmMqwNPQiaM9rEFga1Q8iM	2026-06-11 11:13:00.557551+00
lky0ua49w49h5pwhd81a0k0xuhhsp551	eyJjYXJ0Ijp7fX0:1wSYhd:3FQNXCZRrabH8LmATOi3msDuGLX5oHvbl5B5LsKRyEw	2026-06-11 11:15:05.09596+00
92bto19cs7m91qgvfmmu5lxzzvjtlqbj	eyJjYXJ0Ijp7fX0:1wSYsE:r5QojlN7nE7o3TmpRn7Qr1S9MmZ2eE5JGhZT7I90Mw8	2026-06-11 11:26:02.90517+00
d3kdr3tsltslvjinnph7wyog382thdlb	eyJjYXJ0Ijp7fX0:1wSZ1B:cVArikAa6JkBDSsIeS_1L1sv_RxJr7obNCDzEZAPJ-8	2026-06-11 11:35:17.349697+00
zpndrfnxcoul3jerzm9d3ightf3bpklk	eyJjYXJ0Ijp7fX0:1wSZ9p:TTWRwIk6iREof4FNjkxir8ZdQb49yzn5yPbwU1c53YA	2026-06-11 11:44:13.039523+00
8ocnw6915a6tw1bor99clrw142cpotyj	eyJjYXJ0Ijp7fX0:1wSZ9p:TTWRwIk6iREof4FNjkxir8ZdQb49yzn5yPbwU1c53YA	2026-06-11 11:44:13.186836+00
j2zlihwl2s4b0dkz35emru7cao83zwer	eyJjYXJ0Ijp7fX0:1wSZBx:YLr8l5nrI29NXhLzmpbGPmhBc1kX7z3rHHygKg-0XnM	2026-06-11 11:46:25.969642+00
yegtsywopndyxz4ctxg9ewoalus9o5s8	eyJjYXJ0Ijp7fX0:1wSZKI:LNyqgpmkXTjKycJMb5mFcMkJRly_iR3fdI5t8TGSq94	2026-06-11 11:55:02.346608+00
185afu41252n3vcu13es7moe78rmuqo4	eyJjYXJ0Ijp7fX0:1wSZVS:w3QkvHWFFn5AzBS29Hmbnrlb9jxhiHt4iick1p5s1Fw	2026-06-11 12:06:34.393687+00
1n2f4rb154e93d2y7t35lferg2atexoh	eyJjYXJ0Ijp7fX0:1wSZf5:TbbuZDJeI8F8iuYhNdoOUUDNud3XiZ35nO1msjZqRcA	2026-06-11 12:16:31.014306+00
6qeldydn5w8mviqyggyvpvueftuam2av	eyJjYXJ0Ijp7fX0:1wSZnN:aQWDHp1cdX9ONEgiTPbbLwxnJZtG9Xb7KAbMZGZJevA	2026-06-11 12:25:05.89616+00
ak0y6vapuvn3epc492v0w6od7ayvm60o	eyJjYXJ0Ijp7fX0:1wSZuZ:DAqAh-W2VEJp8hSHz0-dxmS6eJzbJsM8NDPKv644A6M	2026-06-11 12:32:31.485223+00
c5cv55uevg8r8tufee621vhp87bvygzv	eyJjYXJ0Ijp7fX0:1wSaTI:k2wmtTzJHrUC9xey1zmzfgfyhQePhALiZRnYXYa8Do4	2026-06-11 13:08:24.143652+00
n9m881l8519uashfb0q45q1wljpej4nu	eyJjYXJ0Ijp7fX0:1wSafa:PF3wMM8lZFMXBq-Z63c4R0rkm5fuXrPRWNW9l7-upmQ	2026-06-11 13:21:06.062257+00
qag5smnqy4281dg3nov5hrf8q8g22nv9	eyJjYXJ0Ijp7fX0:1wSaqU:r3dKpJm6w4XVgIei2b62QXFKmy6mqEbJAjObpq-kpLo	2026-06-11 13:32:22.777112+00
f72cnbok1tqai9pe85otcbckklgpiswj	eyJjYXJ0Ijp7fX0:1wSb3e:pWSCKyZ9kY49xAsskGngs7_tVjB43n7zRCctIxPrLu0	2026-06-11 13:45:58.631894+00
4weukvcxw3eh55rqw22adaxbjlp06g1y	eyJjYXJ0Ijp7fX0:1wSbVQ:dyE8LXbf4IcAGijJ67jrmDgkGkM-VTbGebcHkDe70zw	2026-06-11 14:14:40.808559+00
7gbf7izmgwsjhp36cgro6o93xfae1gzv	eyJjYXJ0Ijp7fX0:1wSd0y:Hp34muKPqYk0GO34rzPAjMSNFdrUpWP49eGhAiIxGjI	2026-06-11 15:51:20.4491+00
fda36ma4zdhx8ke54952324mbm80xz5v	eyJjYXJ0Ijp7fX0:1wSeVQ:IOfYWeD9B_dT3rab7rDoQy8xr_HDlZNYHpebwey1X7E	2026-06-11 17:26:52.508229+00
8pjxy8tmzznt4zdiogkcwtwm9pvdm5ib	eyJjYXJ0Ijp7fX0:1wSewk:GSD1n5mGb8NeoLEEAphd28dSkuK_wht70Ce1lNAiG_U	2026-06-11 17:55:06.296431+00
h41n15nr3oo8km8u4w49g0z1296wzxx8	eyJjYXJ0Ijp7fX0:1wSf0N:IN3ZxdwpLQ7_RFVMXVpwQkYxEt1rpI_sCC5ROP2wO3Y	2026-06-11 17:58:51.810009+00
ff1an8zti1m7r6vmjzaq4at5wge8ym3d	eyJjYXJ0Ijp7fX0:1wSfxj:NIfWAo-QWmEG-jUyrWWH0kBWSKRhbZuDcWy4AHKRTI4	2026-06-11 19:00:11.939804+00
rxqhjbqd9cwp901cyxcnumpu953n2rq8	eyJjYXJ0Ijp7fX0:1wSgAv:hE_hsMOa0-tDzsqS7FyONtHcGVo_e4FtV3VEiwigDcI	2026-06-11 19:13:49.026487+00
jqw3it9qdakxsdftdck5lz0mhknhrmgn	eyJjYXJ0Ijp7fX0:1wSgGU:6Njg0OHqlm-79FQ_CXi-CLmgCWwEztIwC8Bu7tAMhb4	2026-06-11 19:19:34.186916+00
y0bhlgf2x9vw5f3y2luhkb2917ueldft	eyJjYXJ0Ijp7fX0:1wSgLm:ReNj_WAh8toFTv_314GOTNmpoc9yoFcwYOsX5_Kr_TU	2026-06-11 19:25:02.381922+00
fokg3t9qp6bjoahe7d1n91nqctvz6ljz	eyJjYXJ0Ijp7fX0:1wSgTk:VYM4yJqDLMMedj-UDrGjfVfJBAYWqdzJzAWMl5oaBlg	2026-06-11 19:33:16.373296+00
riwjhjk7by7zizbxfqndely5uv747wxt	eyJjYXJ0Ijp7fX0:1wSgVG:a2q2GkN0HDKbABVR7pkZ5Oh58Xg7esFRnQR9wq-JF5w	2026-06-11 19:34:50.583874+00
0ork034ct31z45nr4w1o88g4lh0rmwdt	eyJjYXJ0Ijp7fX0:1wSgcL:Sz4V4oVNzQBsOdDBwJjfCivbCnICE8ciomIDseH8drI	2026-06-11 19:42:09.828531+00
r8at31gidm2dycvixwo2linij8qhzxt5	eyJjYXJ0Ijp7fX0:1wSgoV:fQftnWas5QeEkVI3uMVJh5jD4ByQXneMAsUpo0UwDGE	2026-06-11 19:54:43.500456+00
70l0ykeb0ua9j4fngiz8im4k23dby5xc	eyJjYXJ0Ijp7fX0:1wSgzG:tiLHdaQgYohMOkcN_9RkSSfpKYAh4lr2G9VrPWdE6gc	2026-06-11 20:05:50.045505+00
lgnf9fhrqp7vfnx61vgpm6xpa3f2ayr2	eyJjYXJ0Ijp7fX0:1wSh34:7oPouzDdeLZkmImPoms2NdJpkgaK2eOY_ARkPTLZOXg	2026-06-11 20:09:46.691166+00
xerygafz1ika5tiu8x6p6f8li13yd9kk	eyJjYXJ0Ijp7fX0:1wSh7H:726_fXaCbL7m3FLP9TzYWseOccTAiguah_nY62BZWE8	2026-06-11 20:14:07.188171+00
183d52v4rxjra1wzb55z38zr4h20jbcu	eyJjYXJ0Ijp7fX0:1wShGa:X6O8Il7Gtlk0kSslW1_6CoqfsdXAn387VxTExArjES8	2026-06-11 20:23:44.915109+00
xa3csabvm4ca3dpuaz4lgoe5t4920tbz	eyJjYXJ0Ijp7fX0:1wShRk:GMVlV0PgpU0QMMnGO86ZIXbzTDcIaGjeOf9gyqJEnjc	2026-06-11 20:35:16.496598+00
qwnf5lohn5r0se5wz70z5vuokm43faaz	eyJjYXJ0Ijp7fX0:1wShZI:g2hIhlGMJQEyXmFQGMX1r9836yY-H8vVbETlDQekthc	2026-06-11 20:43:04.71727+00
qj04rjrph5lzs53ccf61b2fthxtfqure	eyJjYXJ0Ijp7fX0:1wShbq:FBQi7laeDMc4H29b-KiZUBDJx9nzal80W2Bt50GeTf8	2026-06-11 20:45:42.375906+00
0jn1x7g6bixcv30vt1qjewmuecpsc24i	eyJjYXJ0Ijp7fX0:1wShcJ:i8uahblAfdjayk3PqsUeTwGF3AfZAVHWuAUeRPMf_4U	2026-06-11 20:46:11.296116+00
hlins8d8n9w069pevs8v49hw1gg8xm2q	eyJjYXJ0Ijp7fX0:1wShkS:Bvtyc4qjG-KGNhDTEOK6dci7FC7IZNCUtnknVOUu3U8	2026-06-11 20:54:36.331978+00
xkbd1dofjsd4uoiazdpqhnf587yfbh3f	eyJjYXJ0Ijp7fX0:1wShrA:0wuqbp_YWWjphNDISwvrARDLOc0XA_74w5nHjeoasTE	2026-06-11 21:01:32.26585+00
cdx6pq5d9kskfp4d9gum5r371goob9iz	eyJjYXJ0Ijp7fX0:1wSi2p:3gOEEmYx4Ww3HWMhph_9jWznrr2jqNk8B9-KgYuKQM8	2026-06-11 21:13:35.233532+00
5z1z66g1bznvt54s1vcnzk1ayyajzueu	eyJjYXJ0Ijp7fX0:1wSiBl:xeXsvefWUyfM5pq0LoabDY5znxfVHGBz1IyWm0QzE9A	2026-06-11 21:22:49.797711+00
b3nxhtb71g39qry1shx7u61sovg4k517	eyJjYXJ0Ijp7fX0:1wSiMa:oMjFLJmdR3Owv75ePO5AcAC3jK_7mOAKgCtspJx9RXo	2026-06-11 21:34:00.097096+00
84asxylig108ht31wpr4t97tzldsb79i	eyJjYXJ0Ijp7fX0:1wSiWK:xsICFwT-c231wmkgh8JCP5ByQ6QJuIESLwCdpMDKQRQ	2026-06-11 21:44:04.898974+00
vedr0t3y3vycnjhowutcw4pddynw9j5s	eyJjYXJ0Ijp7fX0:1wSiWW:YIQZuRqY9iD0ifyjM8WEwjQQahPszyZ_ZI0PwTA-pGo	2026-06-11 21:44:16.969415+00
uafe1yf3u5vkll3u2c5o369n7xqvu6i8	eyJjYXJ0Ijp7fX0:1wSiXd:eHCFFeAV-rFPJkD7B0XGUUSsJqb0jjMTcH1HpzdVzd0	2026-06-11 21:45:25.755347+00
he0x7911yyl39i4ck2yh4usrm2o8h7n1	eyJjYXJ0Ijp7fX0:1wSiXk:W6VoMFug70G_OljXkAUEiM7cbdr4Wl1nCItGFNu1Klc	2026-06-11 21:45:32.754716+00
sgu92o2bdiv9hxsf18whceu0mndm8kns	eyJjYXJ0Ijp7fX0:1wSigw:ZPBo8-NVBQGxawuf5Rnopofj2Y8GaEBaa-aZzGaEly8	2026-06-11 21:55:02.227024+00
rb3vhzthb1l2xfdtmtoq9j03gfie69ia	eyJjYXJ0Ijp7fX0:1wSiqm:EZiiLhTMdigtZRDqcHO4iBMNOY7pRlYj5EoGHQdvTOI	2026-06-11 22:05:12.403977+00
v6v3xgualbfge1v0vvt2wrnraxnl9qij	eyJjYXJ0Ijp7fX0:1wSj0K:wc1VJkzrLKy5gleG3Tp6-OSHaueWMNWbrTQeF9NhHJg	2026-06-11 22:15:04.505145+00
p0hjhl895wzxaor0zx65av4fulxj3fld	eyJjYXJ0Ijp7fX0:1wSj2E:TfqHGsIGxbmYVDUnf_eBQ4vVVpeRz8WUh36gwPoFEgU	2026-06-11 22:17:02.204042+00
orac8donmfdxayelcm9cmniaik766829	eyJjYXJ0Ijp7fX0:1wTaLt:PtNXx9ANe9fZH7jF4FFfDtmIy0M8I6JZg2Wn61-Zkns	2026-06-14 07:12:53.781049+00
7f8sozapz5anw8dzpxfcot6pne0fejv7	eyJjYXJ0Ijp7fX0:1wTaUA:36ftph86hUaW4uvQLBkqKSstis52ZfbyK92jDF7Mjjg	2026-06-14 07:21:26.583453+00
k6bjnp0x6so2oyuttlt9bwc3bcdu4ei2	eyJjYXJ0Ijp7fX0:1wTWWa:vxvZPadD6PfjcV3r4GFpgXotwJS0JOBmvE2aZFMDe9A	2026-06-14 03:07:40.416453+00
rczu4ywrszccost882juz01incno54ce	eyJjYXJ0Ijp7fX0:1wTX7w:gscdylhsCnQrVQ3qAyfQbbSEnzK5Jst1LPhR-Nj73QM	2026-06-14 03:46:16.292791+00
ymhzntg2hokvylggemnfkc7g4perhd7y	eyJjYXJ0Ijp7fX0:1wSjEx:9-lOOlw6zrW6YaaiGRvb2NnAogSD5GYBnnmqBUGHhps	2026-06-11 22:30:11.765438+00
v2ugnfbt96wd5ass98tpk9xwade4qj73	eyJjYXJ0Ijp7fX0:1wSkGk:IXen2W2rzBsAtNqm3ysBcJ79oIw3UFBIzuw9i_eRd60	2026-06-11 23:36:06.541892+00
pgyp5thw2tp7x0o5ookynmnxe8yslo00	eyJjYXJ0Ijp7fX0:1wSkLs:2sP0fHxXwyhJRX2zEpT6InqYqnIasT9SQSqBHLiKc-w	2026-06-11 23:41:24.859085+00
m0cttjrkfuubzdm4qocuw7k6u4n3ys47	eyJjYXJ0Ijp7fX0:1wSkWn:NPIK8fzA0rj_cIxw8dfTq5EYMR4ISciWZsFBtXn_FBg	2026-06-11 23:52:41.508909+00
3ga4uygbex2s92j1ih6xka8ii2pc24v3	eyJjYXJ0Ijp7fX0:1wSlLQ:uaS-oj0cngDOK4AvXpkse4cMdKPpBvhQuAeMIWyRpz4	2026-06-12 00:45:00.897982+00
9cy9nospl3vqvw7vjcf1o2diomgqmsd0	eyJjYXJ0Ijp7fX0:1wSlLZ:ppXWVzpvbUqdFGnY8VPdgF1GE_gYYycaoNg8ctEPlJM	2026-06-12 00:45:09.655668+00
ecky2sivy0ppuwe1f6vkn8m4fche2hde	eyJjYXJ0Ijp7fX0:1wSlLc:lTHeOzmvyonL92MZYOGb8EkKGl008EiMwqn2K_PizXU	2026-06-12 00:45:12.966597+00
secno332lzidw5h1pwc2quwdk122t8gt	eyJjYXJ0Ijp7fX0:1wSlLg:csdc2UkkIKtNC6u6e6DjAufQYKcKfPihP854cOsepS0	2026-06-12 00:45:16.117544+00
b7fqnblkx0zjzrv1279zjy1pck34ypb8	eyJjYXJ0Ijp7fX0:1wSlLj:0voiofcYrDY__yj5gZwgpY5Eh2YWsLp9psQEfkJkseM	2026-06-12 00:45:19.028805+00
8n030npby5uyiwtkeryp7wfxgihxeamw	eyJjYXJ0Ijp7fX0:1wSlLo:s_sIp78grPef8-dKl6Y94jecChraxy2v1pZWQUMVPaE	2026-06-12 00:45:24.459153+00
kb4vbyf5wybnhgx52vpfugtae19mr45h	eyJjYXJ0Ijp7fX0:1wSlco:OOmg0GEUpv5m6xYVaQeVVc6CFLam52OS68CtiS7jEqg	2026-06-12 01:02:58.452722+00
opjm2st2nbgx9sexxbwrt3njzhvgzupw	eyJjYXJ0Ijp7fX0:1wSlre:7qib32tpCVcyvyaiKchyip-jVcepagg8L2v12e3Qk58	2026-06-12 01:18:18.211222+00
70d4e9mm76kftagq31p0uog53m40o9bz	eyJjYXJ0Ijp7fX0:1wSm0E:ZXuTkGpOONZ5Fp86HFS2NYlP6xKcBFQl32udUuMXzpU	2026-06-12 01:27:10.393711+00
h4rwqg89jtpf5kdn8g1ucrema335u78w	eyJjYXJ0Ijp7fX0:1wSm9r:0DYv0YXjY66gZ-9o6wDg-D_DMUHzeL6eCFG2xMXrIjI	2026-06-12 01:37:07.02568+00
p5erg7uy7eas52uhpg1qs6j04qrfh1ro	eyJjYXJ0Ijp7fX0:1wSmHl:njj4qeiTCb2Bb7hglE5nO9y7hZXHyFC9iR3LRXpRaqc	2026-06-12 01:45:17.780951+00
ezsy4u5nhh0ynp8y4yj9o5iwaaeeivxw	eyJjYXJ0Ijp7fX0:1wSmSv:nVYRe57hs70MTK7rx1p9IAbwVpe73ZXwczzlAEhBAck	2026-06-12 01:56:49.555775+00
dqh6mdkhbrip26w1zo7vda86bg9pr8ts	eyJjYXJ0Ijp7fX0:1wSmcK:SUa_M7j7n_nTZKEvz1-LAgSa4TF_Qn588C3RZKhTMO0	2026-06-12 02:06:32.250905+00
9ehjjnz9b10bno9df0fcff5p0j4cj5zk	eyJjYXJ0Ijp7fX0:1wSmlJ:zH8g_dZN4RGuuCNW-w9EydPg-E9rXwH1uUIlkYpSSR8	2026-06-12 02:15:49.996172+00
uij1399z6h6k2gdnohup93elowrw67pf	eyJjYXJ0Ijp7fX0:1wSmw8:ZelnXMUeBv-UGXIJTcbMWcDAC092TYee0WmNQhwJshQ	2026-06-12 02:27:00.583577+00
zzp8mtn2km5h655otvi7d576zcz4ul80	eyJjYXJ0Ijp7fX0:1wSn5W:1Ke-NXZslPUfAaAatb3djj17oy4WQrg6Cq7FHMXchFo	2026-06-12 02:36:42.708977+00
e2zbeqie2i2tsfai26aucpwpshp9zhqz	eyJjYXJ0Ijp7fX0:1wSnAj:ZmEDr70p7tGvlKzqG3eCdJP7R10-vJywl0-dsu1bHdI	2026-06-12 02:42:05.607066+00
yi33malwnuy8cmvvdellp1ucaf3e65tf	eyJjYXJ0Ijp7fX0:1wSnAj:ZmEDr70p7tGvlKzqG3eCdJP7R10-vJywl0-dsu1bHdI	2026-06-12 02:42:05.774311+00
o3w2vabu9q3645c9fgtkkfpkta9lbrdp	eyJjYXJ0Ijp7fX0:1wSnAj:ZmEDr70p7tGvlKzqG3eCdJP7R10-vJywl0-dsu1bHdI	2026-06-12 02:42:05.784196+00
4nlhbjgiecdejz0hkgtd2oap1yoqxc8u	eyJjYXJ0Ijp7fX0:1wSnAj:ZmEDr70p7tGvlKzqG3eCdJP7R10-vJywl0-dsu1bHdI	2026-06-12 02:42:05.866261+00
ort994xckuu1v9n4fbtpgbdpih8h1ipm	eyJjYXJ0Ijp7fX0:1wSnFd:fm_NVHUaHwSBr5MNspE3TK1nUiQXsJxvEmlIPeiYnIA	2026-06-12 02:47:09.506686+00
5e8zrx3yllultck38glz9c1aoc8s0ec3	eyJjYXJ0Ijp7fX0:1wSnFd:fm_NVHUaHwSBr5MNspE3TK1nUiQXsJxvEmlIPeiYnIA	2026-06-12 02:47:09.713249+00
vlv351df9ntafzzgomreglxe9yl1s2bf	eyJjYXJ0Ijp7fX0:1wSnFd:fm_NVHUaHwSBr5MNspE3TK1nUiQXsJxvEmlIPeiYnIA	2026-06-12 02:47:09.794589+00
il6ppu8tybjp8dszfwh23gjggdaxapq7	eyJjYXJ0Ijp7fX0:1wSnFd:fm_NVHUaHwSBr5MNspE3TK1nUiQXsJxvEmlIPeiYnIA	2026-06-12 02:47:09.819324+00
zwpzncvh0az6bppyr7bk970yayy0h8a1	eyJjYXJ0Ijp7fX0:1wSnFd:fm_NVHUaHwSBr5MNspE3TK1nUiQXsJxvEmlIPeiYnIA	2026-06-12 02:47:09.847987+00
1kktaz92t1w889fz4j2b4oocby6ipker	eyJjYXJ0Ijp7fX0:1wSnFf:LWmQxGwaoHkbofnpNro7GuDtbsLYM3AAqq_nKblE5rE	2026-06-12 02:47:11.35684+00
23zk6vmulbwqghuhlynjy3w9qkfkqrzv	eyJjYXJ0Ijp7fX0:1wSnFf:LWmQxGwaoHkbofnpNro7GuDtbsLYM3AAqq_nKblE5rE	2026-06-12 02:47:11.636922+00
ddn34ce2m8o4ns52os7qw7wlbq7utfpt	eyJjYXJ0Ijp7fX0:1wSnFf:LWmQxGwaoHkbofnpNro7GuDtbsLYM3AAqq_nKblE5rE	2026-06-12 02:47:11.745867+00
y91hjbjljus0mz50dlmdg8mmhw7jhp2m	eyJjYXJ0Ijp7fX0:1wSnFf:LWmQxGwaoHkbofnpNro7GuDtbsLYM3AAqq_nKblE5rE	2026-06-12 02:47:11.867071+00
8in4sf1zd7isw95wv918maw5nhhhe0u4	eyJjYXJ0Ijp7fX0:1wSnFg:3qwy5gR_knRpAnONjIn3A3nLdS_bus6sm7dbBW-VK0Q	2026-06-12 02:47:12.631233+00
19n7p5q4hpmbaopeiwv252xkhvl4lgmf	eyJjYXJ0Ijp7fX0:1wSnFy:WO7HY8UcDdALpYECF74CUHWMnahj6TV75eKHAx7jqTA	2026-06-12 02:47:30.148947+00
o2qc898c03imzoy2yv2f7bggemdpxlg2	eyJjYXJ0Ijp7fX0:1wSnFy:WO7HY8UcDdALpYECF74CUHWMnahj6TV75eKHAx7jqTA	2026-06-12 02:47:30.858038+00
3c1ugtpp6ojm3uqn1rohh6w90ywhuyog	eyJjYXJ0Ijp7fX0:1wSnHH:opXbVmS2j1uXVzRm4eIx1DU80gkZt9UeHRj0TKgbrYs	2026-06-12 02:48:51.099558+00
0tzhkydoch26jxh4we2ma6rcghx8a238	eyJjYXJ0Ijp7fX0:1wSnHT:VjEHa6M6qs1WcoyOOF_MNbLAOmRQYmzXXP8NMl77H-U	2026-06-12 02:49:03.04251+00
bv23rqsc57dvt7i0s03ehd39udtsmctr	eyJjYXJ0Ijp7fX0:1wSnIR:XUz3DhjmwVjtar9lql4W6sPlME4Vq43RnTz--1YHU1U	2026-06-12 02:50:03.452042+00
6449ota0muxfy0x7hmig5kg8p2xnr4p1	eyJjYXJ0Ijp7fX0:1wSnIU:4owinH9mCBz4IoB8U7u95uHHOrUaPk0hw50A5U-Eh9c	2026-06-12 02:50:06.024313+00
cs91n2ekd0rc5n1y6xifzfdh8mp46vi3	eyJjYXJ0Ijp7fX0:1wSnIf:AtWpGfv5Xg4vYWxQXj_O5CJvdM9AmFBj1ShyJC1SQ28	2026-06-12 02:50:17.087848+00
lqd45f987lilnxorxotrsn1v86jrqzvt	eyJjYXJ0Ijp7fX0:1wSnLX:tjHs7WqDZ0vKXGs9O_3KGupV825Wt5IO0ZbiCtTN8sQ	2026-06-12 02:53:15.942568+00
b1woj0xllz2f4lhia63489uwsv31yq0u	eyJjYXJ0Ijp7fX0:1wSnNO:TOHYsTDmzIzQ0gi7YLn9UXe4wxKY3L_ZlQ_qSpfRfF8	2026-06-12 02:55:10.274682+00
kooq77z6myg1ftahfnpdy9hq4ezfpvtp	eyJjYXJ0Ijp7fX0:1wSnWP:vNzAG8C8lLR5tAGNCLHbWHMDtCn2hHSciAN6ckQG3-I	2026-06-12 03:04:29.521255+00
ee828ckcvzauu6nvksb17hcvv1q6iz8u	eyJjYXJ0Ijp7fX0:1wSncN:TesLrMNEpWgXpWotT9fIc0nEPp0gG2s3ACrKglY7Myw	2026-06-12 03:10:39.342638+00
qkn3thhx02gpv7ehtem8igp7jvn0cw4d	eyJjYXJ0Ijp7fX0:1wSnhy:vTyTbViX49QS8ZJUQBga4FLI0hhZ6hdqeFMyhG9trL4	2026-06-12 03:16:26.875849+00
fbnlpjp86mgpmxfm1ibiaiy0c4u88ctp	eyJjYXJ0Ijp7fX0:1wSnrq:q_5KO2Hh26gY77n6962YcyZdmgcLQuOFOLNbR1kRPMs	2026-06-12 03:26:38.830133+00
orrwderj9vm2kewcvfhdx715nztn3rcs	eyJjYXJ0Ijp7fX0:1wSo25:gjQNdskNKRaiFfijRFWX2Yp_WswWDTBOU4MXsnFapV4	2026-06-12 03:37:13.828936+00
7jyfdiaobvxlus7wg1uhvd7zuz6grolc	eyJjYXJ0Ijp7fX0:1wSoCV:p-O6wB4P4jfYyC97IGxdBJTg2i9hkx1LBqQxGr6SkNY	2026-06-12 03:47:59.514784+00
3uyfffhvnuvob79o4c6m5pdsdfah5nvf	eyJjYXJ0Ijp7fX0:1wSoMI:3KsnDS4YaSHfr-Tlgu3mI5tdASMZcMShvpSJbBOEDvM	2026-06-12 03:58:06.348233+00
w7pzytvj0zz01xw4rifov70pq1wem821	eyJjYXJ0Ijp7fX0:1wSoju:yxCDCiQasYrUBGPhZSKexLFJVkMoHY4IvYMUsP5mxc4	2026-06-12 04:22:30.56069+00
fa3anrlot8ovtyd5xa1zo2ezx34d25hv	eyJjYXJ0Ijp7fX0:1wSpfv:3n3VnGCIF8UXyoqvFLGQYWwgy6LfoAGSyJ5jqQtuDTQ	2026-06-12 05:22:27.837894+00
wazlr8pu8473sr95yskbu774fmbehzax	eyJjYXJ0Ijp7fX0:1wSptE:2Aa-k3KHhq3b3ZM4WcPe20CVKj01dILFKzz8kaWZ0so	2026-06-12 05:36:12.367111+00
ewxou08umcy42e8mqf8falxpm43afa07	eyJjYXJ0Ijp7fX0:1wSqXy:K6f7bwia8bd16Sj2iclSKVzAert3fBjRNDblxb6PTTQ	2026-06-12 06:18:18.868112+00
aeod6gsyns23ztna9rf11xm7gva4a63x	eyJjYXJ0Ijp7fX0:1wSqkY:0JDDVERb0M7lUAwwKluhH-cOtIUDzbQ0lIMHQLyPCVk	2026-06-12 06:31:18.689796+00
wwddpswyd3mp57lj51khukqzhz0pxleh	eyJjYXJ0Ijp7fX0:1wSqui:xo2nZQV-tJgBRNXjdi3f5lzPxsSTr230bvRGEy-XT5o	2026-06-12 06:41:48.525164+00
cf7tew32w0rzxtjdh50vlak6vkpqkozv	eyJjYXJ0Ijp7fX0:1wSr4m:r9iysxvI0V1gMygipBfudt8TMekuJ19oSZufrvU0bX4	2026-06-12 06:52:12.456471+00
nmm9bi1imps68qb1lch616w9r39oj27v	eyJjYXJ0Ijp7fX0:1wSrEG:dwph0DdUFREONg8yJara8kq7Ru1TmPc9QcNwQapog8k	2026-06-12 07:02:00.404192+00
nqko84hzszwbaexz5yifyz7lp4hqmw5h	eyJjYXJ0Ijp7fX0:1wSrMo:OC8Rymtr-4zlfeeIiav4FzMR70qEJOjMPnsJdGIny8A	2026-06-12 07:10:50.916712+00
2gv58qlexregfrgvxnfrfe4vco1ax2lp	eyJjYXJ0Ijp7fX0:1wSrYd:ATVICq8mA0CeBL_qROXqSdZZQasi1obEmkjp1uw96P8	2026-06-12 07:23:03.3542+00
h903affp5jo4j0pxvy6hfja5cn5937j4	eyJjYXJ0Ijp7fX0:1wSrh6:HPBEJVQMrZ9y9rabD-7-gRbnzDTVwcgWaTWoT8MDhlY	2026-06-12 07:31:48.150552+00
1mvs2at0ev7yp38wpc0il3asjjgykzfd	eyJjYXJ0Ijp7fX0:1wSrq0:o9QYWaVRCaBOy1hhcCHu6XuTQDEJo_SMKpDLijUQWEo	2026-06-12 07:41:00.396835+00
h3425zzrdcxxg19hrfxv7ynm2wueo88v	eyJjYXJ0Ijp7fX0:1wSs0L:mGFaJ5n-Dtysxr24xbjnHLPcjvUJ7rwaH5BW_v_Fn_8	2026-06-12 07:51:41.09297+00
kbphhuvjkkk7ny5yr1y4xhpoyfmdy3c5	eyJjYXJ0Ijp7fX0:1wSsAT:IwqEn7Q_g0BpI-dAFeOJMR-a2LCN-lxVBA3S_OQmRw8	2026-06-12 08:02:09.154817+00
77xmbytvzw01gn4edb3gmw2vbjsq6b4y	eyJjYXJ0Ijp7fX0:1wSsKR:YXWGP3uLEZLpVFrC6RJpfgmhXWCypJaCKlvCQN8FBfA	2026-06-12 08:12:27.634078+00
y8td8xyur1byp1ie06655k6cip48j2i6	eyJjYXJ0Ijp7fX0:1wSsMX:BvJDVmMkF-Id5C3BinJjoRSUBIJrrMEKRWpMiD_fsbI	2026-06-12 08:14:37.723515+00
ucambkm5kakmmhh8nzntdueyv1cst943	eyJjYXJ0Ijp7fX0:1wSsSd:N-jCInHgjIFcSOqLY47Sw0h66LbSnsaUKZX-1Tl1KU4	2026-06-12 08:20:55.041368+00
fwbglmtdp0no12z643t7zqxx1v8au49i	eyJjYXJ0Ijp7fX0:1wSsdB:pu0qVQXcW-OK6NGSOscA73mGbahERlhOVKv7YsEopTs	2026-06-12 08:31:49.47389+00
qffyx7ctda7ct4fry36hedejbqg7wegg	eyJjYXJ0Ijp7fX0:1wSsmH:rwxtMjsbJ9SkDx6HaFThOdCHyq4JwjPXspkZ3gwO6U4	2026-06-12 08:41:13.494923+00
v3w0oa4vqc6ophbbisi3zklaiwjwddj9	eyJjYXJ0Ijp7fX0:1wSswC:ICGhlPAWbo7IXIcdV1WRmH9e7mBRTGjngG2WC7RRxqw	2026-06-12 08:51:28.39784+00
sihdw9opoudr5huzxqqlggajxpelhkgg	eyJjYXJ0Ijp7fX0:1wSt8z:_wFmx51XeqBozZcyPXh21A8jrRo8I5YLAUYwwUu9PYQ	2026-06-12 09:04:41.061258+00
5m022t3brrhb4jb8l2s3gnn40rciz0c2	eyJjYXJ0Ijp7fX0:1wStFM:AD8Hc5Kjyb3gGvXNQEHSj4Y4iBrA2EiugRxizV9Vow0	2026-06-12 09:11:16.976767+00
9koyddpmgw4sfeac19vlfaapc1xxnbgm	eyJjYXJ0Ijp7fX0:1wStPd:MojiJPgW7BdBFzD4ddjU67_jOtja_5ih-pilRO8QwEQ	2026-06-12 09:21:53.880597+00
l1brc3xgsgx1qss88rnz67zu93abl8py	eyJjYXJ0Ijp7fX0:1wStk4:ZWasyOGrR3vj651zLXs7orpkL_nMTRJrO5CjcC1pHj8	2026-06-12 09:43:00.31633+00
1dz2pacn2e4071cgu9xasqjjm3biiugt	eyJjYXJ0Ijp7fX0:1wSuBl:2ycRFjIhDR-3CpTC6bLNlD-oWmcFzigY-tD2WtYkINM	2026-06-12 10:11:37.112502+00
eup2mfx433h0a1vaffajdcc71r9352w6	eyJjYXJ0Ijp7fX0:1wSuiK:0GKzfeQ-o7_kI3YzzGapDdNcX8CezZc0vZWWmsliyt4	2026-06-12 10:45:16.297976+00
typ0s32isg20kdvz3ameva0oewsuyt13	eyJjYXJ0Ijp7fX0:1wSuyO:ukS94xPvhZhrCHoyuP6bmc2wHLGOY59SR2gYT7htxnM	2026-06-12 11:01:52.586168+00
awlz1z3lh1ghq8evg92rjvt0vzx034ny	eyJjYXJ0Ijp7fX0:1wSvAS:uKWZIPMQHj_Gg7Vui5kIf1d-Lk53zWl-e1I8n9gnrWw	2026-06-12 11:14:20.055754+00
xsl8l2li2rqo47yj2kr25w2hhzq6cz07	eyJjYXJ0Ijp7fX0:1wSvIe:MIgAnkkuB0TSwwOIbvj9iw2aE0wJ8H1Ra6WX_7j7FR4	2026-06-12 11:22:48.224625+00
wibucf9wm61kk6lrz96kji9a71tfdpiq	eyJjYXJ0Ijp7fX0:1wSvRu:D7SwkBmQ7K_jHQ284onHmoASBiil4xadLb04o_l06gA	2026-06-12 11:32:22.954972+00
13kv7xv09goh8wlchl7fddlk49rztct1	eyJjYXJ0Ijp7fX0:1wSvbV:4nmxwaBvMs7FPL-ocYBtA6ctqZhQOa6AQiSrUs3_kYo	2026-06-12 11:42:17.318037+00
ofqro0dg2dj1ggro6gym4ii1itco2g5d	eyJjYXJ0Ijp7fX0:1wSvl7:PFHIuPuU5QbRHeo6M89WLGGPqzEhKXGkIt7VRf0Jyvw	2026-06-12 11:52:13.234178+00
renfuskgi5w2fdiy1tz3jhne9jhep5ll	eyJjYXJ0Ijp7fX0:1wSvln:yB32E4HrgxUgJtgfgDzHWekZupNWMrhs8jralmAKzfA	2026-06-12 11:52:55.17374+00
doacr1v3764zt4kxermyvtag9hta9v50	eyJjYXJ0Ijp7fX0:1wSvvF:iNq_Sg6zXTEhbAr-pi92ml83wDOzqs3Nli96PWi_nXg	2026-06-12 12:02:41.786165+00
dnnw0kd5gwtc0e3m1hmv7b32gkdj8fuv	eyJjYXJ0Ijp7fX0:1wSw0v:TkSZFMmo9ijlWLFtDy9OheFhniMu2Zqh6W7Jb_6ZR54	2026-06-12 12:08:33.116766+00
8zm673twz6y08bg3l5l5liz7aouex555	eyJjYXJ0Ijp7fX0:1wSw3B:t7vjiVBizfD3XdaM-trJOOnB9q5VKyH0qKwdomDGXDc	2026-06-12 12:10:53.967565+00
5714jl0fkt5p924ied2su0uzc79m6p9j	eyJjYXJ0Ijp7fX0:1wSw86:pUrH5w8i9FiilJLAcRSpMW_s8tscHSwACcHAX5LcRak	2026-06-12 12:15:58.015726+00
47fihwl3bcn8nriniiuyirr6fypr4x9v	eyJjYXJ0Ijp7fX0:1wSwAQ:rZcSMKT7ng7XtHV0MhZU9Ib59cWghI4-VHSsDs9dTA4	2026-06-12 12:18:22.760903+00
kr5co9oqpz8obnlwmb1jwtzu5xpctqvr	eyJjYXJ0Ijp7fX0:1wSwJ1:mTey1xl5n8IZPW-g2herSHtAK2BDwkWFxxuGZa4B554	2026-06-12 12:27:15.79855+00
m5whkvglp8ajrrb308ftsno9t02db2rv	eyJjYXJ0Ijp7fX0:1wSwNW:3s-7oogSO3bSmznh6bEr-rlRa4i4ervzKlc_cbp2hTY	2026-06-12 12:31:54.757993+00
1kvpi8bsbisdeu2w5r13tas4zg416hla	eyJjYXJ0Ijp7fX0:1wSwV4:1bl5j7uSw3Nm_Pc5dp9c0uYiPiDaJzHtli-727f5QZM	2026-06-12 12:39:42.818538+00
1whzmqantu426cc9hzici3b9m4nctvbx	eyJjYXJ0Ijp7fX0:1wSwZ7:7RMeT082aGDJb3ikoZhLWb35nQxiRNi2d4kqWB1MGXs	2026-06-12 12:43:53.095323+00
jxejmwne2ekg9in7ogmkfl7j82mrwxt1	eyJjYXJ0Ijp7fX0:1wSwhO:o7eoyWTDnSAk5g3P_llFC2rCx0NIn7NU3tbml-h5vT4	2026-06-12 12:52:26.128278+00
47gq63qhjbgctvjnl2vl6ix963i8n22g	eyJjYXJ0Ijp7fX0:1wSwqs:PrPnZWz2kFpYPzmM0OI0nPYVxYCY1y1P4fI0srHk5I8	2026-06-12 13:02:14.668787+00
rov9o56hlhm3xdri8hljoaq6xw8x8c8d	eyJjYXJ0Ijp7fX0:1wSx2f:15zqUoAHaApH-b9_JuFzPqY7nsu5H-zP2VwynT6HdaQ	2026-06-12 13:14:25.790273+00
ws7k9ow7bg2ow287xv8wg7q93t2277pn	eyJjYXJ0Ijp7fX0:1wSxEp:S8liBs769MmbET7k-74QuvJ_8947XxoeXL7xnQDv9ZI	2026-06-12 13:26:59.842117+00
ypp9xq2g7ogwaocdjiq0wtcqi07f3zm3	eyJjYXJ0Ijp7fX0:1wSxJw:2_BBPHVJxRMbaQiYyfy1yc5Hn75z5wpnkt4ksfbQYw8	2026-06-12 13:32:16.249279+00
7aa6istq4o8pkerg9stu4ccegte36k7m	eyJjYXJ0Ijp7fX0:1wSxTX:UenhkxVdXwc58fOTulsSR12uxXNlraKhfq-mVlF1gtw	2026-06-12 13:42:11.03801+00
gzifz3aap0jrejqr33ua7vkv0rqypd4n	eyJjYXJ0Ijp7fX0:1wSxkh:xlPkjWgJdsCAtFOODvMCsBeW0dZm9OimblfOCpjnIJM	2026-06-12 13:59:55.737964+00
lcvd66o63rcuw3htzq7f41c3gor4fv3a	eyJjYXJ0Ijp7fX0:1wSxr8:IwtcBCLJb0TWQx26yutK3RWZgU7GyjELQ9wlwHoWu-o	2026-06-12 14:06:34.219499+00
vzqgxmzwbikjfk7a2a0sr1kas4galvfj	eyJjYXJ0Ijp7fX0:1wSy7o:WE7PxBElqi725gqGpDRUMr_v4h_RYk3bnk--rZUQ_3M	2026-06-12 14:23:48.585329+00
xe9n10n8vswttgsvledxaqp3ie9zgu27	eyJjYXJ0Ijp7fX0:1wSy7t:UKyUA315rzET4yw-Q3f9QsnvTzRPjisrGd-f2lx7eZM	2026-06-12 14:23:53.108809+00
qhz29xrnhotb17uv88tludvenrb3v07a	eyJjYXJ0Ijp7fX0:1wSy8M:EpLLBItQKgFmTsb5XgoPBjxVx9OtSpOxVflz6SQ-rJE	2026-06-12 14:24:22.539318+00
m615qbmclzf3vk728ou89av4t5ig7up2	eyJjYXJ0Ijp7fX0:1wSyWr:GHnJ5azVMghb5Vsq_hpKiHeybSQfQGMD0rAyIsSRLdU	2026-06-12 14:49:41.933966+00
sgi43pfqt691lz5m6prdxd9y10a1icox	eyJjYXJ0Ijp7fX0:1wSz0z:hUWnYXE7XleZC0nY111vedB2F9lliwziJ9536Lk1GS0	2026-06-12 15:20:49.322918+00
7exgeb3gjhubtv6erijso1p6iih1uka1	eyJjYXJ0Ijp7fX0:1wSzNu:GrZG4skCfwQ_meEujPSSgNjdQ7szkGlU9HUrXt1WqpI	2026-06-12 15:44:30.298464+00
bh1k34275f0ei7qr6elub2zqseege07w	eyJjYXJ0Ijp7fX0:1wT0DQ:nObRtw-g9x0gYVC6bK9T597Ih0Hl3UwfqlZW4L3ixak	2026-06-12 16:37:44.579204+00
xvuktnvgwzgdnyi43qdrg74lcu6rul95	eyJjYXJ0Ijp7fX0:1wT0uV:Jggc8xYVpKp-YMi3gjO3fBlWJUhZApRRoDALYQ2-N-Y	2026-06-12 17:22:15.914373+00
vuxt3vhtg1e0ri14x1cd4ow1yc4cfr34	eyJjYXJ0Ijp7fX0:1wT0vB:Yu9WxQc0MOPDFZpVxN5L9uR9oBCvjDQH8VpDEC0MgCI	2026-06-12 17:22:57.82384+00
0jv1qesv3lpshq9oqlr6izgjgx0cz2uq	eyJjYXJ0Ijp7fX0:1wT11j:oUPAqQ7AbyMeyW0nwhwt4BOtZlgRVcDfGRisGKhMkWk	2026-06-12 17:29:43.827008+00
rcznp8vgi1be7porfd19j7tx4iws2dpx	eyJjYXJ0Ijp7fX0:1wT1X8:uYTw2rk4BtXZoJT-7dGpk1zamkqwLgOFh4PeOKb-0xY	2026-06-12 18:02:10.845229+00
4sdn76wyhtr0er9v7usnep6dv8iqurbz	eyJjYXJ0Ijp7fX0:1wT22A:fvEGzuXZpFv9eqwvJfXTsPK5cC7CFgnm25aPkXjHfkk	2026-06-12 18:34:14.683713+00
kkh1c7aouu7m9ze7gbpskpb7qat8r6vj	eyJjYXJ0Ijp7fX0:1wT25y:kIXwYBPIQHltyiqJ6Rcl66yBf9O00F8LGNuN9qfKHTU	2026-06-12 18:38:10.691427+00
ge3r6zy9lfsbu1v8zadfpqvc3k6rk7ha	eyJjYXJ0Ijp7fX0:1wT29n:DXDXhhxL1SSAB5J5VOlp3OUWqmCyyuaG1wjrJehKGAg	2026-06-12 18:42:07.017501+00
kknhvmcna3a678nxeorfcn7s2j985jte	eyJjYXJ0Ijp7fX0:1wT2Am:3VrFwErWU7DVut2Y9aiezUnq_-5zB5-pjnOjAPRTVs4	2026-06-12 18:43:08.76118+00
ye6p8g4so7hhx5rx8cxorlm9kleosbh3	eyJjYXJ0Ijp7fX0:1wT4bj:3Tsd3E6KvVuJKs7nnxrVyUguYW5xo12nVsGplqpyMhc	2026-06-12 21:19:07.642256+00
hjp80pc3lwxc8b26gpd19libuxincwzz	eyJjYXJ0Ijp7fX0:1wT4cP:PAH1kEihI4-YOlPMEEQJL9gkPUJr1q5Ayx71NxEuz5c	2026-06-12 21:19:49.490614+00
fmjbfmp8nq7m4e9hqb1l2fyr58j5keir	eyJjYXJ0Ijp7fX0:1wT4cj:VDaUz2nfYEq69uGG6ZKPf1gHbgCVSCCJftM39bC_AVI	2026-06-12 21:20:09.019166+00
l0y23hwcgllm04xc61ji88l2nz16ma83	eyJjYXJ0Ijp7fX0:1wT5du:qmBijbKyQrJ_Ks_zzfmeFZemo88_cLwxRaicOFg7Lvo	2026-06-12 22:25:26.014433+00
1cdd87nb6jnf86k5idvb08dezj0q79vl	eyJjYXJ0Ijp7fX0:1wT68r:yWmZCnsV5u9-LjZsTqL4m8tWFnkT78R9kcNJrZ2GY0U	2026-06-12 22:57:25.391412+00
vbu5d0iz7wdhdxqt0n16u5t31pac8bos	eyJjYXJ0Ijp7fX0:1wT6QY:aq1oarHUGVW2Kmw2xlSsc9kzXkX3IDwrV_mJDa6dLLQ	2026-06-12 23:15:42.653161+00
it1p5sx9q7g3uqiuhb6dw26k7gmrmtzg	eyJjYXJ0Ijp7fX0:1wT6Z5:h6_tAVA3sPgWQC-dmj3_MY2fiilqvUhtY7ncNZ-L_sI	2026-06-12 23:24:31.107065+00
dh3r1k0egys8b9l1qwa9kt0mgx9adfv3	eyJjYXJ0Ijp7fX0:1wT7Ax:26_UI2r8MmpJCyl8f9QaqV-0etu_aW8ROiLnbbbpm3c	2026-06-13 00:03:39.726446+00
hca4kerows3zvowwfw0lp04lcubfvyw2	eyJjYXJ0Ijp7fX0:1wT7XE:mwXMvKrFL16v_-egGQVk5tFU6ikLvRb1IVkhgev6an4	2026-06-13 00:26:40.955668+00
nbeikvlpkewus9dv9votxox86b3x4ajv	eyJjYXJ0Ijp7fX0:1wT80P:N98AV46ytx1O1s3iNO-dPhyZVY-1BxkttAkemNSBlS4	2026-06-13 00:56:49.267483+00
i49a8h6k7wn3owsry1a8ji0lomny4rmu	eyJjYXJ0Ijp7fX0:1wT86s:EVUxD1HnsiaGqGcyVNO5Ts2eva2gANsOwU-otbjgJyM	2026-06-13 01:03:30.623715+00
fkqpyt08run0pgelnwapsir4dw2l3pxq	eyJjYXJ0Ijp7fX0:1wT8NO:0u9NMYV2PxUK7OtWm17QtdEgs99w55u1N98LypFCeDk	2026-06-13 01:20:34.712868+00
jthqc0v0oyb05alr98z84c0a4tr3qd57	eyJjYXJ0Ijp7fX0:1wT9du:cH073LxrUHJYTDrtsF9G3CZDvi4pdfka3OhK1WcDhVE	2026-06-13 02:41:42.580904+00
5s643hsqovkhd2dbgp2r3hdbthur0e2a	eyJjYXJ0Ijp7fX0:1wT9qJ:ThxaZkgxzib2ZmJar2wCsXV_NOTnu9O59wDVolg85jo	2026-06-13 02:54:31.307353+00
i529n3da3zums04h6pnr5c0tptdw317y	eyJjYXJ0Ijp7fX0:1wTAYy:rG1pIwm8UGPt3Y8dT5IQVA7J5BSZ9BBu6dGeIgZOCuA	2026-06-13 03:40:40.384789+00
sp0gpmys6ku2l6vo4117t3cx3v8w7sb6	eyJjYXJ0Ijp7fX0:1wTBhO:uE0DSAPod_6KSpzBvLQffYRpd52NWp3CHySGXVGdNj8	2026-06-13 04:53:26.402834+00
4djf2bxt5wmd7wgkgz2so2veep2vreci	eyJjYXJ0Ijp7fX0:1wTBt7:vkR7TMJMXS89kYzZXtNf6pCUHdYdJDEDsX2ZzQOyMOs	2026-06-13 05:05:33.222695+00
r6skdzemf3kq8arhv85ktyj0ab0g6mva	eyJjYXJ0Ijp7fX0:1wTCDm:nSESGYS-uKOGnccNJD3VGRZ8FknGCHyx5ai94mWWHxg	2026-06-13 05:26:54.977786+00
h6ufcscbtk5sxuzi1qe9p87vn4mgahbk	eyJjYXJ0Ijp7fX0:1wTD2j:LRBYHf8w2Whl1bOFyTfOoRwQxeZdSA007kmmGS3QwX0	2026-06-13 06:19:33.471895+00
qo1jk30z9ferottpcvv0r2apr006lw8w	eyJjYXJ0Ijp7fX0:1wTDDS:uMa36KjAgWKfWxhGRlrLFJy43sV_fLIp0QbgVc5ym44	2026-06-13 06:30:38.023061+00
6b0z8xll2ikv9pxrutxitf09fvrlvoga	eyJjYXJ0Ijp7fX0:1wTEgj:U0iTVPQ21RlaFhKC0fOUJ5i-e_rJmp1i6WC4_GlhuYY	2026-06-13 08:04:57.2567+00
p447nf96xr9um59qttu5ieexgwxm0vqh	eyJjYXJ0Ijp7fX0:1wTF1f:eZ6mXQTUssewA6MVRZnf1v5zP8zd7x7v1E9LSq9H4RE	2026-06-13 08:26:35.760137+00
ba5gbup0iqdsey1oq95yyooq80wbqluj	eyJjYXJ0Ijp7fX0:1wTF1g:dP3gn2vGlKvNUdFWn07_H7Gf8_GI7Fx3OfJbvi3pV9c	2026-06-13 08:26:36.340134+00
udpnyo8h6wj00uduemwc7nwts5xcngl9	eyJjYXJ0Ijp7fX0:1wTFDt:C5_3X6Fmn-9fXJkYBf8fRYXv51AGl9D3OWDAvtj4jOE	2026-06-13 08:39:13.775948+00
lfwz238qc5q6z0g2cqkep9qyvzrymr6i	eyJjYXJ0Ijp7fX0:1wTFkv:akvwD16eszzb6tbQjALvupE2x6W1ziPN3V35JzgjYmg	2026-06-13 09:13:21.611677+00
1cybkkxtpdnw3yid3z3vehitlxhb8lbo	eyJjYXJ0Ijp7fX0:1wTI5i:fS8v-C9ps_i2qPvMKcbIlToIIQd9vHG72rINDLvnFpw	2026-06-13 11:42:58.458078+00
k3xmgk94ldij29l11lcylebnymuwt5ny	eyJjYXJ0Ijp7fX0:1wTIEC:kcNjuuE37rp4jt34cc3m_JUKOhLG72Ho2SJ6CkZOCi4	2026-06-13 11:51:44.020811+00
cgq9l2fy6izpq73yhn4pb0ed0n03l18a	eyJjYXJ0Ijp7fX0:1wTKNE:mL3i5F4oXZWzaB7-hsW22Xjh5bySpW2T_4rSY0BKTSM	2026-06-13 14:09:12.227553+00
huih4vdi38dd6tew4l36m1ma2nuntfee	eyJjYXJ0Ijp7fX0:1wTKTD:odGs8U_ouX-e3aSBOe6mHDjMOXUY-uoEK9IVp7vaNE4	2026-06-13 14:15:23.204072+00
wi6944nkjgk4jxcrq5z92a8u0iiequ4w	eyJjYXJ0Ijp7fX0:1wTL7f:m0Cze5pVhn4PxbaDUQ4nyehf3NeVQSro7HjTiyQKFI0	2026-06-13 14:57:11.585256+00
hezhoaai09clpf35rpgm9z06c4965to5	eyJjYXJ0Ijp7fX0:1wTLZU:BieyrWiYVdfm3A_UEi1hapxIcfNnTsLggnFvZiMwkHQ	2026-06-13 15:25:56.905317+00
nb7iqlmfwjgk0jlmme82i9049epiix5l	eyJjYXJ0Ijp7fX0:1wTLrN:oiV5bzbwQUQ6IMcVlr4yqv51f66JTBQ4kidEA84v3yw	2026-06-13 15:44:25.38167+00
68njcc0ewslz05y2c62iavvj7j5recug	eyJjYXJ0Ijp7fX0:1wTLye:JCiMMk_HEGgb48se3Yxrtj9Zk_gMrQDL_d0VsrGF3qs	2026-06-13 15:51:56.724863+00
a7g86k4qwir0qysrvopq5uh983500eoi	eyJjYXJ0Ijp7fX0:1wTMiq:XNPlhNZTc5MvIqtmTii2iBwkI-nuXk-g7knRB9II7HE	2026-06-13 16:39:40.595715+00
2jpjzy5m1b84w3ry8a07zs5jjx2pohct	eyJjYXJ0Ijp7fX0:1wTNKK:V48iggNOUR4RK21JXTAWehRzQtXMhJvqSWnewrHcle8	2026-06-13 17:18:24.273288+00
z1s71pcfemxu7e7whcyz35e07dc8es5j	eyJjYXJ0Ijp7fX0:1wTNL7:toKw6cqB2e5FIB-7Zwje6BQq0J0BpM7yY6w680_f2tA	2026-06-13 17:19:13.677928+00
ivdsbtp7jgi3zlsc6m7ag5thktlhnxpd	eyJjYXJ0Ijp7fX0:1wTNp8:l9MZMG2QV6UYILb_KceyMJySQ-O59aE1zEcy9Zft54w	2026-06-13 17:50:14.625822+00
csy0c0mxaxbbgivpli6t69qyol68hvkw	eyJjYXJ0Ijp7fX0:1wTODr:cgmRLjUFjYfM3tUEMgthUCiAs-TXQBISTcaAJazNwjM	2026-06-13 18:15:47.243559+00
2tip8zuyv42lqpiw9r3j2p9vmils5kwe	eyJjYXJ0Ijp7fX0:1wTOjK:eHn5MqXbMSqsSPgisUR2uhX0MTrPFdtKD_3Bb5vJdJI	2026-06-13 18:48:18.794554+00
sobcnr88esodgrbfqau2hsbnb1pbnn5o	eyJjYXJ0Ijp7fX0:1wTOjM:yVXkZ0JZaJ5qti3bDZGtRRXlmADlD_VoetpgJ7u9Fho	2026-06-13 18:48:20.621841+00
09b2khheru44bsc7jh8c9s8g1xes3uck	eyJjYXJ0Ijp7fX0:1wTOlC:XEIGbJqhGYVHBZcUZ4yJZk_-BtbLsd74Pz-CgWRjLsA	2026-06-13 18:50:14.507803+00
kkx3dly5e08n8rcz0hvpzfqqnjc2lsi7	eyJjYXJ0Ijp7fX0:1wTOnm:ym73uIPUCZK7Gj6rHyECfWTbinq1QWwFIqkBxljkUpI	2026-06-13 18:52:54.987757+00
pb8k59xz6nr0huxq5l8qjzq4nvn6fsv2	eyJjYXJ0Ijp7fX0:1wTWkb:GcqyMeW7xMLYSpOFClG5rJifcPGinxIGimgL1Ga4Lt8	2026-06-14 03:22:09.70575+00
24dxs7vba39k27om8c5bek36sck9exvm	eyJjYXJ0Ijp7fX0:1wTaOo:8TSDpKe4643wWS-Uv19c1dDDR7jPujQNAwb_3TLuMRw	2026-06-14 07:15:54.740737+00
rayblin81aola0u6xqrrgec1udm90wg8	eyJjYXJ0Ijp7fX0:1wTXCW:Y4KcttpKyRg4YIYlXnAYM7kRm42fis9ZLRVmR8CudR4	2026-06-14 03:51:00.588832+00
gsttseaegaayisddhr1qn36iowd4ax3z	eyJjYXJ0Ijp7fX0:1wTaY1:VGM9ueA77bWYBoe6NKlt_fxh8eLe2-y1P4InxHLtjqQ	2026-06-14 07:25:25.118831+00
ua428daj7q2nkj1so7hkhl38w3ayf3i3	eyJjYXJ0Ijp7fX0:1wTan5:_bcNrb-7hi0LVvt9ftp5myTQ38eV97WealgxwHNBH5k	2026-06-14 07:40:59.597262+00
yh3v5wspqmo5dg1adaqi9l7p9s5j5fih	eyJjYXJ0Ijp7fX0:1wTP6O:_eOy5872eSg9cLuZvkbm3A-k2bW12na_x8AcltCmpg4	2026-06-13 19:12:08.860501+00
uljyukxdzx3hantrer9vgj7we2x1cuwx	eyJjYXJ0Ijp7fX0:1wTPEF:66_8L1-HuSmqV98TXFMHovIVyv1rSw6L_RFdo3Rr9Xc	2026-06-13 19:20:15.175316+00
7vruddnlg1403iguwfivdhch9cusciwc	eyJjYXJ0Ijp7fX0:1wTPEF:66_8L1-HuSmqV98TXFMHovIVyv1rSw6L_RFdo3Rr9Xc	2026-06-13 19:20:15.327759+00
1u8gsn2nk6qzvw6mi8vbzhjm4wkhuhrz	eyJjYXJ0Ijp7fX0:1wTPFL:1Oa2uxF4mQAwHVZ2aKXsVWNQWobjtAkv0MDKrD9G_dM	2026-06-13 19:21:23.690801+00
u3x8cteugs5r9ds7x47dxw7n3uww1iv8	eyJjYXJ0Ijp7fX0:1wTPFh:qSTujQ53GxwhpCK_uTZPQyMfXa2YyO0Ia7d5N28bGPo	2026-06-13 19:21:45.709233+00
6qdqrv0bmevkhn7mh3j25jhkml9m7kaq	eyJjYXJ0Ijp7fX0:1wTQJx:Bmsp3kAR589XSsud5xr9N-7OtKXgTFo15pYVerhlpXY	2026-06-13 20:30:13.096814+00
wutqrgj2do8qr1qatp5x0bf23fohvew5	eyJjYXJ0Ijp7fX0:1wTQWP:WngEAzuoT4QSayiH8RqnIj6l7ixKgCRGM2P3VaKpFgI	2026-06-13 20:43:05.94503+00
1jrsdkaan0h88eatkoei7dx4j78vq4bw	eyJjYXJ0Ijp7fX0:1wTQj6:JYqmLqmgjIqGyCVw-Rh-DO9EBhXFaBI9BPX7rfFnBGA	2026-06-13 20:56:12.820234+00
b00hqex86fz7w36ykcmme2u9r4d8bv7v	eyJjYXJ0Ijp7fX0:1wTQjA:PXWBPwmJTwcfkWfBVY127_bG0BDB7ep7LtNekxlY1os	2026-06-13 20:56:16.56484+00
cziofdnq3xdf66yyto8e6hczgbaxt32e	eyJjYXJ0Ijp7fX0:1wTQjB:TOfai1jSpSHiVoVb7HfZ0J32rTmHOfrZHMSLXDB_Ivg	2026-06-13 20:56:17.224969+00
iqz16tdsil6aj9h7eij3qr9zi1f0qjgy	eyJjYXJ0Ijp7fX0:1wTQjB:TOfai1jSpSHiVoVb7HfZ0J32rTmHOfrZHMSLXDB_Ivg	2026-06-13 20:56:17.686283+00
emmlykl6o6qc40203hdf2g1uag8elfqy	eyJjYXJ0Ijp7fX0:1wTQjC:dHNIH3g5Bl3uhOxhu5Ur0CfhMLxFQzx4OiyODUPqGZk	2026-06-13 20:56:18.147981+00
je0n2fa0fbcapztks1majqvhskcxe7z5	eyJjYXJ0Ijp7fX0:1wTQjC:dHNIH3g5Bl3uhOxhu5Ur0CfhMLxFQzx4OiyODUPqGZk	2026-06-13 20:56:18.610369+00
462w68693npr3n5726p3d773kz4dmewn	eyJjYXJ0Ijp7fX0:1wTQkx:NLYRTPxqrPQu15stR5Q3GhYFa64TemoPkJ7oCtbj8mM	2026-06-13 20:58:07.673185+00
7klsix6cj5dj394veqv0xway21tkxb2u	eyJjYXJ0Ijp7fX0:1wTQl9:RGdYI7QlCWUSgbjssJVY0rpXf9B0mTro4B4NR68Ta04	2026-06-13 20:58:19.298731+00
yyezz85ihdv3t60siv2yl8ozltyaseoc	eyJjYXJ0Ijp7fX0:1wTR1t:61LaW-SoTGTTlXRiSDFbOyhOd43hsI5SgH88NbiJhpo	2026-06-13 21:15:37.722337+00
z3vvv2selqjihlrhk5warzxaemkg69t6	eyJjYXJ0Ijp7fX0:1wTRJB:EE9b0H9Pamuu4mKSJAfYqrvzO-QWcDKICIVZeDBuKf0	2026-06-13 21:33:29.994472+00
8xfoiykv3mqx5imc7k1lxvxypf5g9cpk	eyJjYXJ0Ijp7fX0:1wTRWN:HCOtwsUocL9C6uV5sUyRwmsGrFqU4LOCWRBudlhcgUI	2026-06-13 21:47:07.534118+00
2s96brd05rbtu611fzqn5fr0el51otsh	eyJjYXJ0Ijp7fX0:1wTRWd:jnGo1CRDCY_Tf1p98V-hzysoVgDdtdiG2cYVZ0lRRn4	2026-06-13 21:47:23.585035+00
1nyoyb1trli0dygcue709x99dtpsj90h	eyJjYXJ0Ijp7fX0:1wTRew:lniCO4r51FpF0CejZEqAqxC3ARmAx1pCv_Gmd5p7WnU	2026-06-13 21:55:58.141096+00
cnzvbkdceg74n1aqwstdej8bcxr4f2kj	eyJjYXJ0Ijp7fX0:1wTRkc:7t04x1bYcy4zR3ulzJCwGst7hPThUdhHl2Y-HifZ-C4	2026-06-13 22:01:50.662404+00
yhf48zjh9xzuqp4kiesmhv7wei27j4yh	eyJjYXJ0Ijp7fX0:1wTRnd:QnaabpS6tIv8HE8ibR0W0nX5Tjmq0Z7uoS3wADrfoNc	2026-06-13 22:04:57.686929+00
3n0df6m9d0rte7tg2nknnvoxj1c83964	eyJjYXJ0Ijp7fX0:1wTRod:5oVs7Lj_GSJeeUJHa_N4FRBGy6g0k8Dd-d2E_ajAtqw	2026-06-13 22:05:59.70572+00
az3dalq6t0c93d8qto71t48liwdavm78	eyJjYXJ0Ijp7fX0:1wTRyK:qwvkvPu5m3N8fE5LuT4oIxD4sbFRT-ixzBFu2FAMrlk	2026-06-13 22:16:00.51955+00
a974c9t4k5blclqmdcqtzcvnl9y75mkb	eyJjYXJ0Ijp7fX0:1wTS2A:jnoFAeJUDfGW7C1ALWxztLx2XSlkQd51IOJuzWJOf0c	2026-06-13 22:19:58.856732+00
lherzho6jmwgowsnbikug17bqq8fvbmd	eyJjYXJ0Ijp7fX0:1wTSG5:R-d0WrpASwF49R2-1Y9ek1SD2-TD4VDK03g_h96t-GE	2026-06-13 22:34:21.14597+00
15mmw0vp31lkc080kliy9jd7qh6ebcj3	eyJjYXJ0Ijp7fX0:1wTSIo:pf-xPg0rYtSDYW9GzjV-VPQC2EhGvlQ56VCg5Tq4Paw	2026-06-13 22:37:10.681078+00
htm8x1gl98h66kaer741ba3yt9yqzlnt	eyJjYXJ0Ijp7fX0:1wTST4:s6rzK-NQS3naWwECeiZqFBM8vNpFKt5mn8wZ8v25XTE	2026-06-13 22:47:46.458872+00
s69y08g4o4vjxwflixg1vcqq2u9dj0e0	eyJjYXJ0Ijp7fX0:1wTSXT:Y710Ezdb8zP-zEqEiXUh7aZzhxGWDTxbAM7r5euRysU	2026-06-13 22:52:19.091179+00
5x2l3nzjvuu5u8hwltvf8k5e2kq9v8pp	eyJjYXJ0Ijp7fX0:1wTSZj:nlf3J6osTUxqNbJOK1qOq-UNctqAIlI7DcT80ej9VAo	2026-06-13 22:54:39.93743+00
cv28ajgltuzptday4scjl1qqvwuckhtj	eyJjYXJ0Ijp7fX0:1wTSm4:TrZ9XbNINQVc6P3kmsU7376Sb2GTYLqJqLxrlqhTYhY	2026-06-13 23:07:24.922846+00
o8xz5aamzsjqemtlh13l48bjv3dfpvcu	eyJjYXJ0Ijp7fX0:1wTSmS:0Tw_8cl6s-693KYcdHw50TDRDdeRJOX_mcUBDW7Orf8	2026-06-13 23:07:48.944145+00
d3j8b56je3afgiu33c7jviv7pszutc5x	eyJjYXJ0Ijp7fX0:1wTSsf:CljPe-5A8FfmwYTckU5pgLFXVcjLJGhav25wqXJlsQ8	2026-06-13 23:14:13.966918+00
1l3nuif1hsfnfb562xdlogn8n1qs8e9i	eyJjYXJ0Ijp7fX0:1wTStV:4r1TjPWaCs93HWhaSwnJulVFzYZe2e3zIORikWS8w-k	2026-06-13 23:15:05.37089+00
oxgguolxd1zfu38ixd32f8mx5s75xp1s	eyJjYXJ0Ijp7fX0:1wTSz1:BfZDtnOfPSQK_ROkzK6biJhmS0KLhwMQL2BOmVJC3_8	2026-06-13 23:20:47.558861+00
blfuw0sexyrt6021rhqpsrfzejl2okhz	eyJjYXJ0Ijp7fX0:1wTT3z:bHXsElFJ9S-3T8clhoVJZ4AAI1piDZQRB5gY7FRYLZA	2026-06-13 23:25:55.108457+00
7m1d66ur40npeafysl3p46odjn5buvp1	eyJjYXJ0Ijp7fX0:1wTT54:8UkEFYNO0bsAqOpifJxx0PsMkvXDV1eLU6rRZxcpaUU	2026-06-13 23:27:02.017177+00
66166kg4l9h0cnpgj5frrlgawl6hijfd	eyJjYXJ0Ijp7fX0:1wTTFG:MbHfvqeW_n-1T2SRwRvyUnjC22WOh82ap6BryacZ-WY	2026-06-13 23:37:34.93442+00
ffu2ml4emeuna9vh17u8nv437shvm155	eyJjYXJ0Ijp7fX0:1wTTJL:ihqlLYURZGjZjWOSECCFEYPVqk0YPEiSmlzPdLW_wuQ	2026-06-13 23:41:47.693933+00
ubcz5ob9o25sglbtd6q7g8he9qxqmc20	eyJjYXJ0Ijp7fX0:1wTTN5:zsKRYZnDN01cd0RIRobaYC_SoiBf0f8K1C-4l7NOtVQ	2026-06-13 23:45:39.346622+00
41wq5d4hracbfewsvjn077trzol1shx8	eyJjYXJ0Ijp7fX0:1wTTXN:G44Mt0iwiR20FKp0_hWxkJfULdRd8aq64LtC307qKxc	2026-06-13 23:56:17.664931+00
fk9qesjkcwk2gl999xvuh7rwh0qxti3s	eyJjYXJ0Ijp7fX0:1wTTZo:xtbI50w_0XNTo_ORDnWq8z_jJuoqZfILum81E5T47Oc	2026-06-13 23:58:48.091914+00
y2wcs5e0897vxdcwld89epy7c43pm6ct	eyJjYXJ0Ijp7fX0:1wTTbc:VFgQwfg-CjCNpYq0SjFTeHcDQ11h9TAMAAjUO_xOLhU	2026-06-14 00:00:40.872014+00
dpbk3mlc9tus62qlwyx1qn8j4c7035fe	eyJjYXJ0Ijp7fX0:1wTThJ:di35ryNYoHKFSgL2jID-begm-T-YAhEn16GZN82DZRw	2026-06-14 00:06:33.730576+00
xrwr44vi8jknvvjk1xd4wlf0rqxcnk1q	eyJjYXJ0Ijp7fX0:1wTThK:AP1DzKWtL_HRQcjysJcu2yrYX0K9neCcfaVsOsqKT2o	2026-06-14 00:06:34.539799+00
jw68m7xrqx3asf1filrkvgltkb3f0vqb	eyJjYXJ0Ijp7fX0:1wTTmu:kmGOguxUvBZUZk_vIipZzlibPNc13T0HJ97dgrVxKZM	2026-06-14 00:12:20.33368+00
shb3311c21yrm2csb5y3jifn13tpfd8c	eyJjYXJ0Ijp7fX0:1wTTpM:zSLubO-EUE6qFbR57ypy4nTFCh5ZzrGWHd81TN_g7fs	2026-06-14 00:14:52.384792+00
3c5hb6lhtx9g34l0535376zyddj71toj	eyJjYXJ0Ijp7fX0:1wTTqB:7m4rX8Zo_WQn0jjrCvqhC71mj42vWndeKZVxRwWu-cc	2026-06-14 00:15:43.110556+00
fqieasxxbzv51ah9zc4n6l5ydzjmwtv7	eyJjYXJ0Ijp7fX0:1wTTx9:QRm33-lYW8wto-FietU2TGFX9Tcgct4aZGb-lOTrBwc	2026-06-14 00:22:55.488512+00
nf2ni9d8ycnk6inmmvavl4totbl8l0it	eyJjYXJ0Ijp7fX0:1wTU0W:7fmVquH_ZQJrrpg5Gg2RN6q1ZZpEpJ9REdsV2nc8S-0	2026-06-14 00:26:24.884121+00
6zx9m8uvjmbzvlwi7xvoetjq4m8am1v9	eyJjYXJ0Ijp7fX0:1wTU5V:42JMK3s57PnpzgF3koyOjRA6vF6ZGMHZ7rk8MCOe5Uc	2026-06-14 00:31:33.735969+00
xcf6l64qra7311iaceh3aia99fsrwet7	eyJjYXJ0Ijp7fX0:1wTaQi:7_1mBePupR3ej8OplZDbgn2s3afUNWoxcEXsmCpcrCE	2026-06-14 07:17:52.903732+00
m4wyznpcuycqch217v6jzwfa10j737vb	eyJjYXJ0Ijp7fX0:1wTUAY:qAXxeBENybhnpuuuJA3_-hy5r2khBvTcdd26NFfJh9E	2026-06-14 00:36:46.276319+00
ubz2sq2p5q6g449wslj3ulyff3rwg25x	eyJjYXJ0Ijp7fX0:1wTaf0:yG96xJmCcj_ZOx_KlU2ju0MSDEh-3wbJmXFoe8yhie8	2026-06-14 07:32:38.049446+00
v2l4949em8m8gm0i5c1e5jqxowuwa1qk	eyJjYXJ0Ijp7fX0:1wTars:lPjxKwEjP2niyFdoAc1mNLwOb-ZGg68WJ-hxjYZtUYg	2026-06-14 07:45:56.974765+00
kpo89t05ve1ltgr7kgbhial7e35464aw	eyJjYXJ0Ijp7fX0:1wTb46:MTgNPZqR_dUNBWFmU9f3oCK5yeqr1vwWh_AV347-Isk	2026-06-14 07:58:34.773324+00
lmds1ssjjde2fl7226i10x0g4bjnuxys	eyJjYXJ0Ijp7fX0:1wTUOV:F7sbsr8LLX2pHQhTRd2bI1l6qFw088uLf2AjJ3yFOZA	2026-06-14 00:51:11.649215+00
yxgb216ri3ce6nl90ig4i0nlte4v63lb	eyJjYXJ0Ijp7fX0:1wTUlA:4W7fk3W4ZNWlRRkayjGva_ikHkmqp-YrnwIzVM1Z_LI	2026-06-14 01:14:36.658329+00
x4xlj5wwwkrzvpa5y3498v0v73g6oe9h	eyJjYXJ0Ijp7fX0:1wTUpA:QD0ckP90VERciUzuAXlyRoopaaQoUH6UnEHJBvkixbg	2026-06-14 01:18:44.004079+00
5zlmnm23h0mwzmspmsuecvhvmf9nud29	eyJjYXJ0Ijp7fX0:1wTV0p:kiO0167BYHEMGkGJZ83bW1WL9duchWUPC5l3eZkWuLk	2026-06-14 01:30:47.245232+00
vb0vga8zcrra8zsa0kkilo5rbz3j5yf8	eyJjYXJ0Ijp7fX0:1wTV3v:qdJD5cNDCcoMxqAG0WQaeewcPSu6qlQZC0pHYWDs06c	2026-06-14 01:33:59.047021+00
2l2uhykm1nrdwj5crymvd7x72hq8wplo	eyJjYXJ0Ijp7fX0:1wTVCH:jIO0S4q_OActXKbyNg3prLx0A1mcxWBYMarKSM4YPsg	2026-06-14 01:42:37.046801+00
6iss2rtcaljg2dw8iqvf4vxlx0ph3y8i	eyJjYXJ0Ijp7fX0:1wTVLj:HV4AgiMbOl0A9vivJRmtprbeGy6L1txwRrCDGK5NDcc	2026-06-14 01:52:23.734506+00
f7588glear0meffk7x0so6r8d0v7bzjs	eyJjYXJ0Ijp7fX0:1wTaQd:7FZxOAHRnqEugodqcjrzWPN4WzVvDBjdOdAMdvTGYhw	2026-06-14 07:17:47.857857+00
qi1qxq47tew8dfu9n9umbldsrtktsxvu	.eJxVjDEOgzAMRe_iuYocIE1g7N4zIMeOC20FUgIT4u4tEgvrf-_9DZjyAt2236CndRn6taTcjwIdOLhskfiTpgPIm6bXbHieljxGcyjmpMU8Z0nfx-leDgYqw79GDtEqVYioJBh9REfCyrWqSvKWkO4ibahqz6IUbbAthaYR59hqgP0HZN88hw:1wTVl0:faTiYWvSUnkUt7lmqxlSV9vbzDMnfFYp-Sdr4Jh3ijo	2026-06-14 02:18:30.454059+00
5696tllohnwh13sbuz7hmtpou25dykpx	eyJjYXJ0Ijp7fX0:1wTW9l:Cm5od4prGCtv1WcuaBuunKPNKYlKGjMKWorML7b0KpQ	2026-06-14 02:44:05.743051+00
ustnizxq39kqpm1bfl6j3eyt7ku2dgwq	eyJjYXJ0Ijp7fX0:1wTWrf:EU2fuMfhHcoVSRbdZGOZ-DprAFXyM7kofRYVaeTelBY	2026-06-14 03:29:27.100953+00
h0g0a629sjihn5x8z01pmp7u2tba3uuh	eyJjYXJ0Ijp7fX0:1wTVXy:toGpE3d4palqNvju2hv865mOypG6FjePL8s9Gmq2dRQ	2026-06-14 02:05:02.772367+00
5d9kz309mecz4ea9oary8juiolwm2uk1	eyJjYXJ0Ijp7fX0:1wTVdr:ab3_Nrcqoht0d35wSLjo7saucdHsMudkI6gGBYgyDNg	2026-06-14 02:11:07.455355+00
adfyp0vy0w210k1c1aqizxwdtnqfv7g0	eyJjYXJ0Ijp7fX0:1wTVfA:VGN2ubEpmJSY9kNvAA05g8ajHUulaeRV95V6fHIM97U	2026-06-14 02:12:28.572284+00
jeeu1k0776ym67l6ip3eaul6owm6ipwk	eyJjYXJ0Ijp7fX0:1wTVfB:Lz2YArcOzQ39y2xfWMvfBX_1eTL_2Fpf4SsN8xa6DqY	2026-06-14 02:12:29.125262+00
qxkpzf7pdihr0tcihtt0nt2v10vtxfmx	eyJjYXJ0Ijp7fX0:1wTVfB:Lz2YArcOzQ39y2xfWMvfBX_1eTL_2Fpf4SsN8xa6DqY	2026-06-14 02:12:29.527661+00
zphooxc9d9o3ql2iwlhwidl3dm2x6uzy	eyJjYXJ0Ijp7fX0:1wTVfB:Lz2YArcOzQ39y2xfWMvfBX_1eTL_2Fpf4SsN8xa6DqY	2026-06-14 02:12:29.928279+00
hpco2i237egf9pxoppophfqeob9ix875	eyJjYXJ0Ijp7fX0:1wTVgy:1_uMs2D1dkOc-ouVDebclXQNyK5Vrp6KDetRD9HjM8U	2026-06-14 02:14:20.448352+00
yr9geffc6gxo3mo9caib0zgpyq44ihc0	eyJjYXJ0Ijp7fX0:1wTag5:J5wBylbtZre5zz0Gfu4XKu098ADB6p98xnaoMJhx6Fw	2026-06-14 07:33:45.044376+00
w4f9n6vyeu9qsumv1kwuuh2yj6u1c8s7	eyJjYXJ0Ijp7fX0:1wTXP1:h55DbcWGshGNRhEfG2feE8UaZIr5Ws6sUsxZj5e7wXw	2026-06-14 04:03:55.220122+00
u4970k8tic0ggkspqfiqa7784147xdxv	eyJjYXJ0Ijp7fX0:1wTayj:Wf_Z1vZs0Yr40OJLaPIn46dhN0oP17rdtU6sOynN-Eo	2026-06-14 07:53:01.579411+00
jasd9wgu8yoqsh31z7ngqycknqrk93ld	eyJjYXJ0Ijp7fX0:1wTb74:gAh596MtRFPMBmQJ9Y1KYCfuYMgLvp158fb_UR6s4rw	2026-06-14 08:01:38.357703+00
flsjm7asjecuwg00ensd0u8gxdn1ikwz	eyJjYXJ0Ijp7fX0:1wTb89:kmtsUqr1PuI2X1AREcchglLMfskcKBdBtMVzaqGqTPc	2026-06-14 08:02:45.329215+00
yn4fsjl7hm8z3o8fhvfddhdef0pug28y	eyJjYXJ0Ijp7fX0:1wTXjy:uhUALvt4m12G5EpFgjfaXiuWT1s_FEZGgoW3Q1Kl6fA	2026-06-14 04:25:34.59172+00
37gttpdwv2bvv63hywgq62p1przz77tn	eyJjYXJ0Ijp7fX0:1wTY9R:qK3NKHsYfXJJQjytlCq-zQ7Gap7x1lQA8I1FgFSl5FQ	2026-06-14 04:51:53.035058+00
oukexy27qxdtj0bzkgxr0efg909zja9o	eyJjYXJ0Ijp7fX0:1wTYEZ:MNMM30crbrxhOVUeXxhBcDh0m53tC7yLZ7gGNeJ88j8	2026-06-14 04:57:11.15281+00
g82e45fakwvqvzcght8b3gpf1ksmdp52	eyJjYXJ0Ijp7fX0:1wTbAS:q9ObFQZ2D54Y1-nUqN_oHOyjptlsmop1VAv1K1gf1hw	2026-06-14 08:05:08.820068+00
v7dhgzj89g6f16f4pgrqtyzakra960b7	eyJjYXJ0Ijp7fX0:1wTbBi:kTvQEXX8sgAIFkbZBnFKh2o65lM89q7gsw57YmpCf-Y	2026-06-14 08:06:26.70995+00
2x5tz7i6kqjh2w1csgi87gjih2zoq70n	eyJjYXJ0Ijp7fX0:1wTYPj:LgoMxWjgHizjysvcOzXcebjwvkNdldfZZa2g1omHC_Y	2026-06-14 05:08:43.125488+00
spf69yzvj3pvjkifsr78q0xxnwjqwfkb	eyJjYXJ0Ijp7fX0:1wTYQC:mdVZ8K1PL6Y_z117hPGoqFNOCFV2bN1xQQqRlUbi-9k	2026-06-14 05:09:12.722169+00
90x1279zcxqry0406azbk1wrlicri0xg	eyJjYXJ0Ijp7fX0:1wTYRK:NOVyAEVMlMf8NwF0fy6_ugrVFNgR86P0KclQfJJ65-Q	2026-06-14 05:10:22.406928+00
checyss095v5rtm51xiul8ze059ntmis	eyJjYXJ0Ijp7fX0:1wTYTs:-YeyAuDo3ynqLcY_7syvhZAGcRsT6wQTxmuvEiVM5Ws	2026-06-14 05:13:00.557082+00
1zt121etn8y613wnzftq16qfzwmcx7b7	eyJjYXJ0Ijp7fX0:1wTYcJ:fQmLJaBK_HvB1oBvgvyDdOSs_F4O2PzQ8kb6OKGHB0A	2026-06-14 05:21:43.644278+00
468pd0tl89x7r1vn0y1tgp430rhgmyy9	eyJjYXJ0Ijp7fX0:1wTYm5:4pXYHK473eQYtjw9kRqf2piunrrFmxjOSCIts4jm61g	2026-06-14 05:31:49.213154+00
jc65ii9xk5iuw9zqz856fzj0v5cssqyl	eyJjYXJ0Ijp7fX0:1wTYuh:7T3MneGkL1tZAvkI7Rl7muHwRkTM5CrzsdJpFXZTsvY	2026-06-14 05:40:43.727712+00
o5qwjnvmlkj4gbyuphcsr42ob6uqt0dc	eyJjYXJ0Ijp7fX0:1wTZ3o:R0X1sEbQvni_s4IeQ55QBAR7X74UEMW5IRt0__N5O8I	2026-06-14 05:50:08.346819+00
d8uplzxd7klnawqvmilpp20il306rvuw	eyJjYXJ0Ijp7fX0:1wTZ5Q:IA6Vdy5D05P9auD75kaUM_WrKq0dcr_lSYInMRolyBQ	2026-06-14 05:51:48.560715+00
hzgtdlsgfe7kz9m3zfp1er3zhjjft5s5	eyJjYXJ0Ijp7fX0:1wTZF8:e-4HKQP0TSMPNn8hLRqzEXfl2uTHZI2en9tbwovdYgY	2026-06-14 06:01:50.992413+00
njrvckuwlitk50xzax6w6ilxuf4kjb1x	eyJjYXJ0Ijp7fX0:1wTZUL:ytpjNYikI5lDbgWFukfa7WJ2I1w2Vi9vTPGb4_WjwG8	2026-06-14 06:17:33.381599+00
fxn70da77rgus9ea70bnvr4ffa58t3xj	eyJjYXJ0Ijp7fX0:1wTZYx:Yb93RjeX7ddnyQbPhUYy6Xg9C2NBbDjpUExhKehg08I	2026-06-14 06:22:19.635064+00
8eu59wexx2r2qolffl4w9aqlpf6e6qzv	eyJjYXJ0Ijp7fX0:1wTZZY:YQ2RR8lRjUmr1N4Sor1Gg1TPmTF4JKv9O65lTAO9VkU	2026-06-14 06:22:56.179216+00
h70m0k0jairlub1alqeon02gpgsqo416	eyJjYXJ0Ijp7fX0:1wTbGO:HxvZ03mfdeh5vYyZYOLpcPdrtNccIGcEPwXf6KvL_EU	2026-06-14 08:11:16.386741+00
xtpm88vyr78aejn85oacvhqo1ydslxic	eyJjYXJ0Ijp7fX0:1wTbJ4:XPT2y5-5yWWCf1uPAfP7SZU1x0RHjROzeU1nOjH_FsI	2026-06-14 08:14:02.936533+00
89zy1itui9g85b75e0sef2quauukc4n7	eyJjYXJ0Ijp7fX0:1wTbRD:fqYuMN3H85AZCXHjqYg84pQHtAAkxicbaYf-CcCpKlc	2026-06-14 08:22:27.282918+00
bwydcw0z61yswk36uyemgikd3gast44d	eyJjYXJ0Ijp7fX0:1wTbbe:dSneXuN-rCtGnUYyCj5GxoFPddceNJPRPAx32Blvdeg	2026-06-14 08:33:15.000042+00
e7tx8wbhm37nc0c4lfq2ktifrfwo440r	eyJjYXJ0Ijp7fX0:1wTaE5:pLZBnsoNldM9NYaCMiO_lww0O1uYCPfAEFtRY1eBynY	2026-06-14 07:04:49.009433+00
a0h8du6ggh9kceei9efl21wne9s7te0n	.eJxVjEEOgyAQRe_CuiEDBRWX3XsGM8xAsW00AVwZ715NXLTb_95_mxhxrWlcS8jjxKIXrbj9bh7pHeYT8Avn5yJpmWuevDwVedEih4XD53G5f4GEJR3vyNBocoosYFTUskdWyNBy7GwXDEVjldVAgA6Avb272DiN5Nm64M0RJcxV9Nu-fwFMuDwA:1wTbjB:fIXZS8R395OzWsRFFqJQvkHg29hDEmNRI2jz5XJt3x0	2026-06-14 08:41:01.238374+00
\.


--
-- Data for Name: integration_exchange1clog; Type: TABLE DATA; Schema: public; Owner: kameks_user
--

COPY public.integration_exchange1clog (id, filename, status, created_at, count_processed, count_created, count_price_updated, count_stock_updated, count_no_sku, count_errors, error_text, details) FROM stdin;
1	kameks_commerceml.xml	success	2026-05-31 07:07:50.944666+00	598	0	20	566	0	0		[]
2	kameks_commerceml.xml	success	2026-05-31 07:31:59.115165+00	598	0	20	566	0	0		[]
\.


--
-- Data for Name: integration_productbackup; Type: TABLE DATA; Schema: public; Owner: kameks_user
--

COPY public.integration_productbackup (id, product_id, sku, name, price, stock, is_active, action, log_id) FROM stdin;
1	5944	11.2905005-53 (в уп.2шт.)	Амортизатор п/кабину  г.Гродно 90/271	1750.00	10	t	updated	1
2	5945	11.6809010	Амортизатор п/сиденье  г.Гродно 110/200(шток 12,цилиндр 30)	1721.00	10	t	updated	1
3	5946	4310-2905006 300/485	Амортизатор передней подвески  г.Гродно	6899.00	10	t	updated	1
4	5947	53212-2905006-02 Пластм.	Амортизатор передней подвески  г.Гродно 275/460	3670.00	10	t	updated	1
5	5948	53212-2905006-01 Метал.	Амортизатор передней подвески  г.Гродно 275/460	5623.00	10	t	updated	1
6	5949	50.4.2905005 245/450	Амортизатор Икарус г. Гродно	5000.00	10	t	updated	1
7	5950	152-2905006-11(230/450)	Амортизатор ЛИАЗ УКРАИНА	1600.00	10	t	updated	1
8	5951	50.2.2905005 325/500	Амортизатор МАЗ, КАМАЗ 6520 г. Гродно 325/500	4009.00	10	t	updated	1
9	5952	50.6.2905005 230/450	Амортизатор НЕФАЗ, ЛИАЗ г.Гродно	4140.00	10	t	updated	1
10	5953	50.5.2905005   (300/475)	Амортизатор УРАЛ, КРАЗ, (43118)  300/475 г. Гродно	3980.00	10	t	updated	1
11	5954	100-3519010-01	Камера передняя тип 16 ЗИЛ  (ход штока 58мм)	1050.00	10	t	updated	1
12	5955	100-3519010-11	Камера передняя тип 16 ЗИЛ длинн. шток г.Гродно (шток 88мм)	1060.00	10	t	updated	1
13	5956	24.3519010-01 корот. шток	Камера передняя тип 24 г.Гродно L=2.5cм	1070.00	10	t	updated	1
14	5957	24.3519010-11	Камера передняя тип 24 г.Гродно L=5,5	2879.00	10	t	updated	1
15	5958	24.3519200-04	Камера тормозная (4310), МАЗ 24/24  г.Гродно	13857.00	10	t	updated	1
16	5959	20.3519100-02	Камера тормозная (5320) 20/20 г.Гродно	5476.00	10	t	updated	1
17	5960	12.3519110-01	Камера тормозная тип 12/20 с энергоаккумулятором ЛИАЗ  г. Гродно	5150.00	10	t	updated	1
18	5961	18.3519110	Камера тормозная тип 20 МАЗ (шток 57 мм)  г. Гродно	2794.00	10	t	updated	1
19	5962	30.3519010	Камера тормозная тип 30 МАЗ, КРАЗ г. Гродно (шток 58 мм) (19.3519310-02)	1350.00	10	t	updated	1
20	5963	30.3519200	Камера тормозная тип 30/24 КАМАЗ 6520 г.Гродно	6939.00	10	t	updated	1
21	5964	30.3519300-10	Камера тормозная тип 30/30 г.Гродно	15183.00	10	t	updated	1
22	5965	П40.1.2905005  (4310)	Амортизатор п/п КАМАЗ метал. Первоуральск	2811.00	10	t	updated	1
23	5966	П50.6-2905005 245х450	Амортизатор НЕФАЗ метал. (ПААЗ)	3980.00	10	t	updated	1
24	5967	А2-245/450.2905006(152)	Амортизатор Икарус, НЕФАЗ г.Барановичи	4500.00	10	t	updated	1
25	5968	А1-275/460.2905006(22)	Амортизатор КАМАЗ усил., ПАЗ г.Барановичи	4119.00	10	t	updated	1
26	5969	А1-237/412.2905006-41	Амортизатор п/прицеп МАЗ г.Барановичи	4500.00	10	t	updated	1
27	5970	А1-275/450.2905006	Амортизатор КАМАЗ 4308 г.Барановичи	4175.00	10	t	updated	1
28	5971	54327-2915006-10	Амортизатор МАЗ г.Барановичи 315/500	4500.00	10	t	updated	1
29	5972	54327-2915006-50	Амортизатор МАЗ г. Барановичи 240/425	4500.00	10	t	updated	1
30	5973	54327-2915006-30	Амортизатор МАЗ г.Барановичи 265/450	4500.00	10	t	updated	1
31	5974	А2-230/450.2905006(152)	Амортизатор ЕВРО, ЛиАЗ,НЕФАЗ(5460) г.Барановичи	4500.00	10	t	updated	1
32	5975	54327-2915006-60	Амортизатор МАЗ 190/425	4500.00	10	t	updated	1
33	5976	А1-325/500.2905006-11	Амортизатор МАЗ, КАМАЗ 6520 г.Барановичи	4100.00	10	t	updated	1
34	5977	54327-2915006-20	Амортизатор МАЗ (290/475)	3229.00	10	t	updated	1
35	5978	А1-300/475.2905006-21	Амортизатор УРАЛ,КРАЗ г.Барановичи перед. ушки 5460, пласт.кожух	4001.00	10	t	updated	1
36	5979	ДГ 25.3913010	Домкрат 25т. г.Барановичи	20061.00	10	t	updated	1
37	5980	42-3708600	Бендикс Волга, Газель, УАЗ, 402 дв. г.Борисов	775.00	10	t	updated	1
38	5981	42-3708600-10	Бендикс Волга, Газель 406 дв. г. Борисов	672.00	10	t	updated	1
39	5982	425-3708600	Бендикс ВАЗ-2101-07, 2121 г. Борисов	590.00	10	t	updated	1
40	5983	7402.3708600	Бендикс г. Борисов	1060.00	10	t	updated	1
41	5984	СТ230-3708600-01	Бендикс большой ГАЗ-53, ПАЗ, ГАЗ-66 г.Борисов	819.00	10	t	updated	1
42	5985	СТ230К-3708600-01	Бендикс ЗИЛ , СТ230К4 г.Борисов	869.00	10	t	updated	1
43	5986	3242-3771-10	Генератор 28В,110А ,10 руч.ш ев-3 г.Борисов	11466.00	10	t	updated	1
44	5987	3232.3771000	Генератор 3232 Дв.ЯМЗ-236,-238, КАМАЗ-740 и их модиф.60А г.Борисов	6261.00	10	t	updated	1
45	5988	3252.3771000	Генератор МАЗ ОАО БАТЭ 28В. 90А	8910.00	10	t	updated	1
46	5989	3232.3771000-10	Генератор  МАЗ, МТЗ, ММЗ(ЕВРО-2) Д-245(Д-245.30Е-715,-716) 28В 60А г.Борисов	8271.00	10	t	updated	1
47	5990	СТ 2А-3708150	Обмотка	1436.00	10	t	updated	1
48	5991	7402-3708120	Обмотка стартера	1723.00	10	t	updated	1
49	5992	СТ230-3708110	Обмотка стартера (большая)	1898.00	10	t	updated	1
50	5993	422.3708 (42.3708-10)	Обмотка стартера 402 дв. г.Борисов г.Борисов	1247.00	10	t	updated	1
322	6263	5320-3509015	Р/К компрессора	495.00	10	t	updated	1
51	5994	422.3708800	Реле втягивающее малое в коробке ГАЗ, УАЗ (402, 406 дв)г. Борисов	1543.00	10	t	updated	1
52	5995	74.3708800 (12В)	Реле втягивающее г. Борисов	2408.00	10	t	updated	1
53	5996	7402-3708800 (24В)	Реле втягивающее ММЗ Д-243,-245 г.Борисов	2408.00	10	t	updated	1
54	5997	СТ142М-3708800	Реле втягивающее ММЗ Д-243,-245,-260 (12В) г. Борисов	3038.00	10	t	updated	1
55	5998	СТ142Н-3708800	Реле втягивающее ММЗ Д245,-260 (24В) г.Борисов	3105.00	10	t	updated	1
56	5999	СТ230А-3708800	Реле втягивающее ГАЗ-53 в сб.с крышкой г. Борисов	2057.00	10	t	updated	1
57	6000	СТ230Б-3708800-10	Реле втягивающее большое в коробке  СТ230Б4, СТ230А1 г. Борисов	1965.00	10	t	updated	1
58	6001	СТ230Б2-3708800-10	Реле втягивающее (СТ230К1, СТ230К4) г. Борисов	1707.00	10	t	updated	1
59	6002	2107.370810-01	Стартер ВАЗ 2101-07 на магнитах г.Борисов	5385.00	10	t	updated	1
60	6003	2109.3708010-01	Стартер ВАЗ 2108-09 на магнитах г.Борисов	5385.00	10	t	updated	1
61	6004	3002.3708000	Стартер 3002.3708000 ГАЗ 3306-3309-66  24В 7,7КВ	21193.00	10	t	updated	1
62	6005	426.3708000	Стартер 426 ВАЗ 2108-09 с обмоткой г.Борисов	6958.00	10	t	updated	1
63	6006	5404-3708000 (24В 5,2кВт)	Стартер 5404 редукт. ММЗ-243,245(аналог 230Р0,7402,142Н) г.Борисов	14429.00	10	t	updated	1
64	6007	5112-3708000 (12В 1,8кВт)	Стартер ГАЗ УАЗ с редуктором  г. Борисов	6983.00	10	t	updated	1
65	6008	6502.3708000-01(12В1,8кВт	Стартер ГАЗ, УАЗ с редуктором	6403.00	10	t	updated	1
66	6009	СТ230К4-3708000 (12В)	Стартер СТ230К4 ЗИЛ-130, ЛАЗ, ЛиАЗ г. Борисов	9597.00	10	t	updated	1
67	6010	СТ230Р-3708200	Якорь стартера ММЗ-Д243,Д245 г.Борисов	3030.00	10	t	updated	1
68	6011	RS.96640.02.02 L=418 mm	43114-2202011-01 Вал карданный TIRSAN	18248.00	10	t	updated	1
69	6012	65101-2205010 L=1582	Вал карданный КРАЗ	12310.00	10	t	updated	1
70	6013	501-2203010-07 L=1688+58	Вал карданный МАЗ	9634.00	10	t	updated	1
71	6014	503-2201010-15 L=1126	Вал карданный МАЗ	9230.00	10	t	updated	1
72	6015	4310-2202011-02	Вал карданный кв.фланец L=409mm	22143.00	10	t	updated	1
73	6016	4310-2203011-01 Н/О	Вал карданный  кв.фл. L=1136mm	22640.00	10	t	updated	1
74	6017	4310-2205011-04	Вал карданный круг.фланец L=727mm	31449.00	10	t	updated	1
75	6018	43114-2202011-01	Вал карданный торц.шлицы L=418mm	42562.00	10	t	updated	1
76	6019	43114-2203011	Вал карданный торц.шлицы L=1127mm	34128.00	10	t	updated	1
77	6020	43114-2205011	Вал карданный торц.шлицы L=699mm	38691.00	10	t	updated	1
78	6021	43118-2202011-31	Вал карданный торц.шлицы L=440+34mm	41769.00	10	t	updated	1
79	6022	43118-2203011-30	Вал карданный торц.шлицы L=1305mm	39783.00	10	t	updated	1
80	6023	43118-2203011-31	Вал карданный 43118-2203011-31 L=1285 mm	52220.00	10	t	updated	1
81	6024	5320-2201011-03 М/О	Вал карданный кв.фланец L=724mm	20400.00	10	t	updated	1
82	6025	5320-2205011-04	Вал карданный кв.фланец L=983mm	28500.00	10	t	updated	1
83	6026	5320-2205011-33(34)	Вал карданный круг.фланец L=990mm	15000.00	10	t	updated	1
84	6027	53205-2201011-10 М/О	Вал карданный торц.шлицы L=709mm	33370.00	10	t	updated	1
85	6028	53205-2205011-10 ОСНОВНОЙ	Вал карданный торц.шлицы L=955mm	38301.00	10	t	updated	1
86	6029	53212-2205011-03	Вал карданный кв.фланец L=1483mm	25200.00	10	t	updated	1
87	6030	53212-2205011-95	Вал карданный круг.фланец L=1377mm	15000.00	10	t	updated	1
88	6031	53213-2205011-02	Вал карданный круг.фланец L=1666mm	15692.00	10	t	updated	1
89	6032	53215-2205011-10	Вал карданный торц.шлицы L=1450mm	35995.00	10	t	updated	1
90	6033	53254-2201011-02	Вал карданный круг.фланец L=1057mm	14000.00	10	t	updated	1
91	6034	5410-2205011-04	Вал карданный кв.фланец L=638mm	28400.00	10	t	updated	1
92	6035	54105-2205011-10	Вал карданный торц.шлицы L=629mm	37180.00	10	t	updated	1
93	6036	54112-2205011-02	Вал карданный круг.фланец L=646mm	31641.00	10	t	updated	1
94	6037	5511-2205011-13	Вал карданный кв.фланец L=818mm	28600.00	10	t	updated	1
95	6038	55111-2205011-11	Вал карданный круг.фланец L=821mm	21671.00	10	t	updated	1
96	6039	6520Г-2201011-11	Вал карданный КАМАЗ межосевой БЕЛКАРД L=701mm	47599.00	10	t	updated	1
97	6040	6520Г-2205011-10	Вал карданный КАМАЗ основной БЕЛКАРД L=1425mm	66000.00	10	t	updated	1
98	6041	375-2201010-04 L=880+92	Вал карданный УРАЛ межосевой	12946.00	10	t	updated	1
99	6042	375-2202010-03 L=436+29	Вал карданный УРАЛ основной	26209.00	10	t	updated	1
100	6043	375-2203010-05 L=1167+90	Вал карданный УРАЛ перед.мост	19278.00	10	t	updated	1
101	6044	375-2205010-04 L=1262+60	Вал карданный УРАЛ средний мост	21956.00	10	t	updated	1
102	6045	4320-2201010-03 L=821+92	Вал карданный УРАЛ межосевой	17994.00	10	t	updated	1
374	6311	33.1111083	Кольцо ТНВД ОАО БРТ	5.00	10	t	updated	1
103	6046	4320-2205010-02 L=1192+60	Вал карданный УРАЛ средний мост	23044.00	10	t	updated	1
104	6047	5320-2201023	Вилка фланец 5320-2201023 межосевая	3441.00	10	t	updated	1
105	6048	6520-2201023	Вилка фланец 6520-2201023	10345.00	10	t	updated	1
106	6049	5320-2205023-10 Н/О	Вилка фланец Н/О	4565.00	10	t	updated	1
107	6050	У 4310-2203011-01	Вал карданный (1136 мм)	13992.00	10	t	updated	1
108	6051	У 375-2203010-05	Вал карданный (1167 мм)	14027.00	10	t	updated	1
109	6052	У 43118-2203011-31	Вал карданный (1285мм)	24318.00	10	t	updated	1
110	6053	У 43118-2203011-30	Вал карданный (1305 мм)	22234.00	10	t	updated	1
111	6054	У 43118-2205011	Вал карданный (1322мм)	27800.00	10	t	updated	1
112	6055	У 6520-2205011-10	Вал карданный (1425 мм)	36975.00	10	t	updated	1
113	6056	У 53215-2205011-10	Вал карданный (1454 мм)	32848.00	10	t	updated	1
114	6057	У 53212-2205011-03	Вал карданный (1483 мм)	16055.00	10	t	updated	1
115	6058	У 43118-2202011-10	Вал карданный (585 мм)	33465.00	10	t	updated	1
116	6059	У 54105-2205011-10	Вал карданный (629 мм)	29842.00	10	t	updated	1
117	6060	У 5410-2205011-04	Вал карданный (638 мм)	15333.00	10	t	updated	1
118	6061	У 6520Г-2201011-11	Вал карданный (701 мм)	22999.00	10	t	updated	1
119	6062	У 53205-2201011-10	Вал карданный (709 мм)	28088.00	10	t	updated	1
120	6063	У 5511-2205011-13	Вал карданный (818 мм)	15133.00	10	t	updated	1
121	6064	У 53205-2205011-10	Вал карданный (955 мм)	33580.00	10	t	updated	1
122	6065	У 5320-2201011-01	Вал карданный межосевой  (724 мм)	12466.00	10	t	updated	1
123	6066	У 43114-2203011	Вал карданный торц.шл. L=1127mm	27238.00	10	t	updated	1
124	6067	У 43114-2202011-01	Вал карданный торц.шл. L=418mm	20175.00	10	t	updated	1
125	6068	У 4320-2201010-03	Вал карданный УРАЛ м/о (821мм)	16704.00	10	t	updated	1
126	6069	740-1006037	Втулка распредвала	163.00	10	t	updated	1
127	6070	740-1006026-02 1 шт.	Втулка распредвала	121.00	10	t	updated	1
128	6071	740.21-1006037	Втулка распредвала ЕВРО	171.00	10	t	updated	1
129	6072	740-1004052	Втулка шатуна	159.00	10	t	updated	1
130	6073	5320-6105020-10	Замок двери правый г.Димитровград	849.00	10	t	updated	1
131	6074	5320-8406010	Замок панели в сборе г.Димитровград	173.00	10	t	updated	1
132	6075	236-1000102-00	К--т вкладышей коренной Р0 МАЗ 236	2038.00	10	t	updated	1
133	6076	236-1000102-01	К--т вкладышей коренной Р1 МАЗ 236	2021.00	10	t	updated	1
134	6077	236-1000102-02	К--т вкладышей коренной Р2 МАЗ 236	2062.00	10	t	updated	1
135	6078	236-1000102-06	К--т вкладышей коренной Р6 МАЗ 236	1876.00	10	t	updated	1
136	6079	238-1000102-00 Б2	К--т вкладышей МАЗ 238 коренной Р0	2491.00	10	t	updated	1
137	6080	238-1000102-01 Б2	К--т вкладышей МАЗ 238 коренной Р1	2599.00	10	t	updated	1
138	6081	238-1000104-00	К--т вкладышей МАЗ 238 шатунный Р0	2810.00	10	t	updated	1
139	6082	238-1000104-01	К--т вкладышей МАЗ 238 шатунный Р1	2760.00	10	t	updated	1
140	6083	238-1000104-02	К--т вкладышей МАЗ 238 шатунный Р2	2879.00	10	t	updated	1
141	6084	7405-1000102-00 10шт. уп.	К--т вкладышей Р0 коренной	2215.00	10	t	updated	1
142	6085	7405-1000102-01	К--т вкладышей Р1 коренной	2087.00	10	t	updated	1
143	6086	7405-1000102-02	К--т вкладышей Р2 коренной	2087.00	10	t	updated	1
144	6087	7405-1000102-03	К--т вкладышей Р3 коренной	2006.00	10	t	updated	1
145	6088	7405-1000102-04	К--т вкладышей Р4 коренной	2305.00	10	t	updated	1
146	6089	7405-1000102-05	К--т вкладышей Р5 коренной	2087.00	10	t	updated	1
147	6090	7405-1000102-06	К--т вкладышей Р6 коренной	2087.00	10	t	updated	1
148	6091	7405-1000102-07	К--т вкладышей Р7 коренной	2006.00	10	t	updated	1
149	6092	7405-1000104-00  9 шт.уп.	К-т вкладышей Р0  шатунный	2979.00	10	t	updated	1
150	6093	7405-1000104-01	К-т вкладышей Р1  шатунный	2810.00	10	t	updated	1
151	6094	7405-1000104-02	К-т вкладышей Р2  шатунный	2810.00	10	t	updated	1
152	6095	7405-1000104-03	К-т вкладышей Р3  шатунный	1050.00	10	t	updated	1
153	6096	7405-1000104-04	К-т вкладышей Р4  шатунный	970.00	10	t	updated	1
154	6097	7405-1000104-05	К-т вкладышей Р5  шатунный	888.00	10	t	updated	1
155	6098	7405-1000104-06	К-т вкладышей Р6  шатунный	3050.00	10	t	updated	1
156	6099	7405-1000104-07	К-т вкладышей Р7  шатунный	786.00	10	t	updated	1
157	6100	236-1000104-00 В2	К-т вкладышей шатунный Р0 МАЗ 236	2108.00	10	t	updated	1
158	6101	236-1000104-01 В2	К-т вкладышей шатунный Р1 МАЗ 236	2097.00	10	t	updated	1
159	6102	5320-6105081	Привод замка двери лев. г.Димитровград	97.00	10	t	updated	1
160	6103	5320-6105080	Привод замка двери пр.г.Димитровград	97.00	10	t	updated	1
161	6104	5320-6105180	Ручка двери внутренняя г.Димитровград	224.00	10	t	updated	1
162	6105	5320-6105040	Ручка двери наружная к-т г.Димитровград	1122.00	10	t	updated	1
163	6106	5320-6104060	Ручка стеклоподъемника  г.Димитровград	146.00	10	t	updated	1
164	6107	53205-6104011-00	Стеклоподъемник двери  ЕВРО левый	1400.00	10	t	updated	1
165	6108	53205-6104010-00	Стеклоподъемник двери ЕВРО правый	794.00	10	t	updated	1
166	6109	5320-1108120-12	Тяга руч.управл.акселерат  (трос газа) г.Димитровград	214.00	10	t	updated	1
167	6110	5320-1108130	Тяга ручной остановки двигателя длинн. г.Димитровград	103.00	10	t	updated	1
168	6111	5320-6105035-10	Фиксатор замка левый г.Димитровград	351.00	10	t	updated	1
169	6112	5320-6105034-10	Фиксатор замка правый г.Димитровград	329.00	10	t	updated	1
170	6113	6562-3701000	Генератор 6562 КАМАЗ 4310 90А г.Самара	9910.00	10	t	updated	1
171	6114	6582-3701000-02 М	Генератор 6582 КАМАЗ Евро 80А  2-х руч. г.Самара	10628.00	10	t	updated	1
172	6115	6582-3701000-04 ГЧ	Генератор 6582 с широким шкивом ЕВРО г.Самара	9710.00	10	t	updated	1
173	6116	6582-3701000-04 М	Генератор 6582 с широким шкивом ЕВРО г.Самара	10361.00	10	t	updated	1
174	6117	AAN5182 Искра	Генератор Iskra ААN5182 24v80A Евро (аналог7762,4502,3782)	10200.00	10	t	updated	1
175	6118	Г273В1 НОВЫЙ	Генератор Г 273В1-3701000-03 (28В 50А) г.Самара	6170.00	10	t	updated	1
176	6119	Г273В1-03М 80А	Генератор Г273В1-03М КАМАЗ, МАЗ 80А г. Самара	6069.00	10	t	updated	1
177	6120	Г288Е-3701000	Генератор Г288Е 28 В 47А  г.Самара	10960.00	10	t	updated	1
178	6121	7762-3701-03  (76А)	Генератор МАЗ,Урал с дв. ЯМЗ Евро 2,3 г.Самара	5406.00	10	t	updated	1
179	6122	БПВ46-65-02Б	Диодный мост Г273В1	408.00	10	t	updated	1
180	6123	БПВ 7-100-02	Диодный мост генератора 288,6562	459.00	10	t	updated	1
181	6124	БПВ 17-100-02	Диодный мост генератора 6582 ЕВРО	1155.00	10	t	updated	1
182	6125	668.3701200-10	Ротор на Г 273В1-03  (50А)	2138.00	10	t	updated	1
183	6126	Г-40.3771	Ротор ФЭГТ 2000.015	1224.00	10	t	updated	1
184	6127	Г65.3701100	Статор генератора 6562 (90А), 6582 (80А)	2637.00	10	t	updated	1
185	6128	Г273-3701100	Статор генератора Г273В1 коопер. Самара (45А)	1408.00	10	t	updated	1
186	6129	Г288-3701100	Статор генератора Г288 (47А)	2301.00	10	t	updated	1
187	6130	669.3701100-10	Статор на Г 273В1-03  (на 50А)	1347.00	10	t	updated	1
188	6131	Г273-3701010 А ЗАВОД	Щеткодержатель генератора	509.00	10	t	updated	1
189	6132	6582-3701010 ЗАВОД	Щеткодержатель ЕВРО	505.00	10	t	updated	1
190	6133	4501.3771-53	Генератор ( аналог 4001-53) (АТЭ-1) 28В 80А	10702.00	10	t	updated	1
191	6134	1312.3771 Т	Генератор 1312.3771 (аналог  Г273В1) 28В 60А КАМАЗ, МАЗ	5631.00	10	t	updated	1
192	6135	1322.3771 Т	Генератор 1322.3771 (аналог Г273В2) 28В 50А МАЗ	5508.00	10	t	updated	1
193	6136	1702.3771 Т	Генератор 1702.3771 (аналог Г288Е) 28В 50А КАМАЗ, МАЗ, КРАЗ	7733.00	10	t	updated	1
194	6137	3112.3771	Генератор 3112.3771  28В 80А МАЗ (7511)  (2-х руч.)	6758.00	10	t	updated	1
195	6138	3122.3771	Генератор 3122.3771 2-х руч. 28В 80А (аналог 6582-02) КАМАЗ	9180.00	10	t	updated	1
196	6139	3142.3771	Генератор 3142.3771 (аналог Г4001-53) КАМАЗ Евро широкий шкив	10185.00	10	t	updated	1
197	6140	4502.3771Т	Генератор 4502.3771 широкий рем. (аналог 7762) 28В 80А КАМАЗ ЕВРО-2,-3	7926.00	10	t	updated	1
198	6141	4512.3771Т	Генератор 4512.3771 28В 90А МАЗ ЕВРО-3  широкий шкив	8638.00	10	t	updated	1
199	6142	3142.3771-10	Генератор 740.30, 740.31, креп.10мм.6 руч, 28В 90А	9244.00	10	t	updated	1
200	6143	3142.3771-20	Генератор 740.30, 740.31, креп.10мм.8 руч, 28В 90А	9007.00	10	t	updated	1
201	6144	4542.3771-20 28В 120А	Генератор КАМАЗ  Евро-4,5  8 руч ПРАМО	10782.00	10	t	updated	1
202	6145	4542.3771	Генератор КАМАЗ ЕВРО-3  28В 90А широкий шкив, пятипиновый разъем	9015.00	10	t	updated	1
203	6146	4522.3771-10 28В 80А	Генератор КАМАЗ ЕВРО-3,4 10-ти ручейковый	8548.00	10	t	updated	1
204	6147	3112.3771-01 Т 80А	Генератор средний	8303.00	10	t	updated	1
205	6148	ПРАМО 16 тонн	Домкрат гидр.бут. 16т, 230-465 мм	1505.00	10	t	updated	1
206	6149	ПРАМО 30 тонн	Домкрат гидр.бут. 30т, 240-370 мм	3887.00	10	t	updated	1
207	6150	4502.3771.100-01	Статор на 4502,4212(10),4522(10),4532(10),4542	2981.00	10	t	updated	1
208	6151	4502.3771.060	Щеткодержатель с регулятором	271.00	10	t	updated	1
209	6152	503-3405010-10	Гидроусилитель МАЗ	52514.00	10	t	updated	1
210	6153	453198.237 ШНКФ	Гидроцилиндр подъема запасного колеса КАМАЗ г.Борисов	15110.00	10	t	updated	1
211	6154	4310-3400020-03	ГУР  КАМАЗ г.Борисов	110160.00	10	t	updated	1
212	6155	4310-3400020-01	ГУР  КАМАЗ г.Борисов	107100.00	10	t	updated	1
213	6156	453461.425-01 ШНКФ	ГУР КамАЗ 4308, 4326, 6520 (двухосн., трехосные)	120502.00	10	t	updated	1
214	6157	4310-3407200-21	Насос ГУРа  КАМАЗ (усил.)18*1,5 внутр г.Борисов	18092.00	10	t	updated	1
215	6158	4310-3407200-01	Насос ГУРа  КАМАЗ г.Борисов	17769.00	10	t	updated	1
216	6159	130-3407199	Насос ГУРа (без бачка и шкива) г.Борисов	13249.00	10	t	updated	1
217	6160	130-3407200-а	Насос ГУРа 130-3407200-а ЗИЛ г.Борисов	17004.00	10	t	updated	1
218	6161	6520-3407200 г.Елец	Насос ГУРа 6520 г.Елец	21719.00	10	t	updated	1
219	6162	4310-3407200-02 г. Елец	Насос ГУРа КАМАЗ (наружн.резьба)	17850.00	10	t	updated	1
220	6163	4310-3407200-11	Насос Гура Камаз левого вращения г.Борисов	18576.00	10	t	updated	1
221	6164	256б-3407199-01	Насос ГУРа КРАЗ, Урал, МАЗ  г.Борисов	15226.00	10	t	updated	1
222	6165	458662.250 ШНКФ	Насос МОК  в упаковке г.Борисов КАМАЗ, МАЗ (182.5004010-11)	21284.00	10	t	updated	1
223	6166	5320-3407244	Р/К Насос ГУРа г.Борисов	3570.00	10	t	updated	1
224	6167	453479.011 ШНКФ	Р/К Насос Гура 453471.021 ШНКФ	2236.00	10	t	updated	1
225	6168	453198.214 ШНКФ	Цилиндр МОК (с трубкой) 43114-5003014 КАМАЗ г.Борисов	20225.00	10	t	updated	1
226	6169	453198.210 ШНКФ	Цилиндр МОК КАМАЗ г.Борисов	18527.00	10	t	updated	1
227	6170	110б-3811010(30А)	Амперметр (30А)	815.00	10	t	updated	1
228	6171	111б-3811010(50А)	Амперметр (50А) Владимр	535.00	10	t	updated	1
229	6172	ВК318Б	Выключатель ВК318Б механч. Старый Оскол	281.00	10	t	updated	1
230	6173	1410.3737 4 шт.	Выключатель массы электр.	2125.00	10	t	updated	1
231	6174	1400.3737 24В 50А	Выключатель массы КамАз-6520(крышка текстолит)	1759.00	10	t	updated	1
232	6175	5212.3827	Датчик  бензобака 500л. г.Владимир	740.00	10	t	updated	1
233	6176	ММ 125Д	Датчик  выкл.пневмат.сигнала торможения г.Пенза	43.00	10	t	updated	1
234	6177	5320-3829030 ММ 111(2602)	Датчик аварийного давления масла г.Владимир	82.00	10	t	updated	1
235	6178	5320-3708500-00	Замок зажигания ВК-353 г.Санкт-Петербург	899.00	10	t	updated	1
236	6179	1902.3704	Замок зажигания ЕВРО (камаз)	497.00	10	t	updated	1
237	6180	МЭ 307	Привод спидометра г.Самара	1302.00	10	t	updated	1
238	6181	8602.3777	Реле блокировки стартера РБС г.Пенза	74.00	10	t	updated	1
239	6182	РС 951А.372610 (37 уп)	Реле поворота  г.Владимир	1216.00	10	t	updated	1
240	6183	27.5205700-02	Рычаг стеклоочистителя шт	130.00	10	t	updated	1
241	6184	80С	Термостат ТС 108.1306100-01М ГАЗ 53, ПАЗ	180.00	10	t	updated	1
242	6185	(30 уп)80С	Термостат ТС 107.1306100-01М набор 2+1 КАМАЗ	578.00	10	t	updated	1
243	6184	80С	Термостат ТС 108.1306100-01М ГАЗ 53, ПАЗ	210.00	22	t	updated	1
244	6186	272.5205500	Тяга	392.00	10	t	updated	1
245	6187	УБ 170	Указатель уровня топлива г. Октябрьский	210.00	10	t	updated	1
246	6188	27.5205800-02 М	Щетка  г.Ставрово к-т	155.00	10	t	updated	1
247	6189	740-1029154	Вал ведомой шестерни	760.00	10	t	updated	1
248	6190	5320-2502201 г.Курган	Вал промежуточный среднего моста	1100.00	10	t	updated	1
249	6191	14-1702027	Вилка перекл. 2-3 пер.КПП ОАО КАМАЗ	920.00	10	t	updated	1
250	6192	15-1771094	Вилка перекл.делителя КПП ОАО КАМАЗ	1640.00	10	t	updated	1
251	6193	5320-2919040	Вкладыш реактивной штанги	34.00	10	t	updated	1
252	6194	5297-3414066	Вкладыш наконечника верхний	847.00	10	t	updated	1
253	6195	5320-3414067	Вкладыш наконечника нижний ОАО КАМАЗ	305.00	10	t	updated	1
254	6196	5511-2919034	Вкладыш реактивного пальца (толстый) ОАО КАМАЗ	499.00	10	t	updated	1
255	6197	15-1772010	Воздухораспределитель делителя КПП	246.75	10	t	updated	1
256	6198	740-1005133	Втулка маховика	180.00	10	t	updated	1
257	6199	5320-2502029	Втулка распорная	463.00	10	t	updated	1
258	6200	154-1701282	Втулка шестерни 1-ой передачи	1650.00	10	t	updated	1
259	6201	853550	Гайка конич.шестерни среднего моста	345.00	10	t	updated	1
260	6202	5425-3101040	Гайка пер. колеса ЕВРО ОАО КАМАЗ	48.00	10	t	updated	1
261	6203	5320-2502063	Гайка подшипника в сборе ОАО КАМАЗ	330.00	10	t	updated	1
262	6204	53205-2403040	Гайка подшипника дифер.бугельная ОАО КАМАЗ	630.00	10	t	updated	1
263	6205	4310-3103076	Гайка подшипника ступицы 4310 ОАО КАМАЗ	320.00	10	t	updated	1
264	6206	853567	Гайка сошки Гура	215.00	10	t	updated	1
265	6207	5320-3703058	Гнездо АКБ ОАО КАМАЗ ( без крышки)	3500.00	10	t	updated	1
266	6208	6520-3501090	Колодка тормозная в сб.ОАО КАМАЗ	3952.00	10	t	updated	1
267	6209	5320-1109384	Колпак воздухозаборника ОАО КАМАЗ	830.00	10	t	updated	1
268	6210	55118-1109384	Колпак воздухозаборника в сборе	815.00	10	t	updated	1
269	6211	14-1701096	Кольцо маслонагнетательное ОАО КАМАЗ	415.00	10	t	updated	1
270	6212	15-1772132-10	Кран управления делителем(нов.обр.) ОАО КАМАЗ	2040.00	10	t	updated	1
271	6213	5320-2905535	Кронштейн амортизатора левый	680.00	10	t	updated	1
272	6214	5320-2905534	Кронштейн амортизатора правый	680.00	10	t	updated	1
273	6215	5320-2509053	Муфта блокировки МОД ОАО КАМАЗ	810.00	10	t	updated	1
274	6216	14-1701580	Муфта с втулкой (к-т)	2000.00	10	t	updated	1
275	6217	5320-3501133	Накладка оси тормозных колодок ОАО КАМАЗ	86.00	10	t	updated	1
276	6218	740.11-1011014	Насос масляный без шестерни ЕВРО	7365.00	10	t	updated	1
277	6219	740-1308110	Натяжитель ремня	2355.00	10	t	updated	1
278	6220	53205-2806117	Палец буксирной вилки ОАО КАМАЗ	705.00	10	t	updated	1
279	6221	5320-8401012-00	Панель облицовочная верхняя ОАО КАМАЗ	2943.00	10	t	updated	1
280	6222	5320-8401120	Панель облицовочная нижняя ОАО КАМАЗ	7500.00	10	t	updated	1
281	6223	53205-8401120-00	Панель облицовочная нижняя ЕВРО ОАО КАМАЗ	6200.00	10	t	updated	1
282	6224	5320-5301046	Панель передка боковая съемная ОАО КАМАЗ	1620.00	10	t	updated	1
283	6225	5320-5301047	Панель передка боковая съемная ОАО КАМАЗ	880.00	10	t	updated	1
284	6226	5320-5399005-00	Панель с обтекателем левая в сборе ОАО КАМАЗ	1570.00	10	t	updated	1
285	6227	5320-5399004-00	Панель с обтекателем правая в сборе ОАО КАМАЗ	1570.00	10	t	updated	1
286	6228	740-1000128-1839	Поршневая ч/б с пальцем ОАО КАМАЗ (поршнекомплект)	8000.00	10	t	updated	1
287	6229	ЕВРО- 3	Р/К водяного насоса в сборе ЕВРО-3 НАШ	1320.00	10	t	updated	1
288	6230	740-1011014-30	Р/К масляного насоса полный	825.00	10	t	updated	1
289	6231	5320-3501109	Ролик (тормозмой колодки) ОАО КАМАЗ	105.00	10	t	updated	1
290	6232	5320-2402046	Стакан подшипников ОАО КАМАЗ	3200.00	10	t	updated	1
291	6233	14-1601142	Ступица ведомого диска ОАО КАМАЗ	450.00	10	t	updated	1
292	6234	5320-2918189	Стяжка кронштейнов оси (балансира) ОАО КАМАЗ	4440.00	10	t	updated	1
293	6235	5320-3414009-00	Тяга продольная рулевая в сборе ОАО КАМАЗ	12000.00	10	t	updated	1
294	6236	5297-3414009-00	Тяга продольная рулевая в сборе ОАО КАМАЗ	12000.00	10	t	updated	1
295	6237	152-1701240	Фланец КПП круг. ОАО КАМАЗ	2100.00	10	t	updated	1
296	6238	53205-2506016	Чашки МОД (к-т) ОАО КАМАЗ	25000.00	10	t	updated	1
297	6239	5320-3501134	Чека ОАО КАМАЗ	17.00	10	t	updated	1
298	6240	740-1003216	Экран	24.00	10	t	updated	1
299	6241	6661.3701	Генератор 6661 М-2141 дв. 412 Уфа ОАО ЗИТ	2590.47	10	t	updated	1
300	6242	носик	Крышка СТ222-3708400	500.00	10	t	updated	1
301	6242	носик	Крышка СТ222-3708400	560.00	11	t	updated	1
302	6243	20.3708600-01	Привод в сборе н/о (на редукт. 20,24 серию)	465.00	10	t	updated	1
303	6244	24.3708600-01	Привод  МТЗ-80 в сборе	405.00	10	t	updated	1
304	6245	40000012	Редуктор с валом на стартер 9112	1870.00	10	t	updated	1
305	6246	60.3708800	Реле втягивающее	700.00	10	t	updated	1
306	6247	20.3708800 стар.обр.	Реле стартера в сборе МТЗ-80 24В ОАО ЗИТ	1310.00	10	t	updated	1
307	6248	2002.3708000-01 24В	Стартер взамен 20 Бычок, МТЗ редуктор. (5,9 кВт) ОАО ЗИТ	6100.00	10	t	updated	1
308	6249	2412.3708000-01 12В 4кВт	Стартер Д-144,Т-40,Т25А2 редукт. (взамен 241 и 222А)  ОАО ЗИТ	6100.00	10	t	updated	1
309	6250	2402.3708000-01 12В	Стартер МТЗ-50,80,100 редукт. 4 кВт (взамен 24)  ОАО ЗИТ	6100.00	10	t	updated	1
310	6251	2012.37008000-01 24В	Стартер Т-40М  5,9  кВт (взамен 201)  ОАО ЗИТ	6100.00	10	t	updated	1
311	6252	20-3708200-02 нов.обр.	Якорь стартера	1695.00	10	t	updated	1
312	6253	53205-3509015-20 (21)	Компрессор 1-ц. г.Ижевск 16 мм.	12230.00	10	t	updated	1
313	6254	53205-3509015-02 АЙК	Компрессор 1-ц.( Айк-Мото) г.Ижевск 22 мм. выход сверху	12818.00	10	t	updated	1
314	6255	ПК 306-01	Компрессор 1-цил. КАМАЗ г.Борисов	28539.00	10	t	updated	1
315	6256	ПК 214-30	Компрессор  2-х цил. КАМАЗ 201 л/мин г.Борисов	28705.00	10	t	updated	1
316	6257	5336-3509012  210л/м	Компрессор 5336-3509012 МАЗ, Урал со шкивом 210 л/мин г.Борисов	23460.00	10	t	updated	1
317	6258	5336-3509012-01 201 л/мин	Компрессор 5336-3509012-01 без шкива ЗИЛ, МАЗ,КРАЗ,Урал, БЕЛАЗ г.Борисов	21805.00	10	t	updated	1
318	6259	5336-3509012-10	Компрессор 5336-3509012-10 усилин. 270 л/мин г.Борисов	19890.00	10	t	updated	1
319	6260	ПК 310	Компрессор МАЗ,Лиаз,Урал 320л/мин  г.Борисов	26000.00	10	t	updated	1
320	6261	18-3509015-20 ( 373л.)	Компрессор 1 цил. Литва выход сверху	18100.00	10	t	updated	1
321	6262	161-3509012-20	Компрессор 2-х 275 л/м (дв.ЯМЗ) Литва	23460.00	10	t	updated	1
323	6264	5320-3509015-10	Компрессор 2-х цил. Литва Н/О  275 л/мин	24072.00	10	t	updated	1
324	6265	161-3509012	Компрессор 2-х цил. (дв.ЯМЗ)  201л/мин Литва	23606.00	10	t	updated	1
325	6266	Р0 1-но цил.	Р/К  1-но цил. компрессора Р0 в сборе НАШ	618.00	10	t	updated	1
326	6267	без шатуна Р 1	Р/К  2-х цил. компрессора Р1 из 5-ти наим.	371.00	10	t	updated	1
327	6268	5320-2201025-02 меж.20шт	Крестовина 5320-2201025 межосевая г.Гродно	3104.00	10	t	updated	1
328	6269	53205-2201025-10 меж.10шт	Крестовина  53205-2201025 м/о г.Гродно	4188.00	10	t	updated	1
329	6270	4310-2205025 осн.10шт	Крестовина 4310-2205025 основная г.Гродно	4999.00	10	t	updated	1
330	6271	53205-2205025-12 осн.10шт	Крестовина  53205-2205025 основная г.Гродно	4579.00	10	t	updated	1
331	6272	130-2201025	Крестовина ЗИЛ 130-2201025 межосевая г.Гродно	459.00	10	t	updated	1
332	6273	131-2205025	Крестовина ЗИЛ 131-2205025 основная г.Гродно	765.00	10	t	updated	1
333	6274	голая	Крестовина осн. 53205-2205026-10 голая	1379.00	10	t	updated	1
334	6275	853858	Тавотница 90	4.00	10	t	updated	1
335	6276	ПРАМО (118*39 мм)	Крестовина 5320-2201026	567.00	10	t	updated	1
336	6277	ПРАМО (135*50 мм)	Крестовина 5320-2205025-01	1022.00	10	t	updated	1
337	6278	ПРАМО (50*135мм) М/О	Крестовина 53205-2201025	1525.00	10	t	updated	1
338	6279	ПРАМО (155*50 мм) ОСН.	Крестовина 53205-2205025	1093.00	10	t	updated	1
339	6280	5320-3422039 АЕ	Крестовина в сборе (28*68) рулевого вала КАМАЗ, Агротэк	255.00	10	t	updated	1
340	6281	5320-2201025 Агротэк	Крестовина в сборе (39*118) м/о Агротэк	688.00	10	t	updated	1
341	6282	6520-2201025 АЕ	Крестовина в сборе (50*135) евро-2 м/о,Агротэк	1270.00	10	t	updated	1
342	6283	5320-2205025 АЕ	Крестовина в сборе (50*135) Агротэк	1202.00	10	t	updated	1
343	6284	53205-2205025 АЕ	Крестовина в сборе (50*155) евро осн, Агротэк	1314.00	10	t	updated	1
344	6285	4310-2205025 АЕ	Крестовина в сборе (50*155) КАМАЗ,КРАЗ,МАЗ(Агротэк)	1348.00	10	t	updated	1
345	6286	53205S-2201025 (уп 6)	Крестовина ВЕБЕР (малая) ЕВРО	592.00	10	t	updated	1
346	6287	УниверсалКарданДеталь	Крестовина У.6520-2201025 межосевая	1751.00	10	t	updated	1
347	6287	УниверсалКарданДеталь	Крестовина У.6520-2201025 межосевая	1757.00	15	t	updated	1
348	6288	У 5320-2205025-10	Крестовина У.5320-2205025-10 основная со стопорными кольцами	1551.00	10	t	updated	1
349	6287	УниверсалКарданДеталь	Крестовина У.6520-2201025 межосевая	845.00	16	t	updated	1
350	6287	УниверсалКарданДеталь	Крестовина У.6520-2201025 межосевая	1744.00	18	t	updated	1
351	6287	УниверсалКарданДеталь	Крестовина У.6520-2201025 межосевая	1921.00	17	t	updated	1
352	6289	УКД ЕВРО-2	Крестовина У.6520-2201025-10  мал. в сб.	1836.00	10	t	updated	1
353	6290	5511-3502237 ПРАМО	Рычаг регулировочный левый 10 т. трещётка зад.	842.00	10	t	updated	1
354	6291	5320-3502236 ПРАМО	Рычаг регулировочный правый 8 т. трещётка зад.	725.00	10	t	updated	1
355	6292	НШ-10	НШ-10 ПРАВЫЙ г.Ставрополь	700.00	10	t	updated	1
356	6293	НШ-10 У3	Насос НШ-10 У3 (4-х шл.) правый	2700.00	10	t	updated	1
357	6294	НШ-50А3 правый	Насос НШ-50 А3 правый круглый	12000.00	10	t	updated	1
358	6295	А 24-21+5	Лампа А 24-21+5 г.Брест 2-х конт.	5.00	10	t	updated	1
359	6296	УП118-3726010-П	Передний указатель поворота правый г.Киржач	245.00	10	t	updated	1
360	6297	62 3711201-01	Стекло фары (галоген) ВАЗ-2101,ГАЗ-2410	11.87	10	t	updated	1
361	6298	ФГ140 3711201	Стекло фары ВАЗ-2101,ГАЗ-2410	10.82	10	t	updated	1
362	6299	4502.3712	Фонарь УП-1 (4502.3712) ОСВАР	275.00	10	t	updated	1
363	6300	5320-2902624	Буфер передней рессоры ОАО БРТ	493.00	10	t	updated	1
364	6301	5320-5130027	Вставка уплотнителя рычага КПП ОАО БРТ	519.00	10	t	updated	1
365	6302	5320-5002025	Втулка торсиона ОАО БРТ	90.00	10	t	updated	1
366	6303	5320-1609569	Гофра ПГУ ОАО БРТ	10.00	10	t	updated	1
367	6304	5320-2509017	Диафрагма механизма блокировки МОД ОАО БРТ	27.00	10	t	updated	1
368	6305	106005-23	К-т пр-ок блока двигателя КАМАЗ (темпсил) ПРОФИ 7 наименований	48.00	10	t	updated	1
369	6306	106004-23	К-т пр-ок водяной коробки двигателя КАМАЗ (темпсил) ПРОФИ 4 наименования	10.00	10	t	updated	1
370	6307	106006-23	К-т пр-ок гидромуфты двигателя КАМАЗ (темпсил) ПРОФИ 6 наименований	22.00	10	t	updated	1
371	6308	106001-23	К-т пр-ок двигателя КАМАЗ (темпсил) ПРОФИ 24 наименования	95.00	10	t	updated	1
372	6309	106002-23	К-т пр-ок картера маховика КАМАЗ (темпсил) ПРОФИ 7 наименований	48.00	10	t	updated	1
373	6310	33.1111069	Кольцо ТНВД ОАО БРТ	5.00	10	t	updated	1
375	6312	740-1105075	Кольцо уплотнительное (ФГОТ, ФЦОМ) ОАО БРТ	10.00	10	t	updated	1
376	6313	740-1109553	Кольцо уплотн. воздушного фильтра ОАО БРТ	279.00	10	t	updated	1
377	6314	864117(115х145)	Манжета балансира ОАО БРТ	171.00	10	t	updated	1
378	6315	740-1318166 (100х125х12)	Манжета гидромуфты ЗАО ВРТ	401.00	10	t	updated	1
379	6316	740-1318186 (34х50х10)	Манжета гидромуфты ЗАО ВРТ	116.00	10	t	updated	1
380	6317	864141	Манжета ГУР на сошку (42*58*10)	40.80	10	t	updated	1
381	6318	864113  (22х34,5х6)	Манжета ГУР на угловой редуктор	29.00	10	t	updated	1
382	6319	5320-1602517 (29х26х5)	Манжета ГЦС ОАО БРТ	26.00	10	t	updated	1
383	6320	7405-1005160 (105х130)	Манжета коленвала ЕВРО Резерв	295.00	10	t	updated	1
384	6321	14-1701230-01	Манжета КПП (45х64) ЗАО ВРТ	165.00	10	t	updated	1
385	6322	6520-2502280	Манжета с пружиной в сборе	690.00	10	t	updated	1
386	6323	6520-2402176	Манжета с пружиной в сборе 80*105 наружн.	732.00	10	t	updated	1
387	6324	6520-2502180	Манжета с пружиной в сборе 80*105 сред. мост	784.00	10	t	updated	1
388	6325	864129-01(142х168х16)	Манжета ступицы задней  ОАО БРТ	153.00	10	t	updated	1
389	6326	864135-01	Манжета ступицы передней ОАО БРТ с пружиной	198.00	10	t	updated	1
390	6327	864195 (70*92*10)	Манжета хвостовика Евро	325.00	10	t	updated	1
391	6328	864180 (70х92х12х16)	Манжета хвостовика ЗАО ВРТ	296.00	10	t	updated	1
392	6329	864176 (70х92х12х16)	Манжета хвостовика ЗАО ВРТ	298.00	10	t	updated	1
393	6330	100-3519250Р	Мембрана тип 24 ОАО БРТ	218.00	10	t	updated	1
394	6331	100-3519350	Мембрана тип 30 ОАО БРТ	218.00	10	t	updated	1
395	6332	6520-1303026	Патрубок радиатора 6520 нижний ОАО БРТ	950.00	10	t	updated	1
396	6333	5320-1303027	Патрубок радиатора Шланг Ф68х120 ОАО БРТ	139.00	10	t	updated	1
397	6334	5320-1303026	Патрубок радиатора ШЛАНГ Ф68х200 ОАО БРТ	214.00	10	t	updated	1
398	6335	5320-1311049	Патрубок расширительного бачка ШЛАНГ Ф30Р ОАО БРТ	110.00	10	t	updated	1
399	6336	740-1014138	Патрубок сапуна переходной ОАО БРТ	87.00	10	t	updated	1
400	6337	5320-5001021	Подушка переднего крепления кабины нижняя ОАО БРТ	870.00	10	t	updated	1
401	6338	5320-3513092-01Р	Прокладка баллона (рессивера) ОАО БРТ	51.00	10	t	updated	1
402	6339	740-1115026-01	Прокладка впускного коллектора (домик)	13.00	10	t	updated	1
403	6340	7403-1008050 армир.	Прокладка выпускного коллектора	35.00	10	t	updated	1
404	6341	740-1003213-20	Прокладка ГБЦ ОАО БРТ	108.00	10	t	updated	1
405	6342	740-1003270-11	Прокладка клапанной крышки ОАО БРТ	73.00	10	t	updated	1
406	6343	740-1009040	Прокладка поддона ОАО БРТ	261.00	10	t	updated	1
407	6344	5320-2201043	Пыльник крестовины м/о ОАО БРТ	25.00	10	t	updated	1
408	6345	5320-2205042	Пыльник крестовины осн. ОАО БРТ	30.00	10	t	updated	1
409	6346	5320-3509015-10 н/о	Р/К компрессора	1040.00	10	t	updated	1
410	6263	5320-3509015	Р/К компрессора	20257.00	14	t	updated	1
411	6347	2-х цил.	Р/К компрессора (6 наименований) паронит	34.00	10	t	updated	1
412	6348	18-3509015	Р/К компрессора 1-ц	597.00	10	t	updated	1
413	6349	740-1308020-10	Ремень 1250 зубчатый ОАО БРТ	375.00	10	t	updated	1
414	6350	740-1307170Р	Ремень 1320 ОАО БРТ	253.00	10	t	updated	1
415	6351	864158-10Р (864159)	Сальник п/оси КамАЗ-4310	216.00	10	t	updated	1
416	6352	5320-5130029-01Р	Уплотнитель педали тормоза ОАО БРТ	86.00	10	t	updated	1
417	6353	5320-6107805	Уплотнитель проема двери УП 805 ОАО БРТ	347.00	10	t	updated	1
418	6354	5320-5130016-01	Уплотнитель рычага КПП ОАО БРТ	706.00	10	t	updated	1
419	6355	5320-6103123	Уплотнитель форточки двери лев.	414.00	10	t	updated	1
420	6356	5320-6103122	Уплотнитель форточки двери ОАО БРТ	431.00	10	t	updated	1
421	6357	100-3519180Р	Уплотнитель энергоаккумулятора ОАО БРТ	121.00	10	t	updated	1
422	6358	СТР	Р/К топливного фильтра	198.00	10	t	updated	1
423	6359	7406-1003270-01 СТР	Прокладка клапанной крышки Евро	220.00	10	t	updated	1
424	6358	СТР	Р/К топливного фильтра	280.00	13	t	updated	1
425	6358	СТР	Р/К топливного фильтра	110.00	4	t	updated	1
426	6360	5402-3708600-01	Бендикс КАМАЗ Евро	1720.00	10	t	updated	1
427	6361	5432-3708600-01	Бендикс г. Борисов	2254.00	10	t	updated	1
428	6362	СТ142Б-3708600	Бендикс  г.Борисов 10 зуб.	1834.00	10	t	updated	1
429	6363	142Т-3708000	Крепление стартера МАЗ	335.00	10	t	updated	1
430	6364	142-3708830	Крышка втягивающего реле в сборе с болтами	556.00	10	t	updated	1
431	6365	5432.3708110-01	Обмотка стартера  5402-01,5432-10-20	3143.00	10	t	updated	1
432	6366	СТ142-3708110	Обмотка стартера СТ142-3708110 г.Борисов	4630.00	10	t	updated	1
433	6367	СТ142Б2-3708800	Реле втягивающее г.Борисов	3844.00	10	t	updated	1
434	6368	5402-3708800	Реле втягивающее	3208.00	10	t	updated	1
435	6369	5432-3708800-10	Реле втягивающее (стартер 5432-10, 5402-01) г.Борисов	2893.00	10	t	updated	1
436	6370	РС-24Д	Реле стартера дополнит. г.Борисов	1316.00	10	t	updated	1
437	6371	5402.3708-01	Стартер 5402 КАМАЗ Евро 2, 3 , Урал (редукторный с доп. реле)	17417.00	10	t	updated	1
438	6372	5402-3708	Стартер 5402 ЕВРО редукт (аналог AZF 4554) 24В, 5,4 кВт,10 зуб.  г.Борисов	16218.00	10	t	updated	1
439	6373	5422.3708 24В 10кВ б/н	Стартер Евро-2 (Аналог БОШ взамен 0001261006) г.Борисов	19052.00	10	t	updated	1
440	6374	СТ142Б-3708-10	Стартер КАМАЗ ЕВРО-2,3 г.Борисов  (8,2 кВт 24В 10 зуб)	25924.00	10	t	updated	1
441	6375	СТ142Б2-3708	Стартер КАМАЗ г.Борисов (24В 8,2кВт)	26622.00	10	t	updated	1
442	6376	5432-3708-10 с доп.реле	Стартер КАМАЗ,Зил-133ГЯ,Урал,ЛиАЗ, редукт.24В 5,5кВт (ан. 3367) г.Борисов	19870.00	10	t	updated	1
443	6377	5432-3708000 МАЗ	Стартер МАЗ 10 зуб. 24В 9кв.(ан. 4581) г.Борисов	16397.00	10	t	updated	1
444	6378	5432-3708-01	Стартер МАЗ 10 зуб. 24В 9кв.(ан.4581) с доп. реле	17466.00	10	t	updated	1
445	6379	СТ142Т-3708	Стартер МАЗ 11зуб. г.Борисов	25959.00	10	t	updated	1
446	6380	СТ142Т-3708-10	Стартер МАЗ евро 10зуб.г.Борисов	25062.00	10	t	updated	1
447	6381	СТ142-3708330	Траверза СТ 142Б1	1383.00	10	t	updated	1
448	6382	СТ142-3708060-10	Щетки стартера СТ 142Б1	62.00	10	t	updated	1
449	6383	СТ 142-3708200	Якорь стартера г.Борисов	8503.00	10	t	updated	1
450	6384	СТ 142-3708200-10	Якорь стартера ЕВРО г.Борисов	8503.00	10	t	updated	1
451	6385	2502.3708.600-10 г.Ржев	Бендикс ( для ст.25.3708 КАМАЗ)	2632.00	10	t	updated	1
452	6386	2502.3708.600	Бендикс 11 зуб МАЗ (подходит на стартер 142Т) г.Ржев	1224.00	10	t	updated	1
453	6387	2501.3708.150-10	Катушка (обмотка) КАМАЗ	1184.00	10	t	updated	1
454	6388	2501.3708.150-01	Катушка (обмотка)  МАЗ г.Ржев	4017.00	10	t	updated	1
455	6389	42.3708.600 ХН-006	Привод стартера (АТЭ-1)	204.00	10	t	updated	1
456	6390	42.3708.600-10 ХН-949	Привод стартера (АТЭ-1)	204.00	10	t	updated	1
457	6391	42.3708.800-01 ХН-3-017	Реле втягивающее (АТЭ-1)	551.00	10	t	updated	1
458	6392	42.3708.800-11 ХН-3-082	Реле втягивающее (АТЭ-1)	551.00	10	t	updated	1
459	6393	42-3708-11 Р	Стартер (АТЭ-1) ГАЗ, УАЗ с двиг. ЗМЗ - 406.10, 4061.10, 4062.10	3754.00	10	t	updated	1
460	6394	42-3708 Р	Стартер (АТЭ-1) ГАЗ, УАЗ с двиг. УМЗ 3151-01, 3303-01, 3741-01	3754.00	10	t	updated	1
461	6395	422-370800	Стартер (АТЭ-1) ГАЗ с дв.ЗМЗ 402.10,4021.10,4025.10	3754.00	10	t	updated	1
462	6396	9112 М9Т четыре болта	Стартер КАМАЗ (АТЭ-1) 24В 8,5 кВт редукторный	8364.00	10	t	updated	1
463	6397	2501.3708-21 МАЗ	Стартер МАЗ 10 зуб. ЕВРО нов/обр. г.Ржев	28553.00	10	t	updated	1
464	6398	2501.3708-40 МАЗ	Стартер МАЗ 11 зуб. г.Ржев	28451.00	10	t	updated	1
465	6399	25.3708.320	Траверза высокая г.Ржев	719.00	10	t	updated	1
466	6400	2502.3708.320-11	Траверза низкая г.Ржев	704.00	10	t	updated	1
467	6401	2501.3708.200-03	Якорь стартера МАЗ ( для стар. 2501-40) г.Ржев	12795.00	10	t	updated	1
468	6402	16.904.237	Бендикс на ст. 3367,3436 (Искра) г.Самара	1576.00	10	t	updated	1
469	6403	16911674  АТЭ	Бендикс на ст.4554 АТЭ	829.00	10	t	updated	1
470	6404	16904832	Редуктор стартера AZF 4554,4581	2193.00	10	t	updated	1
471	6405	16.670.421	Реле втягивающее AZJ 3367 г.Самара	1831.00	10	t	updated	1
472	6406	16.670.546	Реле стартера ст.4554 г.Самара	1933.00	10	t	updated	1
473	6407	4554 AZF(11131150)	Стартер AZF 4554 КАМАЗ ЕВРО 24V 4kW z10 пр-во ISKRA ( ЕВРО 6520)	17697.00	10	t	updated	1
474	6408	4594 AZF(11131359)	Стартер AZF 4594 КАМАЗ 4308 с двигателем Cummins 24 V z10 пр-во ISKRA	17850.00	10	t	updated	1
475	6409	3367 AZJ	Стартер AZJ 3367 КАМАЗ, ДТ 75 (аналог 9112) 24V 6kW пр-во ИСКРА Словения	17833.00	10	t	updated	1
476	6410	С4929600 kw 6.0	Стартер КАМАЗ 4308 дв. Cammins (Китай) 24V z12	15300.00	10	t	updated	1
477	6411	16908995	Щетки стартера AZF 4554	834.00	10	t	updated	1
478	6412	3514 009 013 0	ГТК н/обр. с педалью 100-3514108 SORL	2712.00	10	t	updated	1
479	6413	3514 009 014 0	ГТК н/обр.(без педали) 100-3514108-10 SORL	2332.00	10	t	updated	1
480	6414	3533 009 013 0	Клапан двухмагистральный 100-3562010-10 SORL	638.00	10	t	updated	1
481	6415	3522 001 015 0	КУТП-2 100-3522010 SORL	2250.00	10	t	updated	1
482	6416	3522 002 038 0	КУТП-2 ЕВРО с глушителем 25-3522210-10 SORL	2614.00	10	t	updated	1
483	6417	3526 004 201 0	Ручник 2-х выходной WABKO 961 723 038,001,015 SORL	2780.00	10	t	updated	1
484	6418	3530 010 646 0	Энергоаккумулятор тип 30/24 25-3519301 SORL	3643.00	10	t	updated	1
485	6419	16-3521110	Головка ПАЛМ Автокомпонент Плюс	138.00	10	t	updated	1
486	6420	16-3521111	Головка ПАЛМ Автокомпонент Плюс	138.00	10	t	updated	1
487	6421	16-3514008	ГТК Автокомпонент плюс	1561.00	10	t	updated	1
488	6422	16-3515010	Клапан защитный одинарный ( Автокомпонент плюс)	146.00	10	t	updated	1
489	6423	16-3537110	Кран пневматический (авар.растормаж.) Автокомпонент Плюс	276.00	10	t	updated	1
490	6424	16-3514108	Кран подпедальный ( Автокомпонент плюс)	1561.00	10	t	updated	1
491	6425	16-3537310	Ручник ЕВРО 4-х Автокомпонент Ппюс	1051.00	10	t	updated	1
492	6426	11.3521411 ПААЗ	Головка ПАЛМ автомат. г.Полтава	633.00	10	t	updated	1
493	6427	11.3521410 ПААЗ	Головка ПАЛМ автомат. г.Полтава	633.00	10	t	updated	1
494	6428	100.3521111 ПААЗ	Головка ПАЛМ г.Полтава	580.00	10	t	updated	1
495	6429	100.3521110 ПААЗ	Головка ПАЛМ г.Полтава	580.00	10	t	updated	1
496	6430	64221-3514008 (8000)	ГТК БелОМО	7452.00	10	t	updated	1
497	6431	6025.3562010	Клапан двухмагистральный ЕВРО Беларусь	605.00	10	t	updated	1
498	6432	13.3515310 ПААЗ	Клапан контрольного вывода  г.Полтава	361.00	10	t	updated	1
499	6433	64221-3518010-10 ЕВРО	Клапан ускорительный под глушитель БЕЛОМО	2601.00	10	t	updated	1
500	6434	11.3515410 ПААЗ	Клапан четырехконтурный  г.Полтава	3111.00	10	t	updated	1
501	6435	64221-3537110 (8002)	Кран аварийного раст. 64221-3537110 БелОМО	1367.00	10	t	updated	1
502	6436	100.3537110	Кран аварийного растормаживания г.Полтава	1235.00	10	t	updated	1
503	6437	8099-3514108	Кран подпедальный КАМАЗ-6520 БелОМО	7691.00	10	t	updated	1
504	6438	8090-3514100	Кран подпедальный МАЗ (аналог WABKO 4613190080) БелОМО	8931.00	10	t	updated	1
505	6439	8099-3514108-10	Кран подпедальный Нефаз (снизу сапун кривой) БелОМО	6794.00	10	t	updated	1
506	6440	12.3520010 ПААЗ	Кран разобщительный 12.3520010 г.Полтава	911.00	10	t	updated	1
507	6441	14.3520010 ПААЗ	Кран разобщительный МТЗ ПААЗ	696.00	10	t	updated	1
508	6442	8708-3537310	Кран ручника Беломо ( аналог WABKO 961 723 100)	4142.00	10	t	updated	1
509	6443	100.3522110	КУТП-1 г.Полтава	4792.00	10	t	updated	1
510	6444	64221-3522010 (6024)	КУТП-2  Беларусь ЕВРО	5214.00	10	t	updated	1
511	6445	100.3522010	КУТП-2 г.Полтава	4315.00	10	t	updated	1
512	6446	11.3522008	КУТП-2 ЕВРО с клапаном обрыва г.Полтава	4760.00	10	t	updated	1
513	6447	5320-3514012	Педаль ГТК н/о в сборе	204.00	10	t	updated	1
514	6448	11.3512010 ПААЗ	РДВ 11.3512010 г.Полтава (МАЗ, КРАЗ,УРАЛ)	4871.00	10	t	updated	1
515	6449	11.3512010-10 ПААЗ	РДВ 11.3512010-10 г.Полтава  (КАМАЗ)	4488.00	10	t	updated	1
516	6450	11.3537310	Ручник (ЕВРО, 4 отв.) г.Полтава	3280.00	10	t	updated	1
517	6451	64221-3537310 (6029)-30	Ручник ЕВРО МАЗ БелОМО	2944.00	10	t	updated	1
518	6452	25-3511110-01	Влагоотделитель с РДВ  г.Рославль	7609.00	10	t	updated	1
519	6453	100-3521110-10	Головка автоматическая  г.Рославль	785.00	10	t	updated	1
520	6454	100-3521111-10	Головка автоматическая г.Рославль	785.00	10	t	updated	1
521	6455	100-3521111	Головка ПАЛМ  г.Рославль	713.00	10	t	updated	1
522	6456	100-3521110	Головка ПАЛМ  г.Рославль	713.00	10	t	updated	1
523	6457	100-3514008	ГТК г.Рославль	6581.00	10	t	updated	1
524	6458	100-3519210	Камера передняя тип 24  г.Рославль	2256.00	10	t	updated	1
525	6459	100-3519200	Камера тормозная 4310 тип 24х24 г.Рославль	5676.00	10	t	updated	1
526	6460	100-3519100	Камера тормозная 5320 тип 20х20  г.Рославль	4745.00	10	t	updated	1
527	6461	100.3519100-10 левые	Камера тормозная  5320 тип 20х20  г.Рославль	4812.00	10	t	updated	1
528	6462	100-3519100-30 правые	Камера тормозная  5320 тип 20х20  г.Рославль	4812.00	10	t	updated	1
529	6463	25-3519301	Камера тормозная  6520 тип 30/24 г.Рославль	7364.00	10	t	updated	1
530	6464	5 435 05 002 1СЕРБИЯ	Камера тормозная 5320 тип 20х20  РРТ	4925.00	10	t	updated	1
531	6465	100-3519310	Камера тормозная прицепа тип 30 г.Рославль	2227.00	10	t	updated	1
532	6466	100-3518110	Клапан  быстрого растормаживания РААЗ	1975.00	10	t	updated	1
533	6467	100-3515010	Клапан  защитный 1-й  г.Рославль	1540.00	10	t	updated	1
534	6468	100-3515110	Клапан  защитный 2-й  г.Рославль	2559.00	10	t	updated	1
535	6469	100-3515210	Клапан  защитный 3-й    г.Рославль	2910.00	10	t	updated	1
536	6470	100-3562010	Клапан 2-х магистральный  г.Рославль	862.00	10	t	updated	1
537	6471	100-3515510-20	Клапан защитный 4-х контурный РААЗ	3003.00	10	t	updated	1
538	6472	100-3515310 высок.	Клапан контрольного вывода  г.Рославль	385.00	10	t	updated	1
539	6473	100-3515310-01 мален.	Клапан контрольного вывода  г.Рославль	385.00	10	t	updated	1
540	6474	100-3534010	Клапан огран. давления  г.Рославль	2887.00	10	t	updated	1
541	6475	100-3518010	Клапан ускорительный   г.Рославль	2706.00	10	t	updated	1
542	6476	100-3518010-10	Клапан ускорительный ЕВРО г.Рославль	2811.00	10	t	updated	1
543	6477	100-3537110	Кран аварийного раст. 100-3537110 г.Рославль	1428.00	10	t	updated	1
544	6478	100-3514108-10	Кран подпедальный   100-3514108-10  г.Рославль	6394.00	10	t	updated	1
545	6479	100-3531008	Кран прицепа 100-3531008 г.Рославль	7019.00	10	t	updated	1
546	6480	100-3520010	Кран разобщительный 100-3520010  г.Рославль	1550.00	10	t	updated	1
547	6481	100-3513110	Кран слива  100-3513110 г.Рославль	340.00	10	t	updated	1
548	6482	100-3522110	КУТП-1 г.Рославль	5479.00	10	t	updated	1
549	6483	100-3522010	КУТП-2 г.Рославль	6409.00	10	t	updated	1
550	6484	25.3522210	КУТП-2 с клап. обрыва  г.Рославль	6042.00	10	t	updated	1
551	6485	100-3536010	ППЗ 100-3536010  г.Рославль	2675.00	10	t	updated	1
552	6486	100-3512010 упк.2 шт.	РДВ 100-3512010  г.Рославль	5677.00	10	t	updated	1
553	6487	100-3533010-10	Регулятор тормозных сил 100-3533010-10  г.Рославль	4902.00	10	t	updated	1
554	6488	100-3537010	Ручник 100-3537010 г.Рославль	4191.00	10	t	updated	1
555	6489	100-3537310	Ручник ЕВРО 100-3537310 г.Рославль	3366.00	10	t	updated	1
556	6490	100-3511310	Фильтр магистральный г.Рославль	1280.00	10	t	updated	1
557	6491	100-3570110	Цилиндр пневматический г.Рославль	1211.00	10	t	updated	1
558	6492	100-3570210	Цилиндр пневматический г.Рославль	1508.00	10	t	updated	1
559	6493	Металл	Фитинг MRUC (прямой) 15 мм.	176.00	10	t	updated	1
560	6493	Металл	Фитинг MRUC (прямой) 15 мм.	85.00	13	t	updated	1
561	6493	Металл	Фитинг MRUC (прямой) 15 мм.	105.00	13	t	updated	1
562	6493	Металл	Фитинг MRUC (прямой) 15 мм.	103.00	17	t	updated	1
563	6494	54115Ш-1301010-01 3-х	"Радиатор водяной ""CuproBraze"""	14000.00	10	t	updated	1
564	6495	740.21-1118310 длинная	Трубка подвода масла ТКР	160.00	10	t	updated	1
565	6496	7,5 м.	Шланг желто-красный  к-т.	240.00	10	t	updated	1
566	6497	5320-2511016	Шланг МОД (кривой) Казань	30.00	10	t	updated	1
567	6498	4310-3506442-10	Шланг тормозной 4310 задний г/г (пруж.)	82.00	10	t	updated	1
568	6499	4310-3506060	Шланг тормозной 4310 передний ш/г	76.00	10	t	updated	1
569	6500	560-1017004	Фильтр очистки масла 560 Штайр Колан	150.00	10	t	updated	1
570	6501	020-ФТ245-1117010 1/40	ФТОТ ЕВРО-3 Д-245 Д-243 синий г.Гродно	290.00	10	t	updated	1
571	6502	В 4391	Эл.фильтра воздушного ЕВРО-3 г.Гродно	1070.00	10	t	updated	1
572	6503	740-1109560	Эл.фильтра воздушный г.Гродно	850.00	10	t	updated	1
573	6504	7405-1109560	Эл.фильтра воздушный ЕВРО г.Гродно	950.00	10	t	updated	1
574	6505	В 4313 наружний	Эл.фильтра воздушный ЕВРО-2 г.Гродно	720.00	10	t	updated	1
575	6506	8421-1109080 МЭ	Эл.фильтра воздушный низкий МАЗ ЕВРО,ТУТАЙ г.Гродно	290.00	10	t	updated	1
576	6507	238Н-1109080	Эл.фильтра воздушный МАЗ  г.Гродно	358.00	10	t	updated	1
577	6508	240-1017040 (6 шт)	Эл.фильтра МАЗ масляный  г.Гродно м/с	42.00	10	t	updated	1
578	6509	740-1012040-10 м/с (6 шт)	Эл.фильтра масляный в метал.сетке г.Гродно	108.00	10	t	updated	1
579	6510	7405-1012040 м/с (6 шт)	Эл.фильтра масляный ЕВРО в метал.сетке г.Гродно	141.00	10	t	updated	1
580	6511	М 5334	Эл.фильтра масляный ниточный ЕВРО г.Гродно	126.00	10	t	updated	1
581	6512	740-1117040-10 м/с (13шт)	Эл.фильтра топливный в метал.сетке г.Гродно	68.00	10	t	updated	1
582	6513	740-1117040 уп.13шт.	Эл.фильтра топливный  г.Гродно	18.00	10	t	updated	1
583	6514	7405-1017040 ЭФМ703	Элемент масляного фильтра ЕВРО железный г.Ливны	960.00	10	t	updated	1
584	6515	21.3759-05(30А)	Конвертер 24/12 V г.Калуга	3598.00	10	t	updated	1
585	6516	612.3702-08	Регулятор напряжения в сб (7762)  г.Калуга	460.00	10	t	updated	1
586	6517	612.3702-05	Регулятор напряжения в сборе (3252,7762-02,7762-03)  г.Калуга	316.00	10	t	updated	1
587	6518	612.3702-06(в сб. с ЩУ)	Регулятор напряжения в сборе со щеточным узлом на ген. 4502  г.Калуга	180.00	10	t	updated	1
588	6519	621.3702-01(7332.3702)	Регулятор напряжения на генер. 40.3771,Г3000  г.Калуга	111.00	10	t	updated	1
589	6520	621.3702-02 (7342.3702)	Регулятор напряжения на генер. Г3000А  г.Калуга	105.00	10	t	updated	1
590	6521	13.3787-01 (7312.3777-02)	Реле блокировки стартера КамАЗ, Евро, Краз, ЗИЛ г.Калуга	120.00	10	t	updated	1
591	6522	718.3777	Реле поворота РС951А г. Калуга	665.00	10	t	updated	1
592	6523	ЩСК 2 (МГС5) (12х32х20)	Щетки для стартера с контактами и изолированными выводами г.Калуга	330.00	10	t	updated	1
593	6524	5320-2205011-03	Вал карданный кв.фланец дл.983 мм.	4300.00	10	t	updated	1
594	6525	5511-2205011-12	Вал карданный кв.фланец дл.818 мм.	4300.00	10	t	updated	1
595	6197	15-1772010	Воздухораспределитель делителя КПП	2285.00	20	t	updated	1
596	6526	53212-3400020	ГУР	4000.00	10	t	updated	1
597	6527	55111-2912012-02 ЕВРО	Рессора задняя 55111	14500.00	10	t	updated	1
598	6528	7403-1115050	Прокладка впускного коллектора	29.00	10	t	updated	1
599	6530	11.2905005-53 (в уп.2шт.)	Амортизатор п/кабину  г.Гродно 90/271	1750.00	10	t	updated	2
600	6531	11.6809010	Амортизатор п/сиденье  г.Гродно 110/200(шток 12,цилиндр 30)	1721.00	10	t	updated	2
601	6532	4310-2905006 300/485	Амортизатор передней подвески  г.Гродно	6899.00	10	t	updated	2
602	6533	53212-2905006-02 Пластм.	Амортизатор передней подвески  г.Гродно 275/460	3670.00	10	t	updated	2
603	6534	53212-2905006-01 Метал.	Амортизатор передней подвески  г.Гродно 275/460	5623.00	10	t	updated	2
604	6535	50.4.2905005 245/450	Амортизатор Икарус г. Гродно	5000.00	10	t	updated	2
605	6536	152-2905006-11(230/450)	Амортизатор ЛИАЗ УКРАИНА	1600.00	10	t	updated	2
606	6537	50.2.2905005 325/500	Амортизатор МАЗ, КАМАЗ 6520 г. Гродно 325/500	4009.00	10	t	updated	2
607	6538	50.6.2905005 230/450	Амортизатор НЕФАЗ, ЛИАЗ г.Гродно	4140.00	10	t	updated	2
608	6539	50.5.2905005   (300/475)	Амортизатор УРАЛ, КРАЗ, (43118)  300/475 г. Гродно	3980.00	10	t	updated	2
609	6540	100-3519010-01	Камера передняя тип 16 ЗИЛ  (ход штока 58мм)	1050.00	10	t	updated	2
610	6541	100-3519010-11	Камера передняя тип 16 ЗИЛ длинн. шток г.Гродно (шток 88мм)	1060.00	10	t	updated	2
611	6542	24.3519010-01 корот. шток	Камера передняя тип 24 г.Гродно L=2.5cм	1070.00	10	t	updated	2
612	6543	24.3519010-11	Камера передняя тип 24 г.Гродно L=5,5	2879.00	10	t	updated	2
613	6544	24.3519200-04	Камера тормозная (4310), МАЗ 24/24  г.Гродно	13857.00	10	t	updated	2
614	6545	20.3519100-02	Камера тормозная (5320) 20/20 г.Гродно	5476.00	10	t	updated	2
615	6546	12.3519110-01	Камера тормозная тип 12/20 с энергоаккумулятором ЛИАЗ  г. Гродно	5150.00	10	t	updated	2
616	6547	18.3519110	Камера тормозная тип 20 МАЗ (шток 57 мм)  г. Гродно	2794.00	10	t	updated	2
617	6548	30.3519010	Камера тормозная тип 30 МАЗ, КРАЗ г. Гродно (шток 58 мм) (19.3519310-02)	1350.00	10	t	updated	2
618	6549	30.3519200	Камера тормозная тип 30/24 КАМАЗ 6520 г.Гродно	6939.00	10	t	updated	2
619	6550	30.3519300-10	Камера тормозная тип 30/30 г.Гродно	15183.00	10	t	updated	2
620	6551	П40.1.2905005  (4310)	Амортизатор п/п КАМАЗ метал. Первоуральск	2811.00	10	t	updated	2
621	6552	П50.6-2905005 245х450	Амортизатор НЕФАЗ метал. (ПААЗ)	3980.00	10	t	updated	2
622	6553	А2-245/450.2905006(152)	Амортизатор Икарус, НЕФАЗ г.Барановичи	4500.00	10	t	updated	2
623	6554	А1-275/460.2905006(22)	Амортизатор КАМАЗ усил., ПАЗ г.Барановичи	4119.00	10	t	updated	2
624	6555	А1-237/412.2905006-41	Амортизатор п/прицеп МАЗ г.Барановичи	4500.00	10	t	updated	2
625	6556	А1-275/450.2905006	Амортизатор КАМАЗ 4308 г.Барановичи	4175.00	10	t	updated	2
626	6557	54327-2915006-10	Амортизатор МАЗ г.Барановичи 315/500	4500.00	10	t	updated	2
627	6558	54327-2915006-50	Амортизатор МАЗ г. Барановичи 240/425	4500.00	10	t	updated	2
628	6559	54327-2915006-30	Амортизатор МАЗ г.Барановичи 265/450	4500.00	10	t	updated	2
629	6560	А2-230/450.2905006(152)	Амортизатор ЕВРО, ЛиАЗ,НЕФАЗ(5460) г.Барановичи	4500.00	10	t	updated	2
630	6561	54327-2915006-60	Амортизатор МАЗ 190/425	4500.00	10	t	updated	2
631	6562	А1-325/500.2905006-11	Амортизатор МАЗ, КАМАЗ 6520 г.Барановичи	4100.00	10	t	updated	2
632	6563	54327-2915006-20	Амортизатор МАЗ (290/475)	3229.00	10	t	updated	2
633	6564	А1-300/475.2905006-21	Амортизатор УРАЛ,КРАЗ г.Барановичи перед. ушки 5460, пласт.кожух	4001.00	10	t	updated	2
634	6565	ДГ 25.3913010	Домкрат 25т. г.Барановичи	20061.00	10	t	updated	2
635	6566	42-3708600	Бендикс Волга, Газель, УАЗ, 402 дв. г.Борисов	775.00	10	t	updated	2
636	6567	42-3708600-10	Бендикс Волга, Газель 406 дв. г. Борисов	672.00	10	t	updated	2
637	6568	425-3708600	Бендикс ВАЗ-2101-07, 2121 г. Борисов	590.00	10	t	updated	2
638	6569	7402.3708600	Бендикс г. Борисов	1060.00	10	t	updated	2
639	6570	СТ230-3708600-01	Бендикс большой ГАЗ-53, ПАЗ, ГАЗ-66 г.Борисов	819.00	10	t	updated	2
640	6571	СТ230К-3708600-01	Бендикс ЗИЛ , СТ230К4 г.Борисов	869.00	10	t	updated	2
641	6572	3242-3771-10	Генератор 28В,110А ,10 руч.ш ев-3 г.Борисов	11466.00	10	t	updated	2
642	6573	3232.3771000	Генератор 3232 Дв.ЯМЗ-236,-238, КАМАЗ-740 и их модиф.60А г.Борисов	6261.00	10	t	updated	2
643	6574	3252.3771000	Генератор МАЗ ОАО БАТЭ 28В. 90А	8910.00	10	t	updated	2
644	6575	3232.3771000-10	Генератор  МАЗ, МТЗ, ММЗ(ЕВРО-2) Д-245(Д-245.30Е-715,-716) 28В 60А г.Борисов	8271.00	10	t	updated	2
645	6576	СТ 2А-3708150	Обмотка	1436.00	10	t	updated	2
646	6577	7402-3708120	Обмотка стартера	1723.00	10	t	updated	2
647	6578	СТ230-3708110	Обмотка стартера (большая)	1898.00	10	t	updated	2
648	6579	422.3708 (42.3708-10)	Обмотка стартера 402 дв. г.Борисов г.Борисов	1247.00	10	t	updated	2
649	6580	422.3708800	Реле втягивающее малое в коробке ГАЗ, УАЗ (402, 406 дв)г. Борисов	1543.00	10	t	updated	2
650	6581	74.3708800 (12В)	Реле втягивающее г. Борисов	2408.00	10	t	updated	2
651	6582	7402-3708800 (24В)	Реле втягивающее ММЗ Д-243,-245 г.Борисов	2408.00	10	t	updated	2
652	6583	СТ142М-3708800	Реле втягивающее ММЗ Д-243,-245,-260 (12В) г. Борисов	3038.00	10	t	updated	2
653	6584	СТ142Н-3708800	Реле втягивающее ММЗ Д245,-260 (24В) г.Борисов	3105.00	10	t	updated	2
654	6585	СТ230А-3708800	Реле втягивающее ГАЗ-53 в сб.с крышкой г. Борисов	2057.00	10	t	updated	2
655	6586	СТ230Б-3708800-10	Реле втягивающее большое в коробке  СТ230Б4, СТ230А1 г. Борисов	1965.00	10	t	updated	2
656	6587	СТ230Б2-3708800-10	Реле втягивающее (СТ230К1, СТ230К4) г. Борисов	1707.00	10	t	updated	2
657	6588	2107.370810-01	Стартер ВАЗ 2101-07 на магнитах г.Борисов	5385.00	10	t	updated	2
658	6589	2109.3708010-01	Стартер ВАЗ 2108-09 на магнитах г.Борисов	5385.00	10	t	updated	2
659	6590	3002.3708000	Стартер 3002.3708000 ГАЗ 3306-3309-66  24В 7,7КВ	21193.00	10	t	updated	2
660	6591	426.3708000	Стартер 426 ВАЗ 2108-09 с обмоткой г.Борисов	6958.00	10	t	updated	2
661	6592	5404-3708000 (24В 5,2кВт)	Стартер 5404 редукт. ММЗ-243,245(аналог 230Р0,7402,142Н) г.Борисов	14429.00	10	t	updated	2
662	6593	5112-3708000 (12В 1,8кВт)	Стартер ГАЗ УАЗ с редуктором  г. Борисов	6983.00	10	t	updated	2
663	6594	6502.3708000-01(12В1,8кВт	Стартер ГАЗ, УАЗ с редуктором	6403.00	10	t	updated	2
664	6595	СТ230К4-3708000 (12В)	Стартер СТ230К4 ЗИЛ-130, ЛАЗ, ЛиАЗ г. Борисов	9597.00	10	t	updated	2
665	6596	СТ230Р-3708200	Якорь стартера ММЗ-Д243,Д245 г.Борисов	3030.00	10	t	updated	2
666	6597	RS.96640.02.02 L=418 mm	43114-2202011-01 Вал карданный TIRSAN	18248.00	10	t	updated	2
667	6598	65101-2205010 L=1582	Вал карданный КРАЗ	12310.00	10	t	updated	2
668	6599	501-2203010-07 L=1688+58	Вал карданный МАЗ	9634.00	10	t	updated	2
669	6600	503-2201010-15 L=1126	Вал карданный МАЗ	9230.00	10	t	updated	2
670	6601	4310-2202011-02	Вал карданный кв.фланец L=409mm	22143.00	10	t	updated	2
671	6602	4310-2203011-01 Н/О	Вал карданный  кв.фл. L=1136mm	22640.00	10	t	updated	2
672	6603	4310-2205011-04	Вал карданный круг.фланец L=727mm	31449.00	10	t	updated	2
673	6604	43114-2202011-01	Вал карданный торц.шлицы L=418mm	42562.00	10	t	updated	2
674	6605	43114-2203011	Вал карданный торц.шлицы L=1127mm	34128.00	10	t	updated	2
675	6606	43114-2205011	Вал карданный торц.шлицы L=699mm	38691.00	10	t	updated	2
676	6607	43118-2202011-31	Вал карданный торц.шлицы L=440+34mm	41769.00	10	t	updated	2
677	6608	43118-2203011-30	Вал карданный торц.шлицы L=1305mm	39783.00	10	t	updated	2
678	6609	43118-2203011-31	Вал карданный 43118-2203011-31 L=1285 mm	52220.00	10	t	updated	2
679	6610	5320-2201011-03 М/О	Вал карданный кв.фланец L=724mm	20400.00	10	t	updated	2
680	6611	5320-2205011-04	Вал карданный кв.фланец L=983mm	28500.00	10	t	updated	2
681	6612	5320-2205011-33(34)	Вал карданный круг.фланец L=990mm	15000.00	10	t	updated	2
682	6613	53205-2201011-10 М/О	Вал карданный торц.шлицы L=709mm	33370.00	10	t	updated	2
683	6614	53205-2205011-10 ОСНОВНОЙ	Вал карданный торц.шлицы L=955mm	38301.00	10	t	updated	2
684	6615	53212-2205011-03	Вал карданный кв.фланец L=1483mm	25200.00	10	t	updated	2
685	6616	53212-2205011-95	Вал карданный круг.фланец L=1377mm	15000.00	10	t	updated	2
686	6617	53213-2205011-02	Вал карданный круг.фланец L=1666mm	15692.00	10	t	updated	2
687	6618	53215-2205011-10	Вал карданный торц.шлицы L=1450mm	35995.00	10	t	updated	2
688	6619	53254-2201011-02	Вал карданный круг.фланец L=1057mm	14000.00	10	t	updated	2
689	6620	5410-2205011-04	Вал карданный кв.фланец L=638mm	28400.00	10	t	updated	2
690	6621	54105-2205011-10	Вал карданный торц.шлицы L=629mm	37180.00	10	t	updated	2
691	6622	54112-2205011-02	Вал карданный круг.фланец L=646mm	31641.00	10	t	updated	2
692	6623	5511-2205011-13	Вал карданный кв.фланец L=818mm	28600.00	10	t	updated	2
693	6624	55111-2205011-11	Вал карданный круг.фланец L=821mm	21671.00	10	t	updated	2
694	6625	6520Г-2201011-11	Вал карданный КАМАЗ межосевой БЕЛКАРД L=701mm	47599.00	10	t	updated	2
695	6626	6520Г-2205011-10	Вал карданный КАМАЗ основной БЕЛКАРД L=1425mm	66000.00	10	t	updated	2
696	6627	375-2201010-04 L=880+92	Вал карданный УРАЛ межосевой	12946.00	10	t	updated	2
697	6628	375-2202010-03 L=436+29	Вал карданный УРАЛ основной	26209.00	10	t	updated	2
698	6629	375-2203010-05 L=1167+90	Вал карданный УРАЛ перед.мост	19278.00	10	t	updated	2
699	6630	375-2205010-04 L=1262+60	Вал карданный УРАЛ средний мост	21956.00	10	t	updated	2
700	6631	4320-2201010-03 L=821+92	Вал карданный УРАЛ межосевой	17994.00	10	t	updated	2
701	6632	4320-2205010-02 L=1192+60	Вал карданный УРАЛ средний мост	23044.00	10	t	updated	2
702	6633	5320-2201023	Вилка фланец 5320-2201023 межосевая	3441.00	10	t	updated	2
703	6634	6520-2201023	Вилка фланец 6520-2201023	10345.00	10	t	updated	2
704	6635	5320-2205023-10 Н/О	Вилка фланец Н/О	4565.00	10	t	updated	2
705	6636	У 4310-2203011-01	Вал карданный (1136 мм)	13992.00	10	t	updated	2
706	6637	У 375-2203010-05	Вал карданный (1167 мм)	14027.00	10	t	updated	2
707	6638	У 43118-2203011-31	Вал карданный (1285мм)	24318.00	10	t	updated	2
708	6639	У 43118-2203011-30	Вал карданный (1305 мм)	22234.00	10	t	updated	2
709	6640	У 43118-2205011	Вал карданный (1322мм)	27800.00	10	t	updated	2
710	6641	У 6520-2205011-10	Вал карданный (1425 мм)	36975.00	10	t	updated	2
711	6642	У 53215-2205011-10	Вал карданный (1454 мм)	32848.00	10	t	updated	2
712	6643	У 53212-2205011-03	Вал карданный (1483 мм)	16055.00	10	t	updated	2
713	6644	У 43118-2202011-10	Вал карданный (585 мм)	33465.00	10	t	updated	2
714	6645	У 54105-2205011-10	Вал карданный (629 мм)	29842.00	10	t	updated	2
715	6646	У 5410-2205011-04	Вал карданный (638 мм)	15333.00	10	t	updated	2
716	6647	У 6520Г-2201011-11	Вал карданный (701 мм)	22999.00	10	t	updated	2
717	6648	У 53205-2201011-10	Вал карданный (709 мм)	28088.00	10	t	updated	2
718	6649	У 5511-2205011-13	Вал карданный (818 мм)	15133.00	10	t	updated	2
719	6650	У 53205-2205011-10	Вал карданный (955 мм)	33580.00	10	t	updated	2
720	6651	У 5320-2201011-01	Вал карданный межосевой  (724 мм)	12466.00	10	t	updated	2
721	6652	У 43114-2203011	Вал карданный торц.шл. L=1127mm	27238.00	10	t	updated	2
722	6653	У 43114-2202011-01	Вал карданный торц.шл. L=418mm	20175.00	10	t	updated	2
723	6654	У 4320-2201010-03	Вал карданный УРАЛ м/о (821мм)	16704.00	10	t	updated	2
724	6655	740-1006037	Втулка распредвала	163.00	10	t	updated	2
725	6656	740-1006026-02 1 шт.	Втулка распредвала	121.00	10	t	updated	2
726	6657	740.21-1006037	Втулка распредвала ЕВРО	171.00	10	t	updated	2
727	6658	740-1004052	Втулка шатуна	159.00	10	t	updated	2
728	6659	5320-6105020-10	Замок двери правый г.Димитровград	849.00	10	t	updated	2
729	6660	5320-8406010	Замок панели в сборе г.Димитровград	173.00	10	t	updated	2
730	6661	236-1000102-00	К--т вкладышей коренной Р0 МАЗ 236	2038.00	10	t	updated	2
731	6662	236-1000102-01	К--т вкладышей коренной Р1 МАЗ 236	2021.00	10	t	updated	2
732	6663	236-1000102-02	К--т вкладышей коренной Р2 МАЗ 236	2062.00	10	t	updated	2
733	6664	236-1000102-06	К--т вкладышей коренной Р6 МАЗ 236	1876.00	10	t	updated	2
734	6665	238-1000102-00 Б2	К--т вкладышей МАЗ 238 коренной Р0	2491.00	10	t	updated	2
735	6666	238-1000102-01 Б2	К--т вкладышей МАЗ 238 коренной Р1	2599.00	10	t	updated	2
736	6667	238-1000104-00	К--т вкладышей МАЗ 238 шатунный Р0	2810.00	10	t	updated	2
737	6668	238-1000104-01	К--т вкладышей МАЗ 238 шатунный Р1	2760.00	10	t	updated	2
738	6669	238-1000104-02	К--т вкладышей МАЗ 238 шатунный Р2	2879.00	10	t	updated	2
739	6670	7405-1000102-00 10шт. уп.	К--т вкладышей Р0 коренной	2215.00	10	t	updated	2
740	6671	7405-1000102-01	К--т вкладышей Р1 коренной	2087.00	10	t	updated	2
741	6672	7405-1000102-02	К--т вкладышей Р2 коренной	2087.00	10	t	updated	2
742	6673	7405-1000102-03	К--т вкладышей Р3 коренной	2006.00	10	t	updated	2
743	6674	7405-1000102-04	К--т вкладышей Р4 коренной	2305.00	10	t	updated	2
744	6675	7405-1000102-05	К--т вкладышей Р5 коренной	2087.00	10	t	updated	2
745	6676	7405-1000102-06	К--т вкладышей Р6 коренной	2087.00	10	t	updated	2
746	6677	7405-1000102-07	К--т вкладышей Р7 коренной	2006.00	10	t	updated	2
747	6678	7405-1000104-00  9 шт.уп.	К-т вкладышей Р0  шатунный	2979.00	10	t	updated	2
748	6679	7405-1000104-01	К-т вкладышей Р1  шатунный	2810.00	10	t	updated	2
749	6680	7405-1000104-02	К-т вкладышей Р2  шатунный	2810.00	10	t	updated	2
750	6681	7405-1000104-03	К-т вкладышей Р3  шатунный	1050.00	10	t	updated	2
751	6682	7405-1000104-04	К-т вкладышей Р4  шатунный	970.00	10	t	updated	2
752	6683	7405-1000104-05	К-т вкладышей Р5  шатунный	888.00	10	t	updated	2
753	6684	7405-1000104-06	К-т вкладышей Р6  шатунный	3050.00	10	t	updated	2
754	6685	7405-1000104-07	К-т вкладышей Р7  шатунный	786.00	10	t	updated	2
755	6686	236-1000104-00 В2	К-т вкладышей шатунный Р0 МАЗ 236	2108.00	10	t	updated	2
756	6687	236-1000104-01 В2	К-т вкладышей шатунный Р1 МАЗ 236	2097.00	10	t	updated	2
757	6688	5320-6105081	Привод замка двери лев. г.Димитровград	97.00	10	t	updated	2
758	6689	5320-6105080	Привод замка двери пр.г.Димитровград	97.00	10	t	updated	2
759	6690	5320-6105180	Ручка двери внутренняя г.Димитровград	224.00	10	t	updated	2
760	6691	5320-6105040	Ручка двери наружная к-т г.Димитровград	1122.00	10	t	updated	2
761	6692	5320-6104060	Ручка стеклоподъемника  г.Димитровград	146.00	10	t	updated	2
762	6693	53205-6104011-00	Стеклоподъемник двери  ЕВРО левый	1400.00	10	t	updated	2
763	6694	53205-6104010-00	Стеклоподъемник двери ЕВРО правый	794.00	10	t	updated	2
764	6695	5320-1108120-12	Тяга руч.управл.акселерат  (трос газа) г.Димитровград	214.00	10	t	updated	2
765	6696	5320-1108130	Тяга ручной остановки двигателя длинн. г.Димитровград	103.00	10	t	updated	2
766	6697	5320-6105035-10	Фиксатор замка левый г.Димитровград	351.00	10	t	updated	2
767	6698	5320-6105034-10	Фиксатор замка правый г.Димитровград	329.00	10	t	updated	2
768	6699	6562-3701000	Генератор 6562 КАМАЗ 4310 90А г.Самара	9910.00	10	t	updated	2
769	6700	6582-3701000-02 М	Генератор 6582 КАМАЗ Евро 80А  2-х руч. г.Самара	10628.00	10	t	updated	2
770	6701	6582-3701000-04 ГЧ	Генератор 6582 с широким шкивом ЕВРО г.Самара	9710.00	10	t	updated	2
771	6702	6582-3701000-04 М	Генератор 6582 с широким шкивом ЕВРО г.Самара	10361.00	10	t	updated	2
772	6703	AAN5182 Искра	Генератор Iskra ААN5182 24v80A Евро (аналог7762,4502,3782)	10200.00	10	t	updated	2
773	6704	Г273В1 НОВЫЙ	Генератор Г 273В1-3701000-03 (28В 50А) г.Самара	6170.00	10	t	updated	2
774	6705	Г273В1-03М 80А	Генератор Г273В1-03М КАМАЗ, МАЗ 80А г. Самара	6069.00	10	t	updated	2
775	6706	Г288Е-3701000	Генератор Г288Е 28 В 47А  г.Самара	10960.00	10	t	updated	2
776	6707	7762-3701-03  (76А)	Генератор МАЗ,Урал с дв. ЯМЗ Евро 2,3 г.Самара	5406.00	10	t	updated	2
777	6708	БПВ46-65-02Б	Диодный мост Г273В1	408.00	10	t	updated	2
778	6709	БПВ 7-100-02	Диодный мост генератора 288,6562	459.00	10	t	updated	2
779	6710	БПВ 17-100-02	Диодный мост генератора 6582 ЕВРО	1155.00	10	t	updated	2
780	6711	668.3701200-10	Ротор на Г 273В1-03  (50А)	2138.00	10	t	updated	2
781	6712	Г-40.3771	Ротор ФЭГТ 2000.015	1224.00	10	t	updated	2
782	6713	Г65.3701100	Статор генератора 6562 (90А), 6582 (80А)	2637.00	10	t	updated	2
783	6714	Г273-3701100	Статор генератора Г273В1 коопер. Самара (45А)	1408.00	10	t	updated	2
784	6715	Г288-3701100	Статор генератора Г288 (47А)	2301.00	10	t	updated	2
785	6716	669.3701100-10	Статор на Г 273В1-03  (на 50А)	1347.00	10	t	updated	2
786	6717	Г273-3701010 А ЗАВОД	Щеткодержатель генератора	509.00	10	t	updated	2
787	6718	6582-3701010 ЗАВОД	Щеткодержатель ЕВРО	505.00	10	t	updated	2
788	6719	4501.3771-53	Генератор ( аналог 4001-53) (АТЭ-1) 28В 80А	10702.00	10	t	updated	2
789	6720	1312.3771 Т	Генератор 1312.3771 (аналог  Г273В1) 28В 60А КАМАЗ, МАЗ	5631.00	10	t	updated	2
790	6721	1322.3771 Т	Генератор 1322.3771 (аналог Г273В2) 28В 50А МАЗ	5508.00	10	t	updated	2
791	6722	1702.3771 Т	Генератор 1702.3771 (аналог Г288Е) 28В 50А КАМАЗ, МАЗ, КРАЗ	7733.00	10	t	updated	2
792	6723	3112.3771	Генератор 3112.3771  28В 80А МАЗ (7511)  (2-х руч.)	6758.00	10	t	updated	2
793	6724	3122.3771	Генератор 3122.3771 2-х руч. 28В 80А (аналог 6582-02) КАМАЗ	9180.00	10	t	updated	2
794	6725	3142.3771	Генератор 3142.3771 (аналог Г4001-53) КАМАЗ Евро широкий шкив	10185.00	10	t	updated	2
795	6726	4502.3771Т	Генератор 4502.3771 широкий рем. (аналог 7762) 28В 80А КАМАЗ ЕВРО-2,-3	7926.00	10	t	updated	2
796	6727	4512.3771Т	Генератор 4512.3771 28В 90А МАЗ ЕВРО-3  широкий шкив	8638.00	10	t	updated	2
797	6728	3142.3771-10	Генератор 740.30, 740.31, креп.10мм.6 руч, 28В 90А	9244.00	10	t	updated	2
798	6729	3142.3771-20	Генератор 740.30, 740.31, креп.10мм.8 руч, 28В 90А	9007.00	10	t	updated	2
799	6730	4542.3771-20 28В 120А	Генератор КАМАЗ  Евро-4,5  8 руч ПРАМО	10782.00	10	t	updated	2
800	6731	4542.3771	Генератор КАМАЗ ЕВРО-3  28В 90А широкий шкив, пятипиновый разъем	9015.00	10	t	updated	2
801	6732	4522.3771-10 28В 80А	Генератор КАМАЗ ЕВРО-3,4 10-ти ручейковый	8548.00	10	t	updated	2
802	6733	3112.3771-01 Т 80А	Генератор средний	8303.00	10	t	updated	2
803	6734	ПРАМО 16 тонн	Домкрат гидр.бут. 16т, 230-465 мм	1505.00	10	t	updated	2
804	6735	ПРАМО 30 тонн	Домкрат гидр.бут. 30т, 240-370 мм	3887.00	10	t	updated	2
805	6736	4502.3771.100-01	Статор на 4502,4212(10),4522(10),4532(10),4542	2981.00	10	t	updated	2
806	6737	4502.3771.060	Щеткодержатель с регулятором	271.00	10	t	updated	2
807	6738	503-3405010-10	Гидроусилитель МАЗ	52514.00	10	t	updated	2
808	6739	453198.237 ШНКФ	Гидроцилиндр подъема запасного колеса КАМАЗ г.Борисов	15110.00	10	t	updated	2
809	6740	4310-3400020-03	ГУР  КАМАЗ г.Борисов	110160.00	10	t	updated	2
810	6741	4310-3400020-01	ГУР  КАМАЗ г.Борисов	107100.00	10	t	updated	2
811	6742	453461.425-01 ШНКФ	ГУР КамАЗ 4308, 4326, 6520 (двухосн., трехосные)	120502.00	10	t	updated	2
812	6743	4310-3407200-21	Насос ГУРа  КАМАЗ (усил.)18*1,5 внутр г.Борисов	18092.00	10	t	updated	2
813	6744	4310-3407200-01	Насос ГУРа  КАМАЗ г.Борисов	17769.00	10	t	updated	2
814	6745	130-3407199	Насос ГУРа (без бачка и шкива) г.Борисов	13249.00	10	t	updated	2
815	6746	130-3407200-а	Насос ГУРа 130-3407200-а ЗИЛ г.Борисов	17004.00	10	t	updated	2
816	6747	6520-3407200 г.Елец	Насос ГУРа 6520 г.Елец	21719.00	10	t	updated	2
817	6748	4310-3407200-02 г. Елец	Насос ГУРа КАМАЗ (наружн.резьба)	17850.00	10	t	updated	2
818	6749	4310-3407200-11	Насос Гура Камаз левого вращения г.Борисов	18576.00	10	t	updated	2
819	6750	256б-3407199-01	Насос ГУРа КРАЗ, Урал, МАЗ  г.Борисов	15226.00	10	t	updated	2
820	6751	458662.250 ШНКФ	Насос МОК  в упаковке г.Борисов КАМАЗ, МАЗ (182.5004010-11)	21284.00	10	t	updated	2
821	6752	5320-3407244	Р/К Насос ГУРа г.Борисов	3570.00	10	t	updated	2
822	6753	453479.011 ШНКФ	Р/К Насос Гура 453471.021 ШНКФ	2236.00	10	t	updated	2
823	6754	453198.214 ШНКФ	Цилиндр МОК (с трубкой) 43114-5003014 КАМАЗ г.Борисов	20225.00	10	t	updated	2
824	6755	453198.210 ШНКФ	Цилиндр МОК КАМАЗ г.Борисов	18527.00	10	t	updated	2
825	6756	110б-3811010(30А)	Амперметр (30А)	815.00	10	t	updated	2
826	6757	111б-3811010(50А)	Амперметр (50А) Владимр	535.00	10	t	updated	2
827	6758	ВК318Б	Выключатель ВК318Б механч. Старый Оскол	281.00	10	t	updated	2
828	6759	1410.3737 4 шт.	Выключатель массы электр.	2125.00	10	t	updated	2
829	6760	1400.3737 24В 50А	Выключатель массы КамАз-6520(крышка текстолит)	1759.00	10	t	updated	2
830	6761	5212.3827	Датчик  бензобака 500л. г.Владимир	740.00	10	t	updated	2
831	6762	ММ 125Д	Датчик  выкл.пневмат.сигнала торможения г.Пенза	43.00	10	t	updated	2
832	6763	5320-3829030 ММ 111(2602)	Датчик аварийного давления масла г.Владимир	82.00	10	t	updated	2
833	6764	5320-3708500-00	Замок зажигания ВК-353 г.Санкт-Петербург	899.00	10	t	updated	2
834	6765	1902.3704	Замок зажигания ЕВРО (камаз)	497.00	10	t	updated	2
835	6766	МЭ 307	Привод спидометра г.Самара	1302.00	10	t	updated	2
836	6767	8602.3777	Реле блокировки стартера РБС г.Пенза	74.00	10	t	updated	2
837	6768	РС 951А.372610 (37 уп)	Реле поворота  г.Владимир	1216.00	10	t	updated	2
838	6769	27.5205700-02	Рычаг стеклоочистителя шт	130.00	10	t	updated	2
839	6770	80С	Термостат ТС 108.1306100-01М ГАЗ 53, ПАЗ	180.00	10	t	updated	2
840	6771	(30 уп)80С	Термостат ТС 107.1306100-01М набор 2+1 КАМАЗ	578.00	10	t	updated	2
841	6770	80С	Термостат ТС 108.1306100-01М ГАЗ 53, ПАЗ	210.00	22	t	updated	2
842	6772	272.5205500	Тяга	392.00	10	t	updated	2
843	6773	УБ 170	Указатель уровня топлива г. Октябрьский	210.00	10	t	updated	2
844	6774	27.5205800-02 М	Щетка  г.Ставрово к-т	155.00	10	t	updated	2
845	6775	740-1029154	Вал ведомой шестерни	760.00	10	t	updated	2
846	6776	5320-2502201 г.Курган	Вал промежуточный среднего моста	1100.00	10	t	updated	2
847	6777	14-1702027	Вилка перекл. 2-3 пер.КПП ОАО КАМАЗ	920.00	10	t	updated	2
848	6778	15-1771094	Вилка перекл.делителя КПП ОАО КАМАЗ	1640.00	10	t	updated	2
849	6779	5320-2919040	Вкладыш реактивной штанги	34.00	10	t	updated	2
850	6780	5297-3414066	Вкладыш наконечника верхний	847.00	10	t	updated	2
851	6781	5320-3414067	Вкладыш наконечника нижний ОАО КАМАЗ	305.00	10	t	updated	2
852	6782	5511-2919034	Вкладыш реактивного пальца (толстый) ОАО КАМАЗ	499.00	10	t	updated	2
853	6783	15-1772010	Воздухораспределитель делителя КПП	246.75	10	t	updated	2
854	6784	740-1005133	Втулка маховика	180.00	10	t	updated	2
855	6785	5320-2502029	Втулка распорная	463.00	10	t	updated	2
856	6786	154-1701282	Втулка шестерни 1-ой передачи	1650.00	10	t	updated	2
857	6787	853550	Гайка конич.шестерни среднего моста	345.00	10	t	updated	2
858	6788	5425-3101040	Гайка пер. колеса ЕВРО ОАО КАМАЗ	48.00	10	t	updated	2
859	6789	5320-2502063	Гайка подшипника в сборе ОАО КАМАЗ	330.00	10	t	updated	2
860	6790	53205-2403040	Гайка подшипника дифер.бугельная ОАО КАМАЗ	630.00	10	t	updated	2
861	6791	4310-3103076	Гайка подшипника ступицы 4310 ОАО КАМАЗ	320.00	10	t	updated	2
862	6792	853567	Гайка сошки Гура	215.00	10	t	updated	2
863	6793	5320-3703058	Гнездо АКБ ОАО КАМАЗ ( без крышки)	3500.00	10	t	updated	2
864	6794	6520-3501090	Колодка тормозная в сб.ОАО КАМАЗ	3952.00	10	t	updated	2
865	6795	5320-1109384	Колпак воздухозаборника ОАО КАМАЗ	830.00	10	t	updated	2
866	6796	55118-1109384	Колпак воздухозаборника в сборе	815.00	10	t	updated	2
867	6797	14-1701096	Кольцо маслонагнетательное ОАО КАМАЗ	415.00	10	t	updated	2
868	6798	15-1772132-10	Кран управления делителем(нов.обр.) ОАО КАМАЗ	2040.00	10	t	updated	2
869	6799	5320-2905535	Кронштейн амортизатора левый	680.00	10	t	updated	2
870	6800	5320-2905534	Кронштейн амортизатора правый	680.00	10	t	updated	2
871	6801	5320-2509053	Муфта блокировки МОД ОАО КАМАЗ	810.00	10	t	updated	2
872	6802	14-1701580	Муфта с втулкой (к-т)	2000.00	10	t	updated	2
873	6803	5320-3501133	Накладка оси тормозных колодок ОАО КАМАЗ	86.00	10	t	updated	2
874	6804	740.11-1011014	Насос масляный без шестерни ЕВРО	7365.00	10	t	updated	2
875	6805	740-1308110	Натяжитель ремня	2355.00	10	t	updated	2
876	6806	53205-2806117	Палец буксирной вилки ОАО КАМАЗ	705.00	10	t	updated	2
877	6807	5320-8401012-00	Панель облицовочная верхняя ОАО КАМАЗ	2943.00	10	t	updated	2
878	6808	5320-8401120	Панель облицовочная нижняя ОАО КАМАЗ	7500.00	10	t	updated	2
879	6809	53205-8401120-00	Панель облицовочная нижняя ЕВРО ОАО КАМАЗ	6200.00	10	t	updated	2
880	6810	5320-5301046	Панель передка боковая съемная ОАО КАМАЗ	1620.00	10	t	updated	2
881	6811	5320-5301047	Панель передка боковая съемная ОАО КАМАЗ	880.00	10	t	updated	2
882	6812	5320-5399005-00	Панель с обтекателем левая в сборе ОАО КАМАЗ	1570.00	10	t	updated	2
883	6813	5320-5399004-00	Панель с обтекателем правая в сборе ОАО КАМАЗ	1570.00	10	t	updated	2
884	6814	740-1000128-1839	Поршневая ч/б с пальцем ОАО КАМАЗ (поршнекомплект)	8000.00	10	t	updated	2
885	6815	ЕВРО- 3	Р/К водяного насоса в сборе ЕВРО-3 НАШ	1320.00	10	t	updated	2
886	6816	740-1011014-30	Р/К масляного насоса полный	825.00	10	t	updated	2
887	6817	5320-3501109	Ролик (тормозмой колодки) ОАО КАМАЗ	105.00	10	t	updated	2
888	6818	5320-2402046	Стакан подшипников ОАО КАМАЗ	3200.00	10	t	updated	2
889	6819	14-1601142	Ступица ведомого диска ОАО КАМАЗ	450.00	10	t	updated	2
890	6820	5320-2918189	Стяжка кронштейнов оси (балансира) ОАО КАМАЗ	4440.00	10	t	updated	2
891	6821	5320-3414009-00	Тяга продольная рулевая в сборе ОАО КАМАЗ	12000.00	10	t	updated	2
892	6822	5297-3414009-00	Тяга продольная рулевая в сборе ОАО КАМАЗ	12000.00	10	t	updated	2
893	6823	152-1701240	Фланец КПП круг. ОАО КАМАЗ	2100.00	10	t	updated	2
894	6824	53205-2506016	Чашки МОД (к-т) ОАО КАМАЗ	25000.00	10	t	updated	2
895	6825	5320-3501134	Чека ОАО КАМАЗ	17.00	10	t	updated	2
896	6826	740-1003216	Экран	24.00	10	t	updated	2
897	6827	6661.3701	Генератор 6661 М-2141 дв. 412 Уфа ОАО ЗИТ	2590.47	10	t	updated	2
898	6828	носик	Крышка СТ222-3708400	500.00	10	t	updated	2
899	6828	носик	Крышка СТ222-3708400	560.00	11	t	updated	2
900	6829	20.3708600-01	Привод в сборе н/о (на редукт. 20,24 серию)	465.00	10	t	updated	2
901	6830	24.3708600-01	Привод  МТЗ-80 в сборе	405.00	10	t	updated	2
902	6831	40000012	Редуктор с валом на стартер 9112	1870.00	10	t	updated	2
903	6832	60.3708800	Реле втягивающее	700.00	10	t	updated	2
904	6833	20.3708800 стар.обр.	Реле стартера в сборе МТЗ-80 24В ОАО ЗИТ	1310.00	10	t	updated	2
905	6834	2002.3708000-01 24В	Стартер взамен 20 Бычок, МТЗ редуктор. (5,9 кВт) ОАО ЗИТ	6100.00	10	t	updated	2
906	6835	2412.3708000-01 12В 4кВт	Стартер Д-144,Т-40,Т25А2 редукт. (взамен 241 и 222А)  ОАО ЗИТ	6100.00	10	t	updated	2
907	6836	2402.3708000-01 12В	Стартер МТЗ-50,80,100 редукт. 4 кВт (взамен 24)  ОАО ЗИТ	6100.00	10	t	updated	2
908	6837	2012.37008000-01 24В	Стартер Т-40М  5,9  кВт (взамен 201)  ОАО ЗИТ	6100.00	10	t	updated	2
909	6838	20-3708200-02 нов.обр.	Якорь стартера	1695.00	10	t	updated	2
910	6839	53205-3509015-20 (21)	Компрессор 1-ц. г.Ижевск 16 мм.	12230.00	10	t	updated	2
911	6840	53205-3509015-02 АЙК	Компрессор 1-ц.( Айк-Мото) г.Ижевск 22 мм. выход сверху	12818.00	10	t	updated	2
912	6841	ПК 306-01	Компрессор 1-цил. КАМАЗ г.Борисов	28539.00	10	t	updated	2
913	6842	ПК 214-30	Компрессор  2-х цил. КАМАЗ 201 л/мин г.Борисов	28705.00	10	t	updated	2
914	6843	5336-3509012  210л/м	Компрессор 5336-3509012 МАЗ, Урал со шкивом 210 л/мин г.Борисов	23460.00	10	t	updated	2
915	6844	5336-3509012-01 201 л/мин	Компрессор 5336-3509012-01 без шкива ЗИЛ, МАЗ,КРАЗ,Урал, БЕЛАЗ г.Борисов	21805.00	10	t	updated	2
916	6845	5336-3509012-10	Компрессор 5336-3509012-10 усилин. 270 л/мин г.Борисов	19890.00	10	t	updated	2
917	6846	ПК 310	Компрессор МАЗ,Лиаз,Урал 320л/мин  г.Борисов	26000.00	10	t	updated	2
918	6847	18-3509015-20 ( 373л.)	Компрессор 1 цил. Литва выход сверху	18100.00	10	t	updated	2
919	6848	161-3509012-20	Компрессор 2-х 275 л/м (дв.ЯМЗ) Литва	23460.00	10	t	updated	2
920	6849	5320-3509015	Р/К компрессора	495.00	10	t	updated	2
921	6850	5320-3509015-10	Компрессор 2-х цил. Литва Н/О  275 л/мин	24072.00	10	t	updated	2
922	6851	161-3509012	Компрессор 2-х цил. (дв.ЯМЗ)  201л/мин Литва	23606.00	10	t	updated	2
923	6852	Р0 1-но цил.	Р/К  1-но цил. компрессора Р0 в сборе НАШ	618.00	10	t	updated	2
924	6853	без шатуна Р 1	Р/К  2-х цил. компрессора Р1 из 5-ти наим.	371.00	10	t	updated	2
925	6854	5320-2201025-02 меж.20шт	Крестовина 5320-2201025 межосевая г.Гродно	3104.00	10	t	updated	2
926	6855	53205-2201025-10 меж.10шт	Крестовина  53205-2201025 м/о г.Гродно	4188.00	10	t	updated	2
927	6856	4310-2205025 осн.10шт	Крестовина 4310-2205025 основная г.Гродно	4999.00	10	t	updated	2
928	6857	53205-2205025-12 осн.10шт	Крестовина  53205-2205025 основная г.Гродно	4579.00	10	t	updated	2
929	6858	130-2201025	Крестовина ЗИЛ 130-2201025 межосевая г.Гродно	459.00	10	t	updated	2
930	6859	131-2205025	Крестовина ЗИЛ 131-2205025 основная г.Гродно	765.00	10	t	updated	2
931	6860	голая	Крестовина осн. 53205-2205026-10 голая	1379.00	10	t	updated	2
932	6861	853858	Тавотница 90	4.00	10	t	updated	2
933	6862	ПРАМО (118*39 мм)	Крестовина 5320-2201026	567.00	10	t	updated	2
934	6863	ПРАМО (135*50 мм)	Крестовина 5320-2205025-01	1022.00	10	t	updated	2
935	6864	ПРАМО (50*135мм) М/О	Крестовина 53205-2201025	1525.00	10	t	updated	2
936	6865	ПРАМО (155*50 мм) ОСН.	Крестовина 53205-2205025	1093.00	10	t	updated	2
937	6866	5320-3422039 АЕ	Крестовина в сборе (28*68) рулевого вала КАМАЗ, Агротэк	255.00	10	t	updated	2
938	6867	5320-2201025 Агротэк	Крестовина в сборе (39*118) м/о Агротэк	688.00	10	t	updated	2
939	6868	6520-2201025 АЕ	Крестовина в сборе (50*135) евро-2 м/о,Агротэк	1270.00	10	t	updated	2
940	6869	5320-2205025 АЕ	Крестовина в сборе (50*135) Агротэк	1202.00	10	t	updated	2
941	6870	53205-2205025 АЕ	Крестовина в сборе (50*155) евро осн, Агротэк	1314.00	10	t	updated	2
942	6871	4310-2205025 АЕ	Крестовина в сборе (50*155) КАМАЗ,КРАЗ,МАЗ(Агротэк)	1348.00	10	t	updated	2
943	6872	53205S-2201025 (уп 6)	Крестовина ВЕБЕР (малая) ЕВРО	592.00	10	t	updated	2
944	6873	УниверсалКарданДеталь	Крестовина У.6520-2201025 межосевая	1751.00	10	t	updated	2
945	6873	УниверсалКарданДеталь	Крестовина У.6520-2201025 межосевая	1757.00	15	t	updated	2
946	6874	У 5320-2205025-10	Крестовина У.5320-2205025-10 основная со стопорными кольцами	1551.00	10	t	updated	2
947	6873	УниверсалКарданДеталь	Крестовина У.6520-2201025 межосевая	845.00	16	t	updated	2
948	6873	УниверсалКарданДеталь	Крестовина У.6520-2201025 межосевая	1744.00	18	t	updated	2
949	6873	УниверсалКарданДеталь	Крестовина У.6520-2201025 межосевая	1921.00	17	t	updated	2
950	6875	УКД ЕВРО-2	Крестовина У.6520-2201025-10  мал. в сб.	1836.00	10	t	updated	2
951	6876	5511-3502237 ПРАМО	Рычаг регулировочный левый 10 т. трещётка зад.	842.00	10	t	updated	2
952	6877	5320-3502236 ПРАМО	Рычаг регулировочный правый 8 т. трещётка зад.	725.00	10	t	updated	2
953	6878	НШ-10	НШ-10 ПРАВЫЙ г.Ставрополь	700.00	10	t	updated	2
954	6879	НШ-10 У3	Насос НШ-10 У3 (4-х шл.) правый	2700.00	10	t	updated	2
955	6880	НШ-50А3 правый	Насос НШ-50 А3 правый круглый	12000.00	10	t	updated	2
956	6881	А 24-21+5	Лампа А 24-21+5 г.Брест 2-х конт.	5.00	10	t	updated	2
957	6882	УП118-3726010-П	Передний указатель поворота правый г.Киржач	245.00	10	t	updated	2
958	6883	62 3711201-01	Стекло фары (галоген) ВАЗ-2101,ГАЗ-2410	11.87	10	t	updated	2
959	6884	ФГ140 3711201	Стекло фары ВАЗ-2101,ГАЗ-2410	10.82	10	t	updated	2
960	6885	4502.3712	Фонарь УП-1 (4502.3712) ОСВАР	275.00	10	t	updated	2
961	6886	5320-2902624	Буфер передней рессоры ОАО БРТ	493.00	10	t	updated	2
962	6887	5320-5130027	Вставка уплотнителя рычага КПП ОАО БРТ	519.00	10	t	updated	2
963	6888	5320-5002025	Втулка торсиона ОАО БРТ	90.00	10	t	updated	2
964	6889	5320-1609569	Гофра ПГУ ОАО БРТ	10.00	10	t	updated	2
965	6890	5320-2509017	Диафрагма механизма блокировки МОД ОАО БРТ	27.00	10	t	updated	2
966	6891	106005-23	К-т пр-ок блока двигателя КАМАЗ (темпсил) ПРОФИ 7 наименований	48.00	10	t	updated	2
967	6892	106004-23	К-т пр-ок водяной коробки двигателя КАМАЗ (темпсил) ПРОФИ 4 наименования	10.00	10	t	updated	2
968	6893	106006-23	К-т пр-ок гидромуфты двигателя КАМАЗ (темпсил) ПРОФИ 6 наименований	22.00	10	t	updated	2
969	6894	106001-23	К-т пр-ок двигателя КАМАЗ (темпсил) ПРОФИ 24 наименования	95.00	10	t	updated	2
970	6895	106002-23	К-т пр-ок картера маховика КАМАЗ (темпсил) ПРОФИ 7 наименований	48.00	10	t	updated	2
971	6896	33.1111069	Кольцо ТНВД ОАО БРТ	5.00	10	t	updated	2
972	6897	33.1111083	Кольцо ТНВД ОАО БРТ	5.00	10	t	updated	2
973	6898	740-1105075	Кольцо уплотнительное (ФГОТ, ФЦОМ) ОАО БРТ	10.00	10	t	updated	2
974	6899	740-1109553	Кольцо уплотн. воздушного фильтра ОАО БРТ	279.00	10	t	updated	2
975	6900	864117(115х145)	Манжета балансира ОАО БРТ	171.00	10	t	updated	2
976	6901	740-1318166 (100х125х12)	Манжета гидромуфты ЗАО ВРТ	401.00	10	t	updated	2
977	6902	740-1318186 (34х50х10)	Манжета гидромуфты ЗАО ВРТ	116.00	10	t	updated	2
978	6903	864141	Манжета ГУР на сошку (42*58*10)	40.80	10	t	updated	2
979	6904	864113  (22х34,5х6)	Манжета ГУР на угловой редуктор	29.00	10	t	updated	2
980	6905	5320-1602517 (29х26х5)	Манжета ГЦС ОАО БРТ	26.00	10	t	updated	2
981	6906	7405-1005160 (105х130)	Манжета коленвала ЕВРО Резерв	295.00	10	t	updated	2
982	6907	14-1701230-01	Манжета КПП (45х64) ЗАО ВРТ	165.00	10	t	updated	2
983	6908	6520-2502280	Манжета с пружиной в сборе	690.00	10	t	updated	2
984	6909	6520-2402176	Манжета с пружиной в сборе 80*105 наружн.	732.00	10	t	updated	2
985	6910	6520-2502180	Манжета с пружиной в сборе 80*105 сред. мост	784.00	10	t	updated	2
986	6911	864129-01(142х168х16)	Манжета ступицы задней  ОАО БРТ	153.00	10	t	updated	2
987	6912	864135-01	Манжета ступицы передней ОАО БРТ с пружиной	198.00	10	t	updated	2
988	6913	864195 (70*92*10)	Манжета хвостовика Евро	325.00	10	t	updated	2
989	6914	864180 (70х92х12х16)	Манжета хвостовика ЗАО ВРТ	296.00	10	t	updated	2
990	6915	864176 (70х92х12х16)	Манжета хвостовика ЗАО ВРТ	298.00	10	t	updated	2
991	6916	100-3519250Р	Мембрана тип 24 ОАО БРТ	218.00	10	t	updated	2
992	6917	100-3519350	Мембрана тип 30 ОАО БРТ	218.00	10	t	updated	2
993	6918	6520-1303026	Патрубок радиатора 6520 нижний ОАО БРТ	950.00	10	t	updated	2
994	6919	5320-1303027	Патрубок радиатора Шланг Ф68х120 ОАО БРТ	139.00	10	t	updated	2
995	6920	5320-1303026	Патрубок радиатора ШЛАНГ Ф68х200 ОАО БРТ	214.00	10	t	updated	2
996	6921	5320-1311049	Патрубок расширительного бачка ШЛАНГ Ф30Р ОАО БРТ	110.00	10	t	updated	2
997	6922	740-1014138	Патрубок сапуна переходной ОАО БРТ	87.00	10	t	updated	2
998	6923	5320-5001021	Подушка переднего крепления кабины нижняя ОАО БРТ	870.00	10	t	updated	2
999	6924	5320-3513092-01Р	Прокладка баллона (рессивера) ОАО БРТ	51.00	10	t	updated	2
1000	6925	740-1115026-01	Прокладка впускного коллектора (домик)	13.00	10	t	updated	2
1001	6926	7403-1008050 армир.	Прокладка выпускного коллектора	35.00	10	t	updated	2
1002	6927	740-1003213-20	Прокладка ГБЦ ОАО БРТ	108.00	10	t	updated	2
1003	6928	740-1003270-11	Прокладка клапанной крышки ОАО БРТ	73.00	10	t	updated	2
1004	6929	740-1009040	Прокладка поддона ОАО БРТ	261.00	10	t	updated	2
1005	6930	5320-2201043	Пыльник крестовины м/о ОАО БРТ	25.00	10	t	updated	2
1006	6931	5320-2205042	Пыльник крестовины осн. ОАО БРТ	30.00	10	t	updated	2
1007	6932	5320-3509015-10 н/о	Р/К компрессора	1040.00	10	t	updated	2
1008	6849	5320-3509015	Р/К компрессора	20257.00	14	t	updated	2
1009	6933	2-х цил.	Р/К компрессора (6 наименований) паронит	34.00	10	t	updated	2
1010	6934	18-3509015	Р/К компрессора 1-ц	597.00	10	t	updated	2
1011	6935	740-1308020-10	Ремень 1250 зубчатый ОАО БРТ	375.00	10	t	updated	2
1012	6936	740-1307170Р	Ремень 1320 ОАО БРТ	253.00	10	t	updated	2
1013	6937	864158-10Р (864159)	Сальник п/оси КамАЗ-4310	216.00	10	t	updated	2
1014	6938	5320-5130029-01Р	Уплотнитель педали тормоза ОАО БРТ	86.00	10	t	updated	2
1015	6939	5320-6107805	Уплотнитель проема двери УП 805 ОАО БРТ	347.00	10	t	updated	2
1016	6940	5320-5130016-01	Уплотнитель рычага КПП ОАО БРТ	706.00	10	t	updated	2
1017	6941	5320-6103123	Уплотнитель форточки двери лев.	414.00	10	t	updated	2
1018	6942	5320-6103122	Уплотнитель форточки двери ОАО БРТ	431.00	10	t	updated	2
1019	6943	100-3519180Р	Уплотнитель энергоаккумулятора ОАО БРТ	121.00	10	t	updated	2
1020	6944	СТР	Р/К топливного фильтра	198.00	10	t	updated	2
1021	6945	7406-1003270-01 СТР	Прокладка клапанной крышки Евро	220.00	10	t	updated	2
1022	6944	СТР	Р/К топливного фильтра	280.00	13	t	updated	2
1023	6944	СТР	Р/К топливного фильтра	110.00	4	t	updated	2
1024	6946	5402-3708600-01	Бендикс КАМАЗ Евро	1720.00	10	t	updated	2
1025	6947	5432-3708600-01	Бендикс г. Борисов	2254.00	10	t	updated	2
1026	6948	СТ142Б-3708600	Бендикс  г.Борисов 10 зуб.	1834.00	10	t	updated	2
1027	6949	142Т-3708000	Крепление стартера МАЗ	335.00	10	t	updated	2
1028	6950	142-3708830	Крышка втягивающего реле в сборе с болтами	556.00	10	t	updated	2
1029	6951	5432.3708110-01	Обмотка стартера  5402-01,5432-10-20	3143.00	10	t	updated	2
1030	6952	СТ142-3708110	Обмотка стартера СТ142-3708110 г.Борисов	4630.00	10	t	updated	2
1031	6953	СТ142Б2-3708800	Реле втягивающее г.Борисов	3844.00	10	t	updated	2
1032	6954	5402-3708800	Реле втягивающее	3208.00	10	t	updated	2
1033	6955	5432-3708800-10	Реле втягивающее (стартер 5432-10, 5402-01) г.Борисов	2893.00	10	t	updated	2
1034	6956	РС-24Д	Реле стартера дополнит. г.Борисов	1316.00	10	t	updated	2
1035	6957	5402.3708-01	Стартер 5402 КАМАЗ Евро 2, 3 , Урал (редукторный с доп. реле)	17417.00	10	t	updated	2
1036	6958	5402-3708	Стартер 5402 ЕВРО редукт (аналог AZF 4554) 24В, 5,4 кВт,10 зуб.  г.Борисов	16218.00	10	t	updated	2
1037	6959	5422.3708 24В 10кВ б/н	Стартер Евро-2 (Аналог БОШ взамен 0001261006) г.Борисов	19052.00	10	t	updated	2
1038	6960	СТ142Б-3708-10	Стартер КАМАЗ ЕВРО-2,3 г.Борисов  (8,2 кВт 24В 10 зуб)	25924.00	10	t	updated	2
1039	6961	СТ142Б2-3708	Стартер КАМАЗ г.Борисов (24В 8,2кВт)	26622.00	10	t	updated	2
1040	6962	5432-3708-10 с доп.реле	Стартер КАМАЗ,Зил-133ГЯ,Урал,ЛиАЗ, редукт.24В 5,5кВт (ан. 3367) г.Борисов	19870.00	10	t	updated	2
1041	6963	5432-3708000 МАЗ	Стартер МАЗ 10 зуб. 24В 9кв.(ан. 4581) г.Борисов	16397.00	10	t	updated	2
1042	6964	5432-3708-01	Стартер МАЗ 10 зуб. 24В 9кв.(ан.4581) с доп. реле	17466.00	10	t	updated	2
1043	6965	СТ142Т-3708	Стартер МАЗ 11зуб. г.Борисов	25959.00	10	t	updated	2
1044	6966	СТ142Т-3708-10	Стартер МАЗ евро 10зуб.г.Борисов	25062.00	10	t	updated	2
1045	6967	СТ142-3708330	Траверза СТ 142Б1	1383.00	10	t	updated	2
1046	6968	СТ142-3708060-10	Щетки стартера СТ 142Б1	62.00	10	t	updated	2
1047	6969	СТ 142-3708200	Якорь стартера г.Борисов	8503.00	10	t	updated	2
1048	6970	СТ 142-3708200-10	Якорь стартера ЕВРО г.Борисов	8503.00	10	t	updated	2
1049	6971	2502.3708.600-10 г.Ржев	Бендикс ( для ст.25.3708 КАМАЗ)	2632.00	10	t	updated	2
1050	6972	2502.3708.600	Бендикс 11 зуб МАЗ (подходит на стартер 142Т) г.Ржев	1224.00	10	t	updated	2
1051	6973	2501.3708.150-10	Катушка (обмотка) КАМАЗ	1184.00	10	t	updated	2
1052	6974	2501.3708.150-01	Катушка (обмотка)  МАЗ г.Ржев	4017.00	10	t	updated	2
1053	6975	42.3708.600 ХН-006	Привод стартера (АТЭ-1)	204.00	10	t	updated	2
1054	6976	42.3708.600-10 ХН-949	Привод стартера (АТЭ-1)	204.00	10	t	updated	2
1055	6977	42.3708.800-01 ХН-3-017	Реле втягивающее (АТЭ-1)	551.00	10	t	updated	2
1056	6978	42.3708.800-11 ХН-3-082	Реле втягивающее (АТЭ-1)	551.00	10	t	updated	2
1057	6979	42-3708-11 Р	Стартер (АТЭ-1) ГАЗ, УАЗ с двиг. ЗМЗ - 406.10, 4061.10, 4062.10	3754.00	10	t	updated	2
1058	6980	42-3708 Р	Стартер (АТЭ-1) ГАЗ, УАЗ с двиг. УМЗ 3151-01, 3303-01, 3741-01	3754.00	10	t	updated	2
1059	6981	422-370800	Стартер (АТЭ-1) ГАЗ с дв.ЗМЗ 402.10,4021.10,4025.10	3754.00	10	t	updated	2
1060	6982	9112 М9Т четыре болта	Стартер КАМАЗ (АТЭ-1) 24В 8,5 кВт редукторный	8364.00	10	t	updated	2
1061	6983	2501.3708-21 МАЗ	Стартер МАЗ 10 зуб. ЕВРО нов/обр. г.Ржев	28553.00	10	t	updated	2
1062	6984	2501.3708-40 МАЗ	Стартер МАЗ 11 зуб. г.Ржев	28451.00	10	t	updated	2
1063	6985	25.3708.320	Траверза высокая г.Ржев	719.00	10	t	updated	2
1064	6986	2502.3708.320-11	Траверза низкая г.Ржев	704.00	10	t	updated	2
1065	6987	2501.3708.200-03	Якорь стартера МАЗ ( для стар. 2501-40) г.Ржев	12795.00	10	t	updated	2
1066	6988	16.904.237	Бендикс на ст. 3367,3436 (Искра) г.Самара	1576.00	10	t	updated	2
1067	6989	16911674  АТЭ	Бендикс на ст.4554 АТЭ	829.00	10	t	updated	2
1068	6990	16904832	Редуктор стартера AZF 4554,4581	2193.00	10	t	updated	2
1069	6991	16.670.421	Реле втягивающее AZJ 3367 г.Самара	1831.00	10	t	updated	2
1070	6992	16.670.546	Реле стартера ст.4554 г.Самара	1933.00	10	t	updated	2
1071	6993	4554 AZF(11131150)	Стартер AZF 4554 КАМАЗ ЕВРО 24V 4kW z10 пр-во ISKRA ( ЕВРО 6520)	17697.00	10	t	updated	2
1072	6994	4594 AZF(11131359)	Стартер AZF 4594 КАМАЗ 4308 с двигателем Cummins 24 V z10 пр-во ISKRA	17850.00	10	t	updated	2
1073	6995	3367 AZJ	Стартер AZJ 3367 КАМАЗ, ДТ 75 (аналог 9112) 24V 6kW пр-во ИСКРА Словения	17833.00	10	t	updated	2
1074	6996	С4929600 kw 6.0	Стартер КАМАЗ 4308 дв. Cammins (Китай) 24V z12	15300.00	10	t	updated	2
1075	6997	16908995	Щетки стартера AZF 4554	834.00	10	t	updated	2
1076	6998	3514 009 013 0	ГТК н/обр. с педалью 100-3514108 SORL	2712.00	10	t	updated	2
1077	6999	3514 009 014 0	ГТК н/обр.(без педали) 100-3514108-10 SORL	2332.00	10	t	updated	2
1078	7000	3533 009 013 0	Клапан двухмагистральный 100-3562010-10 SORL	638.00	10	t	updated	2
1079	7001	3522 001 015 0	КУТП-2 100-3522010 SORL	2250.00	10	t	updated	2
1080	7002	3522 002 038 0	КУТП-2 ЕВРО с глушителем 25-3522210-10 SORL	2614.00	10	t	updated	2
1081	7003	3526 004 201 0	Ручник 2-х выходной WABKO 961 723 038,001,015 SORL	2780.00	10	t	updated	2
1082	7004	3530 010 646 0	Энергоаккумулятор тип 30/24 25-3519301 SORL	3643.00	10	t	updated	2
1083	7005	16-3521110	Головка ПАЛМ Автокомпонент Плюс	138.00	10	t	updated	2
1084	7006	16-3521111	Головка ПАЛМ Автокомпонент Плюс	138.00	10	t	updated	2
1085	7007	16-3514008	ГТК Автокомпонент плюс	1561.00	10	t	updated	2
1086	7008	16-3515010	Клапан защитный одинарный ( Автокомпонент плюс)	146.00	10	t	updated	2
1087	7009	16-3537110	Кран пневматический (авар.растормаж.) Автокомпонент Плюс	276.00	10	t	updated	2
1088	7010	16-3514108	Кран подпедальный ( Автокомпонент плюс)	1561.00	10	t	updated	2
1089	7011	16-3537310	Ручник ЕВРО 4-х Автокомпонент Ппюс	1051.00	10	t	updated	2
1090	7012	11.3521411 ПААЗ	Головка ПАЛМ автомат. г.Полтава	633.00	10	t	updated	2
1091	7013	11.3521410 ПААЗ	Головка ПАЛМ автомат. г.Полтава	633.00	10	t	updated	2
1092	7014	100.3521111 ПААЗ	Головка ПАЛМ г.Полтава	580.00	10	t	updated	2
1093	7015	100.3521110 ПААЗ	Головка ПАЛМ г.Полтава	580.00	10	t	updated	2
1094	7016	64221-3514008 (8000)	ГТК БелОМО	7452.00	10	t	updated	2
1095	7017	6025.3562010	Клапан двухмагистральный ЕВРО Беларусь	605.00	10	t	updated	2
1096	7018	13.3515310 ПААЗ	Клапан контрольного вывода  г.Полтава	361.00	10	t	updated	2
1097	7019	64221-3518010-10 ЕВРО	Клапан ускорительный под глушитель БЕЛОМО	2601.00	10	t	updated	2
1098	7020	11.3515410 ПААЗ	Клапан четырехконтурный  г.Полтава	3111.00	10	t	updated	2
1099	7021	64221-3537110 (8002)	Кран аварийного раст. 64221-3537110 БелОМО	1367.00	10	t	updated	2
1100	7022	100.3537110	Кран аварийного растормаживания г.Полтава	1235.00	10	t	updated	2
1101	7023	8099-3514108	Кран подпедальный КАМАЗ-6520 БелОМО	7691.00	10	t	updated	2
1102	7024	8090-3514100	Кран подпедальный МАЗ (аналог WABKO 4613190080) БелОМО	8931.00	10	t	updated	2
1103	7025	8099-3514108-10	Кран подпедальный Нефаз (снизу сапун кривой) БелОМО	6794.00	10	t	updated	2
1104	7026	12.3520010 ПААЗ	Кран разобщительный 12.3520010 г.Полтава	911.00	10	t	updated	2
1105	7027	14.3520010 ПААЗ	Кран разобщительный МТЗ ПААЗ	696.00	10	t	updated	2
1106	7028	8708-3537310	Кран ручника Беломо ( аналог WABKO 961 723 100)	4142.00	10	t	updated	2
1107	7029	100.3522110	КУТП-1 г.Полтава	4792.00	10	t	updated	2
1108	7030	64221-3522010 (6024)	КУТП-2  Беларусь ЕВРО	5214.00	10	t	updated	2
1109	7031	100.3522010	КУТП-2 г.Полтава	4315.00	10	t	updated	2
1110	7032	11.3522008	КУТП-2 ЕВРО с клапаном обрыва г.Полтава	4760.00	10	t	updated	2
1111	7033	5320-3514012	Педаль ГТК н/о в сборе	204.00	10	t	updated	2
1112	7034	11.3512010 ПААЗ	РДВ 11.3512010 г.Полтава (МАЗ, КРАЗ,УРАЛ)	4871.00	10	t	updated	2
1113	7035	11.3512010-10 ПААЗ	РДВ 11.3512010-10 г.Полтава  (КАМАЗ)	4488.00	10	t	updated	2
1114	7036	11.3537310	Ручник (ЕВРО, 4 отв.) г.Полтава	3280.00	10	t	updated	2
1115	7037	64221-3537310 (6029)-30	Ручник ЕВРО МАЗ БелОМО	2944.00	10	t	updated	2
1116	7038	25-3511110-01	Влагоотделитель с РДВ  г.Рославль	7609.00	10	t	updated	2
1117	7039	100-3521110-10	Головка автоматическая  г.Рославль	785.00	10	t	updated	2
1118	7040	100-3521111-10	Головка автоматическая г.Рославль	785.00	10	t	updated	2
1119	7041	100-3521111	Головка ПАЛМ  г.Рославль	713.00	10	t	updated	2
1120	7042	100-3521110	Головка ПАЛМ  г.Рославль	713.00	10	t	updated	2
1121	7043	100-3514008	ГТК г.Рославль	6581.00	10	t	updated	2
1122	7044	100-3519210	Камера передняя тип 24  г.Рославль	2256.00	10	t	updated	2
1123	7045	100-3519200	Камера тормозная 4310 тип 24х24 г.Рославль	5676.00	10	t	updated	2
1124	7046	100-3519100	Камера тормозная 5320 тип 20х20  г.Рославль	4745.00	10	t	updated	2
1125	7047	100.3519100-10 левые	Камера тормозная  5320 тип 20х20  г.Рославль	4812.00	10	t	updated	2
1126	7048	100-3519100-30 правые	Камера тормозная  5320 тип 20х20  г.Рославль	4812.00	10	t	updated	2
1127	7049	25-3519301	Камера тормозная  6520 тип 30/24 г.Рославль	7364.00	10	t	updated	2
1128	7050	5 435 05 002 1СЕРБИЯ	Камера тормозная 5320 тип 20х20  РРТ	4925.00	10	t	updated	2
1129	7051	100-3519310	Камера тормозная прицепа тип 30 г.Рославль	2227.00	10	t	updated	2
1130	7052	100-3518110	Клапан  быстрого растормаживания РААЗ	1975.00	10	t	updated	2
1131	7053	100-3515010	Клапан  защитный 1-й  г.Рославль	1540.00	10	t	updated	2
1132	7054	100-3515110	Клапан  защитный 2-й  г.Рославль	2559.00	10	t	updated	2
1133	7055	100-3515210	Клапан  защитный 3-й    г.Рославль	2910.00	10	t	updated	2
1134	7056	100-3562010	Клапан 2-х магистральный  г.Рославль	862.00	10	t	updated	2
1135	7057	100-3515510-20	Клапан защитный 4-х контурный РААЗ	3003.00	10	t	updated	2
1136	7058	100-3515310 высок.	Клапан контрольного вывода  г.Рославль	385.00	10	t	updated	2
1137	7059	100-3515310-01 мален.	Клапан контрольного вывода  г.Рославль	385.00	10	t	updated	2
1138	7060	100-3534010	Клапан огран. давления  г.Рославль	2887.00	10	t	updated	2
1139	7061	100-3518010	Клапан ускорительный   г.Рославль	2706.00	10	t	updated	2
1140	7062	100-3518010-10	Клапан ускорительный ЕВРО г.Рославль	2811.00	10	t	updated	2
1141	7063	100-3537110	Кран аварийного раст. 100-3537110 г.Рославль	1428.00	10	t	updated	2
1142	7064	100-3514108-10	Кран подпедальный   100-3514108-10  г.Рославль	6394.00	10	t	updated	2
1143	7065	100-3531008	Кран прицепа 100-3531008 г.Рославль	7019.00	10	t	updated	2
1144	7066	100-3520010	Кран разобщительный 100-3520010  г.Рославль	1550.00	10	t	updated	2
1145	7067	100-3513110	Кран слива  100-3513110 г.Рославль	340.00	10	t	updated	2
1146	7068	100-3522110	КУТП-1 г.Рославль	5479.00	10	t	updated	2
1147	7069	100-3522010	КУТП-2 г.Рославль	6409.00	10	t	updated	2
1148	7070	25.3522210	КУТП-2 с клап. обрыва  г.Рославль	6042.00	10	t	updated	2
1149	7071	100-3536010	ППЗ 100-3536010  г.Рославль	2675.00	10	t	updated	2
1150	7072	100-3512010 упк.2 шт.	РДВ 100-3512010  г.Рославль	5677.00	10	t	updated	2
1151	7073	100-3533010-10	Регулятор тормозных сил 100-3533010-10  г.Рославль	4902.00	10	t	updated	2
1152	7074	100-3537010	Ручник 100-3537010 г.Рославль	4191.00	10	t	updated	2
1153	7075	100-3537310	Ручник ЕВРО 100-3537310 г.Рославль	3366.00	10	t	updated	2
1154	7076	100-3511310	Фильтр магистральный г.Рославль	1280.00	10	t	updated	2
1155	7077	100-3570110	Цилиндр пневматический г.Рославль	1211.00	10	t	updated	2
1156	7078	100-3570210	Цилиндр пневматический г.Рославль	1508.00	10	t	updated	2
1157	7079	Металл	Фитинг MRUC (прямой) 15 мм.	176.00	10	t	updated	2
1158	7079	Металл	Фитинг MRUC (прямой) 15 мм.	85.00	13	t	updated	2
1159	7079	Металл	Фитинг MRUC (прямой) 15 мм.	105.00	13	t	updated	2
1160	7079	Металл	Фитинг MRUC (прямой) 15 мм.	103.00	17	t	updated	2
1161	7080	54115Ш-1301010-01 3-х	"Радиатор водяной ""CuproBraze"""	14000.00	10	t	updated	2
1162	7081	740.21-1118310 длинная	Трубка подвода масла ТКР	160.00	10	t	updated	2
1163	7082	7,5 м.	Шланг желто-красный  к-т.	240.00	10	t	updated	2
1164	7083	5320-2511016	Шланг МОД (кривой) Казань	30.00	10	t	updated	2
1165	7084	4310-3506442-10	Шланг тормозной 4310 задний г/г (пруж.)	82.00	10	t	updated	2
1166	7085	4310-3506060	Шланг тормозной 4310 передний ш/г	76.00	10	t	updated	2
1167	7086	560-1017004	Фильтр очистки масла 560 Штайр Колан	150.00	10	t	updated	2
1168	7087	020-ФТ245-1117010 1/40	ФТОТ ЕВРО-3 Д-245 Д-243 синий г.Гродно	290.00	10	t	updated	2
1169	7088	В 4391	Эл.фильтра воздушного ЕВРО-3 г.Гродно	1070.00	10	t	updated	2
1170	7089	740-1109560	Эл.фильтра воздушный г.Гродно	850.00	10	t	updated	2
1171	7090	7405-1109560	Эл.фильтра воздушный ЕВРО г.Гродно	950.00	10	t	updated	2
1172	7091	В 4313 наружний	Эл.фильтра воздушный ЕВРО-2 г.Гродно	720.00	10	t	updated	2
1173	7092	8421-1109080 МЭ	Эл.фильтра воздушный низкий МАЗ ЕВРО,ТУТАЙ г.Гродно	290.00	10	t	updated	2
1174	7093	238Н-1109080	Эл.фильтра воздушный МАЗ  г.Гродно	358.00	10	t	updated	2
1175	7094	240-1017040 (6 шт)	Эл.фильтра МАЗ масляный  г.Гродно м/с	42.00	10	t	updated	2
1176	7095	740-1012040-10 м/с (6 шт)	Эл.фильтра масляный в метал.сетке г.Гродно	108.00	10	t	updated	2
1177	7096	7405-1012040 м/с (6 шт)	Эл.фильтра масляный ЕВРО в метал.сетке г.Гродно	141.00	10	t	updated	2
1178	7097	М 5334	Эл.фильтра масляный ниточный ЕВРО г.Гродно	126.00	10	t	updated	2
1179	7098	740-1117040-10 м/с (13шт)	Эл.фильтра топливный в метал.сетке г.Гродно	68.00	10	t	updated	2
1180	7099	740-1117040 уп.13шт.	Эл.фильтра топливный  г.Гродно	18.00	10	t	updated	2
1181	7100	7405-1017040 ЭФМ703	Элемент масляного фильтра ЕВРО железный г.Ливны	960.00	10	t	updated	2
1182	7101	21.3759-05(30А)	Конвертер 24/12 V г.Калуга	3598.00	10	t	updated	2
1183	7102	612.3702-08	Регулятор напряжения в сб (7762)  г.Калуга	460.00	10	t	updated	2
1184	7103	612.3702-05	Регулятор напряжения в сборе (3252,7762-02,7762-03)  г.Калуга	316.00	10	t	updated	2
1185	7104	612.3702-06(в сб. с ЩУ)	Регулятор напряжения в сборе со щеточным узлом на ген. 4502  г.Калуга	180.00	10	t	updated	2
1186	7105	621.3702-01(7332.3702)	Регулятор напряжения на генер. 40.3771,Г3000  г.Калуга	111.00	10	t	updated	2
1187	7106	621.3702-02 (7342.3702)	Регулятор напряжения на генер. Г3000А  г.Калуга	105.00	10	t	updated	2
1188	7107	13.3787-01 (7312.3777-02)	Реле блокировки стартера КамАЗ, Евро, Краз, ЗИЛ г.Калуга	120.00	10	t	updated	2
1189	7108	718.3777	Реле поворота РС951А г. Калуга	665.00	10	t	updated	2
1190	7109	ЩСК 2 (МГС5) (12х32х20)	Щетки для стартера с контактами и изолированными выводами г.Калуга	330.00	10	t	updated	2
1191	7110	5320-2205011-03	Вал карданный кв.фланец дл.983 мм.	4300.00	10	t	updated	2
1192	7111	5511-2205011-12	Вал карданный кв.фланец дл.818 мм.	4300.00	10	t	updated	2
1193	6783	15-1772010	Воздухораспределитель делителя КПП	2285.00	20	t	updated	2
1194	7112	53212-3400020	ГУР	4000.00	10	t	updated	2
1195	7113	55111-2912012-02 ЕВРО	Рессора задняя 55111	14500.00	10	t	updated	2
1196	7114	7403-1115050	Прокладка впускного коллектора	29.00	10	t	updated	2
\.


--
-- Data for Name: main_advantage; Type: TABLE DATA; Schema: public; Owner: kameks_user
--

COPY public.main_advantage (id, icon, title, description, "order") FROM stdin;
\.


--
-- Data for Name: main_banner; Type: TABLE DATA; Schema: public; Owner: kameks_user
--

COPY public.main_banner (id, title, subtitle, image, button_text, button_url, is_active, "order") FROM stdin;
\.


--
-- Data for Name: main_partner; Type: TABLE DATA; Schema: public; Owner: kameks_user
--

COPY public.main_partner (id, name, logo, website, "order", is_active) FROM stdin;
\.


--
-- Data for Name: main_review; Type: TABLE DATA; Schema: public; Owner: kameks_user
--

COPY public.main_review (id, author_name, author_company, text, rating, is_active, created_at) FROM stdin;
\.


--
-- Data for Name: orders_order; Type: TABLE DATA; Schema: public; Owner: kameks_user
--

COPY public.orders_order (id, first_name, last_name, phone, email, company, delivery_type, delivery_address, delivery_city, payment_type, status, comment, total_price, created_at, updated_at, user_id, exported_at, exported_to_1c, stock_deducted) FROM stdin;
1	фыыы	фяяя	+79600627002	mail@mail.ru		pickup	Ул.Чистопольская 5	Казань	card	new		14529.00	2026-05-27 11:53:06.432784+00	2026-05-27 11:53:06.432795+00	1	\N	f	f
2	Андрей	Семенович	+79272451335	111171@mail.ru		pickup			card	new		1450.00	2026-05-27 13:34:45.328642+00	2026-05-27 13:34:45.328653+00	2	\N	f	f
3	фыу	фыв	фыв	111171@mail.ru	ячс	pickup		ячс	cash	shipped	ячс	14500.00	2026-05-31 08:27:41.739553+00	2026-05-31 08:28:09.802012+00	7	\N	f	t
\.


--
-- Data for Name: orders_orderitem; Type: TABLE DATA; Schema: public; Owner: kameks_user
--

COPY public.orders_orderitem (id, price, quantity, order_id, product_id) FROM stdin;
\.


--
-- Name: accounts_userprofile_id_seq; Type: SEQUENCE SET; Schema: public; Owner: kameks_user
--

SELECT pg_catalog.setval('public.accounts_userprofile_id_seq', 7, true);


--
-- Name: auth_group_id_seq; Type: SEQUENCE SET; Schema: public; Owner: kameks_user
--

SELECT pg_catalog.setval('public.auth_group_id_seq', 1, false);


--
-- Name: auth_group_permissions_id_seq; Type: SEQUENCE SET; Schema: public; Owner: kameks_user
--

SELECT pg_catalog.setval('public.auth_group_permissions_id_seq', 1, false);


--
-- Name: auth_permission_id_seq; Type: SEQUENCE SET; Schema: public; Owner: kameks_user
--

SELECT pg_catalog.setval('public.auth_permission_id_seq', 88, true);


--
-- Name: auth_user_groups_id_seq; Type: SEQUENCE SET; Schema: public; Owner: kameks_user
--

SELECT pg_catalog.setval('public.auth_user_groups_id_seq', 1, false);


--
-- Name: auth_user_id_seq; Type: SEQUENCE SET; Schema: public; Owner: kameks_user
--

SELECT pg_catalog.setval('public.auth_user_id_seq', 7, true);


--
-- Name: auth_user_user_permissions_id_seq; Type: SEQUENCE SET; Schema: public; Owner: kameks_user
--

SELECT pg_catalog.setval('public.auth_user_user_permissions_id_seq', 1, false);


--
-- Name: catalog_analogue_id_seq; Type: SEQUENCE SET; Schema: public; Owner: kameks_user
--

SELECT pg_catalog.setval('public.catalog_analogue_id_seq', 10, true);


--
-- Name: catalog_brand_id_seq; Type: SEQUENCE SET; Schema: public; Owner: kameks_user
--

SELECT pg_catalog.setval('public.catalog_brand_id_seq', 12, true);


--
-- Name: catalog_carmodel_id_seq; Type: SEQUENCE SET; Schema: public; Owner: kameks_user
--

SELECT pg_catalog.setval('public.catalog_carmodel_id_seq', 14, true);


--
-- Name: catalog_category_id_seq; Type: SEQUENCE SET; Schema: public; Owner: kameks_user
--

SELECT pg_catalog.setval('public.catalog_category_id_seq', 7076, true);


--
-- Name: catalog_product_brands_id_seq; Type: SEQUENCE SET; Schema: public; Owner: kameks_user
--

SELECT pg_catalog.setval('public.catalog_product_brands_id_seq', 6479, true);


--
-- Name: catalog_product_car_models_id_seq; Type: SEQUENCE SET; Schema: public; Owner: kameks_user
--

SELECT pg_catalog.setval('public.catalog_product_car_models_id_seq', 1, false);


--
-- Name: catalog_product_id_seq; Type: SEQUENCE SET; Schema: public; Owner: kameks_user
--

SELECT pg_catalog.setval('public.catalog_product_id_seq', 8284, true);


--
-- Name: catalog_productattribute_id_seq; Type: SEQUENCE SET; Schema: public; Owner: kameks_user
--

SELECT pg_catalog.setval('public.catalog_productattribute_id_seq', 1, false);


--
-- Name: catalog_productimage_id_seq; Type: SEQUENCE SET; Schema: public; Owner: kameks_user
--

SELECT pg_catalog.setval('public.catalog_productimage_id_seq', 3, true);


--
-- Name: django_admin_log_id_seq; Type: SEQUENCE SET; Schema: public; Owner: kameks_user
--

SELECT pg_catalog.setval('public.django_admin_log_id_seq', 7, true);


--
-- Name: django_content_type_id_seq; Type: SEQUENCE SET; Schema: public; Owner: kameks_user
--

SELECT pg_catalog.setval('public.django_content_type_id_seq', 22, true);


--
-- Name: django_migrations_id_seq; Type: SEQUENCE SET; Schema: public; Owner: kameks_user
--

SELECT pg_catalog.setval('public.django_migrations_id_seq', 27, true);


--
-- Name: integration_exchange1clog_id_seq; Type: SEQUENCE SET; Schema: public; Owner: kameks_user
--

SELECT pg_catalog.setval('public.integration_exchange1clog_id_seq', 2, true);


--
-- Name: integration_productbackup_id_seq; Type: SEQUENCE SET; Schema: public; Owner: kameks_user
--

SELECT pg_catalog.setval('public.integration_productbackup_id_seq', 1196, true);


--
-- Name: main_advantage_id_seq; Type: SEQUENCE SET; Schema: public; Owner: kameks_user
--

SELECT pg_catalog.setval('public.main_advantage_id_seq', 1, false);


--
-- Name: main_banner_id_seq; Type: SEQUENCE SET; Schema: public; Owner: kameks_user
--

SELECT pg_catalog.setval('public.main_banner_id_seq', 1, false);


--
-- Name: main_partner_id_seq; Type: SEQUENCE SET; Schema: public; Owner: kameks_user
--

SELECT pg_catalog.setval('public.main_partner_id_seq', 1, false);


--
-- Name: main_review_id_seq; Type: SEQUENCE SET; Schema: public; Owner: kameks_user
--

SELECT pg_catalog.setval('public.main_review_id_seq', 1, false);


--
-- Name: orders_order_id_seq; Type: SEQUENCE SET; Schema: public; Owner: kameks_user
--

SELECT pg_catalog.setval('public.orders_order_id_seq', 3, true);


--
-- Name: orders_orderitem_id_seq; Type: SEQUENCE SET; Schema: public; Owner: kameks_user
--

SELECT pg_catalog.setval('public.orders_orderitem_id_seq', 4, true);


--
-- Name: accounts_userprofile accounts_userprofile_pkey; Type: CONSTRAINT; Schema: public; Owner: kameks_user
--

ALTER TABLE ONLY public.accounts_userprofile
    ADD CONSTRAINT accounts_userprofile_pkey PRIMARY KEY (id);


--
-- Name: accounts_userprofile accounts_userprofile_user_id_key; Type: CONSTRAINT; Schema: public; Owner: kameks_user
--

ALTER TABLE ONLY public.accounts_userprofile
    ADD CONSTRAINT accounts_userprofile_user_id_key UNIQUE (user_id);


--
-- Name: auth_group auth_group_name_key; Type: CONSTRAINT; Schema: public; Owner: kameks_user
--

ALTER TABLE ONLY public.auth_group
    ADD CONSTRAINT auth_group_name_key UNIQUE (name);


--
-- Name: auth_group_permissions auth_group_permissions_group_id_permission_id_0cd325b0_uniq; Type: CONSTRAINT; Schema: public; Owner: kameks_user
--

ALTER TABLE ONLY public.auth_group_permissions
    ADD CONSTRAINT auth_group_permissions_group_id_permission_id_0cd325b0_uniq UNIQUE (group_id, permission_id);


--
-- Name: auth_group_permissions auth_group_permissions_pkey; Type: CONSTRAINT; Schema: public; Owner: kameks_user
--

ALTER TABLE ONLY public.auth_group_permissions
    ADD CONSTRAINT auth_group_permissions_pkey PRIMARY KEY (id);


--
-- Name: auth_group auth_group_pkey; Type: CONSTRAINT; Schema: public; Owner: kameks_user
--

ALTER TABLE ONLY public.auth_group
    ADD CONSTRAINT auth_group_pkey PRIMARY KEY (id);


--
-- Name: auth_permission auth_permission_content_type_id_codename_01ab375a_uniq; Type: CONSTRAINT; Schema: public; Owner: kameks_user
--

ALTER TABLE ONLY public.auth_permission
    ADD CONSTRAINT auth_permission_content_type_id_codename_01ab375a_uniq UNIQUE (content_type_id, codename);


--
-- Name: auth_permission auth_permission_pkey; Type: CONSTRAINT; Schema: public; Owner: kameks_user
--

ALTER TABLE ONLY public.auth_permission
    ADD CONSTRAINT auth_permission_pkey PRIMARY KEY (id);


--
-- Name: auth_user_groups auth_user_groups_pkey; Type: CONSTRAINT; Schema: public; Owner: kameks_user
--

ALTER TABLE ONLY public.auth_user_groups
    ADD CONSTRAINT auth_user_groups_pkey PRIMARY KEY (id);


--
-- Name: auth_user_groups auth_user_groups_user_id_group_id_94350c0c_uniq; Type: CONSTRAINT; Schema: public; Owner: kameks_user
--

ALTER TABLE ONLY public.auth_user_groups
    ADD CONSTRAINT auth_user_groups_user_id_group_id_94350c0c_uniq UNIQUE (user_id, group_id);


--
-- Name: auth_user auth_user_pkey; Type: CONSTRAINT; Schema: public; Owner: kameks_user
--

ALTER TABLE ONLY public.auth_user
    ADD CONSTRAINT auth_user_pkey PRIMARY KEY (id);


--
-- Name: auth_user_user_permissions auth_user_user_permissions_pkey; Type: CONSTRAINT; Schema: public; Owner: kameks_user
--

ALTER TABLE ONLY public.auth_user_user_permissions
    ADD CONSTRAINT auth_user_user_permissions_pkey PRIMARY KEY (id);


--
-- Name: auth_user_user_permissions auth_user_user_permissions_user_id_permission_id_14a6b632_uniq; Type: CONSTRAINT; Schema: public; Owner: kameks_user
--

ALTER TABLE ONLY public.auth_user_user_permissions
    ADD CONSTRAINT auth_user_user_permissions_user_id_permission_id_14a6b632_uniq UNIQUE (user_id, permission_id);


--
-- Name: auth_user auth_user_username_key; Type: CONSTRAINT; Schema: public; Owner: kameks_user
--

ALTER TABLE ONLY public.auth_user
    ADD CONSTRAINT auth_user_username_key UNIQUE (username);


--
-- Name: catalog_analogue catalog_analogue_pkey; Type: CONSTRAINT; Schema: public; Owner: kameks_user
--

ALTER TABLE ONLY public.catalog_analogue
    ADD CONSTRAINT catalog_analogue_pkey PRIMARY KEY (id);


--
-- Name: catalog_brand catalog_brand_pkey; Type: CONSTRAINT; Schema: public; Owner: kameks_user
--

ALTER TABLE ONLY public.catalog_brand
    ADD CONSTRAINT catalog_brand_pkey PRIMARY KEY (id);


--
-- Name: catalog_brand catalog_brand_slug_key; Type: CONSTRAINT; Schema: public; Owner: kameks_user
--

ALTER TABLE ONLY public.catalog_brand
    ADD CONSTRAINT catalog_brand_slug_key UNIQUE (slug);


--
-- Name: catalog_carmodel catalog_carmodel_brand_id_slug_f9d3106e_uniq; Type: CONSTRAINT; Schema: public; Owner: kameks_user
--

ALTER TABLE ONLY public.catalog_carmodel
    ADD CONSTRAINT catalog_carmodel_brand_id_slug_f9d3106e_uniq UNIQUE (brand_id, slug);


--
-- Name: catalog_carmodel catalog_carmodel_pkey; Type: CONSTRAINT; Schema: public; Owner: kameks_user
--

ALTER TABLE ONLY public.catalog_carmodel
    ADD CONSTRAINT catalog_carmodel_pkey PRIMARY KEY (id);


--
-- Name: catalog_category catalog_category_pkey; Type: CONSTRAINT; Schema: public; Owner: kameks_user
--

ALTER TABLE ONLY public.catalog_category
    ADD CONSTRAINT catalog_category_pkey PRIMARY KEY (id);


--
-- Name: catalog_category catalog_category_slug_key; Type: CONSTRAINT; Schema: public; Owner: kameks_user
--

ALTER TABLE ONLY public.catalog_category
    ADD CONSTRAINT catalog_category_slug_key UNIQUE (slug);


--
-- Name: catalog_product_brands catalog_product_brands_pkey; Type: CONSTRAINT; Schema: public; Owner: kameks_user
--

ALTER TABLE ONLY public.catalog_product_brands
    ADD CONSTRAINT catalog_product_brands_pkey PRIMARY KEY (id);


--
-- Name: catalog_product_brands catalog_product_brands_product_id_brand_id_114c68a0_uniq; Type: CONSTRAINT; Schema: public; Owner: kameks_user
--

ALTER TABLE ONLY public.catalog_product_brands
    ADD CONSTRAINT catalog_product_brands_product_id_brand_id_114c68a0_uniq UNIQUE (product_id, brand_id);


--
-- Name: catalog_product_car_models catalog_product_car_models_pkey; Type: CONSTRAINT; Schema: public; Owner: kameks_user
--

ALTER TABLE ONLY public.catalog_product_car_models
    ADD CONSTRAINT catalog_product_car_models_pkey PRIMARY KEY (id);


--
-- Name: catalog_product_car_models catalog_product_car_models_product_id_carmodel_id_f0b14802_uniq; Type: CONSTRAINT; Schema: public; Owner: kameks_user
--

ALTER TABLE ONLY public.catalog_product_car_models
    ADD CONSTRAINT catalog_product_car_models_product_id_carmodel_id_f0b14802_uniq UNIQUE (product_id, carmodel_id);


--
-- Name: catalog_product catalog_product_pkey; Type: CONSTRAINT; Schema: public; Owner: kameks_user
--

ALTER TABLE ONLY public.catalog_product
    ADD CONSTRAINT catalog_product_pkey PRIMARY KEY (id);


--
-- Name: catalog_product catalog_product_sku_key; Type: CONSTRAINT; Schema: public; Owner: kameks_user
--

ALTER TABLE ONLY public.catalog_product
    ADD CONSTRAINT catalog_product_sku_key UNIQUE (sku);


--
-- Name: catalog_product catalog_product_slug_key; Type: CONSTRAINT; Schema: public; Owner: kameks_user
--

ALTER TABLE ONLY public.catalog_product
    ADD CONSTRAINT catalog_product_slug_key UNIQUE (slug);


--
-- Name: catalog_productattribute catalog_productattribute_pkey; Type: CONSTRAINT; Schema: public; Owner: kameks_user
--

ALTER TABLE ONLY public.catalog_productattribute
    ADD CONSTRAINT catalog_productattribute_pkey PRIMARY KEY (id);


--
-- Name: catalog_productimage catalog_productimage_pkey; Type: CONSTRAINT; Schema: public; Owner: kameks_user
--

ALTER TABLE ONLY public.catalog_productimage
    ADD CONSTRAINT catalog_productimage_pkey PRIMARY KEY (id);


--
-- Name: django_admin_log django_admin_log_pkey; Type: CONSTRAINT; Schema: public; Owner: kameks_user
--

ALTER TABLE ONLY public.django_admin_log
    ADD CONSTRAINT django_admin_log_pkey PRIMARY KEY (id);


--
-- Name: django_content_type django_content_type_app_label_model_76bd3d3b_uniq; Type: CONSTRAINT; Schema: public; Owner: kameks_user
--

ALTER TABLE ONLY public.django_content_type
    ADD CONSTRAINT django_content_type_app_label_model_76bd3d3b_uniq UNIQUE (app_label, model);


--
-- Name: django_content_type django_content_type_pkey; Type: CONSTRAINT; Schema: public; Owner: kameks_user
--

ALTER TABLE ONLY public.django_content_type
    ADD CONSTRAINT django_content_type_pkey PRIMARY KEY (id);


--
-- Name: django_migrations django_migrations_pkey; Type: CONSTRAINT; Schema: public; Owner: kameks_user
--

ALTER TABLE ONLY public.django_migrations
    ADD CONSTRAINT django_migrations_pkey PRIMARY KEY (id);


--
-- Name: django_session django_session_pkey; Type: CONSTRAINT; Schema: public; Owner: kameks_user
--

ALTER TABLE ONLY public.django_session
    ADD CONSTRAINT django_session_pkey PRIMARY KEY (session_key);


--
-- Name: integration_exchange1clog integration_exchange1clog_pkey; Type: CONSTRAINT; Schema: public; Owner: kameks_user
--

ALTER TABLE ONLY public.integration_exchange1clog
    ADD CONSTRAINT integration_exchange1clog_pkey PRIMARY KEY (id);


--
-- Name: integration_productbackup integration_productbackup_pkey; Type: CONSTRAINT; Schema: public; Owner: kameks_user
--

ALTER TABLE ONLY public.integration_productbackup
    ADD CONSTRAINT integration_productbackup_pkey PRIMARY KEY (id);


--
-- Name: main_advantage main_advantage_pkey; Type: CONSTRAINT; Schema: public; Owner: kameks_user
--

ALTER TABLE ONLY public.main_advantage
    ADD CONSTRAINT main_advantage_pkey PRIMARY KEY (id);


--
-- Name: main_banner main_banner_pkey; Type: CONSTRAINT; Schema: public; Owner: kameks_user
--

ALTER TABLE ONLY public.main_banner
    ADD CONSTRAINT main_banner_pkey PRIMARY KEY (id);


--
-- Name: main_partner main_partner_pkey; Type: CONSTRAINT; Schema: public; Owner: kameks_user
--

ALTER TABLE ONLY public.main_partner
    ADD CONSTRAINT main_partner_pkey PRIMARY KEY (id);


--
-- Name: main_review main_review_pkey; Type: CONSTRAINT; Schema: public; Owner: kameks_user
--

ALTER TABLE ONLY public.main_review
    ADD CONSTRAINT main_review_pkey PRIMARY KEY (id);


--
-- Name: orders_order orders_order_pkey; Type: CONSTRAINT; Schema: public; Owner: kameks_user
--

ALTER TABLE ONLY public.orders_order
    ADD CONSTRAINT orders_order_pkey PRIMARY KEY (id);


--
-- Name: orders_orderitem orders_orderitem_pkey; Type: CONSTRAINT; Schema: public; Owner: kameks_user
--

ALTER TABLE ONLY public.orders_orderitem
    ADD CONSTRAINT orders_orderitem_pkey PRIMARY KEY (id);


--
-- Name: auth_group_name_a6ea08ec_like; Type: INDEX; Schema: public; Owner: kameks_user
--

CREATE INDEX auth_group_name_a6ea08ec_like ON public.auth_group USING btree (name varchar_pattern_ops);


--
-- Name: auth_group_permissions_group_id_b120cbf9; Type: INDEX; Schema: public; Owner: kameks_user
--

CREATE INDEX auth_group_permissions_group_id_b120cbf9 ON public.auth_group_permissions USING btree (group_id);


--
-- Name: auth_group_permissions_permission_id_84c5c92e; Type: INDEX; Schema: public; Owner: kameks_user
--

CREATE INDEX auth_group_permissions_permission_id_84c5c92e ON public.auth_group_permissions USING btree (permission_id);


--
-- Name: auth_permission_content_type_id_2f476e4b; Type: INDEX; Schema: public; Owner: kameks_user
--

CREATE INDEX auth_permission_content_type_id_2f476e4b ON public.auth_permission USING btree (content_type_id);


--
-- Name: auth_user_groups_group_id_97559544; Type: INDEX; Schema: public; Owner: kameks_user
--

CREATE INDEX auth_user_groups_group_id_97559544 ON public.auth_user_groups USING btree (group_id);


--
-- Name: auth_user_groups_user_id_6a12ed8b; Type: INDEX; Schema: public; Owner: kameks_user
--

CREATE INDEX auth_user_groups_user_id_6a12ed8b ON public.auth_user_groups USING btree (user_id);


--
-- Name: auth_user_user_permissions_permission_id_1fbb5f2c; Type: INDEX; Schema: public; Owner: kameks_user
--

CREATE INDEX auth_user_user_permissions_permission_id_1fbb5f2c ON public.auth_user_user_permissions USING btree (permission_id);


--
-- Name: auth_user_user_permissions_user_id_a95ead1b; Type: INDEX; Schema: public; Owner: kameks_user
--

CREATE INDEX auth_user_user_permissions_user_id_a95ead1b ON public.auth_user_user_permissions USING btree (user_id);


--
-- Name: auth_user_username_6821ab7c_like; Type: INDEX; Schema: public; Owner: kameks_user
--

CREATE INDEX auth_user_username_6821ab7c_like ON public.auth_user USING btree (username varchar_pattern_ops);


--
-- Name: catalog_analogue_part_number_1f542b37; Type: INDEX; Schema: public; Owner: kameks_user
--

CREATE INDEX catalog_analogue_part_number_1f542b37 ON public.catalog_analogue USING btree (part_number);


--
-- Name: catalog_analogue_part_number_1f542b37_like; Type: INDEX; Schema: public; Owner: kameks_user
--

CREATE INDEX catalog_analogue_part_number_1f542b37_like ON public.catalog_analogue USING btree (part_number varchar_pattern_ops);


--
-- Name: catalog_analogue_product_id_d2ebccc0; Type: INDEX; Schema: public; Owner: kameks_user
--

CREATE INDEX catalog_analogue_product_id_d2ebccc0 ON public.catalog_analogue USING btree (product_id);


--
-- Name: catalog_brand_slug_988c8dbc_like; Type: INDEX; Schema: public; Owner: kameks_user
--

CREATE INDEX catalog_brand_slug_988c8dbc_like ON public.catalog_brand USING btree (slug varchar_pattern_ops);


--
-- Name: catalog_carmodel_brand_id_c44915da; Type: INDEX; Schema: public; Owner: kameks_user
--

CREATE INDEX catalog_carmodel_brand_id_c44915da ON public.catalog_carmodel USING btree (brand_id);


--
-- Name: catalog_carmodel_slug_eeb76c2a; Type: INDEX; Schema: public; Owner: kameks_user
--

CREATE INDEX catalog_carmodel_slug_eeb76c2a ON public.catalog_carmodel USING btree (slug);


--
-- Name: catalog_carmodel_slug_eeb76c2a_like; Type: INDEX; Schema: public; Owner: kameks_user
--

CREATE INDEX catalog_carmodel_slug_eeb76c2a_like ON public.catalog_carmodel USING btree (slug varchar_pattern_ops);


--
-- Name: catalog_category_parent_id_f61bd017; Type: INDEX; Schema: public; Owner: kameks_user
--

CREATE INDEX catalog_category_parent_id_f61bd017 ON public.catalog_category USING btree (parent_id);


--
-- Name: catalog_category_slug_dbf63ad0_like; Type: INDEX; Schema: public; Owner: kameks_user
--

CREATE INDEX catalog_category_slug_dbf63ad0_like ON public.catalog_category USING btree (slug varchar_pattern_ops);


--
-- Name: catalog_product_brands_brand_id_19331722; Type: INDEX; Schema: public; Owner: kameks_user
--

CREATE INDEX catalog_product_brands_brand_id_19331722 ON public.catalog_product_brands USING btree (brand_id);


--
-- Name: catalog_product_brands_product_id_fd757728; Type: INDEX; Schema: public; Owner: kameks_user
--

CREATE INDEX catalog_product_brands_product_id_fd757728 ON public.catalog_product_brands USING btree (product_id);


--
-- Name: catalog_product_car_models_carmodel_id_d63b0a26; Type: INDEX; Schema: public; Owner: kameks_user
--

CREATE INDEX catalog_product_car_models_carmodel_id_d63b0a26 ON public.catalog_product_car_models USING btree (carmodel_id);


--
-- Name: catalog_product_car_models_product_id_1eacacb7; Type: INDEX; Schema: public; Owner: kameks_user
--

CREATE INDEX catalog_product_car_models_product_id_1eacacb7 ON public.catalog_product_car_models USING btree (product_id);


--
-- Name: catalog_product_category_id_35bf920b; Type: INDEX; Schema: public; Owner: kameks_user
--

CREATE INDEX catalog_product_category_id_35bf920b ON public.catalog_product USING btree (category_id);


--
-- Name: catalog_product_no_sku_5f1733bd; Type: INDEX; Schema: public; Owner: kameks_user
--

CREATE INDEX catalog_product_no_sku_5f1733bd ON public.catalog_product USING btree (no_sku);


--
-- Name: catalog_product_oem_number_7ff1f00f; Type: INDEX; Schema: public; Owner: kameks_user
--

CREATE INDEX catalog_product_oem_number_7ff1f00f ON public.catalog_product USING btree (oem_number);


--
-- Name: catalog_product_oem_number_7ff1f00f_like; Type: INDEX; Schema: public; Owner: kameks_user
--

CREATE INDEX catalog_product_oem_number_7ff1f00f_like ON public.catalog_product USING btree (oem_number varchar_pattern_ops);


--
-- Name: catalog_product_sku_5c54c070_like; Type: INDEX; Schema: public; Owner: kameks_user
--

CREATE INDEX catalog_product_sku_5c54c070_like ON public.catalog_product USING btree (sku varchar_pattern_ops);


--
-- Name: catalog_product_slug_f37848b0_like; Type: INDEX; Schema: public; Owner: kameks_user
--

CREATE INDEX catalog_product_slug_f37848b0_like ON public.catalog_product USING btree (slug varchar_pattern_ops);


--
-- Name: catalog_productattribute_product_id_7ea24d8b; Type: INDEX; Schema: public; Owner: kameks_user
--

CREATE INDEX catalog_productattribute_product_id_7ea24d8b ON public.catalog_productattribute USING btree (product_id);


--
-- Name: catalog_productimage_product_id_1f42dd8c; Type: INDEX; Schema: public; Owner: kameks_user
--

CREATE INDEX catalog_productimage_product_id_1f42dd8c ON public.catalog_productimage USING btree (product_id);


--
-- Name: django_admin_log_content_type_id_c4bce8eb; Type: INDEX; Schema: public; Owner: kameks_user
--

CREATE INDEX django_admin_log_content_type_id_c4bce8eb ON public.django_admin_log USING btree (content_type_id);


--
-- Name: django_admin_log_user_id_c564eba6; Type: INDEX; Schema: public; Owner: kameks_user
--

CREATE INDEX django_admin_log_user_id_c564eba6 ON public.django_admin_log USING btree (user_id);


--
-- Name: django_session_expire_date_a5c62663; Type: INDEX; Schema: public; Owner: kameks_user
--

CREATE INDEX django_session_expire_date_a5c62663 ON public.django_session USING btree (expire_date);


--
-- Name: django_session_session_key_c0390e0f_like; Type: INDEX; Schema: public; Owner: kameks_user
--

CREATE INDEX django_session_session_key_c0390e0f_like ON public.django_session USING btree (session_key varchar_pattern_ops);


--
-- Name: integration_productbackup_log_id_5716cf4c; Type: INDEX; Schema: public; Owner: kameks_user
--

CREATE INDEX integration_productbackup_log_id_5716cf4c ON public.integration_productbackup USING btree (log_id);


--
-- Name: orders_order_user_id_e9b59eb1; Type: INDEX; Schema: public; Owner: kameks_user
--

CREATE INDEX orders_order_user_id_e9b59eb1 ON public.orders_order USING btree (user_id);


--
-- Name: orders_orderitem_order_id_fe61a34d; Type: INDEX; Schema: public; Owner: kameks_user
--

CREATE INDEX orders_orderitem_order_id_fe61a34d ON public.orders_orderitem USING btree (order_id);


--
-- Name: orders_orderitem_product_id_afe4254a; Type: INDEX; Schema: public; Owner: kameks_user
--

CREATE INDEX orders_orderitem_product_id_afe4254a ON public.orders_orderitem USING btree (product_id);


--
-- Name: accounts_userprofile accounts_userprofile_user_id_92240672_fk_auth_user_id; Type: FK CONSTRAINT; Schema: public; Owner: kameks_user
--

ALTER TABLE ONLY public.accounts_userprofile
    ADD CONSTRAINT accounts_userprofile_user_id_92240672_fk_auth_user_id FOREIGN KEY (user_id) REFERENCES public.auth_user(id) DEFERRABLE INITIALLY DEFERRED;


--
-- Name: auth_group_permissions auth_group_permissio_permission_id_84c5c92e_fk_auth_perm; Type: FK CONSTRAINT; Schema: public; Owner: kameks_user
--

ALTER TABLE ONLY public.auth_group_permissions
    ADD CONSTRAINT auth_group_permissio_permission_id_84c5c92e_fk_auth_perm FOREIGN KEY (permission_id) REFERENCES public.auth_permission(id) DEFERRABLE INITIALLY DEFERRED;


--
-- Name: auth_group_permissions auth_group_permissions_group_id_b120cbf9_fk_auth_group_id; Type: FK CONSTRAINT; Schema: public; Owner: kameks_user
--

ALTER TABLE ONLY public.auth_group_permissions
    ADD CONSTRAINT auth_group_permissions_group_id_b120cbf9_fk_auth_group_id FOREIGN KEY (group_id) REFERENCES public.auth_group(id) DEFERRABLE INITIALLY DEFERRED;


--
-- Name: auth_permission auth_permission_content_type_id_2f476e4b_fk_django_co; Type: FK CONSTRAINT; Schema: public; Owner: kameks_user
--

ALTER TABLE ONLY public.auth_permission
    ADD CONSTRAINT auth_permission_content_type_id_2f476e4b_fk_django_co FOREIGN KEY (content_type_id) REFERENCES public.django_content_type(id) DEFERRABLE INITIALLY DEFERRED;


--
-- Name: auth_user_groups auth_user_groups_group_id_97559544_fk_auth_group_id; Type: FK CONSTRAINT; Schema: public; Owner: kameks_user
--

ALTER TABLE ONLY public.auth_user_groups
    ADD CONSTRAINT auth_user_groups_group_id_97559544_fk_auth_group_id FOREIGN KEY (group_id) REFERENCES public.auth_group(id) DEFERRABLE INITIALLY DEFERRED;


--
-- Name: auth_user_groups auth_user_groups_user_id_6a12ed8b_fk_auth_user_id; Type: FK CONSTRAINT; Schema: public; Owner: kameks_user
--

ALTER TABLE ONLY public.auth_user_groups
    ADD CONSTRAINT auth_user_groups_user_id_6a12ed8b_fk_auth_user_id FOREIGN KEY (user_id) REFERENCES public.auth_user(id) DEFERRABLE INITIALLY DEFERRED;


--
-- Name: auth_user_user_permissions auth_user_user_permi_permission_id_1fbb5f2c_fk_auth_perm; Type: FK CONSTRAINT; Schema: public; Owner: kameks_user
--

ALTER TABLE ONLY public.auth_user_user_permissions
    ADD CONSTRAINT auth_user_user_permi_permission_id_1fbb5f2c_fk_auth_perm FOREIGN KEY (permission_id) REFERENCES public.auth_permission(id) DEFERRABLE INITIALLY DEFERRED;


--
-- Name: auth_user_user_permissions auth_user_user_permissions_user_id_a95ead1b_fk_auth_user_id; Type: FK CONSTRAINT; Schema: public; Owner: kameks_user
--

ALTER TABLE ONLY public.auth_user_user_permissions
    ADD CONSTRAINT auth_user_user_permissions_user_id_a95ead1b_fk_auth_user_id FOREIGN KEY (user_id) REFERENCES public.auth_user(id) DEFERRABLE INITIALLY DEFERRED;


--
-- Name: catalog_analogue catalog_analogue_product_id_d2ebccc0_fk_catalog_product_id; Type: FK CONSTRAINT; Schema: public; Owner: kameks_user
--

ALTER TABLE ONLY public.catalog_analogue
    ADD CONSTRAINT catalog_analogue_product_id_d2ebccc0_fk_catalog_product_id FOREIGN KEY (product_id) REFERENCES public.catalog_product(id) DEFERRABLE INITIALLY DEFERRED;


--
-- Name: catalog_carmodel catalog_carmodel_brand_id_c44915da_fk_catalog_brand_id; Type: FK CONSTRAINT; Schema: public; Owner: kameks_user
--

ALTER TABLE ONLY public.catalog_carmodel
    ADD CONSTRAINT catalog_carmodel_brand_id_c44915da_fk_catalog_brand_id FOREIGN KEY (brand_id) REFERENCES public.catalog_brand(id) DEFERRABLE INITIALLY DEFERRED;


--
-- Name: catalog_category catalog_category_parent_id_f61bd017_fk_catalog_category_id; Type: FK CONSTRAINT; Schema: public; Owner: kameks_user
--

ALTER TABLE ONLY public.catalog_category
    ADD CONSTRAINT catalog_category_parent_id_f61bd017_fk_catalog_category_id FOREIGN KEY (parent_id) REFERENCES public.catalog_category(id) DEFERRABLE INITIALLY DEFERRED;


--
-- Name: catalog_product_brands catalog_product_bran_product_id_fd757728_fk_catalog_p; Type: FK CONSTRAINT; Schema: public; Owner: kameks_user
--

ALTER TABLE ONLY public.catalog_product_brands
    ADD CONSTRAINT catalog_product_bran_product_id_fd757728_fk_catalog_p FOREIGN KEY (product_id) REFERENCES public.catalog_product(id) DEFERRABLE INITIALLY DEFERRED;


--
-- Name: catalog_product_brands catalog_product_brands_brand_id_19331722_fk_catalog_brand_id; Type: FK CONSTRAINT; Schema: public; Owner: kameks_user
--

ALTER TABLE ONLY public.catalog_product_brands
    ADD CONSTRAINT catalog_product_brands_brand_id_19331722_fk_catalog_brand_id FOREIGN KEY (brand_id) REFERENCES public.catalog_brand(id) DEFERRABLE INITIALLY DEFERRED;


--
-- Name: catalog_product_car_models catalog_product_car__carmodel_id_d63b0a26_fk_catalog_c; Type: FK CONSTRAINT; Schema: public; Owner: kameks_user
--

ALTER TABLE ONLY public.catalog_product_car_models
    ADD CONSTRAINT catalog_product_car__carmodel_id_d63b0a26_fk_catalog_c FOREIGN KEY (carmodel_id) REFERENCES public.catalog_carmodel(id) DEFERRABLE INITIALLY DEFERRED;


--
-- Name: catalog_product_car_models catalog_product_car__product_id_1eacacb7_fk_catalog_p; Type: FK CONSTRAINT; Schema: public; Owner: kameks_user
--

ALTER TABLE ONLY public.catalog_product_car_models
    ADD CONSTRAINT catalog_product_car__product_id_1eacacb7_fk_catalog_p FOREIGN KEY (product_id) REFERENCES public.catalog_product(id) DEFERRABLE INITIALLY DEFERRED;


--
-- Name: catalog_product catalog_product_category_id_35bf920b_fk_catalog_category_id; Type: FK CONSTRAINT; Schema: public; Owner: kameks_user
--

ALTER TABLE ONLY public.catalog_product
    ADD CONSTRAINT catalog_product_category_id_35bf920b_fk_catalog_category_id FOREIGN KEY (category_id) REFERENCES public.catalog_category(id) DEFERRABLE INITIALLY DEFERRED;


--
-- Name: catalog_productattribute catalog_productattri_product_id_7ea24d8b_fk_catalog_p; Type: FK CONSTRAINT; Schema: public; Owner: kameks_user
--

ALTER TABLE ONLY public.catalog_productattribute
    ADD CONSTRAINT catalog_productattri_product_id_7ea24d8b_fk_catalog_p FOREIGN KEY (product_id) REFERENCES public.catalog_product(id) DEFERRABLE INITIALLY DEFERRED;


--
-- Name: catalog_productimage catalog_productimage_product_id_1f42dd8c_fk_catalog_product_id; Type: FK CONSTRAINT; Schema: public; Owner: kameks_user
--

ALTER TABLE ONLY public.catalog_productimage
    ADD CONSTRAINT catalog_productimage_product_id_1f42dd8c_fk_catalog_product_id FOREIGN KEY (product_id) REFERENCES public.catalog_product(id) DEFERRABLE INITIALLY DEFERRED;


--
-- Name: django_admin_log django_admin_log_content_type_id_c4bce8eb_fk_django_co; Type: FK CONSTRAINT; Schema: public; Owner: kameks_user
--

ALTER TABLE ONLY public.django_admin_log
    ADD CONSTRAINT django_admin_log_content_type_id_c4bce8eb_fk_django_co FOREIGN KEY (content_type_id) REFERENCES public.django_content_type(id) DEFERRABLE INITIALLY DEFERRED;


--
-- Name: django_admin_log django_admin_log_user_id_c564eba6_fk_auth_user_id; Type: FK CONSTRAINT; Schema: public; Owner: kameks_user
--

ALTER TABLE ONLY public.django_admin_log
    ADD CONSTRAINT django_admin_log_user_id_c564eba6_fk_auth_user_id FOREIGN KEY (user_id) REFERENCES public.auth_user(id) DEFERRABLE INITIALLY DEFERRED;


--
-- Name: integration_productbackup integration_productb_log_id_5716cf4c_fk_integrati; Type: FK CONSTRAINT; Schema: public; Owner: kameks_user
--

ALTER TABLE ONLY public.integration_productbackup
    ADD CONSTRAINT integration_productb_log_id_5716cf4c_fk_integrati FOREIGN KEY (log_id) REFERENCES public.integration_exchange1clog(id) DEFERRABLE INITIALLY DEFERRED;


--
-- Name: orders_order orders_order_user_id_e9b59eb1_fk_auth_user_id; Type: FK CONSTRAINT; Schema: public; Owner: kameks_user
--

ALTER TABLE ONLY public.orders_order
    ADD CONSTRAINT orders_order_user_id_e9b59eb1_fk_auth_user_id FOREIGN KEY (user_id) REFERENCES public.auth_user(id) DEFERRABLE INITIALLY DEFERRED;


--
-- Name: orders_orderitem orders_orderitem_order_id_fe61a34d_fk_orders_order_id; Type: FK CONSTRAINT; Schema: public; Owner: kameks_user
--

ALTER TABLE ONLY public.orders_orderitem
    ADD CONSTRAINT orders_orderitem_order_id_fe61a34d_fk_orders_order_id FOREIGN KEY (order_id) REFERENCES public.orders_order(id) DEFERRABLE INITIALLY DEFERRED;


--
-- Name: orders_orderitem orders_orderitem_product_id_afe4254a_fk_catalog_product_id; Type: FK CONSTRAINT; Schema: public; Owner: kameks_user
--

ALTER TABLE ONLY public.orders_orderitem
    ADD CONSTRAINT orders_orderitem_product_id_afe4254a_fk_catalog_product_id FOREIGN KEY (product_id) REFERENCES public.catalog_product(id) DEFERRABLE INITIALLY DEFERRED;


--
-- PostgreSQL database dump complete
--

\unrestrict EnEPSeyreBoxXnIBCC0pzHeM8lC8tTBkOij5DkWPZ1kGzYL8N3BEcHcIcZQF60v

