--
-- PostgreSQL database dump
--

\restrict d74ObLO5JxrpD7JRpglK8lny64PAaeskGfLbVNgE815An8bEX6VF3G2dwrdJNrd

-- Dumped from database version 16.14
-- Dumped by pg_dump version 16.14

SET statement_timeout = 0;
SET lock_timeout = 0;
SET idle_in_transaction_session_timeout = 0;
SET client_encoding = 'UTF8';
SET standard_conforming_strings = on;
SELECT pg_catalog.set_config('search_path', '', false);
SET check_function_bodies = false;
SET xmloption = content;
SET client_min_messages = warning;
SET row_security = off;

SET default_tablespace = '';

SET default_table_access_method = heap;

--
-- Name: accounts_userprofile; Type: TABLE; Schema: public; Owner: kameks_user
--

CREATE TABLE public.accounts_userprofile (
    id bigint NOT NULL,
    phone character varying(20) NOT NULL,
    company_name character varying(200) NOT NULL,
    inn character varying(12) NOT NULL,
    address text NOT NULL,
    avatar character varying(100) NOT NULL,
    user_id integer NOT NULL
);


ALTER TABLE public.accounts_userprofile OWNER TO kameks_user;

--
-- Name: accounts_userprofile_id_seq; Type: SEQUENCE; Schema: public; Owner: kameks_user
--

ALTER TABLE public.accounts_userprofile ALTER COLUMN id ADD GENERATED BY DEFAULT AS IDENTITY (
    SEQUENCE NAME public.accounts_userprofile_id_seq
    START WITH 1
    INCREMENT BY 1
    NO MINVALUE
    NO MAXVALUE
    CACHE 1
);


--
-- Name: auth_group; Type: TABLE; Schema: public; Owner: kameks_user
--

CREATE TABLE public.auth_group (
    id integer NOT NULL,
    name character varying(150) NOT NULL
);


ALTER TABLE public.auth_group OWNER TO kameks_user;

--
-- Name: auth_group_id_seq; Type: SEQUENCE; Schema: public; Owner: kameks_user
--

ALTER TABLE public.auth_group ALTER COLUMN id ADD GENERATED BY DEFAULT AS IDENTITY (
    SEQUENCE NAME public.auth_group_id_seq
    START WITH 1
    INCREMENT BY 1
    NO MINVALUE
    NO MAXVALUE
    CACHE 1
);


--
-- Name: auth_group_permissions; Type: TABLE; Schema: public; Owner: kameks_user
--

CREATE TABLE public.auth_group_permissions (
    id bigint NOT NULL,
    group_id integer NOT NULL,
    permission_id integer NOT NULL
);


ALTER TABLE public.auth_group_permissions OWNER TO kameks_user;

--
-- Name: auth_group_permissions_id_seq; Type: SEQUENCE; Schema: public; Owner: kameks_user
--

ALTER TABLE public.auth_group_permissions ALTER COLUMN id ADD GENERATED BY DEFAULT AS IDENTITY (
    SEQUENCE NAME public.auth_group_permissions_id_seq
    START WITH 1
    INCREMENT BY 1
    NO MINVALUE
    NO MAXVALUE
    CACHE 1
);


--
-- Name: auth_permission; Type: TABLE; Schema: public; Owner: kameks_user
--

CREATE TABLE public.auth_permission (
    id integer NOT NULL,
    name character varying(255) NOT NULL,
    content_type_id integer NOT NULL,
    codename character varying(100) NOT NULL
);


ALTER TABLE public.auth_permission OWNER TO kameks_user;

--
-- Name: auth_permission_id_seq; Type: SEQUENCE; Schema: public; Owner: kameks_user
--

ALTER TABLE public.auth_permission ALTER COLUMN id ADD GENERATED BY DEFAULT AS IDENTITY (
    SEQUENCE NAME public.auth_permission_id_seq
    START WITH 1
    INCREMENT BY 1
    NO MINVALUE
    NO MAXVALUE
    CACHE 1
);


--
-- Name: auth_user; Type: TABLE; Schema: public; Owner: kameks_user
--

CREATE TABLE public.auth_user (
    id integer NOT NULL,
    password character varying(128) NOT NULL,
    last_login timestamp with time zone,
    is_superuser boolean NOT NULL,
    username character varying(150) NOT NULL,
    first_name character varying(150) NOT NULL,
    last_name character varying(150) NOT NULL,
    email character varying(254) NOT NULL,
    is_staff boolean NOT NULL,
    is_active boolean NOT NULL,
    date_joined timestamp with time zone NOT NULL
);


ALTER TABLE public.auth_user OWNER TO kameks_user;

--
-- Name: auth_user_groups; Type: TABLE; Schema: public; Owner: kameks_user
--

CREATE TABLE public.auth_user_groups (
    id bigint NOT NULL,
    user_id integer NOT NULL,
    group_id integer NOT NULL
);


ALTER TABLE public.auth_user_groups OWNER TO kameks_user;

--
-- Name: auth_user_groups_id_seq; Type: SEQUENCE; Schema: public; Owner: kameks_user
--

ALTER TABLE public.auth_user_groups ALTER COLUMN id ADD GENERATED BY DEFAULT AS IDENTITY (
    SEQUENCE NAME public.auth_user_groups_id_seq
    START WITH 1
    INCREMENT BY 1
    NO MINVALUE
    NO MAXVALUE
    CACHE 1
);


--
-- Name: auth_user_id_seq; Type: SEQUENCE; Schema: public; Owner: kameks_user
--

ALTER TABLE public.auth_user ALTER COLUMN id ADD GENERATED BY DEFAULT AS IDENTITY (
    SEQUENCE NAME public.auth_user_id_seq
    START WITH 1
    INCREMENT BY 1
    NO MINVALUE
    NO MAXVALUE
    CACHE 1
);


--
-- Name: auth_user_user_permissions; Type: TABLE; Schema: public; Owner: kameks_user
--

CREATE TABLE public.auth_user_user_permissions (
    id bigint NOT NULL,
    user_id integer NOT NULL,
    permission_id integer NOT NULL
);


ALTER TABLE public.auth_user_user_permissions OWNER TO kameks_user;

--
-- Name: auth_user_user_permissions_id_seq; Type: SEQUENCE; Schema: public; Owner: kameks_user
--

ALTER TABLE public.auth_user_user_permissions ALTER COLUMN id ADD GENERATED BY DEFAULT AS IDENTITY (
    SEQUENCE NAME public.auth_user_user_permissions_id_seq
    START WITH 1
    INCREMENT BY 1
    NO MINVALUE
    NO MAXVALUE
    CACHE 1
);


--
-- Name: catalog_analogue; Type: TABLE; Schema: public; Owner: kameks_user
--

CREATE TABLE public.catalog_analogue (
    id bigint NOT NULL,
    brand_name character varying(100) NOT NULL,
    part_number character varying(100) NOT NULL,
    product_id bigint NOT NULL
);


ALTER TABLE public.catalog_analogue OWNER TO kameks_user;

--
-- Name: catalog_analogue_id_seq; Type: SEQUENCE; Schema: public; Owner: kameks_user
--

ALTER TABLE public.catalog_analogue ALTER COLUMN id ADD GENERATED BY DEFAULT AS IDENTITY (
    SEQUENCE NAME public.catalog_analogue_id_seq
    START WITH 1
    INCREMENT BY 1
    NO MINVALUE
    NO MAXVALUE
    CACHE 1
);


--
-- Name: catalog_brand; Type: TABLE; Schema: public; Owner: kameks_user
--

CREATE TABLE public.catalog_brand (
    id bigint NOT NULL,
    name character varying(100) NOT NULL,
    slug character varying(50) NOT NULL,
    logo character varying(100) NOT NULL,
    description text NOT NULL,
    is_active boolean NOT NULL,
    "order" smallint NOT NULL,
    CONSTRAINT catalog_brand_order_check CHECK (("order" >= 0))
);


ALTER TABLE public.catalog_brand OWNER TO kameks_user;

--
-- Name: catalog_brand_id_seq; Type: SEQUENCE; Schema: public; Owner: kameks_user
--

ALTER TABLE public.catalog_brand ALTER COLUMN id ADD GENERATED BY DEFAULT AS IDENTITY (
    SEQUENCE NAME public.catalog_brand_id_seq
    START WITH 1
    INCREMENT BY 1
    NO MINVALUE
    NO MAXVALUE
    CACHE 1
);


--
-- Name: catalog_carmodel; Type: TABLE; Schema: public; Owner: kameks_user
--

CREATE TABLE public.catalog_carmodel (
    id bigint NOT NULL,
    name character varying(150) NOT NULL,
    slug character varying(50) NOT NULL,
    year_from smallint,
    year_to smallint,
    is_active boolean NOT NULL,
    brand_id bigint NOT NULL,
    CONSTRAINT catalog_carmodel_year_from_check CHECK ((year_from >= 0)),
    CONSTRAINT catalog_carmodel_year_to_check CHECK ((year_to >= 0))
);


ALTER TABLE public.catalog_carmodel OWNER TO kameks_user;

--
-- Name: catalog_carmodel_id_seq; Type: SEQUENCE; Schema: public; Owner: kameks_user
--

ALTER TABLE public.catalog_carmodel ALTER COLUMN id ADD GENERATED BY DEFAULT AS IDENTITY (
    SEQUENCE NAME public.catalog_carmodel_id_seq
    START WITH 1
    INCREMENT BY 1
    NO MINVALUE
    NO MAXVALUE
    CACHE 1
);


--
-- Name: catalog_category; Type: TABLE; Schema: public; Owner: kameks_user
--

CREATE TABLE public.catalog_category (
    id bigint NOT NULL,
    name character varying(150) NOT NULL,
    slug character varying(50) NOT NULL,
    image character varying(100) NOT NULL,
    icon character varying(50) NOT NULL,
    description text NOT NULL,
    is_active boolean NOT NULL,
    "order" smallint NOT NULL,
    parent_id bigint,
    CONSTRAINT catalog_category_order_check CHECK (("order" >= 0))
);


ALTER TABLE public.catalog_category OWNER TO kameks_user;

--
-- Name: catalog_category_id_seq; Type: SEQUENCE; Schema: public; Owner: kameks_user
--

ALTER TABLE public.catalog_category ALTER COLUMN id ADD GENERATED BY DEFAULT AS IDENTITY (
    SEQUENCE NAME public.catalog_category_id_seq
    START WITH 1
    INCREMENT BY 1
    NO MINVALUE
    NO MAXVALUE
    CACHE 1
);


--
-- Name: catalog_product; Type: TABLE; Schema: public; Owner: kameks_user
--

CREATE TABLE public.catalog_product (
    id bigint NOT NULL,
    name character varying(300) NOT NULL,
    slug character varying(350) NOT NULL,
    sku character varying(100) NOT NULL,
    oem_number character varying(100) NOT NULL,
    description text NOT NULL,
    price numeric(10,2) NOT NULL,
    discount_price numeric(10,2),
    stock integer NOT NULL,
    weight numeric(7,3),
    is_original boolean NOT NULL,
    is_active boolean NOT NULL,
    is_bestseller boolean NOT NULL,
    is_new boolean NOT NULL,
    created_at timestamp with time zone NOT NULL,
    updated_at timestamp with time zone NOT NULL,
    category_id bigint NOT NULL,
    no_sku boolean NOT NULL,
    CONSTRAINT catalog_product_stock_check CHECK ((stock >= 0))
);


ALTER TABLE public.catalog_product OWNER TO kameks_user;

--
-- Name: catalog_product_brands; Type: TABLE; Schema: public; Owner: kameks_user
--

CREATE TABLE public.catalog_product_brands (
    id bigint NOT NULL,
    product_id bigint NOT NULL,
    brand_id bigint NOT NULL
);


ALTER TABLE public.catalog_product_brands OWNER TO kameks_user;

--
-- Name: catalog_product_brands_id_seq; Type: SEQUENCE; Schema: public; Owner: kameks_user
--

ALTER TABLE public.catalog_product_brands ALTER COLUMN id ADD GENERATED BY DEFAULT AS IDENTITY (
    SEQUENCE NAME public.catalog_product_brands_id_seq
    START WITH 1
    INCREMENT BY 1
    NO MINVALUE
    NO MAXVALUE
    CACHE 1
);


--
-- Name: catalog_product_car_models; Type: TABLE; Schema: public; Owner: kameks_user
--

CREATE TABLE public.catalog_product_car_models (
    id bigint NOT NULL,
    product_id bigint NOT NULL,
    carmodel_id bigint NOT NULL
);


ALTER TABLE public.catalog_product_car_models OWNER TO kameks_user;

--
-- Name: catalog_product_car_models_id_seq; Type: SEQUENCE; Schema: public; Owner: kameks_user
--

ALTER TABLE public.catalog_product_car_models ALTER COLUMN id ADD GENERATED BY DEFAULT AS IDENTITY (
    SEQUENCE NAME public.catalog_product_car_models_id_seq
    START WITH 1
    INCREMENT BY 1
    NO MINVALUE
    NO MAXVALUE
    CACHE 1
);


--
-- Name: catalog_product_id_seq; Type: SEQUENCE; Schema: public; Owner: kameks_user
--

ALTER TABLE public.catalog_product ALTER COLUMN id ADD GENERATED BY DEFAULT AS IDENTITY (
    SEQUENCE NAME public.catalog_product_id_seq
    START WITH 1
    INCREMENT BY 1
    NO MINVALUE
    NO MAXVALUE
    CACHE 1
);


--
-- Name: catalog_productattribute; Type: TABLE; Schema: public; Owner: kameks_user
--

CREATE TABLE public.catalog_productattribute (
    id bigint NOT NULL,
    name character varying(150) NOT NULL,
    value character varying(300) NOT NULL,
    "order" smallint NOT NULL,
    product_id bigint NOT NULL,
    CONSTRAINT catalog_productattribute_order_check CHECK (("order" >= 0))
);


ALTER TABLE public.catalog_productattribute OWNER TO kameks_user;

--
-- Name: catalog_productattribute_id_seq; Type: SEQUENCE; Schema: public; Owner: kameks_user
--

ALTER TABLE public.catalog_productattribute ALTER COLUMN id ADD GENERATED BY DEFAULT AS IDENTITY (
    SEQUENCE NAME public.catalog_productattribute_id_seq
    START WITH 1
    INCREMENT BY 1
    NO MINVALUE
    NO MAXVALUE
    CACHE 1
);


--
-- Name: catalog_productimage; Type: TABLE; Schema: public; Owner: kameks_user
--

CREATE TABLE public.catalog_productimage (
    id bigint NOT NULL,
    image character varying(100) NOT NULL,
    is_main boolean NOT NULL,
    "order" smallint NOT NULL,
    product_id bigint NOT NULL,
    CONSTRAINT catalog_productimage_order_check CHECK (("order" >= 0))
);


ALTER TABLE public.catalog_productimage OWNER TO kameks_user;

--
-- Name: catalog_productimage_id_seq; Type: SEQUENCE; Schema: public; Owner: kameks_user
--

ALTER TABLE public.catalog_productimage ALTER COLUMN id ADD GENERATED BY DEFAULT AS IDENTITY (
    SEQUENCE NAME public.catalog_productimage_id_seq
    START WITH 1
    INCREMENT BY 1
    NO MINVALUE
    NO MAXVALUE
    CACHE 1
);


--
-- Name: django_admin_log; Type: TABLE; Schema: public; Owner: kameks_user
--

CREATE TABLE public.django_admin_log (
    id integer NOT NULL,
    action_time timestamp with time zone NOT NULL,
    object_id text,
    object_repr character varying(200) NOT NULL,
    action_flag smallint NOT NULL,
    change_message text NOT NULL,
    content_type_id integer,
    user_id integer NOT NULL,
    CONSTRAINT django_admin_log_action_flag_check CHECK ((action_flag >= 0))
);


ALTER TABLE public.django_admin_log OWNER TO kameks_user;

--
-- Name: django_admin_log_id_seq; Type: SEQUENCE; Schema: public; Owner: kameks_user
--

ALTER TABLE public.django_admin_log ALTER COLUMN id ADD GENERATED BY DEFAULT AS IDENTITY (
    SEQUENCE NAME public.django_admin_log_id_seq
    START WITH 1
    INCREMENT BY 1
    NO MINVALUE
    NO MAXVALUE
    CACHE 1
);


--
-- Name: django_content_type; Type: TABLE; Schema: public; Owner: kameks_user
--

CREATE TABLE public.django_content_type (
    id integer NOT NULL,
    app_label character varying(100) NOT NULL,
    model character varying(100) NOT NULL
);


ALTER TABLE public.django_content_type OWNER TO kameks_user;

--
-- Name: django_content_type_id_seq; Type: SEQUENCE; Schema: public; Owner: kameks_user
--

ALTER TABLE public.django_content_type ALTER COLUMN id ADD GENERATED BY DEFAULT AS IDENTITY (
    SEQUENCE NAME public.django_content_type_id_seq
    START WITH 1
    INCREMENT BY 1
    NO MINVALUE
    NO MAXVALUE
    CACHE 1
);


--
-- Name: django_migrations; Type: TABLE; Schema: public; Owner: kameks_user
--

CREATE TABLE public.django_migrations (
    id bigint NOT NULL,
    app character varying(255) NOT NULL,
    name character varying(255) NOT NULL,
    applied timestamp with time zone NOT NULL
);


ALTER TABLE public.django_migrations OWNER TO kameks_user;

--
-- Name: django_migrations_id_seq; Type: SEQUENCE; Schema: public; Owner: kameks_user
--

ALTER TABLE public.django_migrations ALTER COLUMN id ADD GENERATED BY DEFAULT AS IDENTITY (
    SEQUENCE NAME public.django_migrations_id_seq
    START WITH 1
    INCREMENT BY 1
    NO MINVALUE
    NO MAXVALUE
    CACHE 1
);


--
-- Name: django_session; Type: TABLE; Schema: public; Owner: kameks_user
--

CREATE TABLE public.django_session (
    session_key character varying(40) NOT NULL,
    session_data text NOT NULL,
    expire_date timestamp with time zone NOT NULL
);


ALTER TABLE public.django_session OWNER TO kameks_user;

--
-- Name: integration_exchange1clog; Type: TABLE; Schema: public; Owner: kameks_user
--

CREATE TABLE public.integration_exchange1clog (
    id bigint NOT NULL,
    filename character varying(255) NOT NULL,
    status character varying(20) NOT NULL,
    created_at timestamp with time zone NOT NULL,
    count_processed integer NOT NULL,
    count_created integer NOT NULL,
    count_price_updated integer NOT NULL,
    count_stock_updated integer NOT NULL,
    count_no_sku integer NOT NULL,
    count_errors integer NOT NULL,
    error_text text NOT NULL,
    details text NOT NULL,
    CONSTRAINT integration_exchange1clog_count_created_check CHECK ((count_created >= 0)),
    CONSTRAINT integration_exchange1clog_count_errors_check CHECK ((count_errors >= 0)),
    CONSTRAINT integration_exchange1clog_count_no_sku_check CHECK ((count_no_sku >= 0)),
    CONSTRAINT integration_exchange1clog_count_price_updated_check CHECK ((count_price_updated >= 0)),
    CONSTRAINT integration_exchange1clog_count_processed_check CHECK ((count_processed >= 0)),
    CONSTRAINT integration_exchange1clog_count_stock_updated_check CHECK ((count_stock_updated >= 0))
);


ALTER TABLE public.integration_exchange1clog OWNER TO kameks_user;

--
-- Name: integration_exchange1clog_id_seq; Type: SEQUENCE; Schema: public; Owner: kameks_user
--

ALTER TABLE public.integration_exchange1clog ALTER COLUMN id ADD GENERATED BY DEFAULT AS IDENTITY (
    SEQUENCE NAME public.integration_exchange1clog_id_seq
    START WITH 1
    INCREMENT BY 1
    NO MINVALUE
    NO MAXVALUE
    CACHE 1
);


--
-- Name: integration_productbackup; Type: TABLE; Schema: public; Owner: kameks_user
--

CREATE TABLE public.integration_productbackup (
    id bigint NOT NULL,
    product_id integer NOT NULL,
    sku character varying(100) NOT NULL,
    name character varying(300) NOT NULL,
    price numeric(10,2) NOT NULL,
    stock integer NOT NULL,
    is_active boolean NOT NULL,
    action character varying(20) NOT NULL,
    log_id bigint NOT NULL,
    CONSTRAINT integration_productbackup_product_id_check CHECK ((product_id >= 0)),
    CONSTRAINT integration_productbackup_stock_check CHECK ((stock >= 0))
);


ALTER TABLE public.integration_productbackup OWNER TO kameks_user;

--
-- Name: integration_productbackup_id_seq; Type: SEQUENCE; Schema: public; Owner: kameks_user
--

ALTER TABLE public.integration_productbackup ALTER COLUMN id ADD GENERATED BY DEFAULT AS IDENTITY (
    SEQUENCE NAME public.integration_productbackup_id_seq
    START WITH 1
    INCREMENT BY 1
    NO MINVALUE
    NO MAXVALUE
    CACHE 1
);


--
-- Name: main_advantage; Type: TABLE; Schema: public; Owner: kameks_user
--

CREATE TABLE public.main_advantage (
    id bigint NOT NULL,
    icon character varying(50) NOT NULL,
    title character varying(100) NOT NULL,
    description text NOT NULL,
    "order" smallint NOT NULL,
    CONSTRAINT main_advantage_order_check CHECK (("order" >= 0))
);


ALTER TABLE public.main_advantage OWNER TO kameks_user;

--
-- Name: main_advantage_id_seq; Type: SEQUENCE; Schema: public; Owner: kameks_user
--

ALTER TABLE public.main_advantage ALTER COLUMN id ADD GENERATED BY DEFAULT AS IDENTITY (
    SEQUENCE NAME public.main_advantage_id_seq
    START WITH 1
    INCREMENT BY 1
    NO MINVALUE
    NO MAXVALUE
    CACHE 1
);


--
-- Name: main_banner; Type: TABLE; Schema: public; Owner: kameks_user
--

CREATE TABLE public.main_banner (
    id bigint NOT NULL,
    title character varying(200) NOT NULL,
    subtitle character varying(300) NOT NULL,
    image character varying(100) NOT NULL,
    button_text character varying(50) NOT NULL,
    button_url character varying(200) NOT NULL,
    is_active boolean NOT NULL,
    "order" smallint NOT NULL,
    CONSTRAINT main_banner_order_check CHECK (("order" >= 0))
);


ALTER TABLE public.main_banner OWNER TO kameks_user;

--
-- Name: main_banner_id_seq; Type: SEQUENCE; Schema: public; Owner: kameks_user
--

ALTER TABLE public.main_banner ALTER COLUMN id ADD GENERATED BY DEFAULT AS IDENTITY (
    SEQUENCE NAME public.main_banner_id_seq
    START WITH 1
    INCREMENT BY 1
    NO MINVALUE
    NO MAXVALUE
    CACHE 1
);


--
-- Name: main_partner; Type: TABLE; Schema: public; Owner: kameks_user
--

CREATE TABLE public.main_partner (
    id bigint NOT NULL,
    name character varying(100) NOT NULL,
    logo character varying(100) NOT NULL,
    website character varying(200) NOT NULL,
    "order" smallint NOT NULL,
    is_active boolean NOT NULL,
    CONSTRAINT main_partner_order_check CHECK (("order" >= 0))
);


ALTER TABLE public.main_partner OWNER TO kameks_user;

--
-- Name: main_partner_id_seq; Type: SEQUENCE; Schema: public; Owner: kameks_user
--

ALTER TABLE public.main_partner ALTER COLUMN id ADD GENERATED BY DEFAULT AS IDENTITY (
    SEQUENCE NAME public.main_partner_id_seq
    START WITH 1
    INCREMENT BY 1
    NO MINVALUE
    NO MAXVALUE
    CACHE 1
);


--
-- Name: main_review; Type: TABLE; Schema: public; Owner: kameks_user
--

CREATE TABLE public.main_review (
    id bigint NOT NULL,
    author_name character varying(100) NOT NULL,
    author_company character varying(150) NOT NULL,
    text text NOT NULL,
    rating smallint NOT NULL,
    is_active boolean NOT NULL,
    created_at date NOT NULL,
    CONSTRAINT main_review_rating_check CHECK ((rating >= 0))
);


ALTER TABLE public.main_review OWNER TO kameks_user;

--
-- Name: main_review_id_seq; Type: SEQUENCE; Schema: public; Owner: kameks_user
--

ALTER TABLE public.main_review ALTER COLUMN id ADD GENERATED BY DEFAULT AS IDENTITY (
    SEQUENCE NAME public.main_review_id_seq
    START WITH 1
    INCREMENT BY 1
    NO MINVALUE
    NO MAXVALUE
    CACHE 1
);


--
-- Name: orders_order; Type: TABLE; Schema: public; Owner: kameks_user
--

CREATE TABLE public.orders_order (
    id bigint NOT NULL,
    first_name character varying(100) NOT NULL,
    last_name character varying(100) NOT NULL,
    phone character varying(20) NOT NULL,
    email character varying(254) NOT NULL,
    company character varying(200) NOT NULL,
    delivery_type character varying(30) NOT NULL,
    delivery_address text NOT NULL,
    delivery_city character varying(100) NOT NULL,
    payment_type character varying(20) NOT NULL,
    status character varying(20) NOT NULL,
    comment text NOT NULL,
    total_price numeric(12,2) NOT NULL,
    created_at timestamp with time zone NOT NULL,
    updated_at timestamp with time zone NOT NULL,
    user_id integer,
    exported_at timestamp with time zone,
    exported_to_1c boolean NOT NULL,
    stock_deducted boolean NOT NULL
);


ALTER TABLE public.orders_order OWNER TO kameks_user;

--
-- Name: orders_order_id_seq; Type: SEQUENCE; Schema: public; Owner: kameks_user
--

ALTER TABLE public.orders_order ALTER COLUMN id ADD GENERATED BY DEFAULT AS IDENTITY (
    SEQUENCE NAME public.orders_order_id_seq
    START WITH 1
    INCREMENT BY 1
    NO MINVALUE
    NO MAXVALUE
    CACHE 1
);


--
-- Name: orders_orderitem; Type: TABLE; Schema: public; Owner: kameks_user
--

CREATE TABLE public.orders_orderitem (
    id bigint NOT NULL,
    price numeric(10,2) NOT NULL,
    quantity integer NOT NULL,
    order_id bigint NOT NULL,
    product_id bigint NOT NULL,
    CONSTRAINT orders_orderitem_quantity_check CHECK ((quantity >= 0))
);


ALTER TABLE public.orders_orderitem OWNER TO kameks_user;

--
-- Name: orders_orderitem_id_seq; Type: SEQUENCE; Schema: public; Owner: kameks_user
--

ALTER TABLE public.orders_orderitem ALTER COLUMN id ADD GENERATED BY DEFAULT AS IDENTITY (
    SEQUENCE NAME public.orders_orderitem_id_seq
    START WITH 1
    INCREMENT BY 1
    NO MINVALUE
    NO MAXVALUE
    CACHE 1
);


--
-- Data for Name: accounts_userprofile; Type: TABLE DATA; Schema: public; Owner: kameks_user
--

COPY public.accounts_userprofile (id, phone, company_name, inn, address, avatar, user_id) FROM stdin;
1						1
2						2
5						5
6	+79600627002					6
7						7
\.


--
-- Data for Name: auth_group; Type: TABLE DATA; Schema: public; Owner: kameks_user
--

COPY public.auth_group (id, name) FROM stdin;
\.


--
-- Data for Name: auth_group_permissions; Type: TABLE DATA; Schema: public; Owner: kameks_user
--

COPY public.auth_group_permissions (id, group_id, permission_id) FROM stdin;
\.


--
-- Data for Name: auth_permission; Type: TABLE DATA; Schema: public; Owner: kameks_user
--

COPY public.auth_permission (id, name, content_type_id, codename) FROM stdin;
1	Can add log entry	1	add_logentry
2	Can change log entry	1	change_logentry
3	Can delete log entry	1	delete_logentry
4	Can view log entry	1	view_logentry
5	Can add permission	2	add_permission
6	Can change permission	2	change_permission
7	Can delete permission	2	delete_permission
8	Can view permission	2	view_permission
9	Can add group	3	add_group
10	Can change group	3	change_group
11	Can delete group	3	delete_group
12	Can view group	3	view_group
13	Can add user	4	add_user
14	Can change user	4	change_user
15	Can delete user	4	delete_user
16	Can view user	4	view_user
17	Can add content type	5	add_contenttype
18	Can change content type	5	change_contenttype
19	Can delete content type	5	delete_contenttype
20	Can view content type	5	view_contenttype
21	Can add session	6	add_session
22	Can change session	6	change_session
23	Can delete session	6	delete_session
24	Can view session	6	view_session
25	Can add Преимущество	7	add_advantage
26	Can change Преимущество	7	change_advantage
27	Can delete Преимущество	7	delete_advantage
28	Can view Преимущество	7	view_advantage
29	Can add Баннер	8	add_banner
30	Can change Баннер	8	change_banner
31	Can delete Баннер	8	delete_banner
32	Can view Баннер	8	view_banner
33	Can add Партнёр	9	add_partner
34	Can change Партнёр	9	change_partner
35	Can delete Партнёр	9	delete_partner
36	Can view Партнёр	9	view_partner
37	Can add Отзыв	10	add_review
38	Can change Отзыв	10	change_review
39	Can delete Отзыв	10	delete_review
40	Can view Отзыв	10	view_review
41	Can add Марка автомобиля	11	add_brand
42	Can change Марка автомобиля	11	change_brand
43	Can delete Марка автомобиля	11	delete_brand
44	Can view Марка автомобиля	11	view_brand
45	Can add Модель автомобиля	12	add_carmodel
46	Can change Модель автомобиля	12	change_carmodel
47	Can delete Модель автомобиля	12	delete_carmodel
48	Can view Модель автомобиля	12	view_carmodel
49	Can add Категория	13	add_category
50	Can change Категория	13	change_category
51	Can delete Категория	13	delete_category
52	Can view Категория	13	view_category
53	Can add Товар	14	add_product
54	Can change Товар	14	change_product
55	Can delete Товар	14	delete_product
56	Can view Товар	14	view_product
57	Can add Аналог	15	add_analogue
58	Can change Аналог	15	change_analogue
59	Can delete Аналог	15	delete_analogue
60	Can view Аналог	15	view_analogue
61	Can add Фото товара	16	add_productimage
62	Can change Фото товара	16	change_productimage
63	Can delete Фото товара	16	delete_productimage
64	Can view Фото товара	16	view_productimage
65	Can add Заказ	17	add_order
66	Can change Заказ	17	change_order
67	Can delete Заказ	17	delete_order
68	Can view Заказ	17	view_order
69	Can add Позиция заказа	18	add_orderitem
70	Can change Позиция заказа	18	change_orderitem
71	Can delete Позиция заказа	18	delete_orderitem
72	Can view Позиция заказа	18	view_orderitem
73	Can add Профиль пользователя	19	add_userprofile
74	Can change Профиль пользователя	19	change_userprofile
75	Can delete Профиль пользователя	19	delete_userprofile
76	Can view Профиль пользователя	19	view_userprofile
77	Can add Характеристика товара	20	add_productattribute
78	Can change Характеристика товара	20	change_productattribute
79	Can delete Характеристика товара	20	delete_productattribute
80	Can view Характеристика товара	20	view_productattribute
81	Can add Лог обмена с 1С	21	add_exchange1clog
82	Can change Лог обмена с 1С	21	change_exchange1clog
83	Can delete Лог обмена с 1С	21	delete_exchange1clog
84	Can view Лог обмена с 1С	21	view_exchange1clog
85	Can add Бэкап товара	22	add_productbackup
86	Can change Бэкап товара	22	change_productbackup
87	Can delete Бэкап товара	22	delete_productbackup
88	Can view Бэкап товара	22	view_productbackup
\.


--
-- Data for Name: auth_user; Type: TABLE DATA; Schema: public; Owner: kameks_user
--

COPY public.auth_user (id, password, last_login, is_superuser, username, first_name, last_name, email, is_staff, is_active, date_joined) FROM stdin;
1	pbkdf2_sha256$720000$6hbnhlDByUdM3Ajr6dvuPs$ca745ap7ZvStfojNbS/992c7DVFUwemhXHLE7qZYDRQ=	2026-05-27 11:52:43.00119+00	f	фыв	фыыы	фяяя	mail@mail.ru	f	t	2026-05-27 11:52:42.848887+00
2	pbkdf2_sha256$720000$I3veGV8jHLj265CtkouGga$UfxkD8+RgYTH7Fz7fl7/gmywF9q8kkPOPaq0nE97/ss=	2026-05-27 13:08:22.12272+00	f	Overboss	Андрей	Семенович	111171@mail.ru	f	t	2026-05-27 13:08:21.965283+00
4	pbkdf2_sha256$720000$EQdXDOcvBm1ZivGbOgec1U$vNq+hP8ZM2MoyE5NRX1ASwHaDTsUh2xPg7Pkjjc1+dg=	2026-05-31 02:17:21.470288+00	f	huntekroks	Андрей	Настин	andryusha.ezh@mail.ru	f	t	2026-05-31 02:17:21.318795+00
5	pbkdf2_sha256$720000$cauGIPPUfXfsa4KBIpVi6C$61IdEd/pCQoqVv/IJfvkvgyPnpvIln3Y46HdDswGfyI=	2026-05-31 02:18:02.966968+00	f	plysh_katya	катя	плюш	smelaya_katya00@mail.ru	f	t	2026-05-31 02:18:02.822264+00
6	pbkdf2_sha256$720000$DmWargFRvSsujCNYxacis9$IRd1wOHFsfJzUXQP78uHtEm49AMTzZt0QCEks8o/98s=	2026-05-31 02:38:28.393581+00	f	andryusha.nastin04	Андрей		andryusha.nastin04@mail.ru	f	t	2026-05-31 02:37:39.618291+00
3	pbkdf2_sha256$720000$Rzp33WpXancV8tsDFj3iCl$1oWepncRh99GTdD58rDfIppzKKLZQs+SrgCyp7D6tIg=	2026-05-31 03:32:28.680833+00	t	admin			andryusha.ezh@mail.ru	t	t	2026-05-28 22:22:23.07862+00
7	pbkdf2_sha256$720000$8chxM3MbXh3ZvRULlaTVIv$OjO62qVXiq11SXeFkA6pOnb8lK0w1Dw9daBCAdjaJqo=	2026-05-31 08:23:06.005944+00	t	111171			111171@mail.ru	t	t	2026-05-31 08:22:41.826882+00
\.


--
-- Data for Name: auth_user_groups; Type: TABLE DATA; Schema: public; Owner: kameks_user
--

COPY public.auth_user_groups (id, user_id, group_id) FROM stdin;
\.


--
-- Data for Name: auth_user_user_permissions; Type: TABLE DATA; Schema: public; Owner: kameks_user
--

COPY public.auth_user_user_permissions (id, user_id, permission_id) FROM stdin;
\.


--
-- Data for Name: catalog_analogue; Type: TABLE DATA; Schema: public; Owner: kameks_user
--

COPY public.catalog_analogue (id, brand_name, part_number, product_id) FROM stdin;
\.


--
-- Data for Name: catalog_brand; Type: TABLE DATA; Schema: public; Owner: kameks_user
--

COPY public.catalog_brand (id, name, slug, logo, description, is_active, "order") FROM stdin;
1	КАМАЗ	kamaz		Камский автомобильный завод	t	1
2	МАЗ	maz		Минский автомобильный завод	t	2
3	Урал	ural		Автомобильный завод Урал	t	3
4	КрАЗ	kraz		Кременчугский автозавод	t	4
6	ЗИЛ	zil			t	10
7	ЛиАЗ	liaz			t	11
8	НЕФАЗ	nefaz			t	12
9	Икарус	ikarus			t	13
10	ГАЗ	gaz			t	14
11	МТЗ	mtz			t	15
5	ЯМЗ	yamz		Ярославский моторный завод	t	5
12	ПАЗ	paz			t	0
\.


--
-- Data for Name: catalog_carmodel; Type: TABLE DATA; Schema: public; Owner: kameks_user
--

COPY public.catalog_carmodel (id, name, slug, year_from, year_to, is_active, brand_id) FROM stdin;
1	65115	65115	2003	\N	t	1
2	65117	65117	2007	\N	t	1
3	6520	6520	2002	\N	t	1
4	5490	5490	2013	\N	t	1
5	43118	43118	1996	\N	t	1
6	5440	5440	2002	\N	t	2
7	6501	6501	2005	\N	t	2
8	5550	5550	1995	\N	t	2
9	4320	4320	1977	\N	t	3
10	6370	6370	2007	\N	t	3
11	255	255	1967	1994	t	4
12	6510	6510	1994	\N	t	4
13	238	238	1965	\N	t	5
14	536	536	2010	\N	t	5
\.


--
-- Data for Name: catalog_category; Type: TABLE DATA; Schema: public; Owner: kameks_user
--

COPY public.catalog_category (id, name, slug, image, icon, description, is_active, "order", parent_id) FROM stdin;
7325	Ходовая часть	hodovaya		bi-car-front		t	1	\N
7326	Амортизаторы	amortizatory				t	1	7325
7327	Амортизаторы подвески	amort-podveski				t	0	7326
7328	Амортизаторы кабины	amort-kabiny				t	1	7326
7329	Амортизаторы сиденья	amort-sidenya				t	2	7326
7330	Рессоры и детали	ressory				t	2	7325
7331	Рессоры	ressory-list				t	0	7330
7332	Стремянки	stremyanki				t	1	7330
7333	Реактивные штанги	reaktivnye-shtangi				t	3	7325
7334	Вкладыши штанг	vkladyshi-shtang				t	0	7333
7335	Домкраты	domkraty				t	4	7325
7336	Домкраты	domkraty-list				t	0	7335
7337	Трансмиссия	transmissiya		bi-gear		t	2	\N
7338	Валы карданные	valy-kardannye				t	1	7337
7423	Фары	fary				t	2	7420
7339	Валы карданные КАМАЗ	valy-kamaz				t	0	7338
7340	Валы карданные МАЗ	valy-maz				t	1	7338
7341	Валы карданные КрАЗ	valy-kraz				t	2	7338
7342	Валы карданные Урал	valy-ural				t	3	7338
7343	Крестовины	krestoviny				t	2	7337
7344	Крестовины карданные	krestoviny-list				t	0	7343
7345	Вкладыши и втулки	vkladyshi				t	3	7337
7346	Вкладыши коренные	vkladyshi-korennye				t	0	7345
7347	Вкладыши шатунные	vkladyshi-shatunnye				t	1	7345
7348	Втулки распредвала	vtulki-raspredvala				t	2	7345
7349	КПП и сцепление	kpp				t	4	7337
7350	Детали КПП	detali-kpp				t	0	7349
7351	Мосты и балансиры	mosty				t	5	7337
7352	Детали мостов	detali-mostov				t	0	7351
7353	Шланги МОД	shlangi-mod				t	1	7351
7354	Тормозная система	tormoza		bi-record-circle		t	3	\N
7355	Тормозная аппаратура	torm-apparatura				t	1	7354
7356	Головки соединительные	golovki-palm				t	0	7355
7357	Клапаны	klapany				t	1	7355
7358	Влагоотделители	vlagootdeliteli				t	2	7355
7359	Энергоаккумуляторы	energoakkumulyatory				t	3	7355
7360	Регуляторы тормозных сил	regulyatory-torm				t	4	7355
7361	Тормозная аппаратура прочее	torm-apparatura-prochee				t	5	7355
7362	Тормозные камеры	torm-kamery				t	2	7354
7363	Камеры тормозные	kamery-list				t	0	7362
7364	Компрессоры	kompressory				t	3	7354
7365	Компрессоры тормозные	komp-list				t	0	7364
7366	Тормозные колодки	torm-kolodki				t	4	7354
7367	Колодки и накладки	kolodki-list				t	0	7366
7368	Двигатель	dvigatel		bi-engine		t	4	\N
7369	Прокладки и уплотнения	prokladki				t	1	7368
7370	Прокладки головки блока	prokladki-gbts				t	0	7369
7371	Прокладки клапанной крышки	prokladki-klapan				t	1	7369
7372	Прокладки коллектора	prokladki-kollektor				t	2	7369
7373	Манжеты и сальники	manzhety				t	3	7369
7374	РТИ и уплотнения	rti				t	4	7369
7375	Прокладки прочие	prokladki-prochie				t	5	7369
7376	Фильтры	filtry				t	2	7368
7377	Фильтры масляные	filtry-maslo				t	0	7376
7378	Фильтры топливные	filtry-toplivo				t	1	7376
7379	Фильтры воздушные	filtry-vozdukh				t	2	7376
7380	Воздухозаборники	vozdukhozaborniki				t	3	7376
7381	Детали ЦПГ	tspg				t	3	7368
7382	Поршневые кольца	porshnevye-kolca				t	0	7381
7383	Гильзы цилиндров	gilzy				t	1	7381
7384	Поршневая группа	porshnevaya				t	2	7381
7385	Детали маховика	makhodik				t	3	7381
7386	Система охлаждения	okhlazhdenie				t	4	7368
7387	Радиаторы	radiatory				t	0	7386
7388	Патрубки и шланги охлаждения	patrubki				t	1	7386
7389	Ремни и натяжители	remni				t	2	7386
7390	Водяной насос и ремкомплекты	vodyanoy-nasos				t	3	7386
7391	Система смазки	smazka				t	5	7368
7392	Масляный насос и ремкомплекты	maslyany-nasos				t	0	7391
7393	Турбокомпрессор	turbokompressor				t	6	7368
7394	ТКР и запчасти	tkr				t	0	7393
7395	Рулевое управление	rulevoe		bi-steering		t	5	\N
7396	ГУР и насосы	gur				t	1	7395
7397	Гидроусилители	gidroupraviteli				t	0	7396
7398	Насосы ГУРа	nasosy-gur				t	1	7396
7399	Ремкомплекты ГУРа	remk-gur				t	2	7396
7400	Гидроцилиндры	gidrotsilindry				t	3	7396
7401	Насосы шестерённые НШ	nsh				t	2	7395
7402	НШ	nsh-list				t	0	7401
7403	Рулевые тяги	rulevye-tyagi				t	3	7395
7404	Тяги рулевые	tyagi-list				t	0	7403
7405	Электрооборудование	elektro		bi-lightning		t	6	\N
7406	Генераторы	generatory				t	1	7405
7407	Генераторы	generatory-list				t	0	7406
7408	Регуляторы напряжения	regulyatory-napryazheniya				t	1	7406
7409	Стартеры	startery				t	2	7405
7410	Стартеры	startery-list				t	0	7409
7411	Бендиксы	bendiksy				t	1	7409
7412	Реле втягивающее	rele-vtyagivayushchee				t	2	7409
7413	Запчасти стартера	zapchasti-startera				t	3	7409
7414	Датчики и реле	datchiki				t	3	7405
7415	Датчики	datchiki-list				t	0	7414
7416	Реле	rele-list				t	1	7414
7417	Амперметры	ampmetry				t	2	7414
7418	Выключатели	vyklyuchateli				t	3	7414
7419	Реле поворота	rele-povorota				t	4	7414
7420	Оптика	optika				t	4	7405
7421	Лампы	lampy				t	0	7420
7422	Фонари	fonari				t	1	7420
7424	Указатели поворота	ukazateli-povorota				t	3	7420
7425	Стёкла фар	stekla-far				t	4	7420
7426	Щётки электрических машин	shchetki				t	5	7405
7427	Щётки генератора	shchetki-generatora				t	0	7426
7428	Щётки стартера	shchetki-startera				t	1	7426
7429	Электрооборудование прочее	elektro-prochee				t	6	7405
7430	Конвертеры 24/12В	konvertery				t	0	7429
7431	Аккумуляторные узлы	akb				t	1	7429
7432	Пневмосистема	pnevmo		bi-wind		t	7	\N
7433	Шланги и трубки	shlangi-pnevmo				t	1	7432
7434	Шланги пневматические	shlangi-list				t	0	7433
7435	Фитинги и хомуты	fitingi				t	2	7432
7436	Фитинги	fitingi-list				t	0	7435
7437	Хомуты	khomut				t	1	7435
7438	Кузов и кабина	kuzov		bi-truck		t	8	\N
7439	Замки и ручки дверей	zamki				t	1	7438
7440	Замки дверей	zamki-list				t	0	7439
7441	Ручки дверей	ruchki				t	1	7439
7442	Стеклоподъёмники	steklopodyomniki				t	2	7439
7443	Тяги управления	tyagi-upravleniya				t	3	7439
7444	Облицовка и панели	oblitsovka				t	2	7438
7445	Панели кабины	paneli				t	0	7444
7446	Запасные части прочие	prochee		bi-box		t	9	\N
7447	Прочие детали	prochie-detali				t	1	7446
7448	Прочие детали	prochie-list				t	0	7447
\.


--
-- Data for Name: catalog_product; Type: TABLE DATA; Schema: public; Owner: kameks_user
--

COPY public.catalog_product (id, name, slug, sku, oem_number, description, price, discount_price, stock, weight, is_original, is_active, is_bestseller, is_new, created_at, updated_at, category_id, no_sku) FROM stdin;
9455	Амортизатор п/кабину  г.Гродно 90/271	112905005-53-2	11.2905005-53 (в уп.2шт.)			1750.00	\N	14	\N	t	t	f	f	2026-05-31 08:49:44.603289+00	2026-05-31 09:00:46.842973+00	7328	f
9456	Амортизатор п/сиденье  г.Гродно 110/200(шток 12,цилиндр 30)	116809010	11.6809010			1721.00	\N	11	\N	t	t	f	f	2026-05-31 08:49:44.605352+00	2026-05-31 09:00:46.845343+00	7328	f
9457	Амортизатор передней подвески  г.Гродно	4310-2905006-300485	4310-2905006 300/485			6899.00	\N	20	\N	t	t	f	f	2026-05-31 08:49:44.607021+00	2026-05-31 09:00:46.846932+00	7327	f
9458	Амортизатор передней подвески  г.Гродно 275/460	53212-2905006-02	53212-2905006-02 Пластм.			3670.00	\N	18	\N	t	t	f	f	2026-05-31 08:49:44.611639+00	2026-05-31 09:00:46.848315+00	7327	f
9459	Амортизатор передней подвески  г.Гродно 275/460	53212-2905006-01	53212-2905006-01 Метал.			5623.00	\N	26	\N	t	t	f	f	2026-05-31 08:49:44.614776+00	2026-05-31 09:00:46.849718+00	7327	f
9460	Амортизатор Икарус г. Гродно	5042905005-245450	50.4.2905005 245/450			5000.00	\N	12	\N	t	t	f	f	2026-05-31 08:49:44.617852+00	2026-05-31 09:00:46.851357+00	7327	f
9461	Амортизатор ЛИАЗ УКРАИНА	152-2905006-11230450	152-2905006-11(230/450)			1600.00	\N	16	\N	t	t	f	f	2026-05-31 08:49:44.62096+00	2026-05-31 09:00:46.852867+00	7327	f
9462	Амортизатор МАЗ, КАМАЗ 6520 г. Гродно 325/500	5022905005-325500	50.2.2905005 325/500			4009.00	\N	15	\N	t	t	f	f	2026-05-31 08:49:44.623911+00	2026-05-31 09:00:46.854252+00	7327	f
9463	Амортизатор НЕФАЗ, ЛИАЗ г.Гродно	5062905005-230450	50.6.2905005 230/450			4140.00	\N	16	\N	t	t	f	f	2026-05-31 08:49:44.627048+00	2026-05-31 09:00:46.855645+00	7327	f
9464	Амортизатор УРАЛ, КРАЗ, (43118)  300/475 г. Гродно	5052905005-300475	50.5.2905005   (300/475)			3980.00	\N	20	\N	t	t	f	f	2026-05-31 08:49:44.630089+00	2026-05-31 09:00:46.857048+00	7327	f
9465	Камера передняя тип 16 ЗИЛ  (ход штока 58мм)	100-3519010-01	100-3519010-01			1050.00	\N	29	\N	t	t	f	f	2026-05-31 08:49:44.633286+00	2026-05-31 09:00:46.858472+00	7327	f
9466	Камера передняя тип 16 ЗИЛ длинн. шток г.Гродно (шток 88мм)	100-3519010-11	100-3519010-11			1060.00	\N	14	\N	t	t	f	f	2026-05-31 08:49:44.636476+00	2026-05-31 09:00:46.859861+00	7327	f
9467	Камера передняя тип 24 г.Гродно L=2.5cм	243519010-01	24.3519010-01 корот. шток			1070.00	\N	16	\N	t	t	f	f	2026-05-31 08:49:44.639443+00	2026-05-31 09:00:46.861223+00	7327	f
9468	Камера передняя тип 24 г.Гродно L=5,5	243519010-11	24.3519010-11			2879.00	\N	18	\N	t	t	f	f	2026-05-31 08:49:44.641021+00	2026-05-31 09:00:46.862638+00	7327	f
9469	Камера тормозная (4310), МАЗ 24/24  г.Гродно	243519200-04	24.3519200-04			13857.00	\N	20	\N	t	t	f	f	2026-05-31 08:49:44.642675+00	2026-05-31 09:00:46.86401+00	7327	f
9470	Камера тормозная (5320) 20/20 г.Гродно	203519100-02	20.3519100-02			5476.00	\N	19	\N	t	t	f	f	2026-05-31 08:49:44.645801+00	2026-05-31 09:00:46.865535+00	7327	f
9473	Камера тормозная тип 30 МАЗ, КРАЗ г. Гродно (шток 58 мм) (19.3519310-02)	303519010	30.3519010			1350.00	\N	10	\N	t	t	f	f	2026-05-31 08:49:44.654486+00	2026-05-31 09:00:46.869921+00	7327	f
9474	Камера тормозная тип 30/24 КАМАЗ 6520 г.Гродно	303519200	30.3519200			6939.00	\N	7	\N	t	t	f	f	2026-05-31 08:49:44.657565+00	2026-05-31 09:00:46.871365+00	7327	f
9475	Камера тормозная тип 30/30 г.Гродно	303519300-10	30.3519300-10			15183.00	\N	12	\N	t	t	f	f	2026-05-31 08:49:44.660623+00	2026-05-31 09:00:46.87286+00	7327	f
9476	Амортизатор п/п КАМАЗ метал. Первоуральск	4012905005-4310	П40.1.2905005  (4310)			2811.00	\N	22	\N	t	t	f	f	2026-05-31 08:49:44.66214+00	2026-05-31 09:00:46.874249+00	7327	f
9477	Амортизатор НЕФАЗ метал. (ПААЗ)	506-2905005-245450	П50.6-2905005 245х450			3980.00	\N	20	\N	t	t	f	f	2026-05-31 08:49:44.665118+00	2026-05-31 09:00:46.875721+00	7327	f
9478	Амортизатор Икарус, НЕФАЗ г.Барановичи	2-2454502905006152	А2-245/450.2905006(152)			4500.00	\N	27	\N	t	t	f	f	2026-05-31 08:49:44.668243+00	2026-05-31 09:00:46.877109+00	7327	f
9479	Амортизатор КАМАЗ усил., ПАЗ г.Барановичи	1-275460290500622	А1-275/460.2905006(22)			4119.00	\N	19	\N	t	t	f	f	2026-05-31 08:49:44.671236+00	2026-05-31 09:00:46.878573+00	7327	f
9480	Амортизатор п/прицеп МАЗ г.Барановичи	1-2374122905006-41	А1-237/412.2905006-41			4500.00	\N	19	\N	t	t	f	f	2026-05-31 08:49:44.674658+00	2026-05-31 09:00:46.880027+00	7327	f
9471	Камера тормозная тип 12/20 с энергоаккумулятором ЛИАЗ  г. Гродно	123519110-01	12.3519110-01			5150.00	\N	13	\N	t	t	f	f	2026-05-31 08:49:44.64879+00	2026-05-31 09:00:46.867147+00	7327	f
9472	Камера тормозная тип 20 МАЗ (шток 57 мм)  г. Гродно	183519110	18.3519110			2794.00	\N	12	\N	t	t	f	f	2026-05-31 08:49:44.651595+00	2026-05-31 09:00:46.868565+00	7327	f
9481	Амортизатор КАМАЗ 4308 г.Барановичи	1-2754502905006	А1-275/450.2905006			4175.00	\N	15	\N	t	t	f	f	2026-05-31 08:49:44.677525+00	2026-05-31 09:00:46.881448+00	7327	f
9482	Амортизатор МАЗ г.Барановичи 315/500	54327-2915006-10	54327-2915006-10			4500.00	\N	6	\N	t	t	f	f	2026-05-31 08:49:44.680438+00	2026-05-31 09:00:46.882931+00	7327	f
9483	Амортизатор МАЗ г. Барановичи 240/425	54327-2915006-50	54327-2915006-50			4500.00	\N	11	\N	t	t	f	f	2026-05-31 08:49:44.683319+00	2026-05-31 09:00:46.88437+00	7327	f
9484	Амортизатор МАЗ г.Барановичи 265/450	54327-2915006-30	54327-2915006-30			4500.00	\N	19	\N	t	t	f	f	2026-05-31 08:49:44.686129+00	2026-05-31 09:00:46.885814+00	7327	f
9485	Амортизатор ЕВРО, ЛиАЗ,НЕФАЗ(5460) г.Барановичи	2-2304502905006152	А2-230/450.2905006(152)			4500.00	\N	22	\N	t	t	f	f	2026-05-31 08:49:44.689015+00	2026-05-31 09:00:46.887223+00	7327	f
9486	Амортизатор МАЗ 190/425	54327-2915006-60	54327-2915006-60			4500.00	\N	19	\N	t	t	f	f	2026-05-31 08:49:44.692199+00	2026-05-31 09:00:46.888648+00	7327	f
9487	Амортизатор МАЗ, КАМАЗ 6520 г.Барановичи	1-3255002905006-11	А1-325/500.2905006-11			4100.00	\N	15	\N	t	t	f	f	2026-05-31 08:49:44.695199+00	2026-05-31 09:00:46.890027+00	7327	f
9488	Амортизатор МАЗ (290/475)	54327-2915006-20	54327-2915006-20			3229.00	\N	11	\N	t	t	f	f	2026-05-31 08:49:44.698235+00	2026-05-31 09:00:46.891846+00	7327	f
9489	Амортизатор УРАЛ,КРАЗ г.Барановичи перед. ушки 5460, пласт.кожух	1-3004752905006-21	А1-300/475.2905006-21			4001.00	\N	17	\N	t	t	f	f	2026-05-31 08:49:44.701415+00	2026-05-31 09:00:46.893255+00	7327	f
9490	Домкрат 25т. г.Барановичи	253913010	ДГ 25.3913010			20061.00	\N	14	\N	t	t	f	f	2026-05-31 08:49:44.704539+00	2026-05-31 09:00:46.894686+00	7336	f
9491	Бендикс Волга, Газель, УАЗ, 402 дв. г.Борисов	42-3708600	42-3708600			775.00	\N	30	\N	t	t	f	f	2026-05-31 08:49:44.707702+00	2026-05-31 09:00:46.896159+00	7411	f
9492	Бендикс Волга, Газель 406 дв. г. Борисов	42-3708600-10	42-3708600-10			672.00	\N	7	\N	t	t	f	f	2026-05-31 08:49:44.710682+00	2026-05-31 09:00:46.897661+00	7411	f
9493	Бендикс ВАЗ-2101-07, 2121 г. Борисов	425-3708600	425-3708600			590.00	\N	17	\N	t	t	f	f	2026-05-31 08:49:44.713668+00	2026-05-31 09:00:46.899047+00	7411	f
9494	Бендикс г. Борисов	74023708600	7402.3708600			1060.00	\N	11	\N	t	t	f	f	2026-05-31 08:49:44.715234+00	2026-05-31 09:00:46.900443+00	7411	f
9495	Бендикс большой ГАЗ-53, ПАЗ, ГАЗ-66 г.Борисов	230-3708600-01	СТ230-3708600-01			819.00	\N	11	\N	t	t	f	f	2026-05-31 08:49:44.717267+00	2026-05-31 09:00:46.901877+00	7411	f
9496	Бендикс ЗИЛ , СТ230К4 г.Борисов	230-3708600-01-2	СТ230К-3708600-01			869.00	\N	14	\N	t	t	f	f	2026-05-31 08:49:44.720764+00	2026-05-31 09:00:46.903282+00	7411	f
9497	Генератор 28В,110А ,10 руч.ш ев-3 г.Борисов	3242-3771-10	3242-3771-10			11466.00	\N	12	\N	t	t	f	f	2026-05-31 08:49:44.723775+00	2026-05-31 09:00:46.904704+00	7407	f
9498	Генератор 3232 Дв.ЯМЗ-236,-238, КАМАЗ-740 и их модиф.60А г.Борисов	32323771000	3232.3771000			6261.00	\N	18	\N	t	t	f	f	2026-05-31 08:49:44.725351+00	2026-05-31 09:00:46.906081+00	7407	f
9499	Генератор МАЗ ОАО БАТЭ 28В. 90А	32523771000	3252.3771000			8910.00	\N	24	\N	t	t	f	f	2026-05-31 08:49:44.728655+00	2026-05-31 09:00:46.90751+00	7407	f
9500	Генератор  МАЗ, МТЗ, ММЗ(ЕВРО-2) Д-245(Д-245.30Е-715,-716) 28В 60А г.Борисов	32323771000-10	3232.3771000-10			8271.00	\N	6	\N	t	t	f	f	2026-05-31 08:49:44.731843+00	2026-05-31 09:00:46.908936+00	7407	f
9501	Обмотка	2-3708150	СТ 2А-3708150			1436.00	\N	17	\N	t	t	f	f	2026-05-31 08:49:44.735045+00	2026-05-31 09:00:46.910303+00	7413	f
9502	Обмотка стартера	7402-3708120	7402-3708120			1723.00	\N	13	\N	t	t	f	f	2026-05-31 08:49:44.736859+00	2026-05-31 09:00:46.911725+00	7410	f
9503	Обмотка стартера (большая)	230-3708110	СТ230-3708110			1898.00	\N	14	\N	t	t	f	f	2026-05-31 08:49:44.738577+00	2026-05-31 09:00:46.913493+00	7410	f
9504	Обмотка стартера 402 дв. г.Борисов г.Борисов	4223708-423708-10	422.3708 (42.3708-10)			1247.00	\N	13	\N	t	t	f	f	2026-05-31 08:49:44.740273+00	2026-05-31 09:00:46.914891+00	7410	f
9505	Реле втягивающее малое в коробке ГАЗ, УАЗ (402, 406 дв)г. Борисов	4223708800	422.3708800			1543.00	\N	10	\N	t	t	f	f	2026-05-31 08:49:44.741905+00	2026-05-31 09:00:46.916272+00	7412	f
9506	Реле втягивающее г. Борисов	743708800-12	74.3708800 (12В)			2408.00	\N	10	\N	t	t	f	f	2026-05-31 08:49:44.745235+00	2026-05-31 09:00:46.917968+00	7412	f
9507	Реле втягивающее ММЗ Д-243,-245 г.Борисов	7402-3708800-24	7402-3708800 (24В)			2408.00	\N	19	\N	t	t	f	f	2026-05-31 08:49:44.746864+00	2026-05-31 09:00:46.919419+00	7412	f
9508	Реле втягивающее ММЗ Д-243,-245,-260 (12В) г. Борисов	142-3708800	СТ142М-3708800			3038.00	\N	2	\N	t	t	f	f	2026-05-31 08:49:44.748472+00	2026-05-31 09:00:46.920916+00	7412	f
9509	Реле втягивающее ММЗ Д245,-260 (24В) г.Борисов	142-3708800-2	СТ142Н-3708800			3105.00	\N	13	\N	t	t	f	f	2026-05-31 08:49:44.750113+00	2026-05-31 09:00:46.9223+00	7412	f
9510	Реле втягивающее ГАЗ-53 в сб.с крышкой г. Борисов	230-3708800	СТ230А-3708800			2057.00	\N	12	\N	t	t	f	f	2026-05-31 08:49:44.75175+00	2026-05-31 09:00:46.923709+00	7412	f
9511	Реле втягивающее большое в коробке  СТ230Б4, СТ230А1 г. Борисов	230-3708800-10	СТ230Б-3708800-10			1965.00	\N	20	\N	t	t	f	f	2026-05-31 08:49:44.754766+00	2026-05-31 09:00:46.925095+00	7412	f
9512	Реле втягивающее (СТ230К1, СТ230К4) г. Борисов	2302-3708800-10	СТ230Б2-3708800-10			1707.00	\N	28	\N	t	t	f	f	2026-05-31 08:49:44.756435+00	2026-05-31 09:00:46.926506+00	7412	f
9513	Стартер ВАЗ 2101-07 на магнитах г.Борисов	2107370810-01	2107.370810-01			5385.00	\N	17	\N	t	t	f	f	2026-05-31 08:49:44.758068+00	2026-05-31 09:00:46.927903+00	7410	f
9514	Стартер ВАЗ 2108-09 на магнитах г.Борисов	21093708010-01	2109.3708010-01			5385.00	\N	15	\N	t	t	f	f	2026-05-31 08:49:44.759792+00	2026-05-31 09:00:46.929303+00	7410	f
9515	Стартер 3002.3708000 ГАЗ 3306-3309-66  24В 7,7КВ	30023708000	3002.3708000			21193.00	\N	12	\N	t	t	f	f	2026-05-31 08:49:44.76129+00	2026-05-31 09:00:46.930715+00	7410	f
9516	Стартер 426 ВАЗ 2108-09 с обмоткой г.Борисов	4263708000	426.3708000			6958.00	\N	6	\N	t	t	f	f	2026-05-31 08:49:44.764205+00	2026-05-31 09:00:46.932101+00	7410	f
9517	Стартер 5404 редукт. ММЗ-243,245(аналог 230Р0,7402,142Н) г.Борисов	5404-3708000-24-52	5404-3708000 (24В 5,2кВт)			14429.00	\N	15	\N	t	t	f	f	2026-05-31 08:49:44.765876+00	2026-05-31 09:00:46.933584+00	7410	f
9518	Стартер ГАЗ УАЗ с редуктором  г. Борисов	5112-3708000-12-18	5112-3708000 (12В 1,8кВт)			6983.00	\N	21	\N	t	t	f	f	2026-05-31 08:49:44.767576+00	2026-05-31 09:00:46.93498+00	7410	f
9519	Стартер ГАЗ, УАЗ с редуктором	65023708000-011218	6502.3708000-01(12В1,8кВт			6403.00	\N	10	\N	t	t	f	f	2026-05-31 08:49:44.770457+00	2026-05-31 09:00:46.936372+00	7410	f
9520	Стартер СТ230К4 ЗИЛ-130, ЛАЗ, ЛиАЗ г. Борисов	2304-3708000-12	СТ230К4-3708000 (12В)			9597.00	\N	12	\N	t	t	f	f	2026-05-31 08:49:44.773372+00	2026-05-31 09:00:46.93781+00	7410	f
9521	Якорь стартера ММЗ-Д243,Д245 г.Борисов	230-3708200	СТ230Р-3708200			3030.00	\N	17	\N	t	t	f	f	2026-05-31 08:49:44.776519+00	2026-05-31 09:00:46.939194+00	7410	f
9522	43114-2202011-01 Вал карданный TIRSAN	rs966400202-l418-mm	RS.96640.02.02 L=418 mm			18248.00	\N	11	\N	t	t	f	f	2026-05-31 08:49:44.778107+00	2026-05-31 09:00:46.940573+00	7339	f
9523	Вал карданный КРАЗ	65101-2205010-l1582	65101-2205010 L=1582			12310.00	\N	12	\N	t	t	f	f	2026-05-31 08:49:44.781142+00	2026-05-31 09:00:46.941972+00	7341	f
9524	Вал карданный МАЗ	501-2203010-07-l168858	501-2203010-07 L=1688+58			9634.00	\N	16	\N	t	t	f	f	2026-05-31 08:49:44.784213+00	2026-05-31 09:00:46.94342+00	7340	f
9525	Вал карданный МАЗ	503-2201010-15-l1126	503-2201010-15 L=1126			9230.00	\N	18	\N	t	t	f	f	2026-05-31 08:49:44.787241+00	2026-05-31 09:00:46.944942+00	7340	f
9526	Вал карданный кв.фланец L=409mm	4310-2202011-02	4310-2202011-02			22143.00	\N	10	\N	t	t	f	f	2026-05-31 08:49:44.790223+00	2026-05-31 09:00:46.946579+00	7339	f
9527	Вал карданный  кв.фл. L=1136mm	4310-2203011-01	4310-2203011-01 Н/О			22640.00	\N	1	\N	t	t	f	f	2026-05-31 08:49:44.793292+00	2026-05-31 09:00:46.948071+00	7339	f
9528	Вал карданный круг.фланец L=727mm	4310-2205011-04	4310-2205011-04			31449.00	\N	14	\N	t	t	f	f	2026-05-31 08:49:44.796205+00	2026-05-31 09:00:46.949506+00	7339	f
9529	Вал карданный торц.шлицы L=418mm	43114-2202011-01	43114-2202011-01			42562.00	\N	13	\N	t	t	f	f	2026-05-31 08:49:44.799162+00	2026-05-31 09:00:46.951145+00	7339	f
9530	Вал карданный торц.шлицы L=1127mm	43114-2203011	43114-2203011			34128.00	\N	11	\N	t	t	f	f	2026-05-31 08:49:44.802073+00	2026-05-31 09:00:46.952661+00	7339	f
9531	Вал карданный торц.шлицы L=699mm	43114-2205011	43114-2205011			38691.00	\N	25	\N	t	t	f	f	2026-05-31 08:49:44.805016+00	2026-05-31 09:00:46.954151+00	7339	f
9532	Вал карданный торц.шлицы L=440+34mm	43118-2202011-31	43118-2202011-31			41769.00	\N	12	\N	t	t	f	f	2026-05-31 08:49:44.807987+00	2026-05-31 09:00:46.95554+00	7339	f
9533	Вал карданный торц.шлицы L=1305mm	43118-2203011-30	43118-2203011-30			39783.00	\N	16	\N	t	t	f	f	2026-05-31 08:49:44.810917+00	2026-05-31 09:00:46.956941+00	7339	f
9633	Диодный мост Г273В1	46-65-02	БПВ46-65-02Б			408.00	\N	20	\N	t	t	f	f	2026-05-31 08:49:45.069899+00	2026-05-31 09:00:47.104659+00	7407	f
9534	Вал карданный 43118-2203011-31 L=1285 mm	43118-2203011-31	43118-2203011-31			52220.00	\N	24	\N	t	t	f	f	2026-05-31 08:49:44.813957+00	2026-05-31 09:00:46.958313+00	7339	f
9535	Вал карданный кв.фланец L=724mm	5320-2201011-03	5320-2201011-03 М/О			20400.00	\N	20	\N	t	t	f	f	2026-05-31 08:49:44.816806+00	2026-05-31 09:00:46.95976+00	7339	f
9636	Ротор на Г 273В1-03  (50А)	6683701200-10	668.3701200-10			2138.00	\N	3	\N	t	t	f	f	2026-05-31 08:49:45.074694+00	2026-05-31 09:00:47.108883+00	7407	f
9536	Вал карданный кв.фланец L=983mm	5320-2205011-04	5320-2205011-04			28500.00	\N	11	\N	t	t	f	f	2026-05-31 08:49:44.819818+00	2026-05-31 09:00:46.961156+00	7339	f
9537	Вал карданный круг.фланец L=990mm	5320-2205011-3334	5320-2205011-33(34)			15000.00	\N	29	\N	t	t	f	f	2026-05-31 08:49:44.822907+00	2026-05-31 09:00:46.962575+00	7339	f
9538	Вал карданный торц.шлицы L=709mm	53205-2201011-10	53205-2201011-10 М/О			33370.00	\N	19	\N	t	t	f	f	2026-05-31 08:49:44.82587+00	2026-05-31 09:00:46.96405+00	7339	f
9539	Вал карданный торц.шлицы L=955mm	53205-2205011-10	53205-2205011-10 ОСНОВНОЙ			38301.00	\N	10	\N	t	t	f	f	2026-05-31 08:49:44.829123+00	2026-05-31 09:00:46.965472+00	7339	f
9540	Вал карданный кв.фланец L=1483mm	53212-2205011-03	53212-2205011-03			25200.00	\N	9	\N	t	t	f	f	2026-05-31 08:49:44.832158+00	2026-05-31 09:00:46.966865+00	7339	f
9541	Вал карданный круг.фланец L=1377mm	53212-2205011-95	53212-2205011-95			15000.00	\N	15	\N	t	t	f	f	2026-05-31 08:49:44.835156+00	2026-05-31 09:00:46.968296+00	7339	f
9542	Вал карданный круг.фланец L=1666mm	53213-2205011-02	53213-2205011-02			15692.00	\N	7	\N	t	t	f	f	2026-05-31 08:49:44.838197+00	2026-05-31 09:00:46.969701+00	7339	f
9543	Вал карданный торц.шлицы L=1450mm	53215-2205011-10	53215-2205011-10			35995.00	\N	19	\N	t	t	f	f	2026-05-31 08:49:44.839884+00	2026-05-31 09:00:46.971094+00	7339	f
9544	Вал карданный круг.фланец L=1057mm	53254-2201011-02	53254-2201011-02			14000.00	\N	12	\N	t	t	f	f	2026-05-31 08:49:44.841477+00	2026-05-31 09:00:46.972528+00	7339	f
9545	Вал карданный кв.фланец L=638mm	5410-2205011-04	5410-2205011-04			28400.00	\N	19	\N	t	t	f	f	2026-05-31 08:49:44.843139+00	2026-05-31 09:00:46.973999+00	7339	f
9546	Вал карданный торц.шлицы L=629mm	54105-2205011-10	54105-2205011-10			37180.00	\N	15	\N	t	t	f	f	2026-05-31 08:49:44.845072+00	2026-05-31 09:00:46.975375+00	7339	f
9677	Р/К Насос ГУРа г.Борисов	5320-3407244	5320-3407244			3570.00	\N	15	\N	t	t	f	f	2026-05-31 08:49:45.181868+00	2026-05-31 09:00:47.167711+00	7398	f
9547	Вал карданный круг.фланец L=646mm	54112-2205011-02	54112-2205011-02			31641.00	\N	14	\N	t	t	f	f	2026-05-31 08:49:44.8471+00	2026-05-31 09:00:46.976814+00	7339	f
9548	Вал карданный кв.фланец L=818mm	5511-2205011-13	5511-2205011-13			28600.00	\N	20	\N	t	t	f	f	2026-05-31 08:49:44.848843+00	2026-05-31 09:00:46.978734+00	7339	f
9549	Вал карданный круг.фланец L=821mm	55111-2205011-11	55111-2205011-11			21671.00	\N	13	\N	t	t	f	f	2026-05-31 08:49:44.851925+00	2026-05-31 09:00:46.980229+00	7339	f
9550	Вал карданный КАМАЗ межосевой БЕЛКАРД L=701mm	6520-2201011-11	6520Г-2201011-11			47599.00	\N	20	\N	t	t	f	f	2026-05-31 08:49:44.855041+00	2026-05-31 09:00:46.981717+00	7340	f
9551	Вал карданный КАМАЗ основной БЕЛКАРД L=1425mm	6520-2205011-10	6520Г-2205011-10			66000.00	\N	14	\N	t	t	f	f	2026-05-31 08:49:44.858169+00	2026-05-31 09:00:46.983241+00	7340	f
9552	Вал карданный УРАЛ межосевой	375-2201010-04-l88092	375-2201010-04 L=880+92			12946.00	\N	17	\N	t	t	f	f	2026-05-31 08:49:44.861211+00	2026-05-31 09:00:46.984751+00	7342	f
9553	Вал карданный УРАЛ основной	375-2202010-03-l43629	375-2202010-03 L=436+29			26209.00	\N	15	\N	t	t	f	f	2026-05-31 08:49:44.864444+00	2026-05-31 09:00:46.986297+00	7342	f
9554	Вал карданный УРАЛ перед.мост	375-2203010-05-l116790	375-2203010-05 L=1167+90			19278.00	\N	10	\N	t	t	f	f	2026-05-31 08:49:44.86779+00	2026-05-31 09:00:46.987724+00	7342	f
9709	Втулка маховика	740-1005133	740-1005133			180.00	\N	17	\N	t	t	f	f	2026-05-31 08:49:45.264546+00	2026-05-31 09:00:47.215354+00	7385	f
9555	Вал карданный УРАЛ средний мост	375-2205010-04-l126260	375-2205010-04 L=1262+60			21956.00	\N	18	\N	t	t	f	f	2026-05-31 08:49:44.870979+00	2026-05-31 09:00:46.989153+00	7342	f
9556	Вал карданный УРАЛ межосевой	4320-2201010-03-l82192	4320-2201010-03 L=821+92			17994.00	\N	25	\N	t	t	f	f	2026-05-31 08:49:44.873986+00	2026-05-31 09:00:46.990796+00	7342	f
9557	Вал карданный УРАЛ средний мост	4320-2205010-02-l119260	4320-2205010-02 L=1192+60			23044.00	\N	14	\N	t	t	f	f	2026-05-31 08:49:44.877037+00	2026-05-31 09:00:46.992272+00	7342	f
9558	Вилка фланец 5320-2201023 межосевая	5320-2201023	5320-2201023			3441.00	\N	16	\N	t	t	f	f	2026-05-31 08:49:44.879984+00	2026-05-31 09:00:46.993757+00	7339	f
9559	Вилка фланец 6520-2201023	6520-2201023	6520-2201023			10345.00	\N	17	\N	t	t	f	f	2026-05-31 08:49:44.882947+00	2026-05-31 09:00:46.995151+00	7339	f
9560	Вилка фланец Н/О	5320-2205023-10	5320-2205023-10 Н/О			4565.00	\N	14	\N	t	t	f	f	2026-05-31 08:49:44.886292+00	2026-05-31 09:00:46.996565+00	7339	f
9561	Вал карданный (1136 мм)	4310-2203011-01-2	У 4310-2203011-01			13992.00	\N	20	\N	t	t	f	f	2026-05-31 08:49:44.889364+00	2026-05-31 09:00:46.998007+00	7339	f
9562	Вал карданный (1167 мм)	375-2203010-05	У 375-2203010-05			14027.00	\N	18	\N	t	t	f	f	2026-05-31 08:49:44.892518+00	2026-05-31 09:00:46.999374+00	7342	f
9563	Вал карданный (1285мм)	43118-2203011-31-2	У 43118-2203011-31			24318.00	\N	12	\N	t	t	f	f	2026-05-31 08:49:44.895536+00	2026-05-31 09:00:47.000786+00	7339	f
9564	Вал карданный (1305 мм)	43118-2203011-30-2	У 43118-2203011-30			22234.00	\N	11	\N	t	t	f	f	2026-05-31 08:49:44.898768+00	2026-05-31 09:00:47.002322+00	7339	f
9565	Вал карданный (1322мм)	43118-2205011	У 43118-2205011			27800.00	\N	20	\N	t	t	f	f	2026-05-31 08:49:44.901986+00	2026-05-31 09:00:47.003815+00	7339	f
9566	Вал карданный (1425 мм)	6520-2205011-10-2	У 6520-2205011-10			36975.00	\N	18	\N	t	t	f	f	2026-05-31 08:49:44.905021+00	2026-05-31 09:00:47.005232+00	7339	f
9567	Вал карданный (1454 мм)	53215-2205011-10-2	У 53215-2205011-10			32848.00	\N	12	\N	t	t	f	f	2026-05-31 08:49:44.908197+00	2026-05-31 09:00:47.006746+00	7339	f
9568	Вал карданный (1483 мм)	53212-2205011-03-2	У 53212-2205011-03			16055.00	\N	2	\N	t	t	f	f	2026-05-31 08:49:44.909941+00	2026-05-31 09:00:47.008141+00	7339	f
9569	Вал карданный (585 мм)	43118-2202011-10	У 43118-2202011-10			33465.00	\N	17	\N	t	t	f	f	2026-05-31 08:49:44.913234+00	2026-05-31 09:00:47.009535+00	7339	f
9570	Вал карданный (629 мм)	54105-2205011-10-2	У 54105-2205011-10			29842.00	\N	10	\N	t	t	f	f	2026-05-31 08:49:44.916585+00	2026-05-31 09:00:47.01144+00	7339	f
9571	Вал карданный (638 мм)	5410-2205011-04-2	У 5410-2205011-04			15333.00	\N	12	\N	t	t	f	f	2026-05-31 08:49:44.918317+00	2026-05-31 09:00:47.013559+00	7339	f
9572	Вал карданный (701 мм)	6520-2201011-11-2	У 6520Г-2201011-11			22999.00	\N	5	\N	t	t	f	f	2026-05-31 08:49:44.920059+00	2026-05-31 09:00:47.015666+00	7339	f
9573	Вал карданный (709 мм)	53205-2201011-10-2	У 53205-2201011-10			28088.00	\N	16	\N	t	t	f	f	2026-05-31 08:49:44.923086+00	2026-05-31 09:00:47.017713+00	7339	f
9750	Чека ОАО КАМАЗ	5320-3501134	5320-3501134			17.00	\N	12	\N	t	t	f	f	2026-05-31 08:49:45.374274+00	2026-05-31 09:00:47.275644+00	7448	f
9574	Вал карданный (818 мм)	5511-2205011-13-2	У 5511-2205011-13			15133.00	\N	29	\N	t	t	f	f	2026-05-31 08:49:44.92627+00	2026-05-31 09:00:47.019202+00	7339	f
9580	Втулка распредвала	740-1006037	740-1006037			163.00	\N	14	\N	t	t	f	f	2026-05-31 08:49:44.945471+00	2026-05-31 09:00:47.027634+00	7348	f
9581	Втулка распредвала	740-1006026-02-1	740-1006026-02 1 шт.			121.00	\N	2	\N	t	t	f	f	2026-05-31 08:49:44.94718+00	2026-05-31 09:00:47.029029+00	7348	f
9582	Втулка распредвала ЕВРО	74021-1006037	740.21-1006037			171.00	\N	22	\N	t	t	f	f	2026-05-31 08:49:44.948776+00	2026-05-31 09:00:47.030534+00	7348	f
9583	Втулка шатуна	740-1004052	740-1004052			159.00	\N	11	\N	t	t	f	f	2026-05-31 08:49:44.950354+00	2026-05-31 09:00:47.032165+00	7347	f
9584	Замок двери правый г.Димитровград	5320-6105020-10	5320-6105020-10			849.00	\N	17	\N	t	t	f	f	2026-05-31 08:49:44.952031+00	2026-05-31 09:00:47.033764+00	7440	f
9585	Замок панели в сборе г.Димитровград	5320-8406010	5320-8406010			173.00	\N	22	\N	t	t	f	f	2026-05-31 08:49:44.95505+00	2026-05-31 09:00:47.035222+00	7440	f
9586	К--т вкладышей коренной Р0 МАЗ 236	236-1000102-00	236-1000102-00			2038.00	\N	2	\N	t	t	f	f	2026-05-31 08:49:44.957983+00	2026-05-31 09:00:47.036638+00	7346	f
9587	К--т вкладышей коренной Р1 МАЗ 236	236-1000102-01	236-1000102-01			2021.00	\N	14	\N	t	t	f	f	2026-05-31 08:49:44.960889+00	2026-05-31 09:00:47.038052+00	7346	f
9588	К--т вкладышей коренной Р2 МАЗ 236	236-1000102-02	236-1000102-02			2062.00	\N	11	\N	t	t	f	f	2026-05-31 08:49:44.963801+00	2026-05-31 09:00:47.039625+00	7346	f
9589	К--т вкладышей коренной Р6 МАЗ 236	236-1000102-06	236-1000102-06			1876.00	\N	17	\N	t	t	f	f	2026-05-31 08:49:44.966716+00	2026-05-31 09:00:47.041018+00	7346	f
9590	К--т вкладышей МАЗ 238 коренной Р0	238-1000102-00-2	238-1000102-00 Б2			2491.00	\N	30	\N	t	t	f	f	2026-05-31 08:49:44.969538+00	2026-05-31 09:00:47.042412+00	7346	f
9591	К--т вкладышей МАЗ 238 коренной Р1	238-1000102-01-2	238-1000102-01 Б2			2599.00	\N	13	\N	t	t	f	f	2026-05-31 08:49:44.972562+00	2026-05-31 09:00:47.043896+00	7346	f
9592	К--т вкладышей МАЗ 238 шатунный Р0	238-1000104-00	238-1000104-00			2810.00	\N	15	\N	t	t	f	f	2026-05-31 08:49:44.975655+00	2026-05-31 09:00:47.045281+00	7347	f
9593	К--т вкладышей МАЗ 238 шатунный Р1	238-1000104-01	238-1000104-01			2760.00	\N	10	\N	t	t	f	f	2026-05-31 08:49:44.978702+00	2026-05-31 09:00:47.046675+00	7347	f
9594	К--т вкладышей МАЗ 238 шатунный Р2	238-1000104-02	238-1000104-02			2879.00	\N	29	\N	t	t	f	f	2026-05-31 08:49:44.981837+00	2026-05-31 09:00:47.048107+00	7347	f
9595	К--т вкладышей Р0 коренной	7405-1000102-00-10	7405-1000102-00 10шт. уп.			2215.00	\N	10	\N	t	t	f	f	2026-05-31 08:49:44.984879+00	2026-05-31 09:00:47.049543+00	7346	f
9596	К--т вкладышей Р1 коренной	7405-1000102-01	7405-1000102-01			2087.00	\N	16	\N	t	t	f	f	2026-05-31 08:49:44.9865+00	2026-05-31 09:00:47.050924+00	7346	f
9786	Тавотница 90	853858	853858			4.00	\N	24	\N	t	t	f	f	2026-05-31 08:49:45.461223+00	2026-05-31 09:00:47.3283+00	7344	f
9597	К--т вкладышей Р2 коренной	7405-1000102-02	7405-1000102-02			2087.00	\N	29	\N	t	t	f	f	2026-05-31 08:49:44.988158+00	2026-05-31 09:00:47.052529+00	7346	f
9598	К--т вкладышей Р3 коренной	7405-1000102-03	7405-1000102-03			2006.00	\N	11	\N	t	t	f	f	2026-05-31 08:49:44.98976+00	2026-05-31 09:00:47.054075+00	7346	f
9599	К--т вкладышей Р4 коренной	7405-1000102-04	7405-1000102-04			2305.00	\N	15	\N	t	t	f	f	2026-05-31 08:49:44.99147+00	2026-05-31 09:00:47.055501+00	7346	f
9600	К--т вкладышей Р5 коренной	7405-1000102-05	7405-1000102-05			2087.00	\N	19	\N	t	t	f	f	2026-05-31 08:49:44.993227+00	2026-05-31 09:00:47.056888+00	7346	f
9601	К--т вкладышей Р6 коренной	7405-1000102-06	7405-1000102-06			2087.00	\N	16	\N	t	t	f	f	2026-05-31 08:49:44.994891+00	2026-05-31 09:00:47.058364+00	7346	f
9602	К--т вкладышей Р7 коренной	7405-1000102-07	7405-1000102-07			2006.00	\N	20	\N	t	t	f	f	2026-05-31 08:49:44.996507+00	2026-05-31 09:00:47.059996+00	7346	f
9603	К-т вкладышей Р0  шатунный	7405-1000104-00-9	7405-1000104-00  9 шт.уп.			2979.00	\N	18	\N	t	t	f	f	2026-05-31 08:49:44.998146+00	2026-05-31 09:00:47.06137+00	7347	f
9604	К-т вкладышей Р1  шатунный	7405-1000104-01	7405-1000104-01			2810.00	\N	14	\N	t	t	f	f	2026-05-31 08:49:44.999768+00	2026-05-31 09:00:47.062791+00	7347	f
9605	К-т вкладышей Р2  шатунный	7405-1000104-02	7405-1000104-02			2810.00	\N	12	\N	t	t	f	f	2026-05-31 08:49:45.001309+00	2026-05-31 09:00:47.064218+00	7347	f
9606	К-т вкладышей Р3  шатунный	7405-1000104-03	7405-1000104-03			1050.00	\N	26	\N	t	t	f	f	2026-05-31 08:49:45.003067+00	2026-05-31 09:00:47.065672+00	7347	f
9607	К-т вкладышей Р4  шатунный	7405-1000104-04	7405-1000104-04			970.00	\N	12	\N	t	t	f	f	2026-05-31 08:49:45.004647+00	2026-05-31 09:00:47.067063+00	7347	f
9608	К-т вкладышей Р5  шатунный	7405-1000104-05	7405-1000104-05			888.00	\N	11	\N	t	t	f	f	2026-05-31 08:49:45.006199+00	2026-05-31 09:00:47.06846+00	7347	f
9609	К-т вкладышей Р6  шатунный	7405-1000104-06	7405-1000104-06			3050.00	\N	11	\N	t	t	f	f	2026-05-31 08:49:45.007945+00	2026-05-31 09:00:47.069855+00	7347	f
9610	К-т вкладышей Р7  шатунный	7405-1000104-07	7405-1000104-07			786.00	\N	30	\N	t	t	f	f	2026-05-31 08:49:45.00954+00	2026-05-31 09:00:47.071238+00	7347	f
9611	К-т вкладышей шатунный Р0 МАЗ 236	236-1000104-00-2	236-1000104-00 В2			2108.00	\N	18	\N	t	t	f	f	2026-05-31 08:49:45.011145+00	2026-05-31 09:00:47.072638+00	7347	f
9612	К-т вкладышей шатунный Р1 МАЗ 236	236-1000104-01-2	236-1000104-01 В2			2097.00	\N	4	\N	t	t	f	f	2026-05-31 08:49:45.014298+00	2026-05-31 09:00:47.074338+00	7347	f
9613	Привод замка двери лев. г.Димитровград	5320-6105081	5320-6105081			97.00	\N	5	\N	t	t	f	f	2026-05-31 08:49:45.017272+00	2026-05-31 09:00:47.075775+00	7440	f
9614	Привод замка двери пр.г.Димитровград	5320-6105080	5320-6105080			97.00	\N	18	\N	t	t	f	f	2026-05-31 08:49:45.02027+00	2026-05-31 09:00:47.077173+00	7440	f
9615	Ручка двери внутренняя г.Димитровград	5320-6105180	5320-6105180			224.00	\N	19	\N	t	t	f	f	2026-05-31 08:49:45.023278+00	2026-05-31 09:00:47.078568+00	7441	f
9616	Ручка двери наружная к-т г.Димитровград	5320-6105040	5320-6105040			1122.00	\N	21	\N	t	t	f	f	2026-05-31 08:49:45.02627+00	2026-05-31 09:00:47.079962+00	7441	f
9617	Ручка стеклоподъемника  г.Димитровград	5320-6104060	5320-6104060			146.00	\N	19	\N	t	t	f	f	2026-05-31 08:49:45.029518+00	2026-05-31 09:00:47.081374+00	7442	f
9618	Стеклоподъемник двери  ЕВРО левый	53205-6104011-00	53205-6104011-00			1400.00	\N	12	\N	t	t	f	f	2026-05-31 08:49:45.032474+00	2026-05-31 09:00:47.082836+00	7442	f
9619	Стеклоподъемник двери ЕВРО правый	53205-6104010-00	53205-6104010-00			794.00	\N	10	\N	t	t	f	f	2026-05-31 08:49:45.035261+00	2026-05-31 09:00:47.084315+00	7442	f
9620	Тяга руч.управл.акселерат  (трос газа) г.Димитровград	5320-1108120-12	5320-1108120-12			214.00	\N	12	\N	t	t	f	f	2026-05-31 08:49:45.038312+00	2026-05-31 09:00:47.085767+00	7443	f
9621	Тяга ручной остановки двигателя длинн. г.Димитровград	5320-1108130	5320-1108130			103.00	\N	17	\N	t	t	f	f	2026-05-31 08:49:45.041468+00	2026-05-31 09:00:47.087214+00	7443	f
9622	Фиксатор замка левый г.Димитровград	5320-6105035-10	5320-6105035-10			351.00	\N	12	\N	t	t	f	f	2026-05-31 08:49:45.044462+00	2026-05-31 09:00:47.08862+00	7440	f
9623	Фиксатор замка правый г.Димитровград	5320-6105034-10	5320-6105034-10			329.00	\N	3	\N	t	t	f	f	2026-05-31 08:49:45.047353+00	2026-05-31 09:00:47.090024+00	7440	f
9624	Генератор 6562 КАМАЗ 4310 90А г.Самара	6562-3701000	6562-3701000			9910.00	\N	19	\N	t	t	f	f	2026-05-31 08:49:45.050171+00	2026-05-31 09:00:47.091436+00	7407	f
9625	Генератор 6582 КАМАЗ Евро 80А  2-х руч. г.Самара	6582-3701000-02	6582-3701000-02 М			10628.00	\N	18	\N	t	t	f	f	2026-05-31 08:49:45.053098+00	2026-05-31 09:00:47.092859+00	7407	f
9626	Генератор 6582 с широким шкивом ЕВРО г.Самара	6582-3701000-04	6582-3701000-04 ГЧ			9710.00	\N	12	\N	t	t	f	f	2026-05-31 08:49:45.055962+00	2026-05-31 09:00:47.094319+00	7407	f
9627	Генератор 6582 с широким шкивом ЕВРО г.Самара	6582-3701000-04-2	6582-3701000-04 М			10361.00	\N	17	\N	t	t	f	f	2026-05-31 08:49:45.057529+00	2026-05-31 09:00:47.095776+00	7407	f
9628	Генератор Iskra ААN5182 24v80A Евро (аналог7762,4502,3782)	aan5182	AAN5182 Искра			10200.00	\N	29	\N	t	t	f	f	2026-05-31 08:49:45.059038+00	2026-05-31 09:00:47.097324+00	7407	f
9629	Генератор Г 273В1-3701000-03 (28В 50А) г.Самара	2731	Г273В1 НОВЫЙ			6170.00	\N	12	\N	t	t	f	f	2026-05-31 08:49:45.060569+00	2026-05-31 09:00:47.098836+00	7407	f
9630	Генератор Г273В1-03М КАМАЗ, МАЗ 80А г. Самара	2731-03-80	Г273В1-03М 80А			6069.00	\N	16	\N	t	t	f	f	2026-05-31 08:49:45.062108+00	2026-05-31 09:00:47.100372+00	7407	f
9631	Генератор Г288Е 28 В 47А  г.Самара	288-3701000	Г288Е-3701000			10960.00	\N	16	\N	t	t	f	f	2026-05-31 08:49:45.065148+00	2026-05-31 09:00:47.101838+00	7407	f
9632	Генератор МАЗ,Урал с дв. ЯМЗ Евро 2,3 г.Самара	7762-3701-03-76	7762-3701-03  (76А)			5406.00	\N	10	\N	t	t	f	f	2026-05-31 08:49:45.06691+00	2026-05-31 09:00:47.103233+00	7407	f
9634	Диодный мост генератора 288,6562	7-100-02	БПВ 7-100-02			459.00	\N	12	\N	t	t	f	f	2026-05-31 08:49:45.071503+00	2026-05-31 09:00:47.106041+00	7407	f
9635	Диодный мост генератора 6582 ЕВРО	17-100-02	БПВ 17-100-02			1155.00	\N	21	\N	t	t	f	f	2026-05-31 08:49:45.073046+00	2026-05-31 09:00:47.107459+00	7407	f
9637	Ротор ФЭГТ 2000.015	403771	Г-40.3771			1224.00	\N	10	\N	t	t	f	f	2026-05-31 08:49:45.076221+00	2026-05-31 09:00:47.110295+00	7407	f
9638	Статор генератора 6562 (90А), 6582 (80А)	653701100	Г65.3701100			2637.00	\N	17	\N	t	t	f	f	2026-05-31 08:49:45.077803+00	2026-05-31 09:00:47.111725+00	7407	f
9639	Статор генератора Г273В1 коопер. Самара (45А)	273-3701100	Г273-3701100			1408.00	\N	12	\N	t	t	f	f	2026-05-31 08:49:45.079284+00	2026-05-31 09:00:47.113134+00	7407	f
9640	Статор генератора Г288 (47А)	288-3701100	Г288-3701100			2301.00	\N	14	\N	t	t	f	f	2026-05-31 08:49:45.080926+00	2026-05-31 09:00:47.114607+00	7407	f
9641	Статор на Г 273В1-03  (на 50А)	6693701100-10	669.3701100-10			1347.00	\N	16	\N	t	t	f	f	2026-05-31 08:49:45.082489+00	2026-05-31 09:00:47.116042+00	7407	f
9642	Щеткодержатель генератора	273-3701010	Г273-3701010 А ЗАВОД			509.00	\N	13	\N	t	t	f	f	2026-05-31 08:49:45.08415+00	2026-05-31 09:00:47.11745+00	7407	f
9643	Щеткодержатель ЕВРО	6582-3701010	6582-3701010 ЗАВОД			505.00	\N	11	\N	t	t	f	f	2026-05-31 08:49:45.085751+00	2026-05-31 09:00:47.118849+00	7407	f
9644	Генератор ( аналог 4001-53) (АТЭ-1) 28В 80А	45013771-53	4501.3771-53			10702.00	\N	2	\N	t	t	f	f	2026-05-31 08:49:45.087273+00	2026-05-31 09:00:47.120412+00	7407	f
9645	Генератор 1312.3771 (аналог  Г273В1) 28В 60А КАМАЗ, МАЗ	13123771	1312.3771 Т			5631.00	\N	14	\N	t	t	f	f	2026-05-31 08:49:45.088903+00	2026-05-31 09:00:47.12201+00	7407	f
9646	Генератор 1322.3771 (аналог Г273В2) 28В 50А МАЗ	13223771	1322.3771 Т			5508.00	\N	12	\N	t	t	f	f	2026-05-31 08:49:45.092011+00	2026-05-31 09:00:47.123374+00	7407	f
9647	Генератор 1702.3771 (аналог Г288Е) 28В 50А КАМАЗ, МАЗ, КРАЗ	17023771	1702.3771 Т			7733.00	\N	10	\N	t	t	f	f	2026-05-31 08:49:45.094874+00	2026-05-31 09:00:47.124789+00	7407	f
9648	Генератор 3112.3771  28В 80А МАЗ (7511)  (2-х руч.)	31123771	3112.3771			6758.00	\N	17	\N	t	t	f	f	2026-05-31 08:49:45.097848+00	2026-05-31 09:00:47.126204+00	7407	f
9649	Генератор 3122.3771 2-х руч. 28В 80А (аналог 6582-02) КАМАЗ	31223771	3122.3771			9180.00	\N	11	\N	t	t	f	f	2026-05-31 08:49:45.100735+00	2026-05-31 09:00:47.127584+00	7407	f
9650	Генератор 3142.3771 (аналог Г4001-53) КАМАЗ Евро широкий шкив	31423771	3142.3771			10185.00	\N	20	\N	t	t	f	f	2026-05-31 08:49:45.103687+00	2026-05-31 09:00:47.128959+00	7407	f
9651	Генератор 4502.3771 широкий рем. (аналог 7762) 28В 80А КАМАЗ ЕВРО-2,-3	45023771	4502.3771Т			7926.00	\N	15	\N	t	t	f	f	2026-05-31 08:49:45.106698+00	2026-05-31 09:00:47.130348+00	7407	f
9652	Генератор 4512.3771 28В 90А МАЗ ЕВРО-3  широкий шкив	45123771	4512.3771Т			8638.00	\N	29	\N	t	t	f	f	2026-05-31 08:49:45.109793+00	2026-05-31 09:00:47.131754+00	7407	f
9874	Крепление стартера МАЗ	142-3708000	142Т-3708000			335.00	\N	18	\N	t	t	f	f	2026-05-31 08:49:45.683102+00	2026-05-31 09:00:47.475235+00	7410	f
9653	Генератор 740.30, 740.31, креп.10мм.6 руч, 28В 90А	31423771-10	3142.3771-10			9244.00	\N	8	\N	t	t	f	f	2026-05-31 08:49:45.112708+00	2026-05-31 09:00:47.133451+00	7407	f
9654	Генератор 740.30, 740.31, креп.10мм.8 руч, 28В 90А	31423771-20	3142.3771-20			9007.00	\N	20	\N	t	t	f	f	2026-05-31 08:49:45.1142+00	2026-05-31 09:00:47.134836+00	7407	f
9655	Генератор КАМАЗ  Евро-4,5  8 руч ПРАМО	45423771-20-28-120	4542.3771-20 28В 120А			10782.00	\N	18	\N	t	t	f	f	2026-05-31 08:49:45.11574+00	2026-05-31 09:00:47.136298+00	7407	f
9656	Генератор КАМАЗ ЕВРО-3  28В 90А широкий шкив, пятипиновый разъем	45423771	4542.3771			9015.00	\N	17	\N	t	t	f	f	2026-05-31 08:49:45.118754+00	2026-05-31 09:00:47.137704+00	7407	f
9657	Генератор КАМАЗ ЕВРО-3,4 10-ти ручейковый	45223771-10-28-80	4522.3771-10 28В 80А			8548.00	\N	16	\N	t	t	f	f	2026-05-31 08:49:45.121825+00	2026-05-31 09:00:47.139084+00	7407	f
9658	Генератор средний	31123771-01-80	3112.3771-01 Т 80А			8303.00	\N	15	\N	t	t	f	f	2026-05-31 08:49:45.124859+00	2026-05-31 09:00:47.140488+00	7407	f
9659	Домкрат гидр.бут. 16т, 230-465 мм	16	ПРАМО 16 тонн			1505.00	\N	18	\N	t	t	f	f	2026-05-31 08:49:45.126364+00	2026-05-31 09:00:47.141874+00	7336	f
9660	Домкрат гидр.бут. 30т, 240-370 мм	30	ПРАМО 30 тонн			3887.00	\N	17	\N	t	t	f	f	2026-05-31 08:49:45.128021+00	2026-05-31 09:00:47.143239+00	7336	f
9661	Статор на 4502,4212(10),4522(10),4532(10),4542	45023771100-01	4502.3771.100-01			2981.00	\N	20	\N	t	t	f	f	2026-05-31 08:49:45.129551+00	2026-05-31 09:00:47.14465+00	7407	f
9662	Щеткодержатель с регулятором	45023771060	4502.3771.060			271.00	\N	12	\N	t	t	f	f	2026-05-31 08:49:45.131137+00	2026-05-31 09:00:47.146067+00	7407	f
9663	Гидроусилитель МАЗ	503-3405010-10	503-3405010-10			52514.00	\N	13	\N	t	t	f	f	2026-05-31 08:49:45.132867+00	2026-05-31 09:00:47.147502+00	7398	f
9664	Гидроцилиндр подъема запасного колеса КАМАЗ г.Борисов	453198237	453198.237 ШНКФ			15110.00	\N	15	\N	t	t	f	f	2026-05-31 08:49:45.135863+00	2026-05-31 09:00:47.148937+00	7398	f
9665	ГУР  КАМАЗ г.Борисов	4310-3400020-03	4310-3400020-03			110160.00	\N	15	\N	t	t	f	f	2026-05-31 08:49:45.139+00	2026-05-31 09:00:47.15032+00	7398	f
9666	ГУР  КАМАЗ г.Борисов	4310-3400020-01	4310-3400020-01			107100.00	\N	16	\N	t	t	f	f	2026-05-31 08:49:45.141954+00	2026-05-31 09:00:47.151899+00	7398	f
9667	ГУР КамАЗ 4308, 4326, 6520 (двухосн., трехосные)	453461425-01	453461.425-01 ШНКФ			120502.00	\N	22	\N	t	t	f	f	2026-05-31 08:49:45.145084+00	2026-05-31 09:00:47.153318+00	7398	f
9668	Насос ГУРа  КАМАЗ (усил.)18*1,5 внутр г.Борисов	4310-3407200-21	4310-3407200-21			18092.00	\N	16	\N	t	t	f	f	2026-05-31 08:49:45.148111+00	2026-05-31 09:00:47.154868+00	7398	f
9669	Насос ГУРа  КАМАЗ г.Борисов	4310-3407200-01	4310-3407200-01			17769.00	\N	7	\N	t	t	f	f	2026-05-31 08:49:45.151048+00	2026-05-31 09:00:47.156262+00	7398	f
9670	Насос ГУРа (без бачка и шкива) г.Борисов	130-3407199	130-3407199			13249.00	\N	12	\N	t	t	f	f	2026-05-31 08:49:45.154033+00	2026-05-31 09:00:47.15771+00	7398	f
9671	Насос ГУРа 130-3407200-а ЗИЛ г.Борисов	130-3407200	130-3407200-а			17004.00	\N	16	\N	t	t	f	f	2026-05-31 08:49:45.157244+00	2026-05-31 09:00:47.159112+00	7398	f
9672	Насос ГУРа 6520 г.Елец	6520-3407200	6520-3407200 г.Елец			21719.00	\N	23	\N	t	t	f	f	2026-05-31 08:49:45.16108+00	2026-05-31 09:00:47.160501+00	7398	f
9673	Насос ГУРа КАМАЗ (наружн.резьба)	4310-3407200-02	4310-3407200-02 г. Елец			17850.00	\N	27	\N	t	t	f	f	2026-05-31 08:49:45.164956+00	2026-05-31 09:00:47.16189+00	7398	f
9674	Насос Гура Камаз левого вращения г.Борисов	4310-3407200-11	4310-3407200-11			18576.00	\N	27	\N	t	t	f	f	2026-05-31 08:49:45.169022+00	2026-05-31 09:00:47.163274+00	7398	f
9675	Насос ГУРа КРАЗ, Урал, МАЗ  г.Борисов	256-3407199-01	256б-3407199-01			15226.00	\N	20	\N	t	t	f	f	2026-05-31 08:49:45.173203+00	2026-05-31 09:00:47.164728+00	7398	f
9676	Насос МОК  в упаковке г.Борисов КАМАЗ, МАЗ (182.5004010-11)	458662250	458662.250 ШНКФ			21284.00	\N	27	\N	t	t	f	f	2026-05-31 08:49:45.177832+00	2026-05-31 09:00:47.166185+00	7398	f
9678	Р/К Насос Гура 453471.021 ШНКФ	453479011	453479.011 ШНКФ			2236.00	\N	12	\N	t	t	f	f	2026-05-31 08:49:45.18553+00	2026-05-31 09:00:47.169164+00	7398	f
9679	Цилиндр МОК (с трубкой) 43114-5003014 КАМАЗ г.Борисов	453198214	453198.214 ШНКФ			20225.00	\N	15	\N	t	t	f	f	2026-05-31 08:49:45.187451+00	2026-05-31 09:00:47.170626+00	7398	f
9680	Цилиндр МОК КАМАЗ г.Борисов	453198210	453198.210 ШНКФ			18527.00	\N	16	\N	t	t	f	f	2026-05-31 08:49:45.191257+00	2026-05-31 09:00:47.172007+00	7398	f
9681	Амперметр (30А)	110-381101030	110б-3811010(30А)			815.00	\N	18	\N	t	t	f	f	2026-05-31 08:49:45.195144+00	2026-05-31 09:00:47.173556+00	7417	f
9682	Амперметр (50А) Владимр	111-381101050	111б-3811010(50А)			535.00	\N	24	\N	t	t	f	f	2026-05-31 08:49:45.197166+00	2026-05-31 09:00:47.174969+00	7417	f
9683	Выключатель ВК318Б механч. Старый Оскол	318	ВК318Б			281.00	\N	20	\N	t	t	f	f	2026-05-31 08:49:45.199184+00	2026-05-31 09:00:47.17637+00	7415	f
9684	Выключатель массы электр.	14103737-4	1410.3737 4 шт.			2125.00	\N	4	\N	t	t	f	f	2026-05-31 08:49:45.201363+00	2026-05-31 09:00:47.177776+00	7415	f
9685	Выключатель массы КамАз-6520(крышка текстолит)	14003737-24-50	1400.3737 24В 50А			1759.00	\N	12	\N	t	t	f	f	2026-05-31 08:49:45.203545+00	2026-05-31 09:00:47.179195+00	7415	f
9686	Датчик  бензобака 500л. г.Владимир	52123827	5212.3827			740.00	\N	3	\N	t	t	f	f	2026-05-31 08:49:45.207097+00	2026-05-31 09:00:47.181011+00	7415	f
9687	Датчик  выкл.пневмат.сигнала торможения г.Пенза	125	ММ 125Д			43.00	\N	11	\N	t	t	f	f	2026-05-31 08:49:45.208974+00	2026-05-31 09:00:47.182429+00	7415	f
9688	Датчик аварийного давления масла г.Владимир	5320-3829030-1112602	5320-3829030 ММ 111(2602)			82.00	\N	4	\N	t	t	f	f	2026-05-31 08:49:45.211059+00	2026-05-31 09:00:47.183839+00	7415	f
9689	Замок зажигания ВК-353 г.Санкт-Петербург	5320-3708500-00	5320-3708500-00			899.00	\N	14	\N	t	t	f	f	2026-05-31 08:49:45.214515+00	2026-05-31 09:00:47.185438+00	7415	f
9690	Замок зажигания ЕВРО (камаз)	19023704	1902.3704			497.00	\N	24	\N	t	t	f	f	2026-05-31 08:49:45.217472+00	2026-05-31 09:00:47.186927+00	7415	f
9691	Привод спидометра г.Самара	307	МЭ 307			1302.00	\N	13	\N	t	t	f	f	2026-05-31 08:49:45.220452+00	2026-05-31 09:00:47.188301+00	7415	f
9692	Реле блокировки стартера РБС г.Пенза	86023777	8602.3777			74.00	\N	25	\N	t	t	f	f	2026-05-31 08:49:45.222045+00	2026-05-31 09:00:47.189793+00	7410	f
9693	Реле поворота  г.Владимир	951372610-37	РС 951А.372610 (37 уп)			1216.00	\N	21	\N	t	t	f	f	2026-05-31 08:49:45.223579+00	2026-05-31 09:00:47.191306+00	7415	f
9694	Рычаг стеклоочистителя шт	275205700-02	27.5205700-02			130.00	\N	11	\N	t	t	f	f	2026-05-31 08:49:45.225085+00	2026-05-31 09:00:47.19274+00	7415	f
9696	Термостат ТС 107.1306100-01М набор 2+1 КАМАЗ	30-80	(30 уп)80С			578.00	\N	13	\N	t	t	f	f	2026-05-31 08:49:45.229675+00	2026-05-31 09:00:47.195604+00	7415	f
9695	Термостат ТС 108.1306100-01М ГАЗ 53, ПАЗ	80-2	80С			180.00	\N	21	\N	t	t	f	f	2026-05-31 08:49:45.226586+00	2026-05-31 09:00:47.19699+00	7415	f
9697	Тяга	2725205500	272.5205500			392.00	\N	15	\N	t	t	f	f	2026-05-31 08:49:45.236255+00	2026-05-31 09:00:47.198438+00	7415	f
9698	Указатель уровня топлива г. Октябрьский	170	УБ 170			210.00	\N	13	\N	t	t	f	f	2026-05-31 08:49:45.237836+00	2026-05-31 09:00:47.199835+00	7415	f
9699	Щетка  г.Ставрово к-т	275205800-02	27.5205800-02 М			155.00	\N	7	\N	t	t	f	f	2026-05-31 08:49:45.239501+00	2026-05-31 09:00:47.201223+00	7415	f
9700	Вал ведомой шестерни	740-1029154	740-1029154			760.00	\N	27	\N	t	t	f	f	2026-05-31 08:49:45.241042+00	2026-05-31 09:00:47.202617+00	7352	f
9701	Вал промежуточный среднего моста	5320-2502201	5320-2502201 г.Курган			1100.00	\N	26	\N	t	t	f	f	2026-05-31 08:49:45.242571+00	2026-05-31 09:00:47.204003+00	7352	f
9702	Вилка перекл. 2-3 пер.КПП ОАО КАМАЗ	14-1702027	14-1702027			920.00	\N	17	\N	t	t	f	f	2026-05-31 08:49:45.245441+00	2026-05-31 09:00:47.205421+00	7350	f
9703	Вилка перекл.делителя КПП ОАО КАМАЗ	15-1771094	15-1771094			1640.00	\N	11	\N	t	t	f	f	2026-05-31 08:49:45.248365+00	2026-05-31 09:00:47.206858+00	7350	f
9704	Вкладыш реактивной штанги	5320-2919040	5320-2919040			34.00	\N	13	\N	t	t	f	f	2026-05-31 08:49:45.251299+00	2026-05-31 09:00:47.208237+00	7334	f
9705	Вкладыш наконечника верхний	5297-3414066	5297-3414066			847.00	\N	18	\N	t	t	f	f	2026-05-31 08:49:45.254153+00	2026-05-31 09:00:47.209725+00	7448	f
9706	Вкладыш наконечника нижний ОАО КАМАЗ	5320-3414067	5320-3414067			305.00	\N	12	\N	t	t	f	f	2026-05-31 08:49:45.255767+00	2026-05-31 09:00:47.211151+00	7448	f
9707	Вкладыш реактивного пальца (толстый) ОАО КАМАЗ	5511-2919034	5511-2919034			499.00	\N	14	\N	t	t	f	f	2026-05-31 08:49:45.258757+00	2026-05-31 09:00:47.212554+00	7334	f
9710	Втулка распорная	5320-2502029	5320-2502029			463.00	\N	30	\N	t	t	f	f	2026-05-31 08:49:45.266063+00	2026-05-31 09:00:47.216793+00	7352	f
9711	Втулка шестерни 1-ой передачи	154-1701282	154-1701282			1650.00	\N	18	\N	t	t	f	f	2026-05-31 08:49:45.268996+00	2026-05-31 09:00:47.21818+00	7350	f
9712	Гайка конич.шестерни среднего моста	853550	853550			345.00	\N	15	\N	t	t	f	f	2026-05-31 08:49:45.270518+00	2026-05-31 09:00:47.21957+00	7352	f
9713	Гайка пер. колеса ЕВРО ОАО КАМАЗ	5425-3101040	5425-3101040			48.00	\N	30	\N	t	t	f	f	2026-05-31 08:49:45.272038+00	2026-05-31 09:00:47.220941+00	7448	f
9714	Гайка подшипника в сборе ОАО КАМАЗ	5320-2502063	5320-2502063			330.00	\N	28	\N	t	t	f	f	2026-05-31 08:49:45.274906+00	2026-05-31 09:00:47.222331+00	7352	f
9715	Гайка подшипника дифер.бугельная ОАО КАМАЗ	53205-2403040	53205-2403040			630.00	\N	19	\N	t	t	f	f	2026-05-31 08:49:45.277781+00	2026-05-31 09:00:47.223754+00	7352	f
9716	Гайка подшипника ступицы 4310 ОАО КАМАЗ	4310-3103076	4310-3103076			320.00	\N	17	\N	t	t	f	f	2026-05-31 08:49:45.280659+00	2026-05-31 09:00:47.225319+00	7352	f
9717	Гайка сошки Гура	853567	853567			215.00	\N	12	\N	t	t	f	f	2026-05-31 08:49:45.283537+00	2026-05-31 09:00:47.226772+00	7397	f
9718	Гнездо АКБ ОАО КАМАЗ ( без крышки)	5320-3703058	5320-3703058			3500.00	\N	18	\N	t	t	f	f	2026-05-31 08:49:45.285042+00	2026-05-31 09:00:47.228149+00	7431	f
9719	Колодка тормозная в сб.ОАО КАМАЗ	6520-3501090	6520-3501090			3952.00	\N	1	\N	t	t	f	f	2026-05-31 08:49:45.287932+00	2026-05-31 09:00:47.229571+00	7367	f
9720	Колпак воздухозаборника ОАО КАМАЗ	5320-1109384	5320-1109384			830.00	\N	22	\N	t	t	f	f	2026-05-31 08:49:45.290922+00	2026-05-31 09:00:47.230947+00	7380	f
9721	Колпак воздухозаборника в сборе	55118-1109384	55118-1109384			815.00	\N	10	\N	t	t	f	f	2026-05-31 08:49:45.293841+00	2026-05-31 09:00:47.232315+00	7380	f
9722	Кольцо маслонагнетательное ОАО КАМАЗ	14-1701096	14-1701096			415.00	\N	11	\N	t	t	f	f	2026-05-31 08:49:45.296636+00	2026-05-31 09:00:47.233707+00	7448	f
9723	Кран управления делителем(нов.обр.) ОАО КАМАЗ	15-1772132-10	15-1772132-10			2040.00	\N	15	\N	t	t	f	f	2026-05-31 08:49:45.299507+00	2026-05-31 09:00:47.235193+00	7350	f
9724	Кронштейн амортизатора левый	5320-2905535	5320-2905535			680.00	\N	10	\N	t	t	f	f	2026-05-31 08:49:45.30254+00	2026-05-31 09:00:47.236613+00	7327	f
9725	Кронштейн амортизатора правый	5320-2905534	5320-2905534			680.00	\N	16	\N	t	t	f	f	2026-05-31 08:49:45.305306+00	2026-05-31 09:00:47.238002+00	7327	f
9726	Муфта блокировки МОД ОАО КАМАЗ	5320-2509053	5320-2509053			810.00	\N	12	\N	t	t	f	f	2026-05-31 08:49:45.308116+00	2026-05-31 09:00:47.239439+00	7350	f
9727	Муфта с втулкой (к-т)	14-1701580	14-1701580			2000.00	\N	16	\N	t	t	f	f	2026-05-31 08:49:45.311286+00	2026-05-31 09:00:47.241249+00	7350	f
9728	Накладка оси тормозных колодок ОАО КАМАЗ	5320-3501133	5320-3501133			86.00	\N	14	\N	t	t	f	f	2026-05-31 08:49:45.312956+00	2026-05-31 09:00:47.243017+00	7367	f
9729	Насос масляный без шестерни ЕВРО	74011-1011014	740.11-1011014			7365.00	\N	27	\N	t	t	f	f	2026-05-31 08:49:45.315976+00	2026-05-31 09:00:47.244553+00	7392	f
9730	Натяжитель ремня	740-1308110	740-1308110			2355.00	\N	28	\N	t	t	f	f	2026-05-31 08:49:45.317516+00	2026-05-31 09:00:47.246069+00	7389	f
9731	Палец буксирной вилки ОАО КАМАЗ	53205-2806117	53205-2806117			705.00	\N	29	\N	t	t	f	f	2026-05-31 08:49:45.320516+00	2026-05-31 09:00:47.247482+00	7384	f
9732	Панель облицовочная верхняя ОАО КАМАЗ	5320-8401012-00	5320-8401012-00			2943.00	\N	13	\N	t	t	f	f	2026-05-31 08:49:45.323507+00	2026-05-31 09:00:47.24891+00	7445	f
9733	Панель облицовочная нижняя ОАО КАМАЗ	5320-8401120	5320-8401120			7500.00	\N	17	\N	t	t	f	f	2026-05-31 08:49:45.326425+00	2026-05-31 09:00:47.250303+00	7445	f
9734	Панель облицовочная нижняя ЕВРО ОАО КАМАЗ	53205-8401120-00	53205-8401120-00			6200.00	\N	11	\N	t	t	f	f	2026-05-31 08:49:45.329251+00	2026-05-31 09:00:47.251782+00	7445	f
9735	Панель передка боковая съемная ОАО КАМАЗ	5320-5301046	5320-5301046			1620.00	\N	14	\N	t	t	f	f	2026-05-31 08:49:45.332165+00	2026-05-31 09:00:47.253268+00	7445	f
9736	Панель передка боковая съемная ОАО КАМАЗ	5320-5301047	5320-5301047			880.00	\N	20	\N	t	t	f	f	2026-05-31 08:49:45.335096+00	2026-05-31 09:00:47.254741+00	7445	f
9737	Панель с обтекателем левая в сборе ОАО КАМАЗ	5320-5399005-00	5320-5399005-00			1570.00	\N	20	\N	t	t	f	f	2026-05-31 08:49:45.338192+00	2026-05-31 09:00:47.256251+00	7445	f
9738	Панель с обтекателем правая в сборе ОАО КАМАЗ	5320-5399004-00	5320-5399004-00			1570.00	\N	10	\N	t	t	f	f	2026-05-31 08:49:45.341326+00	2026-05-31 09:00:47.257745+00	7445	f
9739	Поршневая ч/б с пальцем ОАО КАМАЗ (поршнекомплект)	740-1000128-1839	740-1000128-1839			8000.00	\N	17	\N	t	t	f	f	2026-05-31 08:49:45.344323+00	2026-05-31 09:00:47.259217+00	7384	f
9740	Р/К водяного насоса в сборе ЕВРО-3 НАШ	3	ЕВРО- 3			1320.00	\N	17	\N	t	t	f	f	2026-05-31 08:49:45.347566+00	2026-05-31 09:00:47.260945+00	7390	f
9741	Р/К масляного насоса полный	740-1011014-30	740-1011014-30			825.00	\N	12	\N	t	t	f	f	2026-05-31 08:49:45.349106+00	2026-05-31 09:00:47.262411+00	7392	f
9742	Ролик (тормозмой колодки) ОАО КАМАЗ	5320-3501109	5320-3501109			105.00	\N	22	\N	t	t	f	f	2026-05-31 08:49:45.350662+00	2026-05-31 09:00:47.263794+00	7367	f
9743	Стакан подшипников ОАО КАМАЗ	5320-2402046	5320-2402046			3200.00	\N	16	\N	t	t	f	f	2026-05-31 08:49:45.353667+00	2026-05-31 09:00:47.265355+00	7448	f
9744	Ступица ведомого диска ОАО КАМАЗ	14-1601142	14-1601142			450.00	\N	15	\N	t	t	f	f	2026-05-31 08:49:45.356684+00	2026-05-31 09:00:47.267112+00	7350	f
9745	Стяжка кронштейнов оси (балансира) ОАО КАМАЗ	5320-2918189	5320-2918189			4440.00	\N	17	\N	t	t	f	f	2026-05-31 08:49:45.359682+00	2026-05-31 09:00:47.268587+00	7352	f
9746	Тяга продольная рулевая в сборе ОАО КАМАЗ	5320-3414009-00	5320-3414009-00			12000.00	\N	13	\N	t	t	f	f	2026-05-31 08:49:45.362555+00	2026-05-31 09:00:47.269987+00	7404	f
9747	Тяга продольная рулевая в сборе ОАО КАМАЗ	5297-3414009-00	5297-3414009-00			12000.00	\N	16	\N	t	t	f	f	2026-05-31 08:49:45.365466+00	2026-05-31 09:00:47.271359+00	7404	f
9748	Фланец КПП круг. ОАО КАМАЗ	152-1701240	152-1701240			2100.00	\N	13	\N	t	t	f	f	2026-05-31 08:49:45.368375+00	2026-05-31 09:00:47.272781+00	7350	f
9749	Чашки МОД (к-т) ОАО КАМАЗ	53205-2506016	53205-2506016			25000.00	\N	16	\N	t	t	f	f	2026-05-31 08:49:45.371371+00	2026-05-31 09:00:47.274257+00	7352	f
9751	Экран	740-1003216	740-1003216			24.00	\N	19	\N	t	t	f	f	2026-05-31 08:49:45.377171+00	2026-05-31 09:00:47.277002+00	7448	f
9752	Генератор 6661 М-2141 дв. 412 Уфа ОАО ЗИТ	66613701	6661.3701			2590.47	\N	21	\N	t	t	f	f	2026-05-31 08:49:45.378725+00	2026-05-31 09:00:47.278365+00	7407	f
9753	Крышка СТ222-3708400	222-3708400	носик			500.00	\N	11	\N	t	t	f	f	2026-05-31 08:49:45.380226+00	2026-05-31 09:00:47.281253+00	7413	f
9754	Привод в сборе н/о (на редукт. 20,24 серию)	203708600-01	20.3708600-01			465.00	\N	1	\N	t	t	f	f	2026-05-31 08:49:45.383368+00	2026-05-31 09:00:47.282882+00	7413	f
9755	Привод  МТЗ-80 в сборе	243708600-01	24.3708600-01			405.00	\N	25	\N	t	t	f	f	2026-05-31 08:49:45.384915+00	2026-05-31 09:00:47.284269+00	7413	f
9756	Редуктор с валом на стартер 9112	40000012	40000012			1870.00	\N	20	\N	t	t	f	f	2026-05-31 08:49:45.387744+00	2026-05-31 09:00:47.285739+00	7410	f
9757	Реле втягивающее	603708800	60.3708800			700.00	\N	7	\N	t	t	f	f	2026-05-31 08:49:45.389348+00	2026-05-31 09:00:47.287112+00	7412	f
9758	Реле стартера в сборе МТЗ-80 24В ОАО ЗИТ	203708800	20.3708800 стар.обр.			1310.00	\N	14	\N	t	t	f	f	2026-05-31 08:49:45.390892+00	2026-05-31 09:00:47.288492+00	7410	f
9759	Стартер взамен 20 Бычок, МТЗ редуктор. (5,9 кВт) ОАО ЗИТ	20023708000-01-24	2002.3708000-01 24В			6100.00	\N	16	\N	t	t	f	f	2026-05-31 08:49:45.393787+00	2026-05-31 09:00:47.289878+00	7410	f
9760	Стартер Д-144,Т-40,Т25А2 редукт. (взамен 241 и 222А)  ОАО ЗИТ	24123708000-01-12-4	2412.3708000-01 12В 4кВт			6100.00	\N	14	\N	t	t	f	f	2026-05-31 08:49:45.396573+00	2026-05-31 09:00:47.291293+00	7410	f
9761	Стартер МТЗ-50,80,100 редукт. 4 кВт (взамен 24)  ОАО ЗИТ	24023708000-01-12	2402.3708000-01 12В			6100.00	\N	17	\N	t	t	f	f	2026-05-31 08:49:45.398106+00	2026-05-31 09:00:47.292681+00	7410	f
9762	Стартер Т-40М  5,9  кВт (взамен 201)  ОАО ЗИТ	201237008000-01-24	2012.37008000-01 24В			6100.00	\N	9	\N	t	t	f	f	2026-05-31 08:49:45.400878+00	2026-05-31 09:00:47.294222+00	7410	f
9763	Якорь стартера	20-3708200-02	20-3708200-02 нов.обр.			1695.00	\N	11	\N	t	t	f	f	2026-05-31 08:49:45.402368+00	2026-05-31 09:00:47.295612+00	7410	f
9764	Компрессор 1-ц. г.Ижевск 16 мм.	53205-3509015-20-21	53205-3509015-20 (21)			12230.00	\N	23	\N	t	t	f	f	2026-05-31 08:49:45.403914+00	2026-05-31 09:00:47.29748+00	7365	f
9765	Компрессор 1-ц.( Айк-Мото) г.Ижевск 22 мм. выход сверху	53205-3509015-02	53205-3509015-02 АЙК			12818.00	\N	12	\N	t	t	f	f	2026-05-31 08:49:45.406711+00	2026-05-31 09:00:47.298896+00	7365	f
9766	Компрессор 1-цил. КАМАЗ г.Борисов	306-01	ПК 306-01			28539.00	\N	20	\N	t	t	f	f	2026-05-31 08:49:45.409485+00	2026-05-31 09:00:47.300309+00	7365	f
9767	Компрессор  2-х цил. КАМАЗ 201 л/мин г.Борисов	214-30	ПК 214-30			28705.00	\N	11	\N	t	t	f	f	2026-05-31 08:49:45.412332+00	2026-05-31 09:00:47.301728+00	7365	f
9768	Компрессор 5336-3509012 МАЗ, Урал со шкивом 210 л/мин г.Борисов	5336-3509012-210	5336-3509012  210л/м			23460.00	\N	12	\N	t	t	f	f	2026-05-31 08:49:45.415212+00	2026-05-31 09:00:47.303148+00	7365	f
9769	Компрессор 5336-3509012-01 без шкива ЗИЛ, МАЗ,КРАЗ,Урал, БЕЛАЗ г.Борисов	5336-3509012-01-201	5336-3509012-01 201 л/мин			21805.00	\N	4	\N	t	t	f	f	2026-05-31 08:49:45.418103+00	2026-05-31 09:00:47.304538+00	7365	f
9770	Компрессор 5336-3509012-10 усилин. 270 л/мин г.Борисов	5336-3509012-10	5336-3509012-10			19890.00	\N	24	\N	t	t	f	f	2026-05-31 08:49:45.421148+00	2026-05-31 09:00:47.305911+00	7365	f
9771	Компрессор МАЗ,Лиаз,Урал 320л/мин  г.Борисов	310	ПК 310			26000.00	\N	15	\N	t	t	f	f	2026-05-31 08:49:45.42281+00	2026-05-31 09:00:47.307282+00	7365	f
9772	Компрессор 1 цил. Литва выход сверху	18-3509015-20-373	18-3509015-20 ( 373л.)			18100.00	\N	16	\N	t	t	f	f	2026-05-31 08:49:45.425771+00	2026-05-31 09:00:47.308714+00	7365	f
9773	Компрессор 2-х 275 л/м (дв.ЯМЗ) Литва	161-3509012-20	161-3509012-20			23460.00	\N	18	\N	t	t	f	f	2026-05-31 08:49:45.427287+00	2026-05-31 09:00:47.310101+00	7365	f
9775	Компрессор 2-х цил. Литва Н/О  275 л/мин	5320-3509015-10	5320-3509015-10			24072.00	\N	15	\N	t	t	f	f	2026-05-31 08:49:45.432829+00	2026-05-31 09:00:47.312894+00	7365	f
9776	Компрессор 2-х цил. (дв.ЯМЗ)  201л/мин Литва	161-3509012	161-3509012			23606.00	\N	14	\N	t	t	f	f	2026-05-31 08:49:45.435709+00	2026-05-31 09:00:47.314264+00	7365	f
9777	Р/К  1-но цил. компрессора Р0 в сборе НАШ	0-1	Р0 1-но цил.			618.00	\N	23	\N	t	t	f	f	2026-05-31 08:49:45.438496+00	2026-05-31 09:00:47.315657+00	7331	f
9778	Р/К  2-х цил. компрессора Р1 из 5-ти наим.	1	без шатуна Р 1			371.00	\N	17	\N	t	t	f	f	2026-05-31 08:49:45.440003+00	2026-05-31 09:00:47.317047+00	7331	f
9779	Крестовина 5320-2201025 межосевая г.Гродно	5320-2201025-02-20	5320-2201025-02 меж.20шт			3104.00	\N	16	\N	t	t	f	f	2026-05-31 08:49:45.441515+00	2026-05-31 09:00:47.318478+00	7344	f
9780	Крестовина  53205-2201025 м/о г.Гродно	53205-2201025-10-10	53205-2201025-10 меж.10шт			4188.00	\N	13	\N	t	t	f	f	2026-05-31 08:49:45.444271+00	2026-05-31 09:00:47.31986+00	7344	f
9781	Крестовина 4310-2205025 основная г.Гродно	4310-2205025-10	4310-2205025 осн.10шт			4999.00	\N	29	\N	t	t	f	f	2026-05-31 08:49:45.447246+00	2026-05-31 09:00:47.321226+00	7344	f
9782	Крестовина  53205-2205025 основная г.Гродно	53205-2205025-12-10	53205-2205025-12 осн.10шт			4579.00	\N	16	\N	t	t	f	f	2026-05-31 08:49:45.450047+00	2026-05-31 09:00:47.322615+00	7344	f
9783	Крестовина ЗИЛ 130-2201025 межосевая г.Гродно	130-2201025	130-2201025			459.00	\N	22	\N	t	t	f	f	2026-05-31 08:49:45.452899+00	2026-05-31 09:00:47.324021+00	7344	f
9784	Крестовина ЗИЛ 131-2205025 основная г.Гродно	131-2205025	131-2205025			765.00	\N	27	\N	t	t	f	f	2026-05-31 08:49:45.455692+00	2026-05-31 09:00:47.325434+00	7344	f
9785	Крестовина осн. 53205-2205026-10 голая	53205-2205026-10	голая			1379.00	\N	19	\N	t	t	f	f	2026-05-31 08:49:45.458473+00	2026-05-31 09:00:47.326808+00	7344	f
9787	Крестовина 5320-2201026	11839	ПРАМО (118*39 мм)			567.00	\N	10	\N	t	t	f	f	2026-05-31 08:49:45.462807+00	2026-05-31 09:00:47.32994+00	7344	f
9788	Крестовина 5320-2205025-01	13550	ПРАМО (135*50 мм)			1022.00	\N	27	\N	t	t	f	f	2026-05-31 08:49:45.465616+00	2026-05-31 09:00:47.331316+00	7344	f
9789	Крестовина 53205-2201025	50135	ПРАМО (50*135мм) М/О			1525.00	\N	18	\N	t	t	f	f	2026-05-31 08:49:45.468419+00	2026-05-31 09:00:47.332733+00	7344	f
9790	Крестовина 53205-2205025	15550	ПРАМО (155*50 мм) ОСН.			1093.00	\N	11	\N	t	t	f	f	2026-05-31 08:49:45.471351+00	2026-05-31 09:00:47.334105+00	7344	f
9791	Крестовина в сборе (28*68) рулевого вала КАМАЗ, Агротэк	5320-3422039	5320-3422039 АЕ			255.00	\N	20	\N	t	t	f	f	2026-05-31 08:49:45.474162+00	2026-05-31 09:00:47.335542+00	7344	f
9792	Крестовина в сборе (39*118) м/о Агротэк	5320-2201025	5320-2201025 Агротэк			688.00	\N	13	\N	t	t	f	f	2026-05-31 08:49:45.477169+00	2026-05-31 09:00:47.336928+00	7344	f
9793	Крестовина в сборе (50*135) евро-2 м/о,Агротэк	6520-2201025	6520-2201025 АЕ			1270.00	\N	16	\N	t	t	f	f	2026-05-31 08:49:45.480049+00	2026-05-31 09:00:47.338301+00	7344	f
9794	Крестовина в сборе (50*135) Агротэк	5320-2205025	5320-2205025 АЕ			1202.00	\N	18	\N	t	t	f	f	2026-05-31 08:49:45.482876+00	2026-05-31 09:00:47.339742+00	7344	f
9795	Крестовина в сборе (50*155) евро осн, Агротэк	53205-2205025	53205-2205025 АЕ			1314.00	\N	12	\N	t	t	f	f	2026-05-31 08:49:45.48572+00	2026-05-31 09:00:47.341328+00	7344	f
9796	Крестовина в сборе (50*155) КАМАЗ,КРАЗ,МАЗ(Агротэк)	4310-2205025	4310-2205025 АЕ			1348.00	\N	8	\N	t	t	f	f	2026-05-31 08:49:45.488527+00	2026-05-31 09:00:47.342732+00	7344	f
9797	Крестовина ВЕБЕР (малая) ЕВРО	53205s-2201025-6	53205S-2201025 (уп 6)			592.00	\N	11	\N	t	t	f	f	2026-05-31 08:49:45.491468+00	2026-05-31 09:00:47.34411+00	7344	f
9799	Крестовина У.5320-2205025-10 основная со стопорными кольцами	5320-2205025-10	У 5320-2205025-10			1551.00	\N	11	\N	t	t	f	f	2026-05-31 08:49:45.499503+00	2026-05-31 09:00:47.348301+00	7344	f
9800	Крестовина У.6520-2201025-10  мал. в сб.	2	УКД ЕВРО-2			1836.00	\N	17	\N	t	t	f	f	2026-05-31 08:49:45.50942+00	2026-05-31 09:00:47.353879+00	7344	f
9801	Рычаг регулировочный левый 10 т. трещётка зад.	5511-3502237	5511-3502237 ПРАМО			842.00	\N	12	\N	t	t	f	f	2026-05-31 08:49:45.512253+00	2026-05-31 09:00:47.355278+00	7344	f
9802	Рычаг регулировочный правый 8 т. трещётка зад.	5320-3502236	5320-3502236 ПРАМО			725.00	\N	2	\N	t	t	f	f	2026-05-31 08:49:45.515034+00	2026-05-31 09:00:47.356666+00	7344	f
9803	НШ-10 ПРАВЫЙ г.Ставрополь	10	НШ-10			700.00	\N	16	\N	t	t	f	f	2026-05-31 08:49:45.517803+00	2026-05-31 09:00:47.358242+00	7402	f
9804	Насос НШ-10 У3 (4-х шл.) правый	10-3	НШ-10 У3			2700.00	\N	19	\N	t	t	f	f	2026-05-31 08:49:45.519337+00	2026-05-31 09:00:47.359854+00	7402	f
9805	Насос НШ-50 А3 правый круглый	503	НШ-50А3 правый			12000.00	\N	19	\N	t	t	f	f	2026-05-31 08:49:45.5209+00	2026-05-31 09:00:47.361625+00	7402	f
9806	Лампа А 24-21+5 г.Брест 2-х конт.	24-215	А 24-21+5			5.00	\N	20	\N	t	t	f	f	2026-05-31 08:49:45.522443+00	2026-05-31 09:00:47.363487+00	7421	f
9807	Передний указатель поворота правый г.Киржач	118-3726010	УП118-3726010-П			245.00	\N	9	\N	t	t	f	f	2026-05-31 08:49:45.523953+00	2026-05-31 09:00:47.365321+00	7424	f
9808	Стекло фары (галоген) ВАЗ-2101,ГАЗ-2410	62-3711201-01	62 3711201-01			11.87	\N	11	\N	t	t	f	f	2026-05-31 08:49:45.52549+00	2026-05-31 09:00:47.367215+00	7425	f
9809	Стекло фары ВАЗ-2101,ГАЗ-2410	140-3711201	ФГ140 3711201			10.82	\N	10	\N	t	t	f	f	2026-05-31 08:49:45.528343+00	2026-05-31 09:00:47.369196+00	7425	f
9810	Фонарь УП-1 (4502.3712) ОСВАР	45023712	4502.3712			275.00	\N	18	\N	t	t	f	f	2026-05-31 08:49:45.531108+00	2026-05-31 09:00:47.371257+00	7422	f
9811	Буфер передней рессоры ОАО БРТ	5320-2902624	5320-2902624			493.00	\N	18	\N	t	t	f	f	2026-05-31 08:49:45.532697+00	2026-05-31 09:00:47.373046+00	7374	f
9812	Вставка уплотнителя рычага КПП ОАО БРТ	5320-5130027	5320-5130027			519.00	\N	27	\N	t	t	f	f	2026-05-31 08:49:45.535632+00	2026-05-31 09:00:47.374953+00	7374	f
9813	Втулка торсиона ОАО БРТ	5320-5002025	5320-5002025			90.00	\N	18	\N	t	t	f	f	2026-05-31 08:49:45.538568+00	2026-05-31 09:00:47.376528+00	7374	f
9814	Гофра ПГУ ОАО БРТ	5320-1609569	5320-1609569			10.00	\N	20	\N	t	t	f	f	2026-05-31 08:49:45.54146+00	2026-05-31 09:00:47.377974+00	7374	f
9815	Диафрагма механизма блокировки МОД ОАО БРТ	5320-2509017	5320-2509017			27.00	\N	16	\N	t	t	f	f	2026-05-31 08:49:45.544251+00	2026-05-31 09:00:47.379419+00	7374	f
9816	К-т пр-ок блока двигателя КАМАЗ (темпсил) ПРОФИ 7 наименований	106005-23	106005-23			48.00	\N	18	\N	t	t	f	f	2026-05-31 08:49:45.547457+00	2026-05-31 09:00:47.381174+00	7374	f
9817	К-т пр-ок водяной коробки двигателя КАМАЗ (темпсил) ПРОФИ 4 наименования	106004-23	106004-23			10.00	\N	14	\N	t	t	f	f	2026-05-31 08:49:45.550579+00	2026-05-31 09:00:47.383285+00	7374	f
9818	К-т пр-ок гидромуфты двигателя КАМАЗ (темпсил) ПРОФИ 6 наименований	106006-23	106006-23			22.00	\N	20	\N	t	t	f	f	2026-05-31 08:49:45.553543+00	2026-05-31 09:00:47.385189+00	7374	f
9819	К-т пр-ок двигателя КАМАЗ (темпсил) ПРОФИ 24 наименования	106001-23	106001-23			95.00	\N	17	\N	t	t	f	f	2026-05-31 08:49:45.556655+00	2026-05-31 09:00:47.387082+00	7374	f
9820	К-т пр-ок картера маховика КАМАЗ (темпсил) ПРОФИ 7 наименований	106002-23	106002-23			48.00	\N	11	\N	t	t	f	f	2026-05-31 08:49:45.559531+00	2026-05-31 09:00:47.388956+00	7374	f
9821	Кольцо ТНВД ОАО БРТ	331111069	33.1111069			5.00	\N	16	\N	t	t	f	f	2026-05-31 08:49:45.562556+00	2026-05-31 09:00:47.390787+00	7374	f
9822	Кольцо ТНВД ОАО БРТ	331111083	33.1111083			5.00	\N	14	\N	t	t	f	f	2026-05-31 08:49:45.564113+00	2026-05-31 09:00:47.392614+00	7374	f
9823	Кольцо уплотнительное (ФГОТ, ФЦОМ) ОАО БРТ	740-1105075	740-1105075			10.00	\N	12	\N	t	t	f	f	2026-05-31 08:49:45.56576+00	2026-05-31 09:00:47.394326+00	7374	f
9824	Кольцо уплотн. воздушного фильтра ОАО БРТ	740-1109553	740-1109553			279.00	\N	26	\N	t	t	f	f	2026-05-31 08:49:45.567258+00	2026-05-31 09:00:47.396154+00	7374	f
9825	Манжета балансира ОАО БРТ	864117115145	864117(115х145)			171.00	\N	10	\N	t	t	f	f	2026-05-31 08:49:45.568806+00	2026-05-31 09:00:47.397977+00	7373	f
9826	Манжета гидромуфты ЗАО ВРТ	740-1318166-10012512	740-1318166 (100х125х12)			401.00	\N	11	\N	t	t	f	f	2026-05-31 08:49:45.570291+00	2026-05-31 09:00:47.399841+00	7373	f
9827	Манжета гидромуфты ЗАО ВРТ	740-1318186-345010	740-1318186 (34х50х10)			116.00	\N	28	\N	t	t	f	f	2026-05-31 08:49:45.573104+00	2026-05-31 09:00:47.401681+00	7373	f
9828	Манжета ГУР на сошку (42*58*10)	864141	864141			40.80	\N	3	\N	t	t	f	f	2026-05-31 08:49:45.575917+00	2026-05-31 09:00:47.403526+00	7373	f
9829	Манжета ГУР на угловой редуктор	864113-223456	864113  (22х34,5х6)			29.00	\N	26	\N	t	t	f	f	2026-05-31 08:49:45.577521+00	2026-05-31 09:00:47.4054+00	7373	f
9830	Манжета ГЦС ОАО БРТ	5320-1602517-29265	5320-1602517 (29х26х5)			26.00	\N	29	\N	t	t	f	f	2026-05-31 08:49:45.579025+00	2026-05-31 09:00:47.407217+00	7373	f
9831	Манжета коленвала ЕВРО Резерв	7405-1005160-105130	7405-1005160 (105х130)			295.00	\N	16	\N	t	t	f	f	2026-05-31 08:49:45.581839+00	2026-05-31 09:00:47.409106+00	7373	f
9832	Манжета КПП (45х64) ЗАО ВРТ	14-1701230-01	14-1701230-01			165.00	\N	23	\N	t	t	f	f	2026-05-31 08:49:45.584844+00	2026-05-31 09:00:47.410647+00	7373	f
9833	Манжета с пружиной в сборе	6520-2502280	6520-2502280			690.00	\N	17	\N	t	t	f	f	2026-05-31 08:49:45.586361+00	2026-05-31 09:00:47.412126+00	7373	f
9834	Манжета с пружиной в сборе 80*105 наружн.	6520-2402176	6520-2402176			732.00	\N	19	\N	t	t	f	f	2026-05-31 08:49:45.589204+00	2026-05-31 09:00:47.413633+00	7373	f
9835	Манжета с пружиной в сборе 80*105 сред. мост	6520-2502180	6520-2502180			784.00	\N	14	\N	t	t	f	f	2026-05-31 08:49:45.592029+00	2026-05-31 09:00:47.415064+00	7373	f
9836	Манжета ступицы задней  ОАО БРТ	864129-0114216816	864129-01(142х168х16)			153.00	\N	12	\N	t	t	f	f	2026-05-31 08:49:45.594838+00	2026-05-31 09:00:47.416501+00	7373	f
9837	Манжета ступицы передней ОАО БРТ с пружиной	864135-01	864135-01			198.00	\N	14	\N	t	t	f	f	2026-05-31 08:49:45.596345+00	2026-05-31 09:00:47.418059+00	7373	f
9838	Манжета хвостовика Евро	864195-709210	864195 (70*92*10)			325.00	\N	29	\N	t	t	f	f	2026-05-31 08:49:45.597895+00	2026-05-31 09:00:47.419491+00	7373	f
9839	Манжета хвостовика ЗАО ВРТ	864180-70921216	864180 (70х92х12х16)			296.00	\N	3	\N	t	t	f	f	2026-05-31 08:49:45.599439+00	2026-05-31 09:00:47.420873+00	7373	f
9840	Манжета хвостовика ЗАО ВРТ	864176-70921216	864176 (70х92х12х16)			298.00	\N	19	\N	t	t	f	f	2026-05-31 08:49:45.600983+00	2026-05-31 09:00:47.422317+00	7373	f
9841	Мембрана тип 24 ОАО БРТ	100-3519250	100-3519250Р			218.00	\N	15	\N	t	t	f	f	2026-05-31 08:49:45.602616+00	2026-05-31 09:00:47.423711+00	7374	f
9842	Мембрана тип 30 ОАО БРТ	100-3519350	100-3519350			218.00	\N	17	\N	t	t	f	f	2026-05-31 08:49:45.604292+00	2026-05-31 09:00:47.425202+00	7374	f
9843	Патрубок радиатора 6520 нижний ОАО БРТ	6520-1303026	6520-1303026			950.00	\N	15	\N	t	t	f	f	2026-05-31 08:49:45.605903+00	2026-05-31 09:00:47.426607+00	7387	f
9844	Патрубок радиатора Шланг Ф68х120 ОАО БРТ	5320-1303027	5320-1303027			139.00	\N	4	\N	t	t	f	f	2026-05-31 08:49:45.608838+00	2026-05-31 09:00:47.427997+00	7387	f
9845	Патрубок радиатора ШЛАНГ Ф68х200 ОАО БРТ	5320-1303026	5320-1303026			214.00	\N	19	\N	t	t	f	f	2026-05-31 08:49:45.611725+00	2026-05-31 09:00:47.429426+00	7387	f
9846	Патрубок расширительного бачка ШЛАНГ Ф30Р ОАО БРТ	5320-1311049	5320-1311049			110.00	\N	18	\N	t	t	f	f	2026-05-31 08:49:45.614838+00	2026-05-31 09:00:47.430847+00	7388	f
9847	Патрубок сапуна переходной ОАО БРТ	740-1014138	740-1014138			87.00	\N	13	\N	t	t	f	f	2026-05-31 08:49:45.617714+00	2026-05-31 09:00:47.432231+00	7388	f
9848	Подушка переднего крепления кабины нижняя ОАО БРТ	5320-5001021	5320-5001021			870.00	\N	11	\N	t	t	f	f	2026-05-31 08:49:45.619219+00	2026-05-31 09:00:47.433637+00	7374	f
9849	Прокладка баллона (рессивера) ОАО БРТ	5320-3513092-01	5320-3513092-01Р			51.00	\N	13	\N	t	t	f	f	2026-05-31 08:49:45.622073+00	2026-05-31 09:00:47.435113+00	7375	f
9850	Прокладка впускного коллектора (домик)	740-1115026-01	740-1115026-01			13.00	\N	14	\N	t	t	f	f	2026-05-31 08:49:45.62504+00	2026-05-31 09:00:47.436543+00	7372	f
9851	Прокладка выпускного коллектора	7403-1008050	7403-1008050 армир.			35.00	\N	12	\N	t	t	f	f	2026-05-31 08:49:45.626586+00	2026-05-31 09:00:47.437932+00	7372	f
9852	Прокладка ГБЦ ОАО БРТ	740-1003213-20	740-1003213-20			108.00	\N	13	\N	t	t	f	f	2026-05-31 08:49:45.628105+00	2026-05-31 09:00:47.439308+00	7370	f
9853	Прокладка клапанной крышки ОАО БРТ	740-1003270-11	740-1003270-11			73.00	\N	4	\N	t	t	f	f	2026-05-31 08:49:45.629648+00	2026-05-31 09:00:47.440733+00	7357	f
9854	Прокладка поддона ОАО БРТ	740-1009040	740-1009040			261.00	\N	20	\N	t	t	f	f	2026-05-31 08:49:45.631133+00	2026-05-31 09:00:47.442158+00	7375	f
9855	Пыльник крестовины м/о ОАО БРТ	5320-2201043	5320-2201043			25.00	\N	14	\N	t	t	f	f	2026-05-31 08:49:45.632695+00	2026-05-31 09:00:47.443596+00	7344	f
9856	Пыльник крестовины осн. ОАО БРТ	5320-2205042	5320-2205042			30.00	\N	12	\N	t	t	f	f	2026-05-31 08:49:45.635516+00	2026-05-31 09:00:47.445025+00	7344	f
9857	Р/К компрессора	5320-3509015-10-2	5320-3509015-10 н/о			1040.00	\N	24	\N	t	t	f	f	2026-05-31 08:49:45.638305+00	2026-05-31 09:00:47.446427+00	7331	f
9774	Р/К компрессора	5320-3509015-2	5320-3509015			495.00	\N	18	\N	t	t	f	f	2026-05-31 08:49:45.430042+00	2026-05-31 09:00:47.447931+00	7331	f
9858	Р/К компрессора (6 наименований) паронит	2-2	2-х цил.			34.00	\N	24	\N	t	t	f	f	2026-05-31 08:49:45.643478+00	2026-05-31 09:00:47.449339+00	7331	f
9859	Р/К компрессора 1-ц	18-3509015	18-3509015			597.00	\N	19	\N	t	t	f	f	2026-05-31 08:49:45.645049+00	2026-05-31 09:00:47.45084+00	7331	f
9860	Ремень 1250 зубчатый ОАО БРТ	740-1308020-10	740-1308020-10			375.00	\N	15	\N	t	t	f	f	2026-05-31 08:49:45.646579+00	2026-05-31 09:00:47.452257+00	7374	f
9861	Ремень 1320 ОАО БРТ	740-1307170	740-1307170Р			253.00	\N	17	\N	t	t	f	f	2026-05-31 08:49:45.649468+00	2026-05-31 09:00:47.453656+00	7374	f
9862	Сальник п/оси КамАЗ-4310	864158-10-864159	864158-10Р (864159)			216.00	\N	17	\N	t	t	f	f	2026-05-31 08:49:45.652346+00	2026-05-31 09:00:47.455066+00	7373	f
9863	Уплотнитель педали тормоза ОАО БРТ	5320-5130029-01	5320-5130029-01Р			86.00	\N	21	\N	t	t	f	f	2026-05-31 08:49:45.655233+00	2026-05-31 09:00:47.456502+00	7374	f
9864	Уплотнитель проема двери УП 805 ОАО БРТ	5320-6107805	5320-6107805			347.00	\N	13	\N	t	t	f	f	2026-05-31 08:49:45.658132+00	2026-05-31 09:00:47.457973+00	7374	f
9865	Уплотнитель рычага КПП ОАО БРТ	5320-5130016-01	5320-5130016-01			706.00	\N	19	\N	t	t	f	f	2026-05-31 08:49:45.661068+00	2026-05-31 09:00:47.459368+00	7374	f
9866	Уплотнитель форточки двери лев.	5320-6103123	5320-6103123			414.00	\N	25	\N	t	t	f	f	2026-05-31 08:49:45.663946+00	2026-05-31 09:00:47.460796+00	7374	f
9867	Уплотнитель форточки двери ОАО БРТ	5320-6103122	5320-6103122			431.00	\N	17	\N	t	t	f	f	2026-05-31 08:49:45.66681+00	2026-05-31 09:00:47.462229+00	7374	f
9868	Уплотнитель энергоаккумулятора ОАО БРТ	100-3519180	100-3519180Р			121.00	\N	11	\N	t	t	f	f	2026-05-31 08:49:45.669577+00	2026-05-31 09:00:47.463636+00	7359	f
9870	Прокладка клапанной крышки Евро	7406-1003270-01	7406-1003270-01 СТР			220.00	\N	22	\N	t	t	f	f	2026-05-31 08:49:45.672722+00	2026-05-31 09:00:47.466576+00	7357	f
9869	Р/К топливного фильтра	item-426	СТР			198.00	\N	12	\N	t	t	f	f	2026-05-31 08:49:45.671137+00	2026-05-31 09:00:47.469696+00	7374	f
9871	Бендикс КАМАЗ Евро	5402-3708600-01	5402-3708600-01			1720.00	\N	17	\N	t	t	f	f	2026-05-31 08:49:45.677097+00	2026-05-31 09:00:47.47105+00	7410	f
9872	Бендикс г. Борисов	5432-3708600-01	5432-3708600-01			2254.00	\N	16	\N	t	t	f	f	2026-05-31 08:49:45.679991+00	2026-05-31 09:00:47.472453+00	7410	f
9873	Бендикс  г.Борисов 10 зуб.	142-3708600	СТ142Б-3708600			1834.00	\N	10	\N	t	t	f	f	2026-05-31 08:49:45.681528+00	2026-05-31 09:00:47.473851+00	7410	f
9875	Крышка втягивающего реле в сборе с болтами	142-3708830	142-3708830			556.00	\N	17	\N	t	t	f	f	2026-05-31 08:49:45.685942+00	2026-05-31 09:00:47.476606+00	7410	f
9876	Обмотка стартера  5402-01,5432-10-20	54323708110-01	5432.3708110-01			3143.00	\N	2	\N	t	t	f	f	2026-05-31 08:49:45.687585+00	2026-05-31 09:00:47.477998+00	7410	f
9877	Обмотка стартера СТ142-3708110 г.Борисов	142-3708110	СТ142-3708110			4630.00	\N	17	\N	t	t	f	f	2026-05-31 08:49:45.689285+00	2026-05-31 09:00:47.479412+00	7410	f
9878	Реле втягивающее г.Борисов	1422-3708800	СТ142Б2-3708800			3844.00	\N	12	\N	t	t	f	f	2026-05-31 08:49:45.690913+00	2026-05-31 09:00:47.480921+00	7410	f
9879	Реле втягивающее	5402-3708800	5402-3708800			3208.00	\N	19	\N	t	t	f	f	2026-05-31 08:49:45.692472+00	2026-05-31 09:00:47.4823+00	7410	f
9880	Реле втягивающее (стартер 5432-10, 5402-01) г.Борисов	5432-3708800-10	5432-3708800-10			2893.00	\N	16	\N	t	t	f	f	2026-05-31 08:49:45.693998+00	2026-05-31 09:00:47.483691+00	7410	f
9881	Реле стартера дополнит. г.Борисов	24	РС-24Д			1316.00	\N	11	\N	t	t	f	f	2026-05-31 08:49:45.695526+00	2026-05-31 09:00:47.485087+00	7410	f
9882	Стартер 5402 КАМАЗ Евро 2, 3 , Урал (редукторный с доп. реле)	54023708-01	5402.3708-01			17417.00	\N	15	\N	t	t	f	f	2026-05-31 08:49:45.697161+00	2026-05-31 09:00:47.486476+00	7410	f
9883	Стартер 5402 ЕВРО редукт (аналог AZF 4554) 24В, 5,4 кВт,10 зуб.  г.Борисов	5402-3708	5402-3708			16218.00	\N	15	\N	t	t	f	f	2026-05-31 08:49:45.700213+00	2026-05-31 09:00:47.487868+00	7410	f
9884	Стартер Евро-2 (Аналог БОШ взамен 0001261006) г.Борисов	54223708-24-10	5422.3708 24В 10кВ б/н			19052.00	\N	15	\N	t	t	f	f	2026-05-31 08:49:45.701803+00	2026-05-31 09:00:47.489315+00	7410	f
9885	Стартер КАМАЗ ЕВРО-2,3 г.Борисов  (8,2 кВт 24В 10 зуб)	142-3708-10	СТ142Б-3708-10			25924.00	\N	19	\N	t	t	f	f	2026-05-31 08:49:45.703506+00	2026-05-31 09:00:47.490983+00	7410	f
9886	Стартер КАМАЗ г.Борисов (24В 8,2кВт)	1422-3708	СТ142Б2-3708			26622.00	\N	18	\N	t	t	f	f	2026-05-31 08:49:45.706488+00	2026-05-31 09:00:47.49236+00	7410	f
9887	Стартер КАМАЗ,Зил-133ГЯ,Урал,ЛиАЗ, редукт.24В 5,5кВт (ан. 3367) г.Борисов	5432-3708-10	5432-3708-10 с доп.реле			19870.00	\N	16	\N	t	t	f	f	2026-05-31 08:49:45.709369+00	2026-05-31 09:00:47.493779+00	7410	f
9888	Стартер МАЗ 10 зуб. 24В 9кв.(ан. 4581) г.Борисов	5432-3708000	5432-3708000 МАЗ			16397.00	\N	18	\N	t	t	f	f	2026-05-31 08:49:45.712525+00	2026-05-31 09:00:47.495165+00	7410	f
9889	Стартер МАЗ 10 зуб. 24В 9кв.(ан.4581) с доп. реле	5432-3708-01	5432-3708-01			17466.00	\N	19	\N	t	t	f	f	2026-05-31 08:49:45.715568+00	2026-05-31 09:00:47.496544+00	7410	f
9890	Стартер МАЗ 11зуб. г.Борисов	142-3708	СТ142Т-3708			25959.00	\N	25	\N	t	t	f	f	2026-05-31 08:49:45.718507+00	2026-05-31 09:00:47.497951+00	7410	f
9891	Стартер МАЗ евро 10зуб.г.Борисов	142-3708-10-2	СТ142Т-3708-10			25062.00	\N	16	\N	t	t	f	f	2026-05-31 08:49:45.721456+00	2026-05-31 09:00:47.49932+00	7410	f
9892	Траверза СТ 142Б1	142-3708330	СТ142-3708330			1383.00	\N	12	\N	t	t	f	f	2026-05-31 08:49:45.724271+00	2026-05-31 09:00:47.500723+00	7410	f
9893	Щетки стартера СТ 142Б1	142-3708060-10	СТ142-3708060-10			62.00	\N	15	\N	t	t	f	f	2026-05-31 08:49:45.725816+00	2026-05-31 09:00:47.502095+00	7410	f
9894	Якорь стартера г.Борисов	142-3708200	СТ 142-3708200			8503.00	\N	20	\N	t	t	f	f	2026-05-31 08:49:45.727311+00	2026-05-31 09:00:47.503474+00	7410	f
9895	Якорь стартера ЕВРО г.Борисов	142-3708200-10	СТ 142-3708200-10			8503.00	\N	11	\N	t	t	f	f	2026-05-31 08:49:45.728886+00	2026-05-31 09:00:47.504865+00	7410	f
9896	Бендикс ( для ст.25.3708 КАМАЗ)	25023708600-10	2502.3708.600-10 г.Ржев			2632.00	\N	5	\N	t	t	f	f	2026-05-31 08:49:45.730462+00	2026-05-31 09:00:47.506234+00	7410	f
9897	Бендикс 11 зуб МАЗ (подходит на стартер 142Т) г.Ржев	25023708600	2502.3708.600			1224.00	\N	25	\N	t	t	f	f	2026-05-31 08:49:45.733354+00	2026-05-31 09:00:47.507613+00	7410	f
9898	Катушка (обмотка) КАМАЗ	25013708150-10	2501.3708.150-10			1184.00	\N	20	\N	t	t	f	f	2026-05-31 08:49:45.736209+00	2026-05-31 09:00:47.508992+00	7410	f
9899	Катушка (обмотка)  МАЗ г.Ржев	25013708150-01	2501.3708.150-01			4017.00	\N	15	\N	t	t	f	f	2026-05-31 08:49:45.739125+00	2026-05-31 09:00:47.510358+00	7410	f
9900	Привод стартера (АТЭ-1)	423708600-006	42.3708.600 ХН-006			204.00	\N	16	\N	t	t	f	f	2026-05-31 08:49:45.742011+00	2026-05-31 09:00:47.51176+00	7410	f
9901	Привод стартера (АТЭ-1)	423708600-10-949	42.3708.600-10 ХН-949			204.00	\N	12	\N	t	t	f	f	2026-05-31 08:49:45.743774+00	2026-05-31 09:00:47.513141+00	7410	f
9902	Реле втягивающее (АТЭ-1)	423708800-01-3-017	42.3708.800-01 ХН-3-017			551.00	\N	18	\N	t	t	f	f	2026-05-31 08:49:45.745295+00	2026-05-31 09:00:47.514555+00	7410	f
9903	Реле втягивающее (АТЭ-1)	423708800-11-3-082	42.3708.800-11 ХН-3-082			551.00	\N	11	\N	t	t	f	f	2026-05-31 08:49:45.747016+00	2026-05-31 09:00:47.515971+00	7410	f
9904	Стартер (АТЭ-1) ГАЗ, УАЗ с двиг. ЗМЗ - 406.10, 4061.10, 4062.10	42-3708-11	42-3708-11 Р			3754.00	\N	12	\N	t	t	f	f	2026-05-31 08:49:45.748677+00	2026-05-31 09:00:47.517334+00	7410	f
9905	Стартер (АТЭ-1) ГАЗ, УАЗ с двиг. УМЗ 3151-01, 3303-01, 3741-01	42-3708	42-3708 Р			3754.00	\N	16	\N	t	t	f	f	2026-05-31 08:49:45.751627+00	2026-05-31 09:00:47.518743+00	7410	f
9906	Стартер (АТЭ-1) ГАЗ с дв.ЗМЗ 402.10,4021.10,4025.10	422-370800	422-370800			3754.00	\N	10	\N	t	t	f	f	2026-05-31 08:49:45.754442+00	2026-05-31 09:00:47.520191+00	7410	f
9907	Стартер КАМАЗ (АТЭ-1) 24В 8,5 кВт редукторный	9112-9	9112 М9Т четыре болта			8364.00	\N	26	\N	t	t	f	f	2026-05-31 08:49:45.757426+00	2026-05-31 09:00:47.52158+00	7410	f
9908	Стартер МАЗ 10 зуб. ЕВРО нов/обр. г.Ржев	25013708-21	2501.3708-21 МАЗ			28553.00	\N	15	\N	t	t	f	f	2026-05-31 08:49:45.760362+00	2026-05-31 09:00:47.522981+00	7410	f
9909	Стартер МАЗ 11 зуб. г.Ржев	25013708-40	2501.3708-40 МАЗ			28451.00	\N	20	\N	t	t	f	f	2026-05-31 08:49:45.763159+00	2026-05-31 09:00:47.524422+00	7410	f
9910	Траверза высокая г.Ржев	253708320	25.3708.320			719.00	\N	16	\N	t	t	f	f	2026-05-31 08:49:45.765971+00	2026-05-31 09:00:47.525889+00	7410	f
9911	Траверза низкая г.Ржев	25023708320-11	2502.3708.320-11			704.00	\N	10	\N	t	t	f	f	2026-05-31 08:49:45.767571+00	2026-05-31 09:00:47.527295+00	7410	f
9912	Якорь стартера МАЗ ( для стар. 2501-40) г.Ржев	25013708200-03	2501.3708.200-03			12795.00	\N	15	\N	t	t	f	f	2026-05-31 08:49:45.76919+00	2026-05-31 09:00:47.528715+00	7410	f
9913	Бендикс на ст. 3367,3436 (Искра) г.Самара	16904237	16.904.237			1576.00	\N	20	\N	t	t	f	f	2026-05-31 08:49:45.772205+00	2026-05-31 09:00:47.530308+00	7410	f
9914	Бендикс на ст.4554 АТЭ	16911674	16911674  АТЭ			829.00	\N	8	\N	t	t	f	f	2026-05-31 08:49:45.774045+00	2026-05-31 09:00:47.531857+00	7410	f
9915	Редуктор стартера AZF 4554,4581	16904832	16904832			2193.00	\N	27	\N	t	t	f	f	2026-05-31 08:49:45.775713+00	2026-05-31 09:00:47.533294+00	7410	f
9916	Реле втягивающее AZJ 3367 г.Самара	16670421	16.670.421			1831.00	\N	15	\N	t	t	f	f	2026-05-31 08:49:45.777212+00	2026-05-31 09:00:47.534762+00	7410	f
9917	Реле стартера ст.4554 г.Самара	16670546	16.670.546			1933.00	\N	1	\N	t	t	f	f	2026-05-31 08:49:45.77876+00	2026-05-31 09:00:47.53617+00	7410	f
9918	Стартер AZF 4554 КАМАЗ ЕВРО 24V 4kW z10 пр-во ISKRA ( ЕВРО 6520)	4554-azf11131150	4554 AZF(11131150)			17697.00	\N	20	\N	t	t	f	f	2026-05-31 08:49:45.780253+00	2026-05-31 09:00:47.537563+00	7410	f
9919	Стартер AZF 4594 КАМАЗ 4308 с двигателем Cummins 24 V z10 пр-во ISKRA	4594-azf11131359	4594 AZF(11131359)			17850.00	\N	20	\N	t	t	f	f	2026-05-31 08:49:45.783444+00	2026-05-31 09:00:47.538951+00	7410	f
9920	Стартер AZJ 3367 КАМАЗ, ДТ 75 (аналог 9112) 24V 6kW пр-во ИСКРА Словения	3367-azj	3367 AZJ			17833.00	\N	27	\N	t	t	f	f	2026-05-31 08:49:45.786682+00	2026-05-31 09:00:47.540358+00	7410	f
9921	Стартер КАМАЗ 4308 дв. Cammins (Китай) 24V z12	4929600-kw-60	С4929600 kw 6.0			15300.00	\N	14	\N	t	t	f	f	2026-05-31 08:49:45.789666+00	2026-05-31 09:00:47.541751+00	7410	f
9922	Щетки стартера AZF 4554	16908995	16908995			834.00	\N	4	\N	t	t	f	f	2026-05-31 08:49:45.792639+00	2026-05-31 09:00:47.543152+00	7410	f
9923	ГТК н/обр. с педалью 100-3514108 SORL	3514-009-013-0	3514 009 013 0			2712.00	\N	11	\N	t	t	f	f	2026-05-31 08:49:45.794265+00	2026-05-31 09:00:47.544556+00	7448	f
9924	ГТК н/обр.(без педали) 100-3514108-10 SORL	3514-009-014-0	3514 009 014 0			2332.00	\N	17	\N	t	t	f	f	2026-05-31 08:49:45.79586+00	2026-05-31 09:00:47.545929+00	7448	f
9925	Клапан двухмагистральный 100-3562010-10 SORL	3533-009-013-0	3533 009 013 0			638.00	\N	20	\N	t	t	f	f	2026-05-31 08:49:45.797436+00	2026-05-31 09:00:47.547458+00	7357	f
9926	КУТП-2 100-3522010 SORL	3522-001-015-0	3522 001 015 0			2250.00	\N	16	\N	t	t	f	f	2026-05-31 08:49:45.798949+00	2026-05-31 09:00:47.548877+00	7361	f
9927	КУТП-2 ЕВРО с глушителем 25-3522210-10 SORL	3522-002-038-0	3522 002 038 0			2614.00	\N	19	\N	t	t	f	f	2026-05-31 08:49:45.800515+00	2026-05-31 09:00:47.550259+00	7361	f
9928	Ручник 2-х выходной WABKO 961 723 038,001,015 SORL	3526-004-201-0	3526 004 201 0			2780.00	\N	12	\N	t	t	f	f	2026-05-31 08:49:45.802064+00	2026-05-31 09:00:47.551658+00	7361	f
9929	Энергоаккумулятор тип 30/24 25-3519301 SORL	3530-010-646-0	3530 010 646 0			3643.00	\N	17	\N	t	t	f	f	2026-05-31 08:49:45.803615+00	2026-05-31 09:00:47.553129+00	7359	f
9930	Головка ПАЛМ Автокомпонент Плюс	16-3521110	16-3521110			138.00	\N	14	\N	t	t	f	f	2026-05-31 08:49:45.805121+00	2026-05-31 09:00:47.554537+00	7356	f
9931	Головка ПАЛМ Автокомпонент Плюс	16-3521111	16-3521111			138.00	\N	20	\N	t	t	f	f	2026-05-31 08:49:45.806716+00	2026-05-31 09:00:47.55592+00	7356	f
9932	ГТК Автокомпонент плюс	16-3514008	16-3514008			1561.00	\N	1	\N	t	t	f	f	2026-05-31 08:49:45.808261+00	2026-05-31 09:00:47.557293+00	7448	f
9933	Клапан защитный одинарный ( Автокомпонент плюс)	16-3515010	16-3515010			146.00	\N	29	\N	t	t	f	f	2026-05-31 08:49:45.809998+00	2026-05-31 09:00:47.558708+00	7357	f
9934	Кран пневматический (авар.растормаж.) Автокомпонент Плюс	16-3537110	16-3537110			276.00	\N	16	\N	t	t	f	f	2026-05-31 08:49:45.811719+00	2026-05-31 09:00:47.5601+00	7361	f
9935	Кран подпедальный ( Автокомпонент плюс)	16-3514108	16-3514108			1561.00	\N	18	\N	t	t	f	f	2026-05-31 08:49:45.813271+00	2026-05-31 09:00:47.561486+00	7361	f
9936	Ручник ЕВРО 4-х Автокомпонент Ппюс	16-3537310	16-3537310			1051.00	\N	19	\N	t	t	f	f	2026-05-31 08:49:45.814964+00	2026-05-31 09:00:47.562862+00	7361	f
9937	Головка ПАЛМ автомат. г.Полтава	113521411	11.3521411 ПААЗ			633.00	\N	28	\N	t	t	f	f	2026-05-31 08:49:45.816554+00	2026-05-31 09:00:47.564282+00	7356	f
9938	Головка ПАЛМ автомат. г.Полтава	113521410	11.3521410 ПААЗ			633.00	\N	20	\N	t	t	f	f	2026-05-31 08:49:45.818085+00	2026-05-31 09:00:47.565746+00	7356	f
9939	Головка ПАЛМ г.Полтава	1003521111	100.3521111 ПААЗ			580.00	\N	23	\N	t	t	f	f	2026-05-31 08:49:45.81969+00	2026-05-31 09:00:47.567305+00	7356	f
9940	Головка ПАЛМ г.Полтава	1003521110	100.3521110 ПААЗ			580.00	\N	19	\N	t	t	f	f	2026-05-31 08:49:45.821235+00	2026-05-31 09:00:47.568783+00	7356	f
9941	ГТК БелОМО	64221-3514008-8000	64221-3514008 (8000)			7452.00	\N	17	\N	t	t	f	f	2026-05-31 08:49:45.822869+00	2026-05-31 09:00:47.570176+00	7448	f
9942	Клапан двухмагистральный ЕВРО Беларусь	60253562010	6025.3562010			605.00	\N	8	\N	t	t	f	f	2026-05-31 08:49:45.824468+00	2026-05-31 09:00:47.57156+00	7357	f
9943	Клапан контрольного вывода  г.Полтава	133515310	13.3515310 ПААЗ			361.00	\N	24	\N	t	t	f	f	2026-05-31 08:49:45.827285+00	2026-05-31 09:00:47.573136+00	7357	f
9944	Клапан ускорительный под глушитель БЕЛОМО	64221-3518010-10	64221-3518010-10 ЕВРО			2601.00	\N	8	\N	t	t	f	f	2026-05-31 08:49:45.828835+00	2026-05-31 09:00:47.574556+00	7357	f
9945	Клапан четырехконтурный  г.Полтава	113515410	11.3515410 ПААЗ			3111.00	\N	14	\N	t	t	f	f	2026-05-31 08:49:45.830362+00	2026-05-31 09:00:47.575958+00	7357	f
9946	Кран аварийного раст. 64221-3537110 БелОМО	64221-3537110-8002	64221-3537110 (8002)			1367.00	\N	23	\N	t	t	f	f	2026-05-31 08:49:45.831927+00	2026-05-31 09:00:47.577352+00	7361	f
9947	Кран аварийного растормаживания г.Полтава	1003537110	100.3537110			1235.00	\N	19	\N	t	t	f	f	2026-05-31 08:49:45.833629+00	2026-05-31 09:00:47.578802+00	7361	f
9948	Кран подпедальный КАМАЗ-6520 БелОМО	8099-3514108	8099-3514108			7691.00	\N	19	\N	t	t	f	f	2026-05-31 08:49:45.835343+00	2026-05-31 09:00:47.580195+00	7361	f
9949	Кран подпедальный МАЗ (аналог WABKO 4613190080) БелОМО	8090-3514100	8090-3514100			8931.00	\N	12	\N	t	t	f	f	2026-05-31 08:49:45.838361+00	2026-05-31 09:00:47.581599+00	7361	f
9950	Кран подпедальный Нефаз (снизу сапун кривой) БелОМО	8099-3514108-10	8099-3514108-10			6794.00	\N	15	\N	t	t	f	f	2026-05-31 08:49:45.841348+00	2026-05-31 09:00:47.583346+00	7361	f
9951	Кран разобщительный 12.3520010 г.Полтава	123520010	12.3520010 ПААЗ			911.00	\N	29	\N	t	t	f	f	2026-05-31 08:49:45.844231+00	2026-05-31 09:00:47.584753+00	7361	f
9952	Кран разобщительный МТЗ ПААЗ	143520010	14.3520010 ПААЗ			696.00	\N	17	\N	t	t	f	f	2026-05-31 08:49:45.845853+00	2026-05-31 09:00:47.586145+00	7361	f
9953	Кран ручника Беломо ( аналог WABKO 961 723 100)	8708-3537310	8708-3537310			4142.00	\N	11	\N	t	t	f	f	2026-05-31 08:49:45.849083+00	2026-05-31 09:00:47.587553+00	7361	f
9954	КУТП-1 г.Полтава	1003522110	100.3522110			4792.00	\N	13	\N	t	t	f	f	2026-05-31 08:49:45.850811+00	2026-05-31 09:00:47.588929+00	7361	f
9955	КУТП-2  Беларусь ЕВРО	64221-3522010-6024	64221-3522010 (6024)			5214.00	\N	10	\N	t	t	f	f	2026-05-31 08:49:45.852364+00	2026-05-31 09:00:47.590292+00	7361	f
9956	КУТП-2 г.Полтава	1003522010	100.3522010			4315.00	\N	12	\N	t	t	f	f	2026-05-31 08:49:45.855362+00	2026-05-31 09:00:47.591684+00	7361	f
9957	КУТП-2 ЕВРО с клапаном обрыва г.Полтава	113522008	11.3522008			4760.00	\N	8	\N	t	t	f	f	2026-05-31 08:49:45.856952+00	2026-05-31 09:00:47.593092+00	7357	f
9958	Педаль ГТК н/о в сборе	5320-3514012	5320-3514012			204.00	\N	11	\N	t	t	f	f	2026-05-31 08:49:45.858675+00	2026-05-31 09:00:47.594547+00	7448	f
9959	РДВ 11.3512010 г.Полтава (МАЗ, КРАЗ,УРАЛ)	113512010	11.3512010 ПААЗ			4871.00	\N	18	\N	t	t	f	f	2026-05-31 08:49:45.861645+00	2026-05-31 09:00:47.595922+00	7361	f
9960	РДВ 11.3512010-10 г.Полтава  (КАМАЗ)	113512010-10	11.3512010-10 ПААЗ			4488.00	\N	12	\N	t	t	f	f	2026-05-31 08:49:45.864727+00	2026-05-31 09:00:47.597322+00	7361	f
9961	Ручник (ЕВРО, 4 отв.) г.Полтава	113537310	11.3537310			3280.00	\N	14	\N	t	t	f	f	2026-05-31 08:49:45.867732+00	2026-05-31 09:00:47.598744+00	7361	f
9962	Ручник ЕВРО МАЗ БелОМО	64221-3537310-6029-30	64221-3537310 (6029)-30			2944.00	\N	17	\N	t	t	f	f	2026-05-31 08:49:45.869428+00	2026-05-31 09:00:47.600189+00	7361	f
9963	Влагоотделитель с РДВ  г.Рославль	25-3511110-01	25-3511110-01			7609.00	\N	11	\N	t	t	f	f	2026-05-31 08:49:45.872426+00	2026-05-31 09:00:47.601578+00	7358	f
9964	Головка автоматическая  г.Рославль	100-3521110-10	100-3521110-10			785.00	\N	17	\N	t	t	f	f	2026-05-31 08:49:45.874023+00	2026-05-31 09:00:47.603135+00	7361	f
9965	Головка автоматическая г.Рославль	100-3521111-10	100-3521111-10			785.00	\N	18	\N	t	t	f	f	2026-05-31 08:49:45.875571+00	2026-05-31 09:00:47.604536+00	7361	f
9966	Головка ПАЛМ  г.Рославль	100-3521111	100-3521111			713.00	\N	13	\N	t	t	f	f	2026-05-31 08:49:45.87711+00	2026-05-31 09:00:47.605922+00	7356	f
9967	Головка ПАЛМ  г.Рославль	100-3521110	100-3521110			713.00	\N	9	\N	t	t	f	f	2026-05-31 08:49:45.87868+00	2026-05-31 09:00:47.607317+00	7356	f
9968	ГТК г.Рославль	100-3514008	100-3514008			6581.00	\N	11	\N	t	t	f	f	2026-05-31 08:49:45.880241+00	2026-05-31 09:00:47.608717+00	7448	f
9969	Камера передняя тип 24  г.Рославль	100-3519210	100-3519210			2256.00	\N	8	\N	t	t	f	f	2026-05-31 08:49:45.881786+00	2026-05-31 09:00:47.610093+00	7363	f
9970	Камера тормозная 4310 тип 24х24 г.Рославль	100-3519200	100-3519200			5676.00	\N	30	\N	t	t	f	f	2026-05-31 08:49:45.883346+00	2026-05-31 09:00:47.611522+00	7363	f
9971	Камера тормозная 5320 тип 20х20  г.Рославль	100-3519100	100-3519100			4745.00	\N	14	\N	t	t	f	f	2026-05-31 08:49:45.88618+00	2026-05-31 09:00:47.613075+00	7363	f
9972	Камера тормозная  5320 тип 20х20  г.Рославль	1003519100-10	100.3519100-10 левые			4812.00	\N	16	\N	t	t	f	f	2026-05-31 08:49:45.889119+00	2026-05-31 09:00:47.614548+00	7363	f
9973	Камера тормозная  5320 тип 20х20  г.Рославль	100-3519100-30	100-3519100-30 правые			4812.00	\N	17	\N	t	t	f	f	2026-05-31 08:49:45.891986+00	2026-05-31 09:00:47.615925+00	7363	f
9974	Камера тормозная  6520 тип 30/24 г.Рославль	25-3519301	25-3519301			7364.00	\N	12	\N	t	t	f	f	2026-05-31 08:49:45.894927+00	2026-05-31 09:00:47.617455+00	7363	f
9975	Камера тормозная 5320 тип 20х20  РРТ	5-435-05-002-1	5 435 05 002 1СЕРБИЯ			4925.00	\N	1	\N	t	t	f	f	2026-05-31 08:49:45.897785+00	2026-05-31 09:00:47.618856+00	7363	f
9976	Камера тормозная прицепа тип 30 г.Рославль	100-3519310	100-3519310			2227.00	\N	18	\N	t	t	f	f	2026-05-31 08:49:45.900687+00	2026-05-31 09:00:47.620355+00	7363	f
9977	Клапан  быстрого растормаживания РААЗ	100-3518110	100-3518110			1975.00	\N	27	\N	t	t	f	f	2026-05-31 08:49:45.902214+00	2026-05-31 09:00:47.621788+00	7357	f
9978	Клапан  защитный 1-й  г.Рославль	100-3515010	100-3515010			1540.00	\N	12	\N	t	t	f	f	2026-05-31 08:49:45.90382+00	2026-05-31 09:00:47.623227+00	7357	f
9979	Клапан  защитный 2-й  г.Рославль	100-3515110	100-3515110			2559.00	\N	10	\N	t	t	f	f	2026-05-31 08:49:45.90532+00	2026-05-31 09:00:47.624843+00	7357	f
9980	Клапан  защитный 3-й    г.Рославль	100-3515210	100-3515210			2910.00	\N	13	\N	t	t	f	f	2026-05-31 08:49:45.906962+00	2026-05-31 09:00:47.626426+00	7357	f
9981	Клапан 2-х магистральный  г.Рославль	100-3562010	100-3562010			862.00	\N	19	\N	t	t	f	f	2026-05-31 08:49:45.90856+00	2026-05-31 09:00:47.627854+00	7357	f
9982	Клапан защитный 4-х контурный РААЗ	100-3515510-20	100-3515510-20			3003.00	\N	17	\N	t	t	f	f	2026-05-31 08:49:45.910124+00	2026-05-31 09:00:47.629241+00	7357	f
9983	Клапан контрольного вывода  г.Рославль	100-3515310	100-3515310 высок.			385.00	\N	10	\N	t	t	f	f	2026-05-31 08:49:45.91172+00	2026-05-31 09:00:47.630676+00	7357	f
9984	Клапан контрольного вывода  г.Рославль	100-3515310-01	100-3515310-01 мален.			385.00	\N	3	\N	t	t	f	f	2026-05-31 08:49:45.913227+00	2026-05-31 09:00:47.632074+00	7357	f
9985	Клапан огран. давления  г.Рославль	100-3534010	100-3534010			2887.00	\N	28	\N	t	t	f	f	2026-05-31 08:49:45.91493+00	2026-05-31 09:00:47.63348+00	7357	f
9986	Клапан ускорительный   г.Рославль	100-3518010	100-3518010			2706.00	\N	17	\N	t	t	f	f	2026-05-31 08:49:45.916471+00	2026-05-31 09:00:47.634888+00	7357	f
9987	Клапан ускорительный ЕВРО г.Рославль	100-3518010-10	100-3518010-10			2811.00	\N	28	\N	t	t	f	f	2026-05-31 08:49:45.918159+00	2026-05-31 09:00:47.636249+00	7357	f
9988	Кран аварийного раст. 100-3537110 г.Рославль	100-3537110	100-3537110			1428.00	\N	18	\N	t	t	f	f	2026-05-31 08:49:45.919738+00	2026-05-31 09:00:47.637653+00	7361	f
9989	Кран подпедальный   100-3514108-10  г.Рославль	100-3514108-10	100-3514108-10			6394.00	\N	18	\N	t	t	f	f	2026-05-31 08:49:45.921285+00	2026-05-31 09:00:47.639163+00	7361	f
9990	Кран прицепа 100-3531008 г.Рославль	100-3531008	100-3531008			7019.00	\N	22	\N	t	t	f	f	2026-05-31 08:49:45.92283+00	2026-05-31 09:00:47.640572+00	7361	f
9991	Кран разобщительный 100-3520010  г.Рославль	100-3520010	100-3520010			1550.00	\N	10	\N	t	t	f	f	2026-05-31 08:49:45.924339+00	2026-05-31 09:00:47.641965+00	7361	f
9992	Кран слива  100-3513110 г.Рославль	100-3513110	100-3513110			340.00	\N	12	\N	t	t	f	f	2026-05-31 08:49:45.925933+00	2026-05-31 09:00:47.643336+00	7361	f
9993	КУТП-1 г.Рославль	100-3522110	100-3522110			5479.00	\N	19	\N	t	t	f	f	2026-05-31 08:49:45.928831+00	2026-05-31 09:00:47.644747+00	7361	f
9994	КУТП-2 г.Рославль	100-3522010	100-3522010			6409.00	\N	11	\N	t	t	f	f	2026-05-31 08:49:45.930546+00	2026-05-31 09:00:47.646159+00	7361	f
9995	КУТП-2 с клап. обрыва  г.Рославль	253522210	25.3522210			6042.00	\N	13	\N	t	t	f	f	2026-05-31 08:49:45.932082+00	2026-05-31 09:00:47.647584+00	7361	f
10023	Эл.фильтра топливный в метал.сетке г.Гродно	740-1117040-10-13	740-1117040-10 м/с (13шт)			68.00	\N	18	\N	t	t	f	f	2026-05-31 08:49:45.993515+00	2026-05-31 09:00:47.691698+00	7378	f
10024	Эл.фильтра топливный  г.Гродно	740-1117040-13	740-1117040 уп.13шт.			18.00	\N	8	\N	t	t	f	f	2026-05-31 08:49:45.995094+00	2026-05-31 09:00:47.693089+00	7378	f
10025	Элемент масляного фильтра ЕВРО железный г.Ливны	7405-1017040-703	7405-1017040 ЭФМ703			960.00	\N	24	\N	t	t	f	f	2026-05-31 08:49:45.996734+00	2026-05-31 09:00:47.694529+00	7377	f
10026	Конвертер 24/12 V г.Калуга	213759-0530	21.3759-05(30А)			3598.00	\N	13	\N	t	t	f	f	2026-05-31 08:49:45.99836+00	2026-05-31 09:00:47.695962+00	7430	f
10027	Регулятор напряжения в сб (7762)  г.Калуга	6123702-08	612.3702-08			460.00	\N	13	\N	t	t	f	f	2026-05-31 08:49:46+00	2026-05-31 09:00:47.697702+00	7408	f
10028	Регулятор напряжения в сборе (3252,7762-02,7762-03)  г.Калуга	6123702-05	612.3702-05			316.00	\N	15	\N	t	t	f	f	2026-05-31 08:49:46.001625+00	2026-05-31 09:00:47.699441+00	7408	f
10029	Регулятор напряжения в сборе со щеточным узлом на ген. 4502  г.Калуга	6123702-06	612.3702-06(в сб. с ЩУ)			180.00	\N	13	\N	t	t	f	f	2026-05-31 08:49:46.003649+00	2026-05-31 09:00:47.700837+00	7408	f
10030	Регулятор напряжения на генер. 40.3771,Г3000  г.Калуга	6213702-0173323702	621.3702-01(7332.3702)			111.00	\N	19	\N	t	t	f	f	2026-05-31 08:49:46.00544+00	2026-05-31 09:00:47.702296+00	7408	f
10031	Регулятор напряжения на генер. Г3000А  г.Калуга	6213702-02-73423702	621.3702-02 (7342.3702)			105.00	\N	18	\N	t	t	f	f	2026-05-31 08:49:46.007177+00	2026-05-31 09:00:47.704209+00	7408	f
10032	Реле блокировки стартера КамАЗ, Евро, Краз, ЗИЛ г.Калуга	133787-01-73123777-02	13.3787-01 (7312.3777-02)			120.00	\N	19	\N	t	t	f	f	2026-05-31 08:49:46.008958+00	2026-05-31 09:00:47.705769+00	7410	f
10033	Реле поворота РС951А г. Калуга	7183777	718.3777			665.00	\N	4	\N	t	t	f	f	2026-05-31 08:49:46.012327+00	2026-05-31 09:00:47.707295+00	7419	f
10004	Фитинг MRUC (прямой) 15 мм.	mruc-15	Металл			176.00	\N	20	\N	t	t	f	f	2026-05-31 08:49:45.947771+00	2026-05-31 09:00:47.664778+00	7436	f
10005	"Радиатор водяной ""CuproBraze"""	54115-1301010-01-3	54115Ш-1301010-01 3-х			14000.00	\N	18	\N	t	t	f	f	2026-05-31 08:49:45.954278+00	2026-05-31 09:00:47.666161+00	7387	f
10006	Трубка подвода масла ТКР	74021-1118310	740.21-1118310 длинная			160.00	\N	17	\N	t	t	f	f	2026-05-31 08:49:45.957193+00	2026-05-31 09:00:47.667561+00	7394	f
10007	Шланг желто-красный  к-т.	75	7,5 м.			240.00	\N	18	\N	t	t	f	f	2026-05-31 08:49:45.958819+00	2026-05-31 09:00:47.668964+00	7434	f
10008	Шланг МОД (кривой) Казань	5320-2511016	5320-2511016			30.00	\N	24	\N	t	t	f	f	2026-05-31 08:49:45.960329+00	2026-05-31 09:00:47.670324+00	7352	f
10009	Шланг тормозной 4310 задний г/г (пруж.)	4310-3506442-10	4310-3506442-10			82.00	\N	12	\N	t	t	f	f	2026-05-31 08:49:45.96319+00	2026-05-31 09:00:47.671742+00	7434	f
10010	Шланг тормозной 4310 передний ш/г	4310-3506060	4310-3506060			76.00	\N	12	\N	t	t	f	f	2026-05-31 08:49:45.966241+00	2026-05-31 09:00:47.673091+00	7434	f
10011	Фильтр очистки масла 560 Штайр Колан	560-1017004	560-1017004			150.00	\N	6	\N	t	t	f	f	2026-05-31 08:49:45.969225+00	2026-05-31 09:00:47.674503+00	7377	f
10012	ФТОТ ЕВРО-3 Д-245 Д-243 синий г.Гродно	020-245-1117010-140	020-ФТ245-1117010 1/40			290.00	\N	17	\N	t	t	f	f	2026-05-31 08:49:45.970903+00	2026-05-31 09:00:47.675937+00	7378	f
10013	Эл.фильтра воздушного ЕВРО-3 г.Гродно	4391	В 4391			1070.00	\N	20	\N	t	t	f	f	2026-05-31 08:49:45.972667+00	2026-05-31 09:00:47.677572+00	7379	f
10034	Щетки для стартера с контактами и изолированными выводами г.Калуга	2-5-123220	ЩСК 2 (МГС5) (12х32х20)			330.00	\N	14	\N	t	t	f	f	2026-05-31 08:49:46.014009+00	2026-05-31 09:00:47.70872+00	7410	f
9708	Воздухораспределитель делителя КПП	15-1772010-2	15-1772010			246.75	\N	16	\N	t	t	f	f	2026-05-31 08:49:45.261643+00	2026-05-31 09:00:47.7131+00	7350	f
10037	ГУР	53212-3400020	53212-3400020			4000.00	\N	13	\N	t	t	f	f	2026-05-31 08:49:46.023619+00	2026-05-31 09:00:47.714591+00	7397	f
10038	Рессора задняя 55111	55111-2912012-02	55111-2912012-02 ЕВРО			14500.00	\N	4	\N	t	t	f	f	2026-05-31 08:49:46.026787+00	2026-05-31 09:00:47.715982+00	7331	f
10039	Прокладка впускного коллектора	7403-1115050	7403-1115050			29.00	\N	10	\N	t	t	f	f	2026-05-31 08:49:46.029745+00	2026-05-31 09:00:47.717456+00	7372	f
9996	ППЗ 100-3536010  г.Рославль	100-3536010	100-3536010			2675.00	\N	18	\N	t	t	t	f	2026-05-31 08:49:45.933642+00	2026-05-31 09:00:47.649132+00	7361	f
9997	РДВ 100-3512010  г.Рославль	100-3512010-2	100-3512010 упк.2 шт.			5677.00	\N	13	\N	t	t	t	f	2026-05-31 08:49:45.935149+00	2026-05-31 09:00:47.650511+00	7361	f
9998	Регулятор тормозных сил 100-3533010-10  г.Рославль	100-3533010-10	100-3533010-10			4902.00	\N	29	\N	t	t	t	f	2026-05-31 08:49:45.936698+00	2026-05-31 09:00:47.651926+00	7360	f
10014	Эл.фильтра воздушный г.Гродно	740-1109560	740-1109560			850.00	\N	19	\N	t	t	f	f	2026-05-31 08:49:45.974337+00	2026-05-31 09:00:47.678914+00	7379	f
10015	Эл.фильтра воздушный ЕВРО г.Гродно	7405-1109560	7405-1109560			950.00	\N	20	\N	t	t	f	f	2026-05-31 08:49:45.975962+00	2026-05-31 09:00:47.680258+00	7379	f
10016	Эл.фильтра воздушный ЕВРО-2 г.Гродно	4313	В 4313 наружний			720.00	\N	14	\N	t	t	f	f	2026-05-31 08:49:45.977674+00	2026-05-31 09:00:47.681733+00	7379	f
10017	Эл.фильтра воздушный низкий МАЗ ЕВРО,ТУТАЙ г.Гродно	8421-1109080	8421-1109080 МЭ			290.00	\N	17	\N	t	t	f	f	2026-05-31 08:49:45.979234+00	2026-05-31 09:00:47.683366+00	7379	f
10018	Эл.фильтра воздушный МАЗ  г.Гродно	238-1109080	238Н-1109080			358.00	\N	12	\N	t	t	f	f	2026-05-31 08:49:45.982279+00	2026-05-31 09:00:47.684737+00	7379	f
10019	Эл.фильтра МАЗ масляный  г.Гродно м/с	240-1017040-6	240-1017040 (6 шт)			42.00	\N	13	\N	t	t	f	f	2026-05-31 08:49:45.985561+00	2026-05-31 09:00:47.686077+00	7377	f
10020	Эл.фильтра масляный в метал.сетке г.Гродно	740-1012040-10-6	740-1012040-10 м/с (6 шт)			108.00	\N	18	\N	t	t	f	f	2026-05-31 08:49:45.988575+00	2026-05-31 09:00:47.687483+00	7377	f
10021	Эл.фильтра масляный ЕВРО в метал.сетке г.Гродно	7405-1012040-6	7405-1012040 м/с (6 шт)			141.00	\N	14	\N	t	t	f	f	2026-05-31 08:49:45.990241+00	2026-05-31 09:00:47.688891+00	7377	f
10022	Эл.фильтра масляный ниточный ЕВРО г.Гродно	5334	М 5334			126.00	\N	16	\N	t	t	f	f	2026-05-31 08:49:45.991866+00	2026-05-31 09:00:47.690295+00	7377	f
9575	Вал карданный (955 мм)	53205-2205011-10-2	У 53205-2205011-10			33580.00	\N	27	\N	t	t	f	t	2026-05-31 08:49:44.929357+00	2026-05-31 09:00:47.020627+00	7339	f
9576	Вал карданный межосевой  (724 мм)	5320-2201011-01	У 5320-2201011-01			12466.00	\N	18	\N	t	t	f	t	2026-05-31 08:49:44.932489+00	2026-05-31 09:00:47.022073+00	7339	f
9577	Вал карданный торц.шл. L=1127mm	43114-2203011-2	У 43114-2203011			27238.00	\N	10	\N	t	t	f	t	2026-05-31 08:49:44.935556+00	2026-05-31 09:00:47.023488+00	7339	f
9578	Вал карданный торц.шл. L=418mm	43114-2202011-01-2	У 43114-2202011-01			20175.00	\N	7	\N	t	t	f	t	2026-05-31 08:49:44.938728+00	2026-05-31 09:00:47.024869+00	7339	f
9579	Вал карданный УРАЛ м/о (821мм)	4320-2201010-03	У 4320-2201010-03			16704.00	\N	15	\N	t	t	f	t	2026-05-31 08:49:44.941847+00	2026-05-31 09:00:47.026232+00	7342	f
9798	Крестовина У.6520-2201025 межосевая	6520-2201025-2	УниверсалКарданДеталь			1751.00	\N	27	\N	t	t	f	t	2026-05-31 08:49:45.49437+00	2026-05-31 09:00:47.35252+00	7339	f
9999	Ручник 100-3537010 г.Рославль	100-3537010	100-3537010			4191.00	\N	20	\N	t	t	t	f	2026-05-31 08:49:45.938207+00	2026-05-31 09:00:47.653327+00	7361	f
10000	Ручник ЕВРО 100-3537310 г.Рославль	100-3537310	100-3537310			3366.00	\N	21	\N	t	t	t	f	2026-05-31 08:49:45.939733+00	2026-05-31 09:00:47.654718+00	7361	f
10001	Фильтр магистральный г.Рославль	100-3511310	100-3511310			1280.00	\N	11	\N	t	t	t	f	2026-05-31 08:49:45.941331+00	2026-05-31 09:00:47.656066+00	7361	f
10002	Цилиндр пневматический г.Рославль	100-3570110	100-3570110			1211.00	\N	10	\N	t	t	t	f	2026-05-31 08:49:45.944453+00	2026-05-31 09:00:47.657773+00	7361	f
10003	Цилиндр пневматический г.Рославль	100-3570210	100-3570210			1508.00	\N	17	\N	t	t	t	f	2026-05-31 08:49:45.946174+00	2026-05-31 09:00:47.659194+00	7361	f
10035	Вал карданный кв.фланец дл.983 мм.	5320-2205011-03	5320-2205011-03			4300.00	\N	9	\N	t	t	f	t	2026-05-31 08:49:46.015829+00	2026-05-31 09:00:47.710328+00	7339	f
10036	Вал карданный кв.фланец дл.818 мм.	5511-2205011-12	5511-2205011-12			4300.00	\N	14	\N	t	t	f	t	2026-05-31 08:49:46.019116+00	2026-05-31 09:00:47.711738+00	7339	f
\.


--
-- Data for Name: catalog_product_brands; Type: TABLE DATA; Schema: public; Owner: kameks_user
--

COPY public.catalog_product_brands (id, product_id, brand_id) FROM stdin;
7426	9457	1
7427	9458	1
7428	9459	1
7429	9460	9
7430	9461	7
7431	9462	1
7432	9462	2
7433	9463	8
7434	9463	7
7435	9464	1
7436	9464	3
7437	9464	4
7438	9465	6
7439	9466	6
7440	9469	1
7441	9469	2
7442	9470	1
7443	9471	7
7444	9472	2
7445	9473	2
7446	9473	4
7447	9474	1
7448	9474	2
7449	9476	1
7450	9476	2
7451	9476	3
7452	9477	8
7453	9478	8
7454	9478	9
7455	9479	1
7456	9479	2
7457	9479	12
7458	9480	2
7459	9481	1
7460	9481	2
7461	9482	2
7462	9483	2
7463	9484	2
7464	9485	8
7465	9485	7
7466	9486	2
7467	9487	1
7468	9487	2
7469	9488	2
7470	9489	3
7471	9489	4
7472	9490	6
7473	9491	10
7474	9492	10
7475	9495	10
7476	9495	12
7477	9496	6
7478	9498	1
7479	9498	2
7480	9498	5
7481	9499	2
7482	9500	2
7483	9500	11
7484	9505	10
7485	9510	10
7486	9515	10
7487	9518	10
7488	9519	10
7489	9520	6
7490	9520	7
7491	9522	1
7492	9523	4
7493	9524	2
7494	9525	2
7495	9526	1
7496	9527	1
7497	9528	1
7498	9529	1
7499	9530	1
7500	9531	1
7501	9532	1
7502	9533	1
7503	9533	6
7504	9534	1
7505	9535	1
7506	9536	1
7507	9537	1
7508	9538	1
7509	9539	1
7510	9540	1
7511	9541	1
7512	9548	1
7513	9549	1
7514	9550	1
7515	9550	2
7516	9551	1
7517	9551	2
7518	9552	3
7519	9553	3
7520	9554	3
7521	9555	3
7522	9556	3
7523	9557	3
7524	9558	1
7525	9559	1
7526	9560	1
7527	9561	1
7528	9562	3
7529	9563	1
7530	9564	1
7531	9564	6
7532	9565	1
7533	9566	1
7534	9568	1
7535	9569	1
7536	9572	1
7537	9573	1
7538	9574	1
7539	9575	1
7540	9576	1
7541	9577	1
7542	9578	1
7543	9579	3
7544	9584	1
7545	9585	1
7546	9586	2
7547	9587	2
7548	9588	2
7549	9589	2
7550	9590	2
7551	9591	2
7552	9592	2
7553	9593	2
7554	9594	2
7555	9611	2
7556	9612	2
7557	9613	1
7558	9614	1
7559	9615	1
7560	9616	1
7561	9617	1
7562	9618	1
7563	9619	1
7564	9620	1
7565	9620	10
7566	9621	1
7567	9621	6
7568	9622	1
7569	9623	1
7570	9624	1
7571	9624	2
7572	9625	1
7573	9625	2
7574	9630	1
7575	9630	2
7576	9632	2
7577	9632	3
7578	9632	5
7579	9645	1
7580	9645	2
7581	9645	6
7582	9646	2
7583	9647	1
7584	9647	2
7585	9647	4
7586	9648	2
7587	9649	1
7588	9649	2
7589	9650	1
7590	9650	2
7591	9651	1
7592	9651	2
7593	9652	2
7594	9655	1
7595	9655	2
7596	9656	1
7597	9656	2
7598	9657	1
7599	9657	2
7600	9663	2
7601	9664	1
7602	9664	2
7603	9665	1
7604	9665	2
7605	9666	1
7606	9666	2
7607	9667	1
7608	9667	2
7609	9668	1
7610	9668	2
7611	9669	1
7612	9669	2
7613	9670	6
7614	9671	6
7615	9672	1
7616	9673	1
7617	9673	2
7618	9674	1
7619	9674	2
7620	9675	2
7621	9675	3
7622	9675	4
7623	9676	1
7624	9676	2
7625	9677	1
7626	9679	1
7627	9679	2
7628	9680	1
7629	9680	2
7630	9685	1
7631	9685	2
7632	9688	1
7633	9689	1
7634	9690	1
7635	9690	2
7638	9695	6
7639	9696	1
7640	9696	2
7641	9696	6
7642	9695	10
7643	9695	12
7644	9701	1
7645	9702	1
7646	9702	2
7647	9703	1
7648	9703	2
7649	9704	1
7650	9706	1
7651	9706	2
7652	9707	1
7653	9707	2
7654	9708	1
7655	9708	2
7656	9710	1
7657	9713	1
7658	9713	2
7659	9714	1
7660	9714	2
7661	9715	1
7662	9715	2
7663	9716	1
7664	9716	2
7665	9718	1
7666	9718	2
7667	9719	1
7668	9719	2
7669	9720	1
7670	9720	2
7671	9721	1
7672	9722	1
7673	9722	2
7674	9723	1
7675	9723	2
7676	9724	1
7677	9725	1
7678	9726	1
7679	9726	2
7680	9728	1
7681	9728	2
7682	9730	6
7683	9731	1
7684	9731	2
7685	9732	1
7686	9732	2
7687	9733	1
7688	9733	2
7689	9734	1
7690	9734	2
7691	9735	1
7692	9735	2
7693	9736	1
7694	9736	2
7695	9737	1
7696	9737	2
7697	9738	1
7698	9738	2
7699	9739	1
7700	9739	2
7701	9742	1
7702	9742	2
7703	9743	1
7704	9743	2
7705	9744	1
7706	9744	2
7707	9745	1
7708	9745	2
7709	9746	1
7710	9746	2
7711	9747	1
7712	9747	2
7713	9748	1
7714	9748	2
7715	9749	1
7716	9749	2
7717	9750	1
7718	9750	2
7719	9755	11
7720	9758	11
7721	9759	11
7722	9761	11
7723	9764	1
7724	9765	1
7725	9766	1
7726	9766	2
7727	9767	1
7728	9767	2
7729	9768	2
7730	9768	3
7731	9769	2
7732	9769	3
7733	9769	4
7734	9769	6
7735	9771	2
7736	9771	3
7737	9771	7
7738	9773	5
7739	9774	1
7740	9775	1
7741	9776	5
7742	9779	1
7743	9780	1
7744	9781	1
7745	9782	1
7746	9783	6
7747	9784	6
7748	9785	1
7749	9787	1
7750	9788	1
7751	9789	1
7752	9790	1
7753	9791	1
7754	9791	2
7755	9792	1
7756	9793	1
7757	9794	1
7758	9795	1
7759	9796	1
7760	9796	2
7761	9796	4
7762	9797	1
7763	9798	1
7764	9799	1
7765	9800	1
7766	9801	1
7767	9802	1
7768	9808	10
7769	9809	10
7770	9811	1
7771	9812	1
7772	9812	6
7773	9813	1
7774	9814	1
7775	9815	1
7776	9816	1
7777	9816	2
7778	9817	1
7779	9817	2
7780	9818	1
7781	9818	2
7782	9819	1
7783	9819	2
7784	9820	1
7785	9820	2
7786	9826	6
7787	9827	6
7788	9830	1
7789	9831	6
7790	9833	1
7791	9834	1
7792	9835	1
7793	9843	1
7794	9843	6
7795	9844	1
7796	9844	6
7797	9845	1
7798	9845	6
7799	9846	1
7800	9846	6
7801	9848	1
7802	9849	1
7803	9849	6
7804	9855	1
7805	9856	1
7806	9857	1
7807	9860	6
7808	9861	6
7809	9862	1
7810	9862	2
7811	9863	1
7812	9863	6
7813	9864	1
7814	9865	1
7815	9865	6
7816	9866	1
7817	9867	1
7818	9871	1
7819	9871	2
7820	9874	2
7821	9882	1
7822	9882	2
7823	9882	3
7824	9885	1
7825	9885	2
7826	9886	1
7827	9886	2
7828	9887	1
7829	9887	2
7830	9887	3
7831	9887	6
7832	9887	7
7833	9888	2
7834	9889	2
7835	9890	2
7836	9891	2
7837	9896	1
7838	9896	2
7839	9897	2
7840	9898	1
7841	9898	2
7842	9899	2
7843	9904	10
7844	9905	10
7845	9906	10
7846	9907	1
7847	9907	2
7848	9908	2
7849	9909	2
7850	9912	2
7851	9918	1
7852	9918	2
7853	9918	6
7854	9919	1
7855	9919	2
7856	9919	6
7857	9920	1
7858	9920	2
7859	9921	1
7860	9921	2
7861	9942	11
7862	9948	1
7863	9948	2
7864	9949	2
7865	9949	6
7866	9950	8
7867	9952	11
7868	9955	11
7869	9958	1
7870	9959	2
7871	9959	3
7872	9959	4
7873	9960	1
7874	9960	2
7875	9962	2
7876	9970	1
7877	9971	1
7878	9972	1
7879	9973	1
7880	9974	1
7881	9975	1
7882	9992	6
7883	10001	6
7884	10005	6
7885	10008	1
7886	10009	1
7887	10010	1
7888	10017	2
7889	10018	2
7890	10019	2
7891	10032	1
7892	10032	2
7893	10032	4
7894	10032	6
7895	10035	1
7896	10036	1
7897	10037	1
7898	10038	1
\.


--
-- Data for Name: catalog_product_car_models; Type: TABLE DATA; Schema: public; Owner: kameks_user
--

COPY public.catalog_product_car_models (id, product_id, carmodel_id) FROM stdin;
\.


--
-- Data for Name: catalog_productattribute; Type: TABLE DATA; Schema: public; Owner: kameks_user
--

COPY public.catalog_productattribute (id, name, value, "order", product_id) FROM stdin;
\.


--
-- Data for Name: catalog_productimage; Type: TABLE DATA; Schema: public; Owner: kameks_user
--

COPY public.catalog_productimage (id, image, is_main, "order", product_id) FROM stdin;
\.


--
-- Data for Name: django_admin_log; Type: TABLE DATA; Schema: public; Owner: kameks_user
--

COPY public.django_admin_log (id, action_time, object_id, object_repr, action_flag, change_message, content_type_id, user_id) FROM stdin;
1	2026-05-31 03:35:31.559297+00	5943	7403-1115050 — Прокладка впускного коллектора	2	[{"changed": {"fields": ["\\u0425\\u0438\\u0442 \\u043f\\u0440\\u043e\\u0434\\u0430\\u0436", "\\u041d\\u043e\\u0432\\u0438\\u043d\\u043a\\u0430"]}}]	14	3
2	2026-05-31 07:06:28.528636+00	6528	7403-1115050 — Прокладка впускного коллектора	2	[{"added": {"name": "\\u0424\\u043e\\u0442\\u043e \\u0442\\u043e\\u0432\\u0430\\u0440\\u0430", "object": "\\u0424\\u043e\\u0442\\u043e #1 \\u2192 7403-1115050"}}]	14	3
3	2026-05-31 07:12:14.60253+00	6529	228 — КОЛЯ	1	[{"added": {}}]	14	3
4	2026-05-31 07:12:29.779351+00	6529	228 — КОЛЯ	2	[{"added": {"name": "\\u0424\\u043e\\u0442\\u043e \\u0442\\u043e\\u0432\\u0430\\u0440\\u0430", "object": "\\u0424\\u043e\\u0442\\u043e #2 \\u2192 228"}}]	14	3
5	2026-05-31 07:13:59.861706+00	6528	7403-1115050 — Прокладка впускного коллектора	2	[{"deleted": {"name": "\\u0424\\u043e\\u0442\\u043e \\u0442\\u043e\\u0432\\u0430\\u0440\\u0430", "object": "\\u0424\\u043e\\u0442\\u043e #None \\u2192 7403-1115050"}}]	14	3
6	2026-05-31 07:32:19.403369+00	7114	7403-1115050 — Прокладка впускного коллектора	2	[{"added": {"name": "\\u0424\\u043e\\u0442\\u043e \\u0442\\u043e\\u0432\\u0430\\u0440\\u0430", "object": "\\u0424\\u043e\\u0442\\u043e #3 \\u2192 7403-1115050"}}]	14	3
7	2026-05-31 08:28:09.803893+00	3	Заказ #3 от фыу фыв	2	[{"changed": {"fields": ["\\u0421\\u0442\\u0430\\u0442\\u0443\\u0441"]}}]	17	7
8	2026-05-31 08:45:30.263957+00	3	Заказ #3 от фыу фыв	3		17	7
9	2026-05-31 08:45:30.266162+00	2	Заказ #2 от Андрей Семенович	3		17	7
10	2026-05-31 08:45:30.267017+00	1	Заказ #1 от фыыы фяяя	3		17	7
11	2026-05-31 08:56:30.770275+00	4	Профиль: huntekroks	3		19	7
12	2026-05-31 08:56:30.772563+00	3	Профиль: admin	3		19	7
\.


--
-- Data for Name: django_content_type; Type: TABLE DATA; Schema: public; Owner: kameks_user
--

COPY public.django_content_type (id, app_label, model) FROM stdin;
1	admin	logentry
2	auth	permission
3	auth	group
4	auth	user
5	contenttypes	contenttype
6	sessions	session
7	main	advantage
8	main	banner
9	main	partner
10	main	review
11	catalog	brand
12	catalog	carmodel
13	catalog	category
14	catalog	product
15	catalog	analogue
16	catalog	productimage
17	orders	order
18	orders	orderitem
19	accounts	userprofile
20	catalog	productattribute
21	integration	exchange1clog
22	integration	productbackup
\.


--
-- Data for Name: django_migrations; Type: TABLE DATA; Schema: public; Owner: kameks_user
--

COPY public.django_migrations (id, app, name, applied) FROM stdin;
1	contenttypes	0001_initial	2026-05-26 17:54:58.749125+00
2	auth	0001_initial	2026-05-26 17:54:58.809123+00
3	accounts	0001_initial	2026-05-26 17:54:58.822793+00
4	admin	0001_initial	2026-05-26 17:54:58.840352+00
5	admin	0002_logentry_remove_auto_add	2026-05-26 17:54:58.86326+00
6	admin	0003_logentry_add_action_flag_choices	2026-05-26 17:54:58.869224+00
7	contenttypes	0002_remove_content_type_name	2026-05-26 17:54:58.880964+00
8	auth	0002_alter_permission_name_max_length	2026-05-26 17:54:58.886734+00
9	auth	0003_alter_user_email_max_length	2026-05-26 17:54:58.892461+00
10	auth	0004_alter_user_username_opts	2026-05-26 17:54:58.8976+00
11	auth	0005_alter_user_last_login_null	2026-05-26 17:54:58.904354+00
12	auth	0006_require_contenttypes_0002	2026-05-26 17:54:58.905252+00
13	auth	0007_alter_validators_add_error_messages	2026-05-26 17:54:58.910334+00
14	auth	0008_alter_user_username_max_length	2026-05-26 17:54:58.919823+00
15	auth	0009_alter_user_last_name_max_length	2026-05-26 17:54:58.925499+00
16	auth	0010_alter_group_name_max_length	2026-05-26 17:54:58.933344+00
17	auth	0011_update_proxy_permissions	2026-05-26 17:54:58.938552+00
18	auth	0012_alter_user_first_name_max_length	2026-05-26 17:54:58.944389+00
19	catalog	0001_initial	2026-05-26 17:54:59.045521+00
20	main	0001_initial	2026-05-26 17:54:59.067101+00
21	orders	0001_initial	2026-05-26 17:54:59.103702+00
22	sessions	0001_initial	2026-05-26 17:54:59.113563+00
23	catalog	0002_remove_product_specifications_product_no_sku_and_more	2026-05-31 06:41:18.70748+00
24	integration	0001_initial	2026-05-31 06:41:18.726213+00
25	orders	0002_order_exported_at_order_exported_to_1c	2026-05-31 06:41:18.741693+00
26	orders	0003_order_stock_deducted	2026-05-31 06:48:53.937474+00
27	integration	0002_alter_exchange1clog_status	2026-05-31 07:02:47.081715+00
\.


--
-- Data for Name: django_session; Type: TABLE DATA; Schema: public; Owner: kameks_user
--

COPY public.django_session (session_key, session_data, expire_date) FROM stdin;
cqlp9ut04bs9crv9ysouyq492fsjveb4	eyJjYXJ0Ijp7fX0:1wRw2s:ugrtBwtBfjCKLoJ1ZfU9E_Ct3jVJDKvA-qFzpLKDRI4	2026-06-09 17:58:26.827082+00
04fsw6rxjqkuwrg48haioryem6wb7bc4	eyJjYXJ0Ijp7fX0:1wRw4o:c0opzEyuksfDDdrJOFGDli_Hj9sBimRn5d45n0k909Y	2026-06-09 18:00:26.812887+00
oufoza2z973h0qzxk77vy24gwyvbvdjm	eyJjYXJ0Ijp7fX0:1wRw4q:HN6pACBvCT75WO5tX1jJIsmm8E8aYZ4bewO1zyZkzV0	2026-06-09 18:00:28.49285+00
b3sacqgqmk71ndbymdbyeuqzf30e13gy	eyJjYXJ0Ijp7fX0:1wRw4s:cxl997yr5cpnQPaSAIwH5puiVrtANpa1Cq6JqfzFeWs	2026-06-09 18:00:30.370623+00
l1z9issagk51ay9vjv11qw154q1apt76	eyJjYXJ0Ijp7fX0:1wRw4x:H11Vq3AXXKT0Xci6Lev29PgRi-1tMkUgq4TDozIs3mM	2026-06-09 18:00:35.203545+00
q9yvy79tqjffl44xkpzn2fxxdqnk3qx2	eyJjYXJ0Ijp7fX0:1wRw5K:dq1Hw8PG7vK1TH4xXTeygduAQUZWaPdiryKMmihfAsI	2026-06-09 18:00:58.009878+00
1eko69xv0xln4olbp4mgf8sswewlgguy	eyJjYXJ0Ijp7fX0:1wRw5K:dq1Hw8PG7vK1TH4xXTeygduAQUZWaPdiryKMmihfAsI	2026-06-09 18:00:58.726624+00
bsddfydp1rjhnsk3wllodwk5n77ri5ze	eyJjYXJ0Ijp7fX0:1wRw5R:YsB9qAyfvmvMil9JV2tF2d4Ik3Xwxdaf9V1p_QzlFbA	2026-06-09 18:01:05.173886+00
h8ju1y3lfptaffyyt2n8i64vuol5kxsq	eyJjYXJ0Ijp7fX0:1wRw5Z:G9q8m5pwiOVpJrlhREOjJA5iFUwLm4i_2iQOKtBypd0	2026-06-09 18:01:13.767781+00
moewfq3n8kfsqg05v2qmge7n72eet4b2	eyJjYXJ0Ijp7fX0:1wRw5f:S8FAo5mJmna7lXzIx6-BB8epXgfWg2iJ4c-Rx8ETp5Y	2026-06-09 18:01:19.230512+00
rfiyys6s3vf0b0hm6ydz115uqu22xnm1	eyJjYXJ0Ijp7fX0:1wRw5g:qL1SBcvG7SKP2M650mjjSZwwyCjm8H13ZpoGtx8JN7o	2026-06-09 18:01:20.423749+00
h7zvtaf6z0koo09uqjx1isdjblasr2mx	eyJjYXJ0Ijp7fX0:1wRw5h:k3lz25-eIabUS0Q_dfUaWEf9h9--iXF_cxDnHtc6GyQ	2026-06-09 18:01:21.516646+00
9a5x244yre39h555wq2d5py26d9zlrwq	eyJjYXJ0Ijp7fX0:1wRw5i:rRlVa2ZSL5_zLoAFIHyygKF_HYXNO-LWNl5XUJ310Ow	2026-06-09 18:01:22.473489+00
9jckyyhi3n5rtbdbec0gu25vubakzkyj	eyJjYXJ0Ijp7fX0:1wRw5j:RwcKJqExFDgBYc2U5oopbFbHq2VHqtCbEbam0kXBfzw	2026-06-09 18:01:23.015012+00
qjmxme88a79ghi34kwt7gszsptpmue1p	eyJjYXJ0Ijp7fX0:1wRw5l:YX-mJm2B87nhV7eaDay7223VpBWbpvay37o0oHnlBtE	2026-06-09 18:01:25.132168+00
dd85omka1on5i014t9fnjb29mof1a28k	eyJjYXJ0Ijp7fX0:1wRw5o:vUWb-bt4EM07l-9daJogaNQ_FHo-3Iqm9AL1Y4CIh_Y	2026-06-09 18:01:28.67312+00
tca1yoo6dnichph90qp2inr6ytzf8umg	eyJjYXJ0Ijp7fX0:1wRw9Z:VToTn79Al0rC9zAMOpXBUjxRiUhCKVMOYtipOk_r_EE	2026-06-09 18:05:21.644841+00
l29oodkw6knsqgoih75celjdtdll4106	eyJjYXJ0Ijp7fX0:1wRw9p:6GV7WG_8Y4ld5SUUuNMQOV_zA5DHf8rAjewgTBs-He4	2026-06-09 18:05:37.743574+00
nrqixp2hwdio1ir9p2cexbbiwac2ifd1	eyJjYXJ0Ijp7fX0:1wRwAJ:tP2Y7W1AZ63bTfmcf-SgGe4pJWuIcVnMQcAmAqn_3kI	2026-06-09 18:06:07.701253+00
uztnjgen96jwuyglo731q3djq2f7mred	eyJjYXJ0Ijp7fX0:1wRwB9:xUt3YunCl05HWnC-tG7ETdRKG0BQl2UTqoulz6Qdy28	2026-06-09 18:06:59.060615+00
95ej4uceyotlflaboodyfj2w1h61am1q	eyJjYXJ0Ijp7fX0:1wRwBJ:H0lfbPdzHuoaAGvlFzMmdZ-kEZfTGBuEtROJSeL5m64	2026-06-09 18:07:09.016113+00
rgt53p9mc6n74s4uauahubk8o8bznbjq	eyJjYXJ0Ijp7fX0:1wRwBN:-BbdMc_ft4YHHkIoOdsL2UxyZK1k1lgorMyogDamNBo	2026-06-09 18:07:13.031257+00
2bce7f96oewoxbqp7bwzn2ez122t6eea	eyJjYXJ0Ijp7fX0:1wRwBv:4ywTwsMUDsE7fpjzANiylT7D2ZLimUH-hwX1ZPPbiRk	2026-06-09 18:07:47.780825+00
1utf7kbusja1x1z4vshdy3e5a9ej8mvm	eyJjYXJ0Ijp7fX0:1wRwC5:dFOeAntNe02Gr7QOAxQohLJ6APc3whulUj9lG4mXXMQ	2026-06-09 18:07:57.323743+00
65gsz5au7ufgaog3lss34j21v5l4z8jv	eyJjYXJ0Ijp7fX0:1wRwDL:TfmXy51GV5A-E5Wy13-62sfQ5_Rpi0B0W2SRIeossRc	2026-06-09 18:09:15.241036+00
psmd002t05wjc6odded7o890edogs2t5	eyJjYXJ0Ijp7fX0:1wRwDM:dETfnafk9z2pvHTIwy_gGRJ80mwPruhVwqtqM19A7y0	2026-06-09 18:09:16.655469+00
xxchw9ia9xzjx6lc5kb6y7o18pppibhp	eyJjYXJ0Ijp7fX0:1wRwDz:XtLsT8DhjyispJ8AzsImd86Bzao2Kb1Sel1v8-2V2rg	2026-06-09 18:09:55.921541+00
n33etzh24exdko49aowtwsr0kzxdwam0	eyJjYXJ0Ijp7fX0:1wRwIc:WUqASZOmzcHjJUiN-HKTgK_miE5_68rGSzCnTt-IRVs	2026-06-09 18:14:42.540448+00
zqi9i2rpw682ufoipq1rjq4cs393bw3r	eyJjYXJ0Ijp7fX0:1wRwP7:6slkw4Yp2JLa6RUb497sU-5goT1KA1kZZZ6NVeYcXbE	2026-06-09 18:21:25.168897+00
837u4s7j1ez4s4zge89udjkomh7sux4z	eyJjYXJ0Ijp7fX0:1wRwPp:pugcXNqRGcIJ2r5n9r68efmKCQUOVGuQ6pO3yrYDRq8	2026-06-09 18:22:09.321505+00
kupbd56bkikcamq7ewm97mua7banab66	eyJjYXJ0Ijp7fX0:1wRwPp:pugcXNqRGcIJ2r5n9r68efmKCQUOVGuQ6pO3yrYDRq8	2026-06-09 18:22:09.946325+00
wb5d79atvqxekifrhuhgx3vz4p8fqcnd	eyJjYXJ0Ijp7fX0:1wRwPs:jGnOiEELZnnKnZvQ0I63iZ5_BO3UXlOkDUQxohXO3uE	2026-06-09 18:22:12.380772+00
65ng61kygx4bue81xg8iouga25wq4h4b	eyJjYXJ0Ijp7fX0:1wRwPt:rh3x-wrnafQmqMvrRJ-kihHSNZ9U3reaUV8wDdlWcG0	2026-06-09 18:22:13.356175+00
qxkta339yq54jfwj64v63tnvc1rlzbhc	eyJjYXJ0Ijp7fX0:1wRwPw:d9ujyHC1Z-IXLzbYCJrFRWi3A8c5fohk6kKRJbgjTe4	2026-06-09 18:22:16.553741+00
7g94jawlchvvwp66q9yjaewralkv8ifx	eyJjYXJ0Ijp7fX0:1wRwSs:mBRi5rFKsVvRnKpP92xpVPmHFOnhx5RWm--X16qmPD8	2026-06-09 18:25:18.056983+00
89zvwl1ga8ew7qdqmxijqswp4d1r3w14	eyJjYXJ0Ijp7fX0:1wRwT8:3W6Kv8M_upxR3LwpF9nY7ZaBLk-oM8Qy2jFzkWVLgDc	2026-06-09 18:25:34.263252+00
1g4szxw7d1ublsqr025f2aurenoc6cid	eyJjYXJ0Ijp7fX0:1wRwjs:nukHR-Hbx8yr67POzcuG5ZD-7trVgjxHPTN7frq-Mgs	2026-06-09 18:42:52.954433+00
aw749tecr9v9sxkm2p7a5zpfxh3bu30y	eyJjYXJ0Ijp7fX0:1wRwwW:G_xRNmlxYnaQXVZtYUom9Dl_3Hbo59cI-Wn2glvzVQo	2026-06-09 18:55:56.737496+00
ns4a8rubgzgru2ffwhsl0yxk02dzh4v0	eyJjYXJ0Ijp7fX0:1wRx0q:eCPpLHF4QsGSe_aJ363moFhewC8KWNQEPEFjh8UJPEI	2026-06-09 19:00:24.722672+00
uxwi70hqvzhijhtx76kioisgwdgq3l0t	eyJjYXJ0Ijp7fX0:1wRx1O:mcOvBB6eyH7rjfAI58pQNes1zf3dJ8KJ2HaddfCRXes	2026-06-09 19:00:58.189661+00
pjagt3zpn9uzmrje6tnx5ik4pfxvyiar	eyJjYXJ0Ijp7fX0:1wRx2d:MMpoBKDdGDH0C4eiyZh0191WAQ9lzSuPJqR1ldOvBP0	2026-06-09 19:02:15.532714+00
r6gic9cexucsvsi5xxyf1f2iunu98xhc	eyJjYXJ0Ijp7fX0:1wRxwC:_w2sfoH4k3OnaeRzd47J4wA5WzrN7GML_bFEN99AP0M	2026-06-09 19:59:40.592232+00
gua1emanb76011imjznf15xa2z1eyrfc	eyJjYXJ0Ijp7fX0:1wRxwx:7Yxlny0ahIZ4u7m9veQxqdNro942ZgrwT-seHh9e-w4	2026-06-09 20:00:27.891932+00
zfh11jjtyfuztfkhnzsok31gowvqmb5d	eyJjYXJ0Ijp7fX0:1wRyRd:Y_2zp5P7oOGwi8lfnKWMJ0pvb_USjEYci3lKEuEzgXI	2026-06-09 20:32:09.307147+00
cumnrofedg6vlqhpzg0p7i4nbnk7gg8j	eyJjYXJ0Ijp7fX0:1wRyRl:AP6Ic28ahJc0d0lnRVtZ5fQVcm73ff0Lg6riZbtl2cE	2026-06-09 20:32:17.163669+00
jcaewzmogsvgdn5lbzbuyozz2vumvddq	eyJjYXJ0Ijp7fX0:1wRyS7:DpAG0vkEZxcUrgYDAsUwd0fspPvoDzV5-sB1FPqtMo0	2026-06-09 20:32:39.193165+00
zug3ruewai5e2hrj8whx7mtqacbdbqsv	eyJjYXJ0Ijp7fX0:1wRyZO:32d66IsqkZiHY9fsMOZajgBswuW_SGmxpk6fAygLPQg	2026-06-09 20:40:10.473931+00
2n4koo4cu7mc1znujzaxoa645a3ymk6r	eyJjYXJ0Ijp7fX0:1wRyxc:u9y-0s5tKBD2fZ1WBcHBvh-k__ZrBuj9U_d_OmgPLOs	2026-06-09 21:05:12.159333+00
tqn22bj36f7pb6397k5kslrpjgtv7r4m	eyJjYXJ0Ijp7fX0:1wRyxh:KMnB6BsdaHg6KNxfSmuLoMhEB7EyAyPnBP7NIFZGdg0	2026-06-09 21:05:17.670333+00
bcg0ho5xdooozr0xsebtyrs5dduib6au	eyJjYXJ0Ijp7fX0:1wRyyB:BUwaRV-exCiejzl9b6F5D0orBpcY2Dc5rxPHa0guoBA	2026-06-09 21:05:47.790989+00
yac4ys60f3zdkbc696gcvi4cflpoe601	eyJjYXJ0Ijp7fX0:1wRyyT:-AEf2kfwYUl0jOPWHuGCkJQVQ_asjUHtJPMvqE4pxuo	2026-06-09 21:06:05.508536+00
ck0dyzwrtn8w4qzixkq2gxeojv6k44gr	eyJjYXJ0Ijp7fX0:1wRyyZ:BzFLP6H1O7yzhhkfPyW6SAZX4ikKFPaRumGNiy628Gs	2026-06-09 21:06:11.086311+00
l2foogtj2rgkehumxapc7yr1kyx66udv	eyJjYXJ0Ijp7fX0:1wRzN4:9h27K2WC3QSrdp8So67lBv5OJpPnJ4lW6V6t8pUcG5E	2026-06-09 21:31:30.161075+00
ze4kwxf706bncfh33twp5anpeiiawths	eyJjYXJ0Ijp7fX0:1wRzUH:xqZHUkJcaT8lPYV-09FULTrDJGZ9m9Ph0-fb14zYP4w	2026-06-09 21:38:57.908052+00
1oi8vxbs3jjmdb3su0dpcplqq2bxd3om	eyJjYXJ0Ijp7fX0:1wRzYm:WJW7N7WouTIQbrmhPj6zmKd9GXl7aSLDLNnRHTd9w-E	2026-06-09 21:43:36.360434+00
23p1bgkf74revuhbq7qybdviu0lvkgpo	eyJjYXJ0Ijp7fX0:1wRzYt:AGdY0gaLg8os82cdK-ucLKmlQpFUnBofbXpDMtchwJU	2026-06-09 21:43:43.567564+00
7xcyu6cr2qvymjhyn5q8igj7bhkdv3qv	eyJjYXJ0Ijp7fX0:1wRzbo:D5gVGgX-n4TTbx9sFN4zbWBxhJxWG50bn_GGL4Dsv_Q	2026-06-09 21:46:44.98699+00
68bol6c5h3qcwxvana14n36leihvz8pc	eyJjYXJ0Ijp7fX0:1wRzep:U4Lt0ZwvSt8i71Lcux4JvyARd-uoMTUR17-Uq9tG_Vo	2026-06-09 21:49:51.144866+00
bswgacu7me6emzf2pf0rf4ivaris1ksk	eyJjYXJ0Ijp7fX0:1wRzoD:2z-G92Ra8qa-H-5igXMF6IzsHRNhFoVG2xyV-WpmavQ	2026-06-09 21:59:33.315787+00
g3zgihbgp18dwhvxuomk4kkq9hrr8dj1	eyJjYXJ0Ijp7fX0:1wRzoN:HKhRkWDGS98YOO1xQ1rNeT42bcWIg7dNm33tnzL5wi0	2026-06-09 21:59:43.320842+00
ctveo7r5ujg65fn9umxrh0uxg8w9ctsf	eyJjYXJ0Ijp7fX0:1wRzy7:mGth8pxTYgfnPpHiTIvGaGiBuWipBcTvzyG5y89h3-0	2026-06-09 22:09:47.486506+00
rggxmbs7iwtk35w8f2dd9p5omdw4z3or	eyJjYXJ0Ijp7fX0:1wS069:xTg07a3_RTxyzoXtUXCaIbVWIpDgiW6mylXS3kQKeys	2026-06-09 22:18:05.180967+00
gyeef3i2b9szb4joresc7c1k5ypec700	eyJjYXJ0Ijp7fX0:1wS07r:zCcZo0n99JPc_Ym6gwHdpBS4VJ1dLjCicb5ybtt-0Z4	2026-06-09 22:19:51.558696+00
57ahdezr020oi6j65kge6nvdvr8eqyxu	eyJjYXJ0Ijp7fX0:1wS08J:EAL7btEyZuyLw1dpmlXgKAokxQ16S0FkCt2dVQZeicQ	2026-06-09 22:20:19.004486+00
35vguum2fduma8ax2qu8fkw1y3kb958u	eyJjYXJ0Ijp7fX0:1wS0D4:VwxPgK-2xRpsNgjDg_2yCu44GvYXIZCTco-G27X5ImI	2026-06-09 22:25:14.655364+00
wo210kknapj0zv4yjtv92d9le0z1110m	eyJjYXJ0Ijp7fX0:1wS0H3:PiJWrHPvEp255Ut-DZ-2XOEalMOBP24gAKXTKZ3UnQo	2026-06-09 22:29:21.192503+00
pxexrsxqg34c1k6yv4yi82g3bwv0xnx0	eyJjYXJ0Ijp7fX0:1wS0Ri:RR3FlG_RjrQ-WXZW4xEt2UhG3mX3LX2nQlQjy_nlUr0	2026-06-09 22:40:22.892702+00
sejbeqzd7fjl2ko9x1mx6c5px0fdr56h	eyJjYXJ0Ijp7fX0:1wS0ae:m8cIO3sS7qPavsBLzVdfqdJL48iP7nHz_3srOJtTxDg	2026-06-09 22:49:36.148867+00
ltjc7vn2360qel7qkacgut6roeab7ipv	eyJjYXJ0Ijp7fX0:1wS0gD:SuqLnX8EisRRzEF9Mh0ZWX2_v-scY8xAF5CiV6zoBC4	2026-06-09 22:55:21.378227+00
cx4zxh2m9a13jo4d62ngi8ckajnpruya	eyJjYXJ0Ijp7fX0:1wS0jW:9bK6WxVsSyeHt87vwhtjv5EXKXHlLwO5mdLB5-l6o7I	2026-06-09 22:58:46.181863+00
sf2i3tsarghknvyivzufyih0hj49flcg	eyJjYXJ0Ijp7fX0:1wS0ja:t4S__yv-EtZ7Ro5NdQ9tKYYOYGGzg0TB_sygP-Np9Sk	2026-06-09 22:58:50.449464+00
g99dsfuskue4ysxolurof3phbim1zrry	eyJjYXJ0Ijp7fX0:1wS0om:6Qe1H3qb5I5lC5ix0I_tc9lZZOJVJ6kN0OufBXtef-o	2026-06-09 23:04:12.624252+00
cb5hk3iilltu78xhgaekap2n7qzaqsov	eyJjYXJ0Ijp7fX0:1wS0ss:REEEvul4--PdSfjZ39aElDJszeV2SFneABlhAohl54c	2026-06-09 23:08:26.752737+00
3o1fqhi3kg79ox9ezuszqgipp2pl2alu	eyJjYXJ0Ijp7fX0:1wS0wp:0N0rD-JXueU69TmmRvw1CFfGHJcUxFMdl99CVrUWqXo	2026-06-09 23:12:31.075537+00
dp970oi3imdimxe5k72wn60u55syc4gv	eyJjYXJ0Ijp7fX0:1wS13c:mRo1WAnNKSBJy-mYaOj2la9_PqDYPImMP_AMogSstHw	2026-06-09 23:19:32.957686+00
ctzphajvoh2niumanto7bwa2npeqats0	eyJjYXJ0Ijp7fX0:1wS1Cj:3fsoKLaEgLdvnQNBZXDR-AXlWIhlO-217yZqe3OWNY4	2026-06-09 23:28:57.171563+00
5c22s9zqg9ehi1sberke84q238okgft4	eyJjYXJ0Ijp7fX0:1wS1Cy:cwVEMopLh17oPX0q7KmO_QRbJ9QNpG52qf0oiIRlVmY	2026-06-09 23:29:12.490776+00
24ewglsrc1oolncd9h4hdehqafj5q4bw	eyJjYXJ0Ijp7fX0:1wS1NR:vJrImHnaV9WW-SleaN0sCwHgdSrAkjEJAF0_-G7IJUc	2026-06-09 23:40:01.262346+00
dovnpekem85m05jvecm9b6ad2rxti3ce	eyJjYXJ0Ijp7fX0:1wS1Vv:zBClM5cE5wB5cSvryIGYxTkZjv4NAFSLD74CSAdWq70	2026-06-09 23:48:47.069339+00
uw0np1xrova0zlvmq2b8wuj0a5hvsksm	eyJjYXJ0Ijp7fX0:1wS1WZ:AB-QdpWwk24rSNP532VRYzp9K5Z-YJt5x013zEaM5Mk	2026-06-09 23:49:27.939977+00
rtix1nq1hqw92ijtgp47q7wj1vuc5h1r	eyJjYXJ0Ijp7fX0:1wS1e0:f7Z5vFiOCAl8E2Pre7XAAwM92yJm_FJoz6jTvB1FaVE	2026-06-09 23:57:08.631121+00
lzcargo3knl0xrxsxi50pvol2ergxd36	eyJjYXJ0Ijp7fX0:1wS1n8:ZpdG2XhL80A21aI5ID513dGfMazqf6TnvTohYKk7xUQ	2026-06-10 00:06:34.24377+00
brlm2iawsg0zvxlc5pgxff8w4t0h38po	eyJjYXJ0Ijp7fX0:1wS1sM:QyDD7aMk_bLK7mMCYGcJlLH3F8WZX1jWN3p7GqyXE2U	2026-06-10 00:11:58.606231+00
r8s9fo3qzs7ouoix3veyeurof61nhhki	eyJjYXJ0Ijp7fX0:1wS1zo:VZ_aMZz4z5N7LOde2RmC4K8H6-zbNF8azjbEzhIPzZc	2026-06-10 00:19:40.416179+00
050g2t5cppsvbe8to4tle25cdlogi1f6	eyJjYXJ0Ijp7fX0:1wS20b:bMa180nEMYeaqFivr_vDk4quYc5GRed9V-HWbngEiwU	2026-06-10 00:20:29.204857+00
rmahekkq4mukfiljsya5f1s7bfjdydrp	eyJjYXJ0Ijp7fX0:1wS291:pmAraktH4OJeeFgTM4sdl4bmwSL20EmMwNtPhVBTTwQ	2026-06-10 00:29:11.583327+00
4o6jxbjemm825viccvvcwbinstztnnnn	eyJjYXJ0Ijp7fX0:1wS2FL:sW8Ca9lsdLavqW3U5JVt_4UYF_i-H-POrRYj6dKRvpI	2026-06-10 00:35:43.300219+00
fqgpcvtz90n0t6kqy8jdh6p2r72vype0	eyJjYXJ0Ijp7fX0:1wS2FY:Nvdv6rqJjITemURbBrfJn_q2dNCaUMQ3aPbOycwgnSw	2026-06-10 00:35:56.251301+00
cbuimiu0blv0l9uvp15q3dpc58p8ju9h	eyJjYXJ0Ijp7fX0:1wS2IP:HZZCkEHJhSCldO9PSc-jbiqCliTWOUWsSAM21O1rSmA	2026-06-10 00:38:53.268175+00
qjoijg9eevstdznnnzjnodmisd7ib8tv	eyJjYXJ0Ijp7fX0:1wS2T0:k2jVfHtE48yq_1iRigAeQFttp-rrhyVgyq-Px2Rrvmk	2026-06-10 00:49:50.755147+00
ejxo48sglwulh0b9eh5c8ixa0ysrwmcp	eyJjYXJ0Ijp7fX0:1wS2Wk:CU17_aW3k32_p9zqdTsIJwjH0HDp7rvUVuclzRe9BJU	2026-06-10 00:53:42.567258+00
xdu1hf1pq1qvo4atkgkmuswmcslqk1ea	eyJjYXJ0Ijp7fX0:1wS2c1:qxV5ZT9e5FRNbsvRfdWsbLQVc3yCvuWsTMmVEpkYMkw	2026-06-10 00:59:09.574193+00
33b9nfi2nmxijeixhwwdajhyyb8551mq	eyJjYXJ0Ijp7fX0:1wS2lF:DkGWOd2kxiPkPua47ELcIWEs0ukcl-No-D-iHQWb9HI	2026-06-10 01:08:41.30307+00
j6iq62sdbnn49k10ogk22l9qfk5lki4j	eyJjYXJ0Ijp7fX0:1wS2qy:lrZc_OTgwd3tdKCP7JQnK0VxeLsV9b_BPsYs9BvN4vM	2026-06-10 01:14:36.367282+00
dy014dmddm9by75arpn99ch6zfo44oqd	eyJjYXJ0Ijp7fX0:1wS2r6:Jxnb59Zm2uKwCiTLWAjBYA2HdxdSjxxuCC5etO6CCNE	2026-06-10 01:14:44.482859+00
fgz33p10pzjfy7iyv3vuhp2j9sv7z4rf	eyJjYXJ0Ijp7fX0:1wS2vA:jGNaPlXYTq-nniAy8lglsGZ8GGS_mjH1JNkZqs7oHJM	2026-06-10 01:18:56.197525+00
jrs7lcu8kxt7dsrffeikluzoc03k8neq	eyJjYXJ0Ijp7fX0:1wS32t:RlaXUxuaRa4hrBRQr4UEhkNDu3nm-2UEV8iSohzvI10	2026-06-10 01:26:55.669939+00
a9rbj83t4av58hyy16gy1ggrf4db1k5u	eyJjYXJ0Ijp7fX0:1wS3LM:o6887sscRHtXqaxuauWUMWtMmcmDnOt9zoysqZqyXWw	2026-06-10 01:46:00.055292+00
a7jq90cyqwnui2slbl6lhe16bip40f9f	eyJjYXJ0Ijp7fX0:1wS3aB:szDMgUIVFr9DwfCYKxJptVx5CJIlcdQZXs-kkJBm6pU	2026-06-10 02:01:19.739158+00
d3zybcma5c0w4m6w9ydn1wxojc9866vq	eyJjYXJ0Ijp7fX0:1wS3at:bOEtUfw9B9HBx1PgZ9hM4tW-4QXbANcT5LUwSfO1bqQ	2026-06-10 02:02:03.850128+00
rnc7c8ojvwcea2dsfg8nrtd6qwf2ig7o	eyJjYXJ0Ijp7fX0:1wS3q0:vDnoSfzk_euwLKqwBAUGaviIdXFIHX27-HdfIsO0ycY	2026-06-10 02:17:40.312886+00
ou4fa1rbts4pj10ivgm6byefqzs0t5kn	eyJjYXJ0Ijp7fX0:1wS3yF:W04SX2vaIws-oxa5iWu3do-0GLqLDF-JZjN0pI4zJ4E	2026-06-10 02:26:11.27672+00
51ght3pxiaxhqmdajnf30i5pim3099a3	eyJjYXJ0Ijp7fX0:1wS44z:F8r2Pnh6sS0F9sqkhJK2rLQrGl9wVqN_ha-sY7azWqM	2026-06-10 02:33:09.873319+00
itvdyrh9s20t1fcja3hyglgz7fmt3guu	eyJjYXJ0Ijp7fX0:1wS49Q:M-hnKV2Tqs7aM35OjjGZKxH-10DQkeqcG1YqDLYnhBA	2026-06-10 02:37:44.256285+00
qbood83q8exscgoepyl9052y7z4zjje0	eyJjYXJ0Ijp7fX0:1wS4Am:1XwyATbyIN02OPqgjY-VOibmxUlxCsQZszCsnhR06Ig	2026-06-10 02:39:08.324208+00
1aqayojlu9fzl68vfhv2yivoevdtebtu	eyJjYXJ0Ijp7fX0:1wS4Hs:qmJsERadnfNH1xNAO2y9p4iGGxJl8pNAteNiGm30Vx8	2026-06-10 02:46:28.767743+00
gqtll7daig4amr9dymfpxwftoyknx35f	eyJjYXJ0Ijp7fX0:1wS4Kv:hQoerM1YyXtyWYFGuONDQjB-xlSSXXM804BV2f9rYPQ	2026-06-10 02:49:37.411958+00
tm8hqaezey9klvq5wa2l75001c3um1y4	eyJjYXJ0Ijp7fX0:1wS4Ls:itvNVg1rDatj3pYkq5P-vEm_rmz0pC6JKSBKEL6Pq10	2026-06-10 02:50:36.797155+00
53va723en1sr5tgtqah90b4z92qq4879	eyJjYXJ0Ijp7fX0:1wS4RR:65ArBJPHbvuNtS2SoGkFi2ctklWgDM-nJGC4rCl8JrI	2026-06-10 02:56:21.215007+00
xct8kkc6y8n3kauaezr96ermwu1tz64n	eyJjYXJ0Ijp7fX0:1wS4Uw:8dyrEjhFpYNyCn1Q8CX01g4d5P2QLZ3jskw8e0pMtqA	2026-06-10 02:59:58.352189+00
kuiws1sxeza4cwh3c9swknng1y54u3kw	eyJjYXJ0Ijp7fX0:1wS4eM:ECWty-FTur3kWDn7LLyTR3s9rjJLLmEF3-6drB8vOxM	2026-06-10 03:09:42.187632+00
g578f14xlia52fyuaeub367xxfs66vb1	eyJjYXJ0Ijp7fX0:1wS4eX:b6O_6NxX-TB2ROrt3mz1l_nGhRemmwBR92KUmQORB8A	2026-06-10 03:09:53.053081+00
v67ugy1xa2m6bs5mzvlutowq58lxbevn	eyJjYXJ0Ijp7fX0:1wS4pO:yZim6u_zbZN_FQLLMrdninC8ncBn5FV7-9KxBxrDSp4	2026-06-10 03:21:06.450427+00
zdoqor7gy6b1fo0qo12427epggvlv7uz	eyJjYXJ0Ijp7fX0:1wS4s2:Yc3l1Buu13DZcKvRsGqdBrIYBD8RP5MlmbN2oHk2GpE	2026-06-10 03:23:50.21884+00
g3o60o4u9nmr7qyuwrzzu4043163xagy	eyJjYXJ0Ijp7fX0:1wS54B:pu1rrpyFmyukvS6FuPEJMB5fkeCb9Y9g_p-MfA1wpOM	2026-06-10 03:36:23.879808+00
87mt6v4dpw7aaynav3sclx0hl3n5veyg	eyJjYXJ0Ijp7fX0:1wS59s:kkAHAil-wfsISVGRXq6Fd1BYvHvur00SJNkzznjWlbs	2026-06-10 03:42:16.927882+00
nocqbmzufxxj4gdwpm3kkqjryw6gn928	eyJjYXJ0Ijp7fX0:1wS5AF:3ZVKxscm-gNc6wR0dQzf5AXBy3fR1TDiFxQBin59Y1c	2026-06-10 03:42:39.902375+00
usdycb4jc2v53jimpyzcq4h4ku4bcpmx	eyJjYXJ0Ijp7fX0:1wS5KJ:yp574ScR9ZB_ROZu-2yWpyVtHjn76EED2z35o8kus08	2026-06-10 03:53:03.750859+00
3c7d0sna02r58ykbv54l287xigfrynos	eyJjYXJ0Ijp7fX0:1wS5MH:WZyIKDHTn2wGKicnjpobTGdFveN5-Z7fxpC00PKx0Cg	2026-06-10 03:55:05.842638+00
fiu74hraa147f3g3nftcs6mwbclk45mf	eyJjYXJ0Ijp7fX0:1wS5Nj:FPJXf3FVrw3EV04eZFc8PZl2IYUFWGSR2kVhsfHLrZ4	2026-06-10 03:56:35.259372+00
2upoa1avea21gu70ubwxk2yfxsdehz5w	eyJjYXJ0Ijp7fX0:1wS5V1:wK61hSoFGOY5--CAaJhhAqFk2aoHJJIXVxbZ6cBukPA	2026-06-10 04:04:07.763606+00
s5cx8jrvhlmivi2uhnor8etk5kjdol4p	eyJjYXJ0Ijp7fX0:1wS5fQ:Caw9Nhix-EqiLlKMR1ePeuQsGDSoTvEQ5Oo0sbiEt7Q	2026-06-10 04:14:52.798955+00
6ox7jbum3kbmsugkw1ymu45030ipuclu	eyJjYXJ0Ijp7fX0:1wS5fx:V1A6zfKHM5WIUKjDsEjTp11sbBSSnM_YcZljGQwWM4U	2026-06-10 04:15:25.610015+00
jetq4j3vz3a7w83rnbihyf8r3pcoqn0w	eyJjYXJ0Ijp7fX0:1wS5mb:iapk_DxJwaElRnQtvmu9WizMqK-S5cbetPFaNkP-Yzs	2026-06-10 04:22:17.883139+00
pexzysbmxuqgugmg8utnv2cx0gdawxfj	eyJjYXJ0Ijp7fX0:1wS5x9:813tCDfCWCIhUNDsKmzKTjVRsdP-Ue2IfN6DnryhC3E	2026-06-10 04:33:11.975037+00
14jlekugd1a168soy4oo4307xfk7qudl	eyJjYXJ0Ijp7fX0:1wS5xO:Wu-FFphRfIIKVkgOo3bvmnT6II2rCjhj02_c6HnOZmU	2026-06-10 04:33:26.705685+00
glveeedf1bmuflaqsnaxn0yi293r9217	eyJjYXJ0Ijp7fX0:1wS5xX:ogSQt9-92s55R7Fg1-HNE6sbxwNGWKSpp3HzDOfr2DI	2026-06-10 04:33:35.371328+00
y5vu6euf63f6xvxezrvyj5obsrgj1sc3	eyJjYXJ0Ijp7fX0:1wS5xY:nou_oI-XDVRmA-KFgko6odgkos_AuZT8zVSugShXu5o	2026-06-10 04:33:36.661798+00
rmzmejqxgx1ego0qv4afototdx6icc5c	eyJjYXJ0Ijp7fX0:1wS5xZ:m3zkXc7z7UcWp_uxuWYqSmQqCfeIuXTpDM6B9zcJKto	2026-06-10 04:33:37.06651+00
q694ctiibsv7c7lbwfitxqwizqepr5hs	eyJjYXJ0Ijp7fX0:1wS5xZ:m3zkXc7z7UcWp_uxuWYqSmQqCfeIuXTpDM6B9zcJKto	2026-06-10 04:33:37.321462+00
6ry6okdcd2xq6dtd1ldgbu202ew8ha7p	eyJjYXJ0Ijp7fX0:1wS5xZ:m3zkXc7z7UcWp_uxuWYqSmQqCfeIuXTpDM6B9zcJKto	2026-06-10 04:33:37.672008+00
81x7f5onlp3mnmyqa6so80uglfnh4eqo	eyJjYXJ0Ijp7fX0:1wS5zx:kP3af3-7wXQF3Oz7GEymXejm9Qon7_Cxfy7iadoK5Vc	2026-06-10 04:36:05.436438+00
32zyuaxx0afrmrg1j3afcfmt6rr568a6	eyJjYXJ0Ijp7fX0:1wS687:C8rQQ8ai_4XYsy3iRZzaVYR4tXf04c2nvEtCv4ZGW9w	2026-06-10 04:44:31.149641+00
pejggm91qj8kl60kfh6wu5waw0tngcsi	eyJjYXJ0Ijp7fX0:1wS68s:IW4WySQBg_jIgSdwpMxn61biZDjmFSJM1qR_61Pbn8M	2026-06-10 04:45:18.079203+00
r2x5t8au6hbfblfaavsfw58nuhfffrdg	eyJjYXJ0Ijp7fX0:1wS68u:O7NKiFjdLc4SCG-Zc9ydIGMK645fjU4XEgEFnFp55X0	2026-06-10 04:45:20.727458+00
2c3zxggh1d0tsjtbxr1jfd5368mhshg7	eyJjYXJ0Ijp7fX0:1wS68x:fu3-2J87DCVQsn1nRZzaanb-SEaDrrVa2xS8rTCxWI8	2026-06-10 04:45:23.782091+00
ocmf2mtrxmu62d5jr44i4atxavvzrdw8	eyJjYXJ0Ijp7fX0:1wS68y:6fDxO1HlRwIS6B4YiprkVR9VKhaUdUIX16qr4YPDyIk	2026-06-10 04:45:24.620091+00
h2zklj4vxmssav46k1lrh4bsu4pekqjt	eyJjYXJ0Ijp7fX0:1wS692:TyQouyMUX8C4_LHCOSI3L0GCoTbS_9R6bSXN5z6EJFI	2026-06-10 04:45:28.041229+00
oxv2rc5fpm766ionbt1yhksgtqqxcl45	eyJjYXJ0Ijp7fX0:1wS693:jWBSEXJ4qGObYOgMIAqGWvciLj5Dzl_JM7YcRr0mCUs	2026-06-10 04:45:29.959306+00
om0mp4zfd2w14lix587yvwoo40nmobff	eyJjYXJ0Ijp7fX0:1wS6BX:z3njO28G-DNakRrLKLNrXpY2y2Nth41UmNeQi3r_hQ0	2026-06-10 04:48:03.72991+00
cei00772hi4jo4mgja2wu3xlzy8cncr2	eyJjYXJ0Ijp7fX0:1wS6IL:WzHs4CzY3JIqoaZ6Vqmv5V2mfVORvokI_I6eKdfuSnM	2026-06-10 04:55:05.530539+00
petn1panp4wob7gb6yn5lnyid6cvrpu6	eyJjYXJ0Ijp7fX0:1wS6IO:JN1WWSyuYyhoOmd9mdlOyLjsD7k4WdD6qgfZX7uLqk4	2026-06-10 04:55:08.234489+00
el79vfvdd2fh7wv1gg8zjqkcuf4yowhk	eyJjYXJ0Ijp7fX0:1wS6IS:kf7cDmwN_2bWkWcVB6FCuIunBIgCPaaKXAP8-7TyiDc	2026-06-10 04:55:12.218107+00
z2m7v8r9gw2pzffv5yippjaxtzgmb0q8	eyJjYXJ0Ijp7fX0:1wS6Ia:nzFiwt_X-FxDghUIxOfbjkCvBlxyufydpYqGbkHyg_4	2026-06-10 04:55:20.402233+00
1299yiqu8bacaznx2k27b6uo0dm35914	eyJjYXJ0Ijp7fX0:1wS6Je:9Lo-veeVndnnewAqm7WkTRVTdFVoRef8RzGj0DmQtVU	2026-06-10 04:56:26.730285+00
ydokjm6uc7gg2fyzku72y6tlryy4y3l3	eyJjYXJ0Ijp7fX0:1wS6KH:-1Pg9KhfXEv5VegMT1-AsCRgEACcIqY-MC9YNNk1D4g	2026-06-10 04:57:05.85464+00
d0j0l7qxghj8yp3ni37h0hojqr0wb00e	eyJjYXJ0Ijp7fX0:1wS6S8:f8MivVA-46eSFWzkktyKik_uF5L3JV_w5DLIhRDjTR0	2026-06-10 05:05:12.359529+00
ejc6un2xqfexulu13w8njqazkqoj1kyw	eyJjYXJ0Ijp7fX0:1wS6To:cUJWHrXlE4cNQC5dgEhd2MiBXVH9UTmJWQr580ttkYQ	2026-06-10 05:06:56.0621+00
kdx2bg9buqks6xwsq4rbigg7dhqbviwk	eyJjYXJ0Ijp7fX0:1wS6bG:blcE2sEa00PGkzUX0DFIOCfwEguAK0cYsutSNKgt9BQ	2026-06-10 05:14:38.691707+00
7nwiqr1o2walwu6ge728gnz5i2zpb4n7	eyJjYXJ0Ijp7fX0:1wS6gw:4NgIaDQuRezGQbA52YLo1ezyZLcGcNiTQ4mvSD6yapw	2026-06-10 05:20:30.534273+00
cl7gwireg1qnogcwekjj27anmdzcz1x0	eyJjYXJ0Ijp7fX0:1wS6ha:QOFW0jPIyY55-SmVSK5SSARPqtNyDqj5U13eh1axOco	2026-06-10 05:21:10.09326+00
xtub9mq9v4h969h6n5ejjaw1nhhn4jhw	eyJjYXJ0Ijp7fX0:1wS6iN:NFghTNvM26JxVr2sgYjt4kbQzt7yTzkpNtg4d9haT8I	2026-06-10 05:21:59.274219+00
dmgwm8sr1dftodcfrdeikxhrq1jhexga	eyJjYXJ0Ijp7fX0:1wS6iX:5DIVhiVcKNDbDQlB7S1Hyn1WDuoxfkojVV9tuMDszDo	2026-06-10 05:22:09.217715+00
j9axkxz8e2ina8b3nkc1ad2jq0rrhj7i	eyJjYXJ0Ijp7fX0:1wS6iX:5DIVhiVcKNDbDQlB7S1Hyn1WDuoxfkojVV9tuMDszDo	2026-06-10 05:22:09.910101+00
m5bgp7jkuu8ojby69f1mbf6eteijbla4	eyJjYXJ0Ijp7fX0:1wS6iZ:1ncV-5L-yz6Sk6r_NfmQIoeJPfNglzZ_bqOKEriR6IM	2026-06-10 05:22:11.210876+00
5tksq89y031ttsw2fccgwms94zdy8ai4	eyJjYXJ0Ijp7fX0:1wS6nB:HPLMjRUB-vgCB0wa-Tzzy7kKDNsrslOYNu_ozSq062Y	2026-06-10 05:26:57.173749+00
tyrz925f1p4ffewij0dhy478bxp4120w	eyJjYXJ0Ijp7fX0:1wS6nC:2Iy73omOg0My_IZVxYj2cmseoFJy0m5dPJr0eeQEazo	2026-06-10 05:26:58.297551+00
tnbuj74m9l5wn9bq630wa4bcsmvf06cu	eyJjYXJ0Ijp7fX0:1wS6nC:2Iy73omOg0My_IZVxYj2cmseoFJy0m5dPJr0eeQEazo	2026-06-10 05:26:58.31641+00
p3dtyub58o4xvlfknbe7ur0b6rd32gkg	eyJjYXJ0Ijp7fX0:1wS6nC:2Iy73omOg0My_IZVxYj2cmseoFJy0m5dPJr0eeQEazo	2026-06-10 05:26:58.448754+00
onpad23datdttd9sak8fc2kmh0rbybar	eyJjYXJ0Ijp7fX0:1wS6nC:2Iy73omOg0My_IZVxYj2cmseoFJy0m5dPJr0eeQEazo	2026-06-10 05:26:58.582977+00
own0dn60jnmtohe9n61qwsrjnxc0x7o7	eyJjYXJ0Ijp7fX0:1wS6nD:tNU-gOYW7bU1V82T_F15355MLD0OliY7Y_y3A0mVG5k	2026-06-10 05:26:59.24715+00
7z4phwg4bgv5qucffdebm5i2bgnof8w2	eyJjYXJ0Ijp7fX0:1wS6xy:kXLmN06IzwUwEGZkWw-T7-lT52pHBWbEeYjFi8XX5hk	2026-06-10 05:38:06.996886+00
043lf6swroyg53da6t7qm6qj4eil1t1b	eyJjYXJ0Ijp7fX0:1wS7Dv:WvoPEgxokwPcMCfyuwB-JSjhvlhBUemIIDdT9cwZJiY	2026-06-10 05:54:35.059042+00
nvl1emdgce2xg59qu7yxcbxrkeyguq7m	eyJjYXJ0Ijp7fX0:1wS7Rj:ZY9G-J-MDkNGfCPYrwpR7fkTC4SpyNSOZpR2194Kd1A	2026-06-10 06:08:51.150214+00
pni23wnxsgs4s95j3vcc9gv2mrzwcggr	eyJjYXJ0Ijp7fX0:1wS7jQ:ApmVe4y-1y0DTO6bY4nlyN9rpzq1lnmHtpoiggVMuDE	2026-06-10 06:27:08.897947+00
q8vboklqx2lgig8dumeftz98e7pk9bph	eyJjYXJ0Ijp7fX0:1wS7xo:HiWXbLM8bbSfQM0d3Jlup_1o-93SqoQDr9ScAbnTF9o	2026-06-10 06:42:00.207423+00
extjhwfx6jeqmhykgt9v9fkdwjezozd8	eyJjYXJ0Ijp7fX0:1wS8EA:yWcU-6mZj9NVdu9-yZ93DwHcwMReRdTxhzFY_Zhg3i4	2026-06-10 06:58:54.333608+00
itvr3i8qizz3usx1uv42sb8isoq6dsq3	eyJjYXJ0Ijp7fX0:1wS8FI:8AqvVd3_8Kce3tqZmC9enJcFxA3lzd5VCX-HcdwSBrY	2026-06-10 07:00:04.47473+00
2jmvq5162cz48evbw0jbmwbqs7o7ltzo	eyJjYXJ0Ijp7fX0:1wS8UV:8lJhDqgjX7VoaNTJkDcbWDGmJjY9_AOdbognhWu0AOw	2026-06-10 07:15:47.687051+00
u8n182078m9b5x15boo26kchr6l48r3t	eyJjYXJ0Ijp7fX0:1wS8ld:1hoVEZxjjtpt-agAakbIr9Sph9V8XQ39bnrUSnrBYeA	2026-06-10 07:33:29.608545+00
biov703c56e18mza994wq94grciv5ghd	eyJjYXJ0Ijp7fX0:1wS93I:AQbsCwXV49HmeE--HQBh1AyfMsCENlOZ2HGlRcGAhps	2026-06-10 07:51:44.892576+00
feiol6bpy94jf3dg4mogfyhjq4e6xak5	eyJjYXJ0Ijp7fX0:1wS9IP:nwun5mj0LiWJ8FH5nbjEW1KZBkF2wNPC1lMSKRvPbnk	2026-06-10 08:07:21.967588+00
wabetbxel0t5azmchau36u2h47e973sg	eyJjYXJ0Ijp7fX0:1wS9NR:1CS2M41jXyBhqMhHIOcD10WUVchI9OT439TkSsj5oj8	2026-06-10 08:12:33.726506+00
rzgiq3zvyy9fe2kd5fbq6zls1a2pvqra	eyJjYXJ0Ijp7fX0:1wS9WO:sWqmmw4mBaBxqAfH95xkfxttzbDcK5UcwP6N5JcYuHE	2026-06-10 08:21:48.389255+00
jp46t0qy5ufpsn21yvduzaqn85s9b7k9	eyJjYXJ0Ijp7fX0:1wS9nB:vRwRbS0ROdFuKS5Ngg5Z0q_9XdUXfgzksMYJgDFhNAU	2026-06-10 08:39:09.21784+00
8znbzga81jfqqltx77pn5ahb68rmzz6f	eyJjYXJ0Ijp7fX0:1wSA0f:-xv6M5ZyX8wIMFO-c6-rgMPUOaYtPrUpYslwsSnqRWs	2026-06-10 08:53:05.494889+00
ejawi1v7uviwlk7758etuliikskyevcv	eyJjYXJ0Ijp7fX0:1wSA4w:MQ2SC8mo-XZjAXhEyj-4dv_AfpSXPLmzqO0tfPmiNHs	2026-06-10 08:57:30.627194+00
7arg6157g0908cbgiukxy6bhazl8xsj0	eyJjYXJ0Ijp7fX0:1wSA8l:P9USdAAaVG2WDrsjHhjATOBaPlNrBzWsFCOViya-DAM	2026-06-10 09:01:27.590024+00
4x9wokyvgq2i3iihfjrtbkds6n6pgra2	eyJjYXJ0Ijp7fX0:1wSAC6:zrjj2k1Ewp2dD4Yie4GhATYJgiZSY-1oNnnFhfaOmcw	2026-06-10 09:04:54.079469+00
4enlsvz0gpj13l527iyb6o6mlfixmlbl	eyJjYXJ0Ijp7fX0:1wSAIK:IoVJFHx29A6vVIhhy8PPTmn4qLdIXoBIZQ83BMhZMpk	2026-06-10 09:11:20.295134+00
533qnvsmmfevgia9tymmvumozv7u7fri	eyJjYXJ0Ijp7fX0:1wSAS9:pMDXG7C1wGM2eu61fB4iYRXF03OGF2VnwZPaKP908bU	2026-06-10 09:21:29.204208+00
3vgykzq3bomuwv3e38sm534nezetbcd4	eyJjYXJ0Ijp7fX0:1wSAba:6NXE4YZpIaTMLkec85yrlSqXL-C3H2aKbhrSgdwFbok	2026-06-10 09:31:14.555804+00
ihraellgbxbobb4cumgzq4eulb7qg0yy	eyJjYXJ0Ijp7fX0:1wSAuJ:pfFS386-dMB3Z0bkb1WhnX26EGKCBUJqzOnSYFDOEIo	2026-06-10 09:50:35.955792+00
uys5gk9wp0i7o4mub6by9k9lui27183o	eyJjYXJ0Ijp7fX0:1wSB9p:J8QsHdTd6tl_ElnFQW_sprp0Eh4iDCNM31xcc9cRF5I	2026-06-10 10:06:37.25019+00
9x806ylv1808jgvz7l3hzdme1el6oou1	eyJjYXJ0Ijp7fX0:1wSBPw:161t-bIrcttgnF8XH1f3xfoygHdp3cANgX0UoWhTJ1Q	2026-06-10 10:23:16.542436+00
mvg3v7dmuf27iessg99ucnumi5drfq0p	eyJjYXJ0Ijp7fX0:1wSBS2:wRNhCCtmDXu7D1H3t-1T2TRFSV23bRWyAAtcM9A_xmQ	2026-06-10 10:25:26.529092+00
cdtk2yrc304b2alc9o6039wub5p5orxu	eyJjYXJ0Ijp7fX0:1wSBS4:MoXuTfeBYBre3d2IxyM6LpxaxcVMbMKZtLNz3jDsIaw	2026-06-10 10:25:28.489138+00
rwjskgrw5dltl19jsoibj6yq43n97din	eyJjYXJ0Ijp7fX0:1wSBS6:jE3kv7nvm9F6AQTvVfcha_f3oycTTsjMVIsOSJFMSaw	2026-06-10 10:25:30.457964+00
2th6yeypvm1t938xte9bkbo4ld2mgyl7	eyJjYXJ0Ijp7fX0:1wSBTC:e_-jntqem0_6oZbRi506dBoqpEvq4Oe4k9mqjMl1KDg	2026-06-10 10:26:38.209155+00
uzh6a2vcruklxzgrp911sck4j94pkmlg	eyJjYXJ0Ijp7fX0:1wSBTM:2LvVS7W46Z0aRBLPgL1ggYiKqvQJfIaf-VOhNlH_LlY	2026-06-10 10:26:48.444047+00
njgp8rk1yxu7mk7hvpjn8708er61h544	eyJjYXJ0Ijp7fX0:1wSCA7:VX95vmKMKoXxh_kPtue0Sz_H4XEtOa7YOgIuaCtvE_w	2026-06-10 11:10:59.259557+00
275rwe2somuie1l1x4qo4ox559dg68xl	eyJjYXJ0Ijp7fX0:1wSCRq:580aF1YYgmiXhhx2Pie0a9dqOo7EXlZ0UDncpto6uJ4	2026-06-10 11:29:18.413467+00
1b0niskr9fla5zni5mud7alktads3nqm	eyJjYXJ0Ijp7fX0:1wSCRr:cjoLH-CiiG9qNRkRq7Soo_LBLSqDNIfHBOW6Le6pCdw	2026-06-10 11:29:19.044552+00
ig2d57t8b8ztuvlflmhh3ad684fqu2ep	eyJjYXJ0Ijp7fX0:1wSCT4:DBB2xzAPuaqPG1qmSb1mUisHsEV_gvGT9Dbv1BMiprc	2026-06-10 11:30:34.694852+00
7nm8lpq4ti63ugf4pgzjns50l0y8w2ao	eyJjYXJ0Ijp7fX0:1wSCTB:vYJEOyCIbV5jSKqm0e0saG5lOpredVHXYbAvK-ybDnM	2026-06-10 11:30:41.681664+00
5y4ggyjx6lmmdvuz68k9itmvqyehhgvf	eyJjYXJ0Ijp7fX0:1wSCTD:BGLwCD5jBOzNroHIuBHf3ADUDvmZLZzItWe_7Y4G_sU	2026-06-10 11:30:43.178839+00
c3osszingeik3wvcw77yfv594916mpsx	eyJjYXJ0Ijp7fX0:1wSCTE:WREITq-gUM3dyeviWE0UUDeUrjiIwSF_JW5YVmJFFn0	2026-06-10 11:30:44.829666+00
rjzjvi46d0t7r4dp5bk36x64z4fxzg6l	eyJjYXJ0Ijp7fX0:1wSCTJ:yUmrecDap2DXfn0WAU4nkm0vn5e7kcCGeBY6GfcNhrI	2026-06-10 11:30:49.118764+00
xxfjjs0dzega5t0cqhg4pw1eqlu2lhl4	eyJjYXJ0Ijp7fX0:1wSCTL:U4FeoVjRFqgsbKtsE4FbvF_gHv8K901678d1YDTtMH8	2026-06-10 11:30:51.136814+00
f5911puki2z503rdiwzutgksvw3jgsbd	eyJjYXJ0Ijp7fX0:1wSCTR:6MQ4mbUNqO4yNNrhpfqG3dhZZH-k5gSoVND7CFR_gzc	2026-06-10 11:30:57.275206+00
ixesdjbin3yowz2j97w5w8hz50ndrie8	eyJjYXJ0Ijp7fX0:1wSCTU:1PiaBau3ygdSHcPh6bvw-evIh0nd64Es2nWNFDj20QQ	2026-06-10 11:31:00.188797+00
0nf89ol9nbbvnbl8zfw32a0gustci9qj	eyJjYXJ0Ijp7fX0:1wSCTX:QLGG7Yq7_axh8EG0aDEjCcAMaKKZCbNNoxg331pnEws	2026-06-10 11:31:03.841188+00
1b3vtl8rwfbsl0gd9f2u715oztasgldu	eyJjYXJ0Ijp7fX0:1wSCTb:uzqVlM1YGNO26vopZh1Rs5R-1O1cF-LFvCO20wID5hg	2026-06-10 11:31:07.729495+00
ugamfma8tjfxne9wccozdy2gc2xzu55x	eyJjYXJ0Ijp7fX0:1wSCTe:GLLdPKn_zSS_uNEj6A7lacySzjLhy70MhZ0DsE8h2S0	2026-06-10 11:31:10.370208+00
7w4kq8jxlnbisx5fba84po5vqnlvv59s	eyJjYXJ0Ijp7fX0:1wSCTg:mI287_xojELQc4EnOI_IBLlYCSCkdbPNiQV7SmZZC5o	2026-06-10 11:31:12.080244+00
lpqap64jnqboroljcjvdgfssy3ry4xzx	eyJjYXJ0Ijp7fX0:1wSCUW:mPkCoWITs_srL8huj2PHEQTdsjgz60Dtj5nNOMXIqkQ	2026-06-10 11:32:04.011513+00
x5epk7lng9zypdv8xu033hpwhn53nn2l	eyJjYXJ0Ijp7fX0:1wSCWH:DV3wJg5UOH-K5qMLQFIbLMVIQ-1uNtTUXR0Lg12Hwa8	2026-06-10 11:33:53.620314+00
0zd6w6uw93chsnamxkv778yvyfkue5b6	eyJjYXJ0Ijp7fX0:1wSCan:O14EnW3amW_6kCRTZcWvDBT2hsMhDQJ3xWh6xIy2lT0	2026-06-10 11:38:33.822988+00
nm80po4v6c0m55k7idd7ww0i4zi8ufz5	eyJjYXJ0Ijp7fX0:1wSCaq:VL69-VzhYVuZoweWodeUwOzpPCrFzml67OscV_olSiA	2026-06-10 11:38:36.369648+00
792l2dpaq6o4xgu81923kz2c2eh05ejy	eyJjYXJ0Ijp7fX0:1wSCau:9BwG_VFGjSzHT-jnrwlrTOPQL85J3uj61NDGzGlmJ8E	2026-06-10 11:38:40.582153+00
4r3q8sey8pzzbkmuawdp0yazm085i64y	eyJjYXJ0Ijp7fX0:1wSCax:ETM9vHaPEc4xHH2LaF2NAvncReJ6C4LBU0kZax4njH0	2026-06-10 11:38:43.144561+00
zjzpvc6p1fvprlaqkokgtnztvvg98kj5	eyJjYXJ0Ijp7fX0:1wSCay:UF4rz73ZriD0dmtlqB0EPH00IFIX7gPho7VcILKhil8	2026-06-10 11:38:44.132074+00
bp2yg83ln6fufnyrxxm0j199tyqoyfx4	eyJjYXJ0Ijp7fX0:1wSCb7:uXFAilTvSrWboAlmuu_HgQPJuL7cA0lYptrHNlfGQzI	2026-06-10 11:38:53.715822+00
r9jbj7g1irw3uyyk748yj4igrsjpcey3	eyJjYXJ0Ijp7fX0:1wSCb9:TvEa1rfnln_hn9RRvEgEXqzSkJEFidIM0zwnt5r4sLw	2026-06-10 11:38:55.683554+00
utl7odszyozckcd3isji6f9mykwqfjtb	eyJjYXJ0Ijp7fX0:1wSCbD:bfWXrzEECHPGsunhK__GBBiCDkiXuKDgH-zUr0wyFJc	2026-06-10 11:38:59.951729+00
tzvr6an15fzdiq7ogtkfu35azmet14wh	eyJjYXJ0Ijp7fX0:1wSCbF:YdCW2J7ePtiI5yn-6BFAlgd0YNChG0Pmvfpocd9a_fk	2026-06-10 11:39:01.245403+00
7oeq3ee5b33onq5zb7ji0rs8vypp0oun	eyJjYXJ0Ijp7fX0:1wSCbG:1LTtNkJtWiAkPW-kJuUZsWGHWHsDmsfuRiaIvjvBdyc	2026-06-10 11:39:02.971451+00
rs2gmdhx6guees401zpddtt2to2tjry6	eyJjYXJ0Ijp7fX0:1wSCbK:RzwG4VuPi_-0PWZ5tEOPG9B2csTuyQ4lJUt64YvbEnQ	2026-06-10 11:39:06.347137+00
pvz5y7q55fsmun7qhq5hd377ggs7uc2w	eyJjYXJ0Ijp7fX0:1wSCbz:b20GzKm3DN7lhEpHnUnRBMRhyumH2nxGPlTtQzf85pc	2026-06-10 11:39:47.261795+00
rl6wwjrns0wtwj1t3zf2oj284t14s7ge	eyJjYXJ0Ijp7fX0:1wSCcI:eL9-311DxB-5__-YQVleA3Qf22qVWy-LbH4cQQSkxQo	2026-06-10 11:40:06.041797+00
tjwwmgvblmwp558uyl90tbhf32by9f1r	eyJjYXJ0Ijp7fX0:1wSCcK:8yq2h1_-S2QiuWmv-NsuKzSUk5s8paswvGBybR00o_Q	2026-06-10 11:40:08.489572+00
nxczmjuh320qchmok6rzz4yufj4przme	eyJjYXJ0Ijp7fX0:1wSCd5:tehHbFbaffHKQgdYyJnDQ7hhqoLHVZAFBRiJo95cLuU	2026-06-10 11:40:55.814985+00
6yg61c54o2x5z8r11p6zk661ihn7stvh	eyJjYXJ0Ijp7fX0:1wSCd9:kg4vbriziV59Xqp_aBGyMrXC8u9JAGC3k68Q51sRgEc	2026-06-10 11:40:59.803601+00
26s6ralnxm6w3chgm3x7yzw9kp54vydk	eyJjYXJ0Ijp7fX0:1wSCdB:PwCYGb10VgeDk4QMPGzs4jCXI62zg2n2LWmhlWK7zJg	2026-06-10 11:41:01.791891+00
zrxzgy2mk8zwjqao6wqcw0u38bo6th1h	eyJjYXJ0Ijp7fX0:1wSCdN:1OCv8JS5qSrNu9fFmzkiBW9-V594hnM2YK03DvRHUus	2026-06-10 11:41:13.339436+00
gjcmd5o2by2ryudrlotfj4o0g24ksq0d	eyJjYXJ0Ijp7fX0:1wSCdY:WaLwXiXbaloPCxzhS_aRI9fHYn4ZX2oLzVUZVa06z2U	2026-06-10 11:41:24.40005+00
1e4r36er8p4qbtlso3hylgn4oflv8kln	eyJjYXJ0Ijp7fX0:1wSCdb:P4d3MTFbrjaP9nuCaZhOsehBBaOEF8HcKlFLiD6emk4	2026-06-10 11:41:27.631733+00
qi8lodqybadk12v0w3b6ew4abwrknz07	eyJjYXJ0Ijp7fX0:1wSCgQ:cJNVeZjh5FjqqZhGNwc2fwrZlzMmeAlYFpazA-QhumA	2026-06-10 11:44:22.189354+00
0o3qo92p78xnee487w654k4pbcejzizx	eyJjYXJ0Ijp7fX0:1wSCgR:0z2PeKabOKQzQg0s7Vp56nTNtRSOeHbBdBucBQ8Iok8	2026-06-10 11:44:23.360868+00
94w2r1rxh4nv1o68mat2md0qd7xzstp8	eyJjYXJ0Ijp7fX0:1wSCi9:7XMtJWQ-OtmsVGpx9cQejRv4HqH2-nEYPFD5NTOYJLY	2026-06-10 11:46:09.1301+00
o1m92ns9ctq7xouy0rd930psjls3ivpb	eyJjYXJ0Ijp7fX0:1wSCiH:p3kK87XGTTyU4T6KdgbpzLPCX7kwxKx4_BIiVySqNGM	2026-06-10 11:46:17.758601+00
yku97980bmykv0hvcf8vo2m0uh0cs9ug	eyJjYXJ0Ijp7fX0:1wSDn0:etc7aAkCPXDVvV1_6g83h4N0C44Orc45haP8uYb4pkY	2026-06-10 12:55:14.636411+00
pfsgn9ht6u64uz5agk3riwxsd0c7rruy	eyJjYXJ0Ijp7fX0:1wTVqi:sZHph2Eu9rUls6dUhV2MgDoN7SSGwA73FZRUDX_G0H8	2026-06-14 02:24:24.783088+00
7k3dbgc4szf0p7om5wqqdgx4noezfj6t	eyJjYXJ0Ijp7fX0:1wSDUt:slUzIMGickktshybey76kLvdLggnavoj9BsRK7NYtm0	2026-06-10 12:36:31.993187+00
d5hguc8yu7rl2x2qtk3iergt3nrcv1xu	eyJjYXJ0Ijp7fX0:1wTWJm:MFzdS_wOpa63F4hZhoKgDFxtPQ-4ZZROPBXVE9_5pyo	2026-06-14 02:54:26.296605+00
vzarqu93wrhtn3n363u7uqakw3a678bd	eyJjYXJ0Ijp7fX0:1wTWu7:Ozqb4fKXypy1DqvAXbChPslUvNI22WIpfBwRTGK8qcg	2026-06-14 03:31:59.112503+00
ho5w31xm9p6o8pbrdv9khfnlj0v8bip8	eyJjYXJ0Ijp7fX0:1wTWyv:99sYqYmcuTwQeM7CXC8UrQi8flZ4hlrLTtze859L1X0	2026-06-14 03:36:57.056325+00
2mitou4h5h319p96ws7vonhvjgrgwtwj	eyJjYXJ0Ijp7fX0:1wTXXY:vk7JkJQI4InuNJTRTiL7kvVPueOaojKZAPvozPHbl6g	2026-06-14 04:12:44.342102+00
2iid380k7je0g1u3sn2891b56yl6adn8	eyJjYXJ0Ijp7fX0:1wTXqJ:gtqgaeVqBAuRkb30S88pdXk5yV0i6YoLVHb28ksmDww	2026-06-14 04:32:07.753986+00
oop7mhi5p4lci6mbf43qn98m7k7ifv0k	eyJjYXJ0Ijp7fX0:1wSEJZ:HchEovgFOMmsO0It5cUtwF2r5I9aZhogCzIYyo7vfUs	2026-06-10 13:28:53.993113+00
x1z4uzv5kx51y92zk264v0a29zb2gm6n	eyJjYXJ0Ijp7fX0:1wSENu:VSldh3iMt4HUq7FSapVBCewQBV1w_6za5sMWeG7tA2I	2026-06-10 13:33:22.470773+00
zc2u2u1w3h9d7hcrtd4tcy4xb1syzpe0	.eJyrVkpOLCpRsqpWMjM3AlGFpYl5JZkllUpWhjpKBUWZyalKVkrGxgZ6BgZKtTpAVYY4VRkaGECU1dYCAG0lGT8:1wSERm:8Nx4UZOFtW-akzw-20DQyPeb7p6EEpQgMvb2-lvZE_o	2026-06-10 13:37:22.12372+00
xp7nbz9639om51z9xjsfjj5gqby3sqmm	eyJjYXJ0Ijp7fX0:1wSETb:SRzx5OCBkaQxnAKOU-troIPnj-ttHpoUJquLVFvQ8lQ	2026-06-10 13:39:15.11502+00
4gstow91czj35yb5ztfbjs4d0u762ms7	eyJjYXJ0Ijp7fX0:1wSEY5:3q01rx2OSq1QJl1yFkfvCliONvp_pOqWrk_M5WkieCs	2026-06-10 13:43:53.033262+00
3rlv6idsz6xdag98l33kethhs9xpkfu4	eyJjYXJ0Ijp7fX0:1wSEdq:7hOWgFaxE7ZyUpR6gGIrjlTbR1ZKLT7pnLbc196NXZA	2026-06-10 13:49:50.596195+00
iregaakvz2qkqzka4l86e28s233hj4o4	eyJjYXJ0Ijp7fX0:1wSElk:6Eha3Ca7093TN5_RRtWI_Z99imGDGq72iUuoAe81v-4	2026-06-10 13:58:00.87651+00
tjwem63r468xebh8xuu5kfjc3vj8074v	eyJjYXJ0Ijp7fX0:1wSEwX:6x0ksY0ejKYDDBBCGtgtXsPV3XhMTjof5-QxADknc7I	2026-06-10 14:09:09.067184+00
3s1jvlrfioeknv22pmzlbkurdqedkosm	eyJjYXJ0Ijp7fX0:1wSF60:pWXqFY3IxQaWGYwbFk7tvtwlSpb7QH8_Io2-MHksYqY	2026-06-10 14:18:56.182278+00
ayxmjl18t0mmm9ofsmpi9d4p59yzfec0	eyJjYXJ0Ijp7fX0:1wSFFY:-1ern6ExwuM3Wd5pIx2Z2GDMCwhMfGtDN9OCBet56BQ	2026-06-10 14:28:48.007681+00
vu7nh5qvi8fdtlaun3jeh7xzxnarupsf	eyJjYXJ0Ijp7fX0:1wSCr2:jZppDO27Wot5x_krdhrd29rB3wuDPpkvzdU2L7qFmLU	2026-06-10 11:55:20.344576+00
hy1o1oyiqd1n0d2z36wo8u6fvb1rx9f2	eyJjYXJ0Ijp7fX0:1wSFKe:Bca0nQMZFqQHWgPhCEdsnoM6YIAIH-_i_uonUPZhhtg	2026-06-10 14:34:04.466005+00
jfpf5ckm1hygocm6iw68vrx4oqhi71jk	eyJjYXJ0Ijp7fX0:1wSFKi:091IGcEqIyP0xYig7rscSitL33cA1HUD5MMpQm7cA8I	2026-06-10 14:34:08.786196+00
tef1o9fje46k0kpy3fklgcvtxc4v15n4	eyJjYXJ0Ijp7fX0:1wSFKn:MTR4dn1I8x141gQfz6qE_wSL8S-IEyeUvPWz-4bWrOg	2026-06-10 14:34:13.023176+00
53i6cvvnb0hcoogg9z86z0m1v5cf8el9	eyJjYXJ0Ijp7fX0:1wSFKp:y_RLHBwWKNCR3XHGJEvkNksYCTTAmm8RGhErHcH_UQg	2026-06-10 14:34:15.737981+00
anx9hn4oc8okwn74ius8vdjcmm8brfj9	eyJjYXJ0Ijp7fX0:1wSFKs:YaqpLOEqCtDquAcICAnGxd5IE4D_UH7pqUt2FL_ALJs	2026-06-10 14:34:18.511244+00
2g1wb2h00sujbazrsyvu2c5n7069ila2	eyJjYXJ0Ijp7fX0:1wSFLP:kIcLtVlM3vtX6OsIDZ3zIC5IBqkcfy3PsMk-GyxIig4	2026-06-10 14:34:51.295598+00
a0qtspu9o9ajp6g580x36q5uqx476b5x	eyJjYXJ0Ijp7fX0:1wSFOa:e7LsyyniEYnTWjonXo9BaQBqhaViq6qoNVqn9dGys9g	2026-06-10 14:38:08.346797+00
z0epw1ijd7ge0p01mcu2fg6kvni67cla	eyJjYXJ0Ijp7fX0:1wSFPh:MKUeRSOtE9Llgkhp85aPlYQiPQTcgBAlF0uKOSFWQJc	2026-06-10 14:39:17.263837+00
o5t09i8indh7mex35kpwo3c3m32wjenp	eyJjYXJ0Ijp7fX0:1wSFWR:tqrxuA73KHaRGR1cwGOkEnVvdUTaMEoqBe-2exG3d_A	2026-06-10 14:46:15.925651+00
zkwpx0pf28kho2ip0i0eiud9z2w6ztsv	eyJjYXJ0Ijp7fX0:1wSFhi:wj7gkNN3kRQsE20FLMIGlNSlPLGELnl1QYsHVTaU-vA	2026-06-10 14:57:54.934354+00
hd6mfuxig0w97219nxueq48fxhr3sr87	eyJjYXJ0Ijp7fX0:1wSFht:awkGoudGbEL7OcMx4aaXq1C-6q-xGh3UdsTJ4BKJmeg	2026-06-10 14:58:05.477874+00
nuycxw4o9zhj4okqae83tyjg6t25hojh	eyJjYXJ0Ijp7fX0:1wSFsT:66lil-SVDT_dr8uj8eJC8EnIrdqWQeNx7Y582YSTOwk	2026-06-10 15:09:01.153777+00
ew0xp8t7zrz1tptrfl0pprjz2ddz79gu	eyJjYXJ0Ijp7fX0:1wSFuR:h1PaM9DNjxR5w_Uio8--Grd96OeLBoK99W2BTmIImuI	2026-06-10 15:11:03.496475+00
04sm44w5mr8oi7hwfo4modcnh03zopcj	eyJjYXJ0Ijp7fX0:1wSFuU:qoH7JpDn-oENhs4Kgzjn7jKfFksWoRUYTl2cgzY1a5Q	2026-06-10 15:11:06.967606+00
8e27wwmhgizhy6ccvr16a6quz1b5ipgh	eyJjYXJ0Ijp7fX0:1wSG2I:MfkQpr4NMwC_Dq4aSvtZA9vjJM-aj8kg0kqDzukjCuA	2026-06-10 15:19:10.197178+00
j1i7tiejoupp4377itm9v7zh54n8ujsi	eyJjYXJ0Ijp7fX0:1wSDBF:umxB7cRQVXdYy8FzWVyYRxht8zhWjH0oBeFrF9PdKE4	2026-06-10 12:16:13.974754+00
1l789jgr2iv68makazb3wdzp0w4nygnc	eyJjYXJ0Ijp7fX0:1wSG4B:Ik4xcJL2_jaJcs79EvCW7s4tUIB0trOUI9IevbOPtQw	2026-06-10 15:21:07.693038+00
8yo5rxsowqny5er47fm3r0c7haxshuns	eyJjYXJ0Ijp7fX0:1wSGBS:zsod9-4xg5imYKA9DcDjBmOEyYLcOIfpgGOTujZscvk	2026-06-10 15:28:38.81451+00
axerasogyno9oqiu9di8gcckxv4xoy4i	eyJjYXJ0Ijp7fX0:1wSGLM:Qxjhf5BKQ_FVXV47mIsrfx1BtQM4we3wn5EmtYxyr28	2026-06-10 15:38:52.978182+00
rqszlpjq871t5krt6qivjpif194p4adn	eyJjYXJ0Ijp7fX0:1wSGOU:oPCf49ajncG1zkqkQ63EUhSD8mGmr3SuLx3qWFlRW5I	2026-06-10 15:42:06.498422+00
r737b0jeit3pqz8mvg6q8r4ix25i7bqk	eyJjYXJ0Ijp7fX0:1wSGUc:9G_-xhlnZQmHb6q1T6OyFM1RfTQ_JUAGKkif_xAOxvI	2026-06-10 15:48:26.303244+00
3l3odqi47jw1e0q6t7avapl1n6wtx97s	eyJjYXJ0Ijp7fX0:1wSGeV:O4F9xVMp5cflaY413TEmRfprFJRcjTTbZszyVqTyAQA	2026-06-10 15:58:39.177518+00
0cki8tvzq9ob5ges5bsk8f30czblfjnj	eyJjYXJ0Ijp7fX0:1wSE0E:MvPES8nWRa0DgECETHfwlQ1_1AvelXZLV5UyudNqy_4	2026-06-10 13:08:54.466796+00
wr8f32by66ipyk4w2sm4q9yzbqq5m8xm	eyJjYXJ0Ijp7fX0:1wSE9N:IfZpffvbkVfNtBVvXsBHrCHtgvhTIehr5w8ydc-Qe7Y	2026-06-10 13:18:21.52844+00
k56nig2c4n859fju1d8r647jntc4eq5r	eyJjYXJ0Ijp7fX0:1wSHtt:Cy2UhgqrZJw1S3UgdhZAik1YRuyuw-8V8aEqfBfcm9c	2026-06-10 17:18:37.670216+00
ki8usybsju9ounvn70lapnbe76iqjvjl	eyJjYXJ0Ijp7fX0:1wSI7t:w2jwUh7QelgvjsZuRngXUjuYt34VT3scW0OjQvX8GOo	2026-06-10 17:33:05.442591+00
vyg2xhftgik59fq2ykuyjsqbz2zpbn2n	eyJjYXJ0Ijp7fX0:1wSIGA:rMF69-OwJsgvOAvKyMySNAFH2VCXfcQdMPBTejoaa1s	2026-06-10 17:41:38.694063+00
jkdhj82atsdif572ebuwh3crat1nnqfv	eyJjYXJ0Ijp7fX0:1wSIPD:H7W4lvGc1cngFwgoSmkMwVfslXOLoJBXVek6nNA6O3A	2026-06-10 17:50:59.876742+00
612ei4fdbdcmjhltzbbwkgbda64ak5n0	eyJjYXJ0Ijp7fX0:1wSIS5:OEyl37le7mlGZNLPgLcuD0Ab66M2rs_2HAdOl80BFNc	2026-06-10 17:53:57.821006+00
wtnk0dmeij7k3ije6q7la1b0w4uxtxii	eyJjYXJ0Ijp7fX0:1wSIT9:Ia_1V6hLxg8a0O7nYIvzLDN2Cc3mY5qWr8r7EzS5VSo	2026-06-10 17:55:03.682398+00
jywvyhqtry7i6z2o41g96ks9omjobd37	eyJjYXJ0Ijp7fX0:1wSIZ2:MYzKDcI69ueI-Eew6d_ZrkWplGntuWNzm4rETRMvPoA	2026-06-10 18:01:08.616042+00
1fsmjgb1xyviqy2y2n98rv7wauj3cm83	eyJjYXJ0Ijp7fX0:1wSIkn:rixoS-ScfQmAb25kvGlDjIO2kxCXi3d_oKYoIoc0-8w	2026-06-10 18:13:17.454528+00
1snrflg03wabi7rxk8wo7hn907h7cn39	eyJjYXJ0Ijp7fX0:1wSIlF:BLn0tRwvEa7FUvUTYEar1UI-yGBgQ0-WIc1PREyhzZA	2026-06-10 18:13:45.464357+00
rf5zuthlc0jjayuo5639nsb0c2xxbvho	eyJjYXJ0Ijp7fX0:1wSIll:nDp27k8_lSw_e7giA80Epbp04Cxi1xINZpRoJIxcFa4	2026-06-10 18:14:17.306668+00
7218rb201mxvy5cy95s0n4ufpfxsz010	.eJyrVkpOLCpRsqpWMjO3AFGFpYl5JZkllUpWhjpKBUWZyalKVkpGlnoGBkq1OkBF5jgVGZqYGhjA1JnhNszQwBSsqrYWAPriI_I:1wSh54:SNz0UcKR4lXKNE7Rc22gOJ3yj4M69_e4ppDed8NX6Sc	2026-06-11 20:11:50.746603+00
9ikozim76bu77o1cgt95sgn6utrd1zq3	.eJyrVkpOLCpRsqpWMjO3AFGFpYl5JZkllUpWhjpKBUWZyalKVkpGlnoGBkq1OkBF5jgVGZqYGhjA1RniVmcAVVZbCwAdMiQX:1wSEFI:1Ew3jDc1DRATzMNyWLdjEtbd94IrGBqN0QPuTaY2jXE	2026-06-10 13:24:28.161897+00
lfa5fh2k5azenop120niekln2tceg1k1	eyJjYXJ0Ijp7fX0:1wSIlm:Ujx2O-DFpA4PwVvmCmINlBcKgFOH-2YOzJk3bqxy6iE	2026-06-10 18:14:18.623676+00
6zh3mzmql81d89gpi7w9oymjmchn67k8	eyJjYXJ0Ijp7fX0:1wSItQ:M5mkxEMevIa6TbylCdyMrx9sMhY_51SMybXCs3H4k9s	2026-06-10 18:22:12.205535+00
4edv1jx5wop4viwqr7b99p6ncjz8coof	eyJjYXJ0Ijp7fX0:1wSJ3W:Scvm-KMJyM34DCbSUse1Bl7NZssBff1OuDE9FZWyCqw	2026-06-10 18:32:38.797526+00
6t10aqhm1vflp2r5nkdho4gemnawt2zl	eyJjYXJ0Ijp7fX0:1wSJCY:LyiFCMcs2BA95otXA9j4BsSAsJfcWJ39BhmPSsvEIF4	2026-06-10 18:41:58.409866+00
upuyn3aaj8l5puu7t3clfv0oghcbklx0	eyJjYXJ0Ijp7fX0:1wSJM4:W-AOEV2Hb9fvQ9n5gbLMhT4LrakrgX4ZAOLNju9xR7U	2026-06-10 18:51:48.319678+00
9cdi1sup5y54vab87uxgrl25ijv22ggu	eyJjYXJ0Ijp7fX0:1wSJMq:eTUJNcfcDm9CGgV73GHlQxzeRojx8uKZT76pT1yb4Mo	2026-06-10 18:52:36.294037+00
j8a6tvgisf58l5fxw4oup6wq3sqyov9t	eyJjYXJ0Ijp7fX0:1wSJVz:2Wa95U2Fu6UZP8uRN3Bx3-pfp8AhAxE3yA49Vg9sy0k	2026-06-10 19:02:03.570283+00
o8xogoi0tdvokkjfphjw8atyfp47hjlk	eyJjYXJ0Ijp7fX0:1wSJfg:okdHtIUAadk_ylSPt8jXSaJHcR28pmNTIZVJ_iPFUw8	2026-06-10 19:12:04.565261+00
qxgo7pfuqo1vmt13ca8ob54h9q3ikzkq	eyJjYXJ0Ijp7fX0:1wSJm2:Ajh1rGwDKQQgJEKfP-UaRhcdKwUnvluxcn31BWEXnvg	2026-06-10 19:18:38.282255+00
zijnx1hf4vkeg0mw92a0v8wax0yt9x6i	eyJjYXJ0Ijp7fX0:1wSJnA:tWwzaXbOo-TYj27zi599jmGdaIYvYsYsAApSxBYv5jg	2026-06-10 19:19:48.517869+00
h3d79agvtnvwu40r8zqvztug095sj6t4	eyJjYXJ0Ijp7fX0:1wSK02:zvdx0kXyX3E_u5DEL-YHEx__s5DIZrWulC2v7KQbbrQ	2026-06-10 19:33:06.578621+00
i1ekz2xmfo8l4kvv630b13hnh29yewvq	eyJjYXJ0Ijp7fX0:1wSK6i:9BAqgS1L2FaSakTq8Knxeb7MKvY0oN9YKdziuP_eFQI	2026-06-10 19:40:00.255009+00
0ch1gxvp4fu8zdn2xxuf85vc3jf8lt2b	eyJjYXJ0Ijp7fX0:1wSKHe:vgOYnCw8cf-uoeVG4Td3Iy0CgyuAxxeqYR4geKEu93A	2026-06-10 19:51:18.690329+00
oiooaz89ru1eoe034zno094tiev3fhtt	eyJjYXJ0Ijp7fX0:1wSKLX:Pb-487nluaSeA2RaWWCavRIjywoEYSU_LKLswRq2Kzk	2026-06-10 19:55:19.942865+00
v3yedpl3v8ttywo9u70iwovilzfjxteb	eyJjYXJ0Ijp7fX0:1wSKSJ:FV69zDZZTmzgyjrUVSi6By_nb2ghrCns0-rkPADXd-A	2026-06-10 20:02:19.094243+00
gs1rf5d0azaxsqggu6iga7kaf8z7h464	eyJjYXJ0Ijp7fX0:1wSKSl:o_wPd4Pefkb97n-44s0sU4-eCcB95B4X4KMw4HykSDg	2026-06-10 20:02:47.189462+00
6sqzd3jrka5aj0z6gzc3zjq8f5y1reg4	eyJjYXJ0Ijp7fX0:1wSKSn:UnJiRn9pAFb43h3ytcFBxcX-vhhAnUNR_Pm4kkxaR1g	2026-06-10 20:02:49.368703+00
mj6szm82uq5uu57ctjncc2w4w4wk05ry	eyJjYXJ0Ijp7fX0:1wSKSn:UnJiRn9pAFb43h3ytcFBxcX-vhhAnUNR_Pm4kkxaR1g	2026-06-10 20:02:49.673197+00
f6lu5urfsj7p9vlbe828vk1nhsbw5ik3	eyJjYXJ0Ijp7fX0:1wSKSt:fL3ZsEfEIsIYuIO1KVIlWXF8kDzTfiggu8XftQksnZA	2026-06-10 20:02:55.992444+00
emchh5ihlvabkgoixe6uu57x2enytl6m	eyJjYXJ0Ijp7fX0:1wSKSu:iujpHCCvmabBkvRRNZdHNIZQqMoqwNGeKPCq1HeEp-c	2026-06-10 20:02:56.312946+00
6r3uqeriy06u2kmrzic7cwt42ey286ul	eyJjYXJ0Ijp7fX0:1wSKSu:iujpHCCvmabBkvRRNZdHNIZQqMoqwNGeKPCq1HeEp-c	2026-06-10 20:02:56.496157+00
m7sl4slvygu1pnbmprudiw7815wgud3w	eyJjYXJ0Ijp7fX0:1wSKSv:E0qGFweR1TTVLxkRFS6UN_3wwGzlLPpgm_DmWheEeF4	2026-06-10 20:02:57.759696+00
1dhg6rz73d8h15dyao8ncfe4jl7jf2pc	eyJjYXJ0Ijp7fX0:1wSKSv:E0qGFweR1TTVLxkRFS6UN_3wwGzlLPpgm_DmWheEeF4	2026-06-10 20:02:57.8166+00
6svbpge0gevnprq4p5mr8jh8zz4wxrfx	eyJjYXJ0Ijp7fX0:1wSKSv:E0qGFweR1TTVLxkRFS6UN_3wwGzlLPpgm_DmWheEeF4	2026-06-10 20:02:57.840279+00
1tjhz6vtdu0c3uck0uyu371c9sd5d45z	eyJjYXJ0Ijp7fX0:1wSKSv:E0qGFweR1TTVLxkRFS6UN_3wwGzlLPpgm_DmWheEeF4	2026-06-10 20:02:57.891203+00
2oupv5emzdj9mu1qn7v5f6jzj8bjkvfr	eyJjYXJ0Ijp7fX0:1wSKSv:E0qGFweR1TTVLxkRFS6UN_3wwGzlLPpgm_DmWheEeF4	2026-06-10 20:02:57.918258+00
9y3b5780ukputbb2qyj8p3ptignjqj1e	eyJjYXJ0Ijp7fX0:1wSKSv:E0qGFweR1TTVLxkRFS6UN_3wwGzlLPpgm_DmWheEeF4	2026-06-10 20:02:57.935143+00
3xzbozxc1v00rdfhktnol4cpfaankq6i	eyJjYXJ0Ijp7fX0:1wSKSv:E0qGFweR1TTVLxkRFS6UN_3wwGzlLPpgm_DmWheEeF4	2026-06-10 20:02:57.942848+00
bb8wi81gdfrfjzlqtibqvfts0qcki1yz	eyJjYXJ0Ijp7fX0:1wSKSv:E0qGFweR1TTVLxkRFS6UN_3wwGzlLPpgm_DmWheEeF4	2026-06-10 20:02:57.988098+00
qq1a5zxhr44ibudlrbqv8dmhcqvg2g4c	eyJjYXJ0Ijp7fX0:1wSKdk:6TfDZo5hDv55x88Jlz3P_-y9XMHs-5vTitrSc-lidcs	2026-06-10 20:14:08.61158+00
djnvq3npts3abfvgr2rnrf8mscf6gszi	eyJjYXJ0Ijp7fX0:1wSKkd:1Bowo4Rtw3EguoUlRrmCVCZDTgD-b-RNDK1RMeLp_yI	2026-06-10 20:21:15.771513+00
uskeamf5v8e3hr3l05xakhqyc0nu7gj4	eyJjYXJ0Ijp7fX0:1wSLer:3CX5RmJXG7x7rz03DwYNHsCSvwE2N4o3XK3lnKh57PA	2026-06-10 21:19:21.276566+00
w5c0ksyw7zjqx9v4u3j4jb0grkt8f1ok	eyJjYXJ0Ijp7fX0:1wSLjv:AGyLv9YdeE2HGjkEOpB35CzysSvhoMxGozjOYiMnBWE	2026-06-10 21:24:35.385781+00
yg0bb8ipcit59s165oe5r9e2pseke1hf	eyJjYXJ0Ijp7fX0:1wSLmR:YVGm8l9vLTqwHCrby8IzyAuZMAzdBdCJZBolejdxbDQ	2026-06-10 21:27:11.981509+00
r7qngm1cchvf96v31qgfiw6fjrlrrybr	eyJjYXJ0Ijp7fX0:1wSMXL:QCn4tKEeAr_QggaFUuX2EA0kVJcdF5523RsFhb18AQI	2026-06-10 22:15:39.789549+00
8n1uh6akgutj2ywitqf0wdtde6eax0k0	eyJjYXJ0Ijp7fX0:1wSMrX:y24xFRrDh3ribMMNOuhE4AWhrsgdX4B9QEe3ptj6UhU	2026-06-10 22:36:31.053401+00
noexltgy7yg34ra3st4rxg1k2avc6upd	eyJjYXJ0Ijp7fX0:1wSN46:rYY6vDLmE-YNjsXUXdDwEzyp8OeRt0_wC1FqILXvxoE	2026-06-10 22:49:30.728785+00
g5pxacwsalmu214et81urkvj63h75qel	eyJjYXJ0Ijp7fX0:1wSNDm:NH0hux9WrFIPuuUwWmAZtTVfU1XRhItgehnan1kiGJg	2026-06-10 22:59:30.398552+00
qp9hg928c9n7f6b2e0le2xboxfaigrcv	eyJjYXJ0Ijp7fX0:1wSNN8:evnMEJnLmSAJ9Hc0TvDpkjvWuXco5wC37vmP8B6rq84	2026-06-10 23:09:10.333142+00
qcw8zndlzy6ga3zf8lailpxcgj6mmtis	eyJjYXJ0Ijp7fX0:1wSNUW:3uhBdhml4hhD89SIA9_BLFW9-W_yE3SmlHiCJ5Ynkfk	2026-06-10 23:16:48.12357+00
4g4oozpcg97g90xgblqkrc5yb257qvz8	eyJjYXJ0Ijp7fX0:1wSNWY:DyfKErtV6YB_TBSchQeuIywmiV__BdwaruiHwHKIFyw	2026-06-10 23:18:54.137276+00
r3fe9po984h8lemuk62pasw3qhzjl5aa	eyJjYXJ0Ijp7fX0:1wSNfB:1Zq_hIVOAZOtSnbZRz78tvhbQbBGxpfRExJlXv6tYnM	2026-06-10 23:27:49.931245+00
onjhqp92jp76sa33teljdbrkxer3hrcq	eyJjYXJ0Ijp7fX0:1wSNgV:s4SbrqbuPEeT7BLJGPq0mSBcHumF-gadBpujkDe30Ow	2026-06-10 23:29:11.84212+00
f7ulmnybzv1uqft5sup1g02tugzlkfd5	eyJjYXJ0Ijp7fX0:1wSNrS:ISPCle41ihC81aVAYbL31xA50CfTh6o1Y3c8L778Pps	2026-06-10 23:40:30.850465+00
2wydw26fxl8hmkch0wgo843go09a81mg	eyJjYXJ0Ijp7fX0:1wSO1w:fjRBo8rFsAN7V0JhMhLoaEW8O23IcU6r4WkbCL-lYuk	2026-06-10 23:51:20.395119+00
szys2c3mgjofbxza38sgu8cmsdi9dx32	eyJjYXJ0Ijp7fX0:1wSOBO:utStp4IGuk3v6SJRalqNuGSU9uHxHghBWpfvYn2DB5Y	2026-06-11 00:01:06.325308+00
xp85kkrtnhqpzji02ymg7h1zw987yggy	eyJjYXJ0Ijp7fX0:1wSOIM:XyiIPHftOwFqi7rBsHM-6Orii-yCk5HLJrIey259zCE	2026-06-11 00:08:18.268825+00
xhfyomqjvobgfd40tfrkbc6ymchmmdkw	eyJjYXJ0Ijp7fX0:1wSOTk:JhEErUk6Ald_RVAZDZ_-DU6dXUACvmn85y3Rg9wCIcY	2026-06-11 00:20:04.46002+00
jj9luarzoe5btiw7kixbd0bserqeet60	eyJjYXJ0Ijp7fX0:1wSOef:xLl9IBCediYHU27tCNygI3a-TaQvf6f9LzpNPnj9h50	2026-06-11 00:31:21.584009+00
uo3g9canlm1h5pxvpdjer8v24vylsskr	eyJjYXJ0Ijp7fX0:1wSOn7:AmBdttZcAdFP83Bq-k4OeBvgP2E3XQZF7r4eJ_uYH0M	2026-06-11 00:40:05.697459+00
098239s85cyxk38zi1f7iqlfwu4g6fim	eyJjYXJ0Ijp7fX0:1wSOqZ:3sna_GMKrXwNhjVan3xJ3JRstLBwxOMqfnRfUVkWhwc	2026-06-11 00:43:39.53842+00
61sxhbsu6ngy7d3kdg7abdfwb0b02fw7	eyJjYXJ0Ijp7fX0:1wSOy2:P426saH6eUA7AsVYiPwVkRwtw8wcKspbrbfhVKaRzdA	2026-06-11 00:51:22.385134+00
w0ju1bqvwt0er6dxe8sgvm9x586tc4kv	eyJjYXJ0Ijp7fX0:1wSP3T:gqMKxSPATcawBfU4u7EqiA0gXmXLSOEdZBHrTN3MK60	2026-06-11 00:56:59.402135+00
zrbucld351gp0z92dn5pvhjf2nn3zzec	eyJjYXJ0Ijp7fX0:1wSPEf:oklMDA4Sa2foV8Rz-X72JCHE8t95gqW-rMzL5s9lx7I	2026-06-11 01:08:33.883003+00
7771burhe96j7f9a47mcumfmlb82kkyo	eyJjYXJ0Ijp7fX0:1wSPZR:vIKdAO9dC1Hk43DoZff8YMeTTPjvlks24VT0b-kJUe0	2026-06-11 01:30:01.589752+00
0an1vby4i42og5zffy4ms6rz06im91r1	eyJjYXJ0Ijp7fX0:1wSPm4:pOh4AtEY9tmNEH8pZaAY5OseqHfSvP1aksychJUpyr8	2026-06-11 01:43:04.949051+00
edw7r64u7tcb690gjvbeo005mrr3g49d	eyJjYXJ0Ijp7fX0:1wSPul:G8ASPuMwTzLsaLxoFSsf0nyD10lb4NQZt5HVLDJnPus	2026-06-11 01:52:03.282584+00
fzbame7semum6ooboqrbnf700rhd5fgh	eyJjYXJ0Ijp7fX0:1wSQ5Q:gkyH4-3i0-Eb9BxEZG6ePtQUIjJqeNVy8fjMdomMmhY	2026-06-11 02:03:04.427674+00
dwgbymww3phidvnissv8ug04vbmiue64	eyJjYXJ0Ijp7fX0:1wSQEl:Zof0c9LltqZaqloB1cGlRMeB_MQarOBg6LHEpzKRyt8	2026-06-11 02:12:43.604001+00
tmw4x6vpm2utojdineknre25fakof3oq	eyJjYXJ0Ijp7fX0:1wSQOz:unDSjppITyD3RC1EubAyQKBYM88C3pkWGOT9qCCMs10	2026-06-11 02:23:17.003454+00
lq5ocrzdfqrnsq8gfcw83b6uj02tm82c	eyJjYXJ0Ijp7fX0:1wSQYv:bxPWdqPmaoIkiaFElofJeAm1hc556ivRVULsKgKf5ro	2026-06-11 02:33:33.92096+00
ffzuiu7hnbyuz80bibzwf83kjfqysnqi	eyJjYXJ0Ijp7fX0:1wSQgU:VTEZGbZd4_zRqzukAHxPDPX6_enmz0MKkLTXayNERUM	2026-06-11 02:41:22.800469+00
3ic8j5ipvevkhfuj4kg6quot0fyr0vev	eyJjYXJ0Ijp7fX0:1wSQie:ZJaQBOFidzZH1VHstoR6dyPZWMHql0OuLCD47tPMRgc	2026-06-11 02:43:36.632924+00
kum2oe5wk6h7vlbsv7n75lkpls2loyqy	eyJjYXJ0Ijp7fX0:1wSQqV:_aMp0AM4tK_yhFsGH8Jt_a_pD95dPgmaYgezMoDZvy0	2026-06-11 02:51:43.353927+00
qqklbcfr8fejar6zscydtp462ew7xb5z	eyJjYXJ0Ijp7fX0:1wSRUn:_IBFx0LbnHbGSZ2iYYmz_VtdXQNZxMMbJ-4APrciC28	2026-06-11 03:33:21.147542+00
fi8r61nvztdnyq3znivlmi05vilooxke	eyJjYXJ0Ijp7fX0:1wSRYl:qe29-kXOL_UuSFFud3qUd4rwdl3S1oaIaYY47aClrL4	2026-06-11 03:37:27.784974+00
4j2tdbujd99aujp4uwyzjt8gisp7wha3	eyJjYXJ0Ijp7fX0:1wSRYn:4B9M7YyenjyZduXanKQYco7QG43WbQjwewc8v7pqxck	2026-06-11 03:37:29.54409+00
7f6r31ujypfhhrn25rwheqhmmakta50r	eyJjYXJ0Ijp7fX0:1wSRlW:sCXPxtW5tk0BJS_Jg13r2F2iHEIDHlzQ5NgmUDCadvE	2026-06-11 03:50:38.549842+00
uy6fe672qi8wa9hevt6aqs3m41biolau	eyJjYXJ0Ijp7fX0:1wSRuZ:b3br6mNZLtsy2YWfxxul2YCGbLfOosOK4Z2jEgBaNdw	2026-06-11 03:59:59.014091+00
n15xh9vqzkwuxbhd5v17k0gn5lu9dto3	eyJjYXJ0Ijp7fX0:1wSS58:Ky4vldUyOi_o6yc03bijl-SOjmBBBeM_8DLRoe9DXZU	2026-06-11 04:10:54.169313+00
1e28c5yr46adatgub635onzk5ndt56pv	eyJjYXJ0Ijp7fX0:1wSSF5:IF6K9VTWbwbsp3Y41_J92CppIkhz8nShNDfl5YcXaZI	2026-06-11 04:21:11.727568+00
ieox0pazynpj66t51qh23k2yy4q8ya7w	eyJjYXJ0Ijp7fX0:1wSSKJ:22-6y0RypMcoMVXXYQ6_Vko9Qd6bsCcWLFfD7dk4FTs	2026-06-11 04:26:35.216377+00
rxo8bn687yma01vqexsjw75etnzp4rtx	eyJjYXJ0Ijp7fX0:1wSSOY:na-nKQGFp_WDk7j1Z4_Pbm36iatQQS-l_Fld6BxWDtg	2026-06-11 04:30:58.605564+00
6r4pmhj32jg27uoyl6f2kxk0zc3851vt	eyJjYXJ0Ijp7fX0:1wSSYB:3RfCk4ZEb140n3v39GXeQukqC9CT_z_P4OYIGl5J8V0	2026-06-11 04:40:55.081546+00
wxi1pb9ccddk5xrtgmx0ud3lmk11zcoy	eyJjYXJ0Ijp7fX0:1wSSgq:Q90yF2AMe0IFAMSLYrl742csAQkczRrVw0N25csoZtE	2026-06-11 04:49:52.70915+00
farmjm24vbv6cg998vd3c54bfgalihyk	eyJjYXJ0Ijp7fX0:1wSSrn:ZHG09p-yl6eEe9v58KoPfIxoPEpo-TuxoHQR5h8ZFfs	2026-06-11 05:01:11.888826+00
dwbo9kfbb2bldtwnyy9b2pamyz2xexpg	eyJjYXJ0Ijp7fX0:1wSSzB:6C7EwuuNzTgiw8S0NnNOr5Al6V4uPrteJgun9gA0QkE	2026-06-11 05:08:49.644993+00
ceo4ftq2iswjkt6s80sag8ajd7si8gca	eyJjYXJ0Ijp7fX0:1wST6E:YQTn8XxPyqQZazfIlrvJiK80rDLHmaBaj2jb7HcA_YE	2026-06-11 05:16:06.80697+00
ww53hu1h7q2ydna83wyl1mlnl1l3nkhl	eyJjYXJ0Ijp7fX0:1wSTA9:RLabgKD3WJc5MNNcOGq9uFA2cqjZuLpUNpWR-j9peGE	2026-06-11 05:20:09.678662+00
1hc4c74j60j863dxcxeymp4m8yzc6vyq	eyJjYXJ0Ijp7fX0:1wSTLC:9SRqV3abnnb8BKcKf2T7gmdDMf67ESGZxr61SMoz_hc	2026-06-11 05:31:34.519123+00
t8r2o7fu1t60yoe74xsd8yh8ft7nh33x	eyJjYXJ0Ijp7fX0:1wSTTf:4mMEkQBVPb8wob_FyetQD42dR8oVMrC2gxkSRQ3qZEY	2026-06-11 05:40:19.212364+00
stry0mexxcqoqoonri3mvllq38tihrk1	eyJjYXJ0Ijp7fX0:1wSTeC:SFFVIrVk0Ku1xbeiR0uXV0FjPywQgZ7M10P3uKl9kUw	2026-06-11 05:51:12.920531+00
h6s6xl20cm940ngpc8u6oak0tx7ntkjz	eyJjYXJ0Ijp7fX0:1wSTnu:c9Tn5x87gSk1qffuSF4kwasjwljS47w3kusQqBGj93I	2026-06-11 06:01:14.272028+00
ks9dcwa40com4bg5y4ieyrlaotsa6jat	eyJjYXJ0Ijp7fX0:1wSTpH:r9W2iMN179m7skmVMq0esMUUdIaOgmOSsAhoD5_j_zo	2026-06-11 06:02:39.96213+00
2llknoi3729k612abgkwf878g9vip2p3	eyJjYXJ0Ijp7fX0:1wSTrK:y5Et-xygOtxecvYNVIfISUSoNNaBdw1Arq5dZbfgXMs	2026-06-11 06:04:46.222014+00
7g7wg35i5ehiq9oa12sefcj9757c3vvt	eyJjYXJ0Ijp7fX0:1wSTrK:y5Et-xygOtxecvYNVIfISUSoNNaBdw1Arq5dZbfgXMs	2026-06-11 06:04:46.472619+00
jl4hvrpx9qq53cre8vhwbprxf3n32twq	eyJjYXJ0Ijp7fX0:1wSTrK:y5Et-xygOtxecvYNVIfISUSoNNaBdw1Arq5dZbfgXMs	2026-06-11 06:04:46.473365+00
9u557pl7to242awhkv4j42zk6lnn3wd9	eyJjYXJ0Ijp7fX0:1wSTrK:y5Et-xygOtxecvYNVIfISUSoNNaBdw1Arq5dZbfgXMs	2026-06-11 06:04:46.54027+00
ezvek1wz7fyhb3lpezh6zpxsmifzutlc	eyJjYXJ0Ijp7fX0:1wSTrK:y5Et-xygOtxecvYNVIfISUSoNNaBdw1Arq5dZbfgXMs	2026-06-11 06:04:46.560344+00
4jcexdphfgt4zts3ao6hqvbh6w4w8kfi	eyJjYXJ0Ijp7fX0:1wSTwI:OzbnjrMX-agRz8W0fbGA9jOqwgHi9nUa32gnOjbpCiI	2026-06-11 06:09:54.675064+00
769raubno0ipgh0ynr35ilhvlp4h98uv	eyJjYXJ0Ijp7fX0:1wSU5x:UPbnQod8-fW54sTlJox-Y9IcopW43omBXAcOsM9hojA	2026-06-11 06:19:53.067577+00
21t6xp1jrtoltk5ip03k7t4ks6gvkw53	eyJjYXJ0Ijp7fX0:1wSUGt:3IbXw7p_L9Bwlplw837FfxHUvfJvX55JiwU-MuDThKs	2026-06-11 06:31:11.226172+00
fbm621ts5u64kjml9f2yi0zektcxujan	eyJjYXJ0Ijp7fX0:1wSUQf:hxlTMm0Q0hlyfK0ZI8H6vToycfHeBTZ62pA2knNjXuM	2026-06-11 06:41:17.422162+00
5h6edx1ktn3q8ff6cmijbg60yt7guf6m	eyJjYXJ0Ijp7fX0:1wSURn:YfKnzmsJVcDqp6FyWvhBNM_4XP7zTUdB10SUety8ZDI	2026-06-11 06:42:27.23183+00
d157ocarwnhhj07ejrp5qca7a7467xbz	eyJjYXJ0Ijp7fX0:1wSUUB:c74qnyxCwoGNY5WJI30Qg5T8Bs4FsTVCnbW3i62aCxg	2026-06-11 06:44:55.105374+00
zg08q4ycm70ljpotxfo386fmfze3gyb6	eyJjYXJ0Ijp7fX0:1wSUWx:15dLH2cSHHYjbsWmOEMXihOEDzO9jeyimk6LkDyrfDU	2026-06-11 06:47:47.995358+00
thk5nhig7145da4wz6ni9ojblrw97qha	eyJjYXJ0Ijp7fX0:1wSWAH:t2DbCgU1aUTcnHyxty1ufvbazGwhLVcHx-msYO7OvRU	2026-06-11 08:32:29.893127+00
v5xmkc4dxwvnkbefophnsxmlx5k16txn	eyJjYXJ0Ijp7fX0:1wSWLe:Xt86DXLttDGUGbTOp-TIDRUZ9LkrWrK-pL5XeMLrpEM	2026-06-11 08:44:14.178934+00
p5id5rs9nsef1k37wei1fprb6ygflcfp	eyJjYXJ0Ijp7fX0:1wSWXM:57JP-gLntcGjmZQtLIRtWYWAAa_iA41QDoby7buKSMk	2026-06-11 08:56:20.078483+00
yhkzq37zsx2ifpzcuo7r467csrznexbj	eyJjYXJ0Ijp7fX0:1wSWYY:4yUatsHSInNI0O4PEKvA32OpGqfXpehChHjTb53l_pA	2026-06-11 08:57:34.880654+00
bz0i8mn2cqdw7xe29t9qm72zko9ue84c	eyJjYXJ0Ijp7fX0:1wSWgr:vUwlc5bHMMSGX5BpFQOorNqm71_bLuuB39veVvKVgdM	2026-06-11 09:06:09.364217+00
pw12aaktwco5ezi7o2pqenzfu8s5j1sx	eyJjYXJ0Ijp7fX0:1wSWnp:Xw0JaSF40x7a8Uda7HLLMcVCrcgjlfvHY_HX6yBsc_0	2026-06-11 09:13:21.646065+00
q37n0ag2re3lbh6ipqtqwqjztyj2pmyl	eyJjYXJ0Ijp7fX0:1wSWqP:rXd5-HsJh-9QId6RMA11j4IALuG9CMVi2ortq2TVQ5o	2026-06-11 09:16:01.788126+00
t4r59fu1okqbhe2j87sl2uec0795bykb	eyJjYXJ0Ijp7fX0:1wTWPQ:P12r98f6mcKI_VtOlEq44AMR7nuVmLdzSi9Wr0G7W8A	2026-06-14 03:00:16.717279+00
d7859i9pvvg82fay4zen8rp46y2lom66	eyJjYXJ0Ijp7fX0:1wTX5I:vWZmOZrIKr5epV2yvZZ4l2pt_6mDxNGQgejKViHBex0	2026-06-14 03:43:32.007075+00
zxtohmbqbk61xl9vosdhenpnqwl8uvmx	eyJjYXJ0Ijp7fX0:1wTXi3:EwbIJERwXnRwNnxJwXH6c2hhx8lqnrBW85zV0GoopPk	2026-06-14 04:23:35.259352+00
gtqcesyt7ie6zxq3jxevtcn693d5qqds	eyJjYXJ0Ijp7fX0:1wTXzK:PLro6SLVGIPCU06q70rA2B9m9soD6AafVQ647AHgNRU	2026-06-14 04:41:26.721173+00
6akvnj0y0j9huvoaoc5xhr9g7qu7f4em	eyJjYXJ0Ijp7fX0:1wSWyY:GPdVu1fYWmoMiMdZIVSvpkWBZztBLhWVedCssBPPn5Q	2026-06-11 09:24:26.772534+00
rv69rbjwkqgwiyk2i4ftlt3y7d7lul5d	eyJjYXJ0Ijp7fX0:1wSX03:CFrd7MfQQmZNYh40XJzSeG8DUh9BlZDrQRGxpH5wp-U	2026-06-11 09:25:59.531003+00
t6miibjfgf1nonzhr924hz40qjjf2rbi	eyJjYXJ0Ijp7fX0:1wSX9a:Tpi08Y__ihNMonIubWknI8DfYlagiaEQWGXmiSQ83cE	2026-06-11 09:35:50.01201+00
3zu41phz9w980r03s31fosjgkdfy1xjj	eyJjYXJ0Ijp7fX0:1wSXIa:e5WwjJfga4vK1mUCF0jL-MAtsI1ODs49H8HsPWJa1WM	2026-06-11 09:45:08.656794+00
hui3bzwqfpd7f8zxbuzokg48qw36db7v	eyJjYXJ0Ijp7fX0:1wSXTP:D1i5eNawI1jjBES71gqyR0jrdKGeduNZxDxSWmiCZfI	2026-06-11 09:56:19.800013+00
okq55x6vvx5sfe80t09kpon93fggis5t	eyJjYXJ0Ijp7fX0:1wSuB7:d0rucLwTJ4LlAft_Py9FP0Y09dnVUGIfrONdhtKY83o	2026-06-12 10:10:57.267089+00
q1c7owa2eqyig681qp0tdg64mb4jp0ik	eyJjYXJ0Ijp7fX0:1wSXd7:yBq4AJNHixfFTUDx6vEyk02siWtzif8MZbrqx8FCcis	2026-06-11 10:06:21.849034+00
pu0zdcy839ea2gw3eekzzdgsq6u4hvcv	eyJjYXJ0Ijp7fX0:1wSXkh:KdVvcWe3c3kTfjYeMpfQ-NesmQdo2eDQ2-1dK7CmhAc	2026-06-11 10:14:11.414937+00
1m5s2gyoa2k1uftw7vn1dgo7jauhskkn	eyJjYXJ0Ijp7fX0:1wSXmT:R1oWDpC_7TZaYu4xPRtyL5Rofb_p3C9wfF6x91YIDc0	2026-06-11 10:16:01.635342+00
exktpgrt7n9fnc2pbtf48zyfa74uw6tf	eyJjYXJ0Ijp7fX0:1wSXwO:l35y8_ZWsPlu0nmAmYXDYgCIAhp1PgG14OcHrv88yB0	2026-06-11 10:26:16.071062+00
0j3j0iojv6gk8b1q1g5mtyxdcbb0ormy	eyJjYXJ0Ijp7fX0:1wSY6G:oKihK70pFsh-i_IPhOazNOLJHASS_2_zarReHy1GljQ	2026-06-11 10:36:28.899515+00
z4jpbwo9509ip2eas46d4g8mx9m79skv	eyJjYXJ0Ijp7fX0:1wSYEu:DrWs32SWEB2rUc9HaPrGQAv_EPrrHyzPnTynrkOcIDk	2026-06-11 10:45:24.806307+00
yvhdu563dpf1d53rtgpfwtkjdbsbx1os	eyJjYXJ0Ijp7fX0:1wSYLu:0LwfuAJwO8oxSdqUWFpQdrnzGR0CMPt1_b_IxTXf6-Q	2026-06-11 10:52:38.849547+00
eqq9sckww9r8fvqbogzy46uc9k3gfnpn	eyJjYXJ0Ijp7fX0:1wSYLw:YaaDaZAaS3VN-3xmTLufSEhvUC1izo-I1qLUGkqjyfM	2026-06-11 10:52:40.887918+00
aci5ofmhegmu66r9wor042ni8lxj4odc	eyJjYXJ0Ijp7fX0:1wSYP6:AlwvIktztu1KHmfAEfOMgx-ncBVohUSJ3ydk7i92CrM	2026-06-11 10:55:56.610758+00
ka5ldvehwj8u8e5alnem2ptyuj4dqizm	eyJjYXJ0Ijp7fX0:1wSYY5:1l0RamVWDBkcvRr20fuU83CLjldlkrN2GrBCJNnhZCk	2026-06-11 11:05:13.690475+00
xcqw80g0l5vhpffd81gmcpr6i5wlom7c	eyJjYXJ0Ijp7fX0:1wSYfc:5woGlYEFHXrt4F8Iv0daxrmMqwNPQiaM9rEFga1Q8iM	2026-06-11 11:13:00.557551+00
lky0ua49w49h5pwhd81a0k0xuhhsp551	eyJjYXJ0Ijp7fX0:1wSYhd:3FQNXCZRrabH8LmATOi3msDuGLX5oHvbl5B5LsKRyEw	2026-06-11 11:15:05.09596+00
92bto19cs7m91qgvfmmu5lxzzvjtlqbj	eyJjYXJ0Ijp7fX0:1wSYsE:r5QojlN7nE7o3TmpRn7Qr1S9MmZ2eE5JGhZT7I90Mw8	2026-06-11 11:26:02.90517+00
d3kdr3tsltslvjinnph7wyog382thdlb	eyJjYXJ0Ijp7fX0:1wSZ1B:cVArikAa6JkBDSsIeS_1L1sv_RxJr7obNCDzEZAPJ-8	2026-06-11 11:35:17.349697+00
zpndrfnxcoul3jerzm9d3ightf3bpklk	eyJjYXJ0Ijp7fX0:1wSZ9p:TTWRwIk6iREof4FNjkxir8ZdQb49yzn5yPbwU1c53YA	2026-06-11 11:44:13.039523+00
8ocnw6915a6tw1bor99clrw142cpotyj	eyJjYXJ0Ijp7fX0:1wSZ9p:TTWRwIk6iREof4FNjkxir8ZdQb49yzn5yPbwU1c53YA	2026-06-11 11:44:13.186836+00
j2zlihwl2s4b0dkz35emru7cao83zwer	eyJjYXJ0Ijp7fX0:1wSZBx:YLr8l5nrI29NXhLzmpbGPmhBc1kX7z3rHHygKg-0XnM	2026-06-11 11:46:25.969642+00
yegtsywopndyxz4ctxg9ewoalus9o5s8	eyJjYXJ0Ijp7fX0:1wSZKI:LNyqgpmkXTjKycJMb5mFcMkJRly_iR3fdI5t8TGSq94	2026-06-11 11:55:02.346608+00
185afu41252n3vcu13es7moe78rmuqo4	eyJjYXJ0Ijp7fX0:1wSZVS:w3QkvHWFFn5AzBS29Hmbnrlb9jxhiHt4iick1p5s1Fw	2026-06-11 12:06:34.393687+00
1n2f4rb154e93d2y7t35lferg2atexoh	eyJjYXJ0Ijp7fX0:1wSZf5:TbbuZDJeI8F8iuYhNdoOUUDNud3XiZ35nO1msjZqRcA	2026-06-11 12:16:31.014306+00
6qeldydn5w8mviqyggyvpvueftuam2av	eyJjYXJ0Ijp7fX0:1wSZnN:aQWDHp1cdX9ONEgiTPbbLwxnJZtG9Xb7KAbMZGZJevA	2026-06-11 12:25:05.89616+00
ak0y6vapuvn3epc492v0w6od7ayvm60o	eyJjYXJ0Ijp7fX0:1wSZuZ:DAqAh-W2VEJp8hSHz0-dxmS6eJzbJsM8NDPKv644A6M	2026-06-11 12:32:31.485223+00
c5cv55uevg8r8tufee621vhp87bvygzv	eyJjYXJ0Ijp7fX0:1wSaTI:k2wmtTzJHrUC9xey1zmzfgfyhQePhALiZRnYXYa8Do4	2026-06-11 13:08:24.143652+00
n9m881l8519uashfb0q45q1wljpej4nu	eyJjYXJ0Ijp7fX0:1wSafa:PF3wMM8lZFMXBq-Z63c4R0rkm5fuXrPRWNW9l7-upmQ	2026-06-11 13:21:06.062257+00
qag5smnqy4281dg3nov5hrf8q8g22nv9	eyJjYXJ0Ijp7fX0:1wSaqU:r3dKpJm6w4XVgIei2b62QXFKmy6mqEbJAjObpq-kpLo	2026-06-11 13:32:22.777112+00
f72cnbok1tqai9pe85otcbckklgpiswj	eyJjYXJ0Ijp7fX0:1wSb3e:pWSCKyZ9kY49xAsskGngs7_tVjB43n7zRCctIxPrLu0	2026-06-11 13:45:58.631894+00
4weukvcxw3eh55rqw22adaxbjlp06g1y	eyJjYXJ0Ijp7fX0:1wSbVQ:dyE8LXbf4IcAGijJ67jrmDgkGkM-VTbGebcHkDe70zw	2026-06-11 14:14:40.808559+00
7gbf7izmgwsjhp36cgro6o93xfae1gzv	eyJjYXJ0Ijp7fX0:1wSd0y:Hp34muKPqYk0GO34rzPAjMSNFdrUpWP49eGhAiIxGjI	2026-06-11 15:51:20.4491+00
fda36ma4zdhx8ke54952324mbm80xz5v	eyJjYXJ0Ijp7fX0:1wSeVQ:IOfYWeD9B_dT3rab7rDoQy8xr_HDlZNYHpebwey1X7E	2026-06-11 17:26:52.508229+00
8pjxy8tmzznt4zdiogkcwtwm9pvdm5ib	eyJjYXJ0Ijp7fX0:1wSewk:GSD1n5mGb8NeoLEEAphd28dSkuK_wht70Ce1lNAiG_U	2026-06-11 17:55:06.296431+00
h41n15nr3oo8km8u4w49g0z1296wzxx8	eyJjYXJ0Ijp7fX0:1wSf0N:IN3ZxdwpLQ7_RFVMXVpwQkYxEt1rpI_sCC5ROP2wO3Y	2026-06-11 17:58:51.810009+00
ff1an8zti1m7r6vmjzaq4at5wge8ym3d	eyJjYXJ0Ijp7fX0:1wSfxj:NIfWAo-QWmEG-jUyrWWH0kBWSKRhbZuDcWy4AHKRTI4	2026-06-11 19:00:11.939804+00
rxqhjbqd9cwp901cyxcnumpu953n2rq8	eyJjYXJ0Ijp7fX0:1wSgAv:hE_hsMOa0-tDzsqS7FyONtHcGVo_e4FtV3VEiwigDcI	2026-06-11 19:13:49.026487+00
jqw3it9qdakxsdftdck5lz0mhknhrmgn	eyJjYXJ0Ijp7fX0:1wSgGU:6Njg0OHqlm-79FQ_CXi-CLmgCWwEztIwC8Bu7tAMhb4	2026-06-11 19:19:34.186916+00
y0bhlgf2x9vw5f3y2luhkb2917ueldft	eyJjYXJ0Ijp7fX0:1wSgLm:ReNj_WAh8toFTv_314GOTNmpoc9yoFcwYOsX5_Kr_TU	2026-06-11 19:25:02.381922+00
fokg3t9qp6bjoahe7d1n91nqctvz6ljz	eyJjYXJ0Ijp7fX0:1wSgTk:VYM4yJqDLMMedj-UDrGjfVfJBAYWqdzJzAWMl5oaBlg	2026-06-11 19:33:16.373296+00
riwjhjk7by7zizbxfqndely5uv747wxt	eyJjYXJ0Ijp7fX0:1wSgVG:a2q2GkN0HDKbABVR7pkZ5Oh58Xg7esFRnQR9wq-JF5w	2026-06-11 19:34:50.583874+00
0ork034ct31z45nr4w1o88g4lh0rmwdt	eyJjYXJ0Ijp7fX0:1wSgcL:Sz4V4oVNzQBsOdDBwJjfCivbCnICE8ciomIDseH8drI	2026-06-11 19:42:09.828531+00
r8at31gidm2dycvixwo2linij8qhzxt5	eyJjYXJ0Ijp7fX0:1wSgoV:fQftnWas5QeEkVI3uMVJh5jD4ByQXneMAsUpo0UwDGE	2026-06-11 19:54:43.500456+00
70l0ykeb0ua9j4fngiz8im4k23dby5xc	eyJjYXJ0Ijp7fX0:1wSgzG:tiLHdaQgYohMOkcN_9RkSSfpKYAh4lr2G9VrPWdE6gc	2026-06-11 20:05:50.045505+00
lgnf9fhrqp7vfnx61vgpm6xpa3f2ayr2	eyJjYXJ0Ijp7fX0:1wSh34:7oPouzDdeLZkmImPoms2NdJpkgaK2eOY_ARkPTLZOXg	2026-06-11 20:09:46.691166+00
xerygafz1ika5tiu8x6p6f8li13yd9kk	eyJjYXJ0Ijp7fX0:1wSh7H:726_fXaCbL7m3FLP9TzYWseOccTAiguah_nY62BZWE8	2026-06-11 20:14:07.188171+00
183d52v4rxjra1wzb55z38zr4h20jbcu	eyJjYXJ0Ijp7fX0:1wShGa:X6O8Il7Gtlk0kSslW1_6CoqfsdXAn387VxTExArjES8	2026-06-11 20:23:44.915109+00
xa3csabvm4ca3dpuaz4lgoe5t4920tbz	eyJjYXJ0Ijp7fX0:1wShRk:GMVlV0PgpU0QMMnGO86ZIXbzTDcIaGjeOf9gyqJEnjc	2026-06-11 20:35:16.496598+00
qwnf5lohn5r0se5wz70z5vuokm43faaz	eyJjYXJ0Ijp7fX0:1wShZI:g2hIhlGMJQEyXmFQGMX1r9836yY-H8vVbETlDQekthc	2026-06-11 20:43:04.71727+00
qj04rjrph5lzs53ccf61b2fthxtfqure	eyJjYXJ0Ijp7fX0:1wShbq:FBQi7laeDMc4H29b-KiZUBDJx9nzal80W2Bt50GeTf8	2026-06-11 20:45:42.375906+00
0jn1x7g6bixcv30vt1qjewmuecpsc24i	eyJjYXJ0Ijp7fX0:1wShcJ:i8uahblAfdjayk3PqsUeTwGF3AfZAVHWuAUeRPMf_4U	2026-06-11 20:46:11.296116+00
hlins8d8n9w069pevs8v49hw1gg8xm2q	eyJjYXJ0Ijp7fX0:1wShkS:Bvtyc4qjG-KGNhDTEOK6dci7FC7IZNCUtnknVOUu3U8	2026-06-11 20:54:36.331978+00
xkbd1dofjsd4uoiazdpqhnf587yfbh3f	eyJjYXJ0Ijp7fX0:1wShrA:0wuqbp_YWWjphNDISwvrARDLOc0XA_74w5nHjeoasTE	2026-06-11 21:01:32.26585+00
cdx6pq5d9kskfp4d9gum5r371goob9iz	eyJjYXJ0Ijp7fX0:1wSi2p:3gOEEmYx4Ww3HWMhph_9jWznrr2jqNk8B9-KgYuKQM8	2026-06-11 21:13:35.233532+00
5z1z66g1bznvt54s1vcnzk1ayyajzueu	eyJjYXJ0Ijp7fX0:1wSiBl:xeXsvefWUyfM5pq0LoabDY5znxfVHGBz1IyWm0QzE9A	2026-06-11 21:22:49.797711+00
b3nxhtb71g39qry1shx7u61sovg4k517	eyJjYXJ0Ijp7fX0:1wSiMa:oMjFLJmdR3Owv75ePO5AcAC3jK_7mOAKgCtspJx9RXo	2026-06-11 21:34:00.097096+00
84asxylig108ht31wpr4t97tzldsb79i	eyJjYXJ0Ijp7fX0:1wSiWK:xsICFwT-c231wmkgh8JCP5ByQ6QJuIESLwCdpMDKQRQ	2026-06-11 21:44:04.898974+00
vedr0t3y3vycnjhowutcw4pddynw9j5s	eyJjYXJ0Ijp7fX0:1wSiWW:YIQZuRqY9iD0ifyjM8WEwjQQahPszyZ_ZI0PwTA-pGo	2026-06-11 21:44:16.969415+00
uafe1yf3u5vkll3u2c5o369n7xqvu6i8	eyJjYXJ0Ijp7fX0:1wSiXd:eHCFFeAV-rFPJkD7B0XGUUSsJqb0jjMTcH1HpzdVzd0	2026-06-11 21:45:25.755347+00
he0x7911yyl39i4ck2yh4usrm2o8h7n1	eyJjYXJ0Ijp7fX0:1wSiXk:W6VoMFug70G_OljXkAUEiM7cbdr4Wl1nCItGFNu1Klc	2026-06-11 21:45:32.754716+00
sgu92o2bdiv9hxsf18whceu0mndm8kns	eyJjYXJ0Ijp7fX0:1wSigw:ZPBo8-NVBQGxawuf5Rnopofj2Y8GaEBaa-aZzGaEly8	2026-06-11 21:55:02.227024+00
rb3vhzthb1l2xfdtmtoq9j03gfie69ia	eyJjYXJ0Ijp7fX0:1wSiqm:EZiiLhTMdigtZRDqcHO4iBMNOY7pRlYj5EoGHQdvTOI	2026-06-11 22:05:12.403977+00
v6v3xgualbfge1v0vvt2wrnraxnl9qij	eyJjYXJ0Ijp7fX0:1wSj0K:wc1VJkzrLKy5gleG3Tp6-OSHaueWMNWbrTQeF9NhHJg	2026-06-11 22:15:04.505145+00
p0hjhl895wzxaor0zx65av4fulxj3fld	eyJjYXJ0Ijp7fX0:1wSj2E:TfqHGsIGxbmYVDUnf_eBQ4vVVpeRz8WUh36gwPoFEgU	2026-06-11 22:17:02.204042+00
orac8donmfdxayelcm9cmniaik766829	eyJjYXJ0Ijp7fX0:1wTaLt:PtNXx9ANe9fZH7jF4FFfDtmIy0M8I6JZg2Wn61-Zkns	2026-06-14 07:12:53.781049+00
7f8sozapz5anw8dzpxfcot6pne0fejv7	eyJjYXJ0Ijp7fX0:1wTaUA:36ftph86hUaW4uvQLBkqKSstis52ZfbyK92jDF7Mjjg	2026-06-14 07:21:26.583453+00
k6bjnp0x6so2oyuttlt9bwc3bcdu4ei2	eyJjYXJ0Ijp7fX0:1wTWWa:vxvZPadD6PfjcV3r4GFpgXotwJS0JOBmvE2aZFMDe9A	2026-06-14 03:07:40.416453+00
rczu4ywrszccost882juz01incno54ce	eyJjYXJ0Ijp7fX0:1wTX7w:gscdylhsCnQrVQ3qAyfQbbSEnzK5Jst1LPhR-Nj73QM	2026-06-14 03:46:16.292791+00
ymhzntg2hokvylggemnfkc7g4perhd7y	eyJjYXJ0Ijp7fX0:1wSjEx:9-lOOlw6zrW6YaaiGRvb2NnAogSD5GYBnnmqBUGHhps	2026-06-11 22:30:11.765438+00
v2ugnfbt96wd5ass98tpk9xwade4qj73	eyJjYXJ0Ijp7fX0:1wSkGk:IXen2W2rzBsAtNqm3ysBcJ79oIw3UFBIzuw9i_eRd60	2026-06-11 23:36:06.541892+00
pgyp5thw2tp7x0o5ookynmnxe8yslo00	eyJjYXJ0Ijp7fX0:1wSkLs:2sP0fHxXwyhJRX2zEpT6InqYqnIasT9SQSqBHLiKc-w	2026-06-11 23:41:24.859085+00
m0cttjrkfuubzdm4qocuw7k6u4n3ys47	eyJjYXJ0Ijp7fX0:1wSkWn:NPIK8fzA0rj_cIxw8dfTq5EYMR4ISciWZsFBtXn_FBg	2026-06-11 23:52:41.508909+00
3ga4uygbex2s92j1ih6xka8ii2pc24v3	eyJjYXJ0Ijp7fX0:1wSlLQ:uaS-oj0cngDOK4AvXpkse4cMdKPpBvhQuAeMIWyRpz4	2026-06-12 00:45:00.897982+00
9cy9nospl3vqvw7vjcf1o2diomgqmsd0	eyJjYXJ0Ijp7fX0:1wSlLZ:ppXWVzpvbUqdFGnY8VPdgF1GE_gYYycaoNg8ctEPlJM	2026-06-12 00:45:09.655668+00
ecky2sivy0ppuwe1f6vkn8m4fche2hde	eyJjYXJ0Ijp7fX0:1wSlLc:lTHeOzmvyonL92MZYOGb8EkKGl008EiMwqn2K_PizXU	2026-06-12 00:45:12.966597+00
secno332lzidw5h1pwc2quwdk122t8gt	eyJjYXJ0Ijp7fX0:1wSlLg:csdc2UkkIKtNC6u6e6DjAufQYKcKfPihP854cOsepS0	2026-06-12 00:45:16.117544+00
b7fqnblkx0zjzrv1279zjy1pck34ypb8	eyJjYXJ0Ijp7fX0:1wSlLj:0voiofcYrDY__yj5gZwgpY5Eh2YWsLp9psQEfkJkseM	2026-06-12 00:45:19.028805+00
8n030npby5uyiwtkeryp7wfxgihxeamw	eyJjYXJ0Ijp7fX0:1wSlLo:s_sIp78grPef8-dKl6Y94jecChraxy2v1pZWQUMVPaE	2026-06-12 00:45:24.459153+00
kb4vbyf5wybnhgx52vpfugtae19mr45h	eyJjYXJ0Ijp7fX0:1wSlco:OOmg0GEUpv5m6xYVaQeVVc6CFLam52OS68CtiS7jEqg	2026-06-12 01:02:58.452722+00
opjm2st2nbgx9sexxbwrt3njzhvgzupw	eyJjYXJ0Ijp7fX0:1wSlre:7qib32tpCVcyvyaiKchyip-jVcepagg8L2v12e3Qk58	2026-06-12 01:18:18.211222+00
70d4e9mm76kftagq31p0uog53m40o9bz	eyJjYXJ0Ijp7fX0:1wSm0E:ZXuTkGpOONZ5Fp86HFS2NYlP6xKcBFQl32udUuMXzpU	2026-06-12 01:27:10.393711+00
h4rwqg89jtpf5kdn8g1ucrema335u78w	eyJjYXJ0Ijp7fX0:1wSm9r:0DYv0YXjY66gZ-9o6wDg-D_DMUHzeL6eCFG2xMXrIjI	2026-06-12 01:37:07.02568+00
p5erg7uy7eas52uhpg1qs6j04qrfh1ro	eyJjYXJ0Ijp7fX0:1wSmHl:njj4qeiTCb2Bb7hglE5nO9y7hZXHyFC9iR3LRXpRaqc	2026-06-12 01:45:17.780951+00
ezsy4u5nhh0ynp8y4yj9o5iwaaeeivxw	eyJjYXJ0Ijp7fX0:1wSmSv:nVYRe57hs70MTK7rx1p9IAbwVpe73ZXwczzlAEhBAck	2026-06-12 01:56:49.555775+00
dqh6mdkhbrip26w1zo7vda86bg9pr8ts	eyJjYXJ0Ijp7fX0:1wSmcK:SUa_M7j7n_nTZKEvz1-LAgSa4TF_Qn588C3RZKhTMO0	2026-06-12 02:06:32.250905+00
9ehjjnz9b10bno9df0fcff5p0j4cj5zk	eyJjYXJ0Ijp7fX0:1wSmlJ:zH8g_dZN4RGuuCNW-w9EydPg-E9rXwH1uUIlkYpSSR8	2026-06-12 02:15:49.996172+00
uij1399z6h6k2gdnohup93elowrw67pf	eyJjYXJ0Ijp7fX0:1wSmw8:ZelnXMUeBv-UGXIJTcbMWcDAC092TYee0WmNQhwJshQ	2026-06-12 02:27:00.583577+00
zzp8mtn2km5h655otvi7d576zcz4ul80	eyJjYXJ0Ijp7fX0:1wSn5W:1Ke-NXZslPUfAaAatb3djj17oy4WQrg6Cq7FHMXchFo	2026-06-12 02:36:42.708977+00
e2zbeqie2i2tsfai26aucpwpshp9zhqz	eyJjYXJ0Ijp7fX0:1wSnAj:ZmEDr70p7tGvlKzqG3eCdJP7R10-vJywl0-dsu1bHdI	2026-06-12 02:42:05.607066+00
yi33malwnuy8cmvvdellp1ucaf3e65tf	eyJjYXJ0Ijp7fX0:1wSnAj:ZmEDr70p7tGvlKzqG3eCdJP7R10-vJywl0-dsu1bHdI	2026-06-12 02:42:05.774311+00
o3w2vabu9q3645c9fgtkkfpkta9lbrdp	eyJjYXJ0Ijp7fX0:1wSnAj:ZmEDr70p7tGvlKzqG3eCdJP7R10-vJywl0-dsu1bHdI	2026-06-12 02:42:05.784196+00
4nlhbjgiecdejz0hkgtd2oap1yoqxc8u	eyJjYXJ0Ijp7fX0:1wSnAj:ZmEDr70p7tGvlKzqG3eCdJP7R10-vJywl0-dsu1bHdI	2026-06-12 02:42:05.866261+00
ort994xckuu1v9n4fbtpgbdpih8h1ipm	eyJjYXJ0Ijp7fX0:1wSnFd:fm_NVHUaHwSBr5MNspE3TK1nUiQXsJxvEmlIPeiYnIA	2026-06-12 02:47:09.506686+00
5e8zrx3yllultck38glz9c1aoc8s0ec3	eyJjYXJ0Ijp7fX0:1wSnFd:fm_NVHUaHwSBr5MNspE3TK1nUiQXsJxvEmlIPeiYnIA	2026-06-12 02:47:09.713249+00
vlv351df9ntafzzgomreglxe9yl1s2bf	eyJjYXJ0Ijp7fX0:1wSnFd:fm_NVHUaHwSBr5MNspE3TK1nUiQXsJxvEmlIPeiYnIA	2026-06-12 02:47:09.794589+00
il6ppu8tybjp8dszfwh23gjggdaxapq7	eyJjYXJ0Ijp7fX0:1wSnFd:fm_NVHUaHwSBr5MNspE3TK1nUiQXsJxvEmlIPeiYnIA	2026-06-12 02:47:09.819324+00
zwpzncvh0az6bppyr7bk970yayy0h8a1	eyJjYXJ0Ijp7fX0:1wSnFd:fm_NVHUaHwSBr5MNspE3TK1nUiQXsJxvEmlIPeiYnIA	2026-06-12 02:47:09.847987+00
1kktaz92t1w889fz4j2b4oocby6ipker	eyJjYXJ0Ijp7fX0:1wSnFf:LWmQxGwaoHkbofnpNro7GuDtbsLYM3AAqq_nKblE5rE	2026-06-12 02:47:11.35684+00
23zk6vmulbwqghuhlynjy3w9qkfkqrzv	eyJjYXJ0Ijp7fX0:1wSnFf:LWmQxGwaoHkbofnpNro7GuDtbsLYM3AAqq_nKblE5rE	2026-06-12 02:47:11.636922+00
ddn34ce2m8o4ns52os7qw7wlbq7utfpt	eyJjYXJ0Ijp7fX0:1wSnFf:LWmQxGwaoHkbofnpNro7GuDtbsLYM3AAqq_nKblE5rE	2026-06-12 02:47:11.745867+00
y91hjbjljus0mz50dlmdg8mmhw7jhp2m	eyJjYXJ0Ijp7fX0:1wSnFf:LWmQxGwaoHkbofnpNro7GuDtbsLYM3AAqq_nKblE5rE	2026-06-12 02:47:11.867071+00
8in4sf1zd7isw95wv918maw5nhhhe0u4	eyJjYXJ0Ijp7fX0:1wSnFg:3qwy5gR_knRpAnONjIn3A3nLdS_bus6sm7dbBW-VK0Q	2026-06-12 02:47:12.631233+00
19n7p5q4hpmbaopeiwv252xkhvl4lgmf	eyJjYXJ0Ijp7fX0:1wSnFy:WO7HY8UcDdALpYECF74CUHWMnahj6TV75eKHAx7jqTA	2026-06-12 02:47:30.148947+00
o2qc898c03imzoy2yv2f7bggemdpxlg2	eyJjYXJ0Ijp7fX0:1wSnFy:WO7HY8UcDdALpYECF74CUHWMnahj6TV75eKHAx7jqTA	2026-06-12 02:47:30.858038+00
3c1ugtpp6ojm3uqn1rohh6w90ywhuyog	eyJjYXJ0Ijp7fX0:1wSnHH:opXbVmS2j1uXVzRm4eIx1DU80gkZt9UeHRj0TKgbrYs	2026-06-12 02:48:51.099558+00
0tzhkydoch26jxh4we2ma6rcghx8a238	eyJjYXJ0Ijp7fX0:1wSnHT:VjEHa6M6qs1WcoyOOF_MNbLAOmRQYmzXXP8NMl77H-U	2026-06-12 02:49:03.04251+00
bv23rqsc57dvt7i0s03ehd39udtsmctr	eyJjYXJ0Ijp7fX0:1wSnIR:XUz3DhjmwVjtar9lql4W6sPlME4Vq43RnTz--1YHU1U	2026-06-12 02:50:03.452042+00
6449ota0muxfy0x7hmig5kg8p2xnr4p1	eyJjYXJ0Ijp7fX0:1wSnIU:4owinH9mCBz4IoB8U7u95uHHOrUaPk0hw50A5U-Eh9c	2026-06-12 02:50:06.024313+00
cs91n2ekd0rc5n1y6xifzfdh8mp46vi3	eyJjYXJ0Ijp7fX0:1wSnIf:AtWpGfv5Xg4vYWxQXj_O5CJvdM9AmFBj1ShyJC1SQ28	2026-06-12 02:50:17.087848+00
lqd45f987lilnxorxotrsn1v86jrqzvt	eyJjYXJ0Ijp7fX0:1wSnLX:tjHs7WqDZ0vKXGs9O_3KGupV825Wt5IO0ZbiCtTN8sQ	2026-06-12 02:53:15.942568+00
b1woj0xllz2f4lhia63489uwsv31yq0u	eyJjYXJ0Ijp7fX0:1wSnNO:TOHYsTDmzIzQ0gi7YLn9UXe4wxKY3L_ZlQ_qSpfRfF8	2026-06-12 02:55:10.274682+00
kooq77z6myg1ftahfnpdy9hq4ezfpvtp	eyJjYXJ0Ijp7fX0:1wSnWP:vNzAG8C8lLR5tAGNCLHbWHMDtCn2hHSciAN6ckQG3-I	2026-06-12 03:04:29.521255+00
ee828ckcvzauu6nvksb17hcvv1q6iz8u	eyJjYXJ0Ijp7fX0:1wSncN:TesLrMNEpWgXpWotT9fIc0nEPp0gG2s3ACrKglY7Myw	2026-06-12 03:10:39.342638+00
qkn3thhx02gpv7ehtem8igp7jvn0cw4d	eyJjYXJ0Ijp7fX0:1wSnhy:vTyTbViX49QS8ZJUQBga4FLI0hhZ6hdqeFMyhG9trL4	2026-06-12 03:16:26.875849+00
fbnlpjp86mgpmxfm1ibiaiy0c4u88ctp	eyJjYXJ0Ijp7fX0:1wSnrq:q_5KO2Hh26gY77n6962YcyZdmgcLQuOFOLNbR1kRPMs	2026-06-12 03:26:38.830133+00
orrwderj9vm2kewcvfhdx715nztn3rcs	eyJjYXJ0Ijp7fX0:1wSo25:gjQNdskNKRaiFfijRFWX2Yp_WswWDTBOU4MXsnFapV4	2026-06-12 03:37:13.828936+00
7jyfdiaobvxlus7wg1uhvd7zuz6grolc	eyJjYXJ0Ijp7fX0:1wSoCV:p-O6wB4P4jfYyC97IGxdBJTg2i9hkx1LBqQxGr6SkNY	2026-06-12 03:47:59.514784+00
3uyfffhvnuvob79o4c6m5pdsdfah5nvf	eyJjYXJ0Ijp7fX0:1wSoMI:3KsnDS4YaSHfr-Tlgu3mI5tdASMZcMShvpSJbBOEDvM	2026-06-12 03:58:06.348233+00
w7pzytvj0zz01xw4rifov70pq1wem821	eyJjYXJ0Ijp7fX0:1wSoju:yxCDCiQasYrUBGPhZSKexLFJVkMoHY4IvYMUsP5mxc4	2026-06-12 04:22:30.56069+00
fa3anrlot8ovtyd5xa1zo2ezx34d25hv	eyJjYXJ0Ijp7fX0:1wSpfv:3n3VnGCIF8UXyoqvFLGQYWwgy6LfoAGSyJ5jqQtuDTQ	2026-06-12 05:22:27.837894+00
wazlr8pu8473sr95yskbu774fmbehzax	eyJjYXJ0Ijp7fX0:1wSptE:2Aa-k3KHhq3b3ZM4WcPe20CVKj01dILFKzz8kaWZ0so	2026-06-12 05:36:12.367111+00
ewxou08umcy42e8mqf8falxpm43afa07	eyJjYXJ0Ijp7fX0:1wSqXy:K6f7bwia8bd16Sj2iclSKVzAert3fBjRNDblxb6PTTQ	2026-06-12 06:18:18.868112+00
aeod6gsyns23ztna9rf11xm7gva4a63x	eyJjYXJ0Ijp7fX0:1wSqkY:0JDDVERb0M7lUAwwKluhH-cOtIUDzbQ0lIMHQLyPCVk	2026-06-12 06:31:18.689796+00
wwddpswyd3mp57lj51khukqzhz0pxleh	eyJjYXJ0Ijp7fX0:1wSqui:xo2nZQV-tJgBRNXjdi3f5lzPxsSTr230bvRGEy-XT5o	2026-06-12 06:41:48.525164+00
cf7tew32w0rzxtjdh50vlak6vkpqkozv	eyJjYXJ0Ijp7fX0:1wSr4m:r9iysxvI0V1gMygipBfudt8TMekuJ19oSZufrvU0bX4	2026-06-12 06:52:12.456471+00
nmm9bi1imps68qb1lch616w9r39oj27v	eyJjYXJ0Ijp7fX0:1wSrEG:dwph0DdUFREONg8yJara8kq7Ru1TmPc9QcNwQapog8k	2026-06-12 07:02:00.404192+00
nqko84hzszwbaexz5yifyz7lp4hqmw5h	eyJjYXJ0Ijp7fX0:1wSrMo:OC8Rymtr-4zlfeeIiav4FzMR70qEJOjMPnsJdGIny8A	2026-06-12 07:10:50.916712+00
2gv58qlexregfrgvxnfrfe4vco1ax2lp	eyJjYXJ0Ijp7fX0:1wSrYd:ATVICq8mA0CeBL_qROXqSdZZQasi1obEmkjp1uw96P8	2026-06-12 07:23:03.3542+00
h903affp5jo4j0pxvy6hfja5cn5937j4	eyJjYXJ0Ijp7fX0:1wSrh6:HPBEJVQMrZ9y9rabD-7-gRbnzDTVwcgWaTWoT8MDhlY	2026-06-12 07:31:48.150552+00
1mvs2at0ev7yp38wpc0il3asjjgykzfd	eyJjYXJ0Ijp7fX0:1wSrq0:o9QYWaVRCaBOy1hhcCHu6XuTQDEJo_SMKpDLijUQWEo	2026-06-12 07:41:00.396835+00
h3425zzrdcxxg19hrfxv7ynm2wueo88v	eyJjYXJ0Ijp7fX0:1wSs0L:mGFaJ5n-Dtysxr24xbjnHLPcjvUJ7rwaH5BW_v_Fn_8	2026-06-12 07:51:41.09297+00
kbphhuvjkkk7ny5yr1y4xhpoyfmdy3c5	eyJjYXJ0Ijp7fX0:1wSsAT:IwqEn7Q_g0BpI-dAFeOJMR-a2LCN-lxVBA3S_OQmRw8	2026-06-12 08:02:09.154817+00
77xmbytvzw01gn4edb3gmw2vbjsq6b4y	eyJjYXJ0Ijp7fX0:1wSsKR:YXWGP3uLEZLpVFrC6RJpfgmhXWCypJaCKlvCQN8FBfA	2026-06-12 08:12:27.634078+00
y8td8xyur1byp1ie06655k6cip48j2i6	eyJjYXJ0Ijp7fX0:1wSsMX:BvJDVmMkF-Id5C3BinJjoRSUBIJrrMEKRWpMiD_fsbI	2026-06-12 08:14:37.723515+00
ucambkm5kakmmhh8nzntdueyv1cst943	eyJjYXJ0Ijp7fX0:1wSsSd:N-jCInHgjIFcSOqLY47Sw0h66LbSnsaUKZX-1Tl1KU4	2026-06-12 08:20:55.041368+00
fwbglmtdp0no12z643t7zqxx1v8au49i	eyJjYXJ0Ijp7fX0:1wSsdB:pu0qVQXcW-OK6NGSOscA73mGbahERlhOVKv7YsEopTs	2026-06-12 08:31:49.47389+00
qffyx7ctda7ct4fry36hedejbqg7wegg	eyJjYXJ0Ijp7fX0:1wSsmH:rwxtMjsbJ9SkDx6HaFThOdCHyq4JwjPXspkZ3gwO6U4	2026-06-12 08:41:13.494923+00
v3w0oa4vqc6ophbbisi3zklaiwjwddj9	eyJjYXJ0Ijp7fX0:1wSswC:ICGhlPAWbo7IXIcdV1WRmH9e7mBRTGjngG2WC7RRxqw	2026-06-12 08:51:28.39784+00
sihdw9opoudr5huzxqqlggajxpelhkgg	eyJjYXJ0Ijp7fX0:1wSt8z:_wFmx51XeqBozZcyPXh21A8jrRo8I5YLAUYwwUu9PYQ	2026-06-12 09:04:41.061258+00
5m022t3brrhb4jb8l2s3gnn40rciz0c2	eyJjYXJ0Ijp7fX0:1wStFM:AD8Hc5Kjyb3gGvXNQEHSj4Y4iBrA2EiugRxizV9Vow0	2026-06-12 09:11:16.976767+00
9koyddpmgw4sfeac19vlfaapc1xxnbgm	eyJjYXJ0Ijp7fX0:1wStPd:MojiJPgW7BdBFzD4ddjU67_jOtja_5ih-pilRO8QwEQ	2026-06-12 09:21:53.880597+00
l1brc3xgsgx1qss88rnz67zu93abl8py	eyJjYXJ0Ijp7fX0:1wStk4:ZWasyOGrR3vj651zLXs7orpkL_nMTRJrO5CjcC1pHj8	2026-06-12 09:43:00.31633+00
1dz2pacn2e4071cgu9xasqjjm3biiugt	eyJjYXJ0Ijp7fX0:1wSuBl:2ycRFjIhDR-3CpTC6bLNlD-oWmcFzigY-tD2WtYkINM	2026-06-12 10:11:37.112502+00
eup2mfx433h0a1vaffajdcc71r9352w6	eyJjYXJ0Ijp7fX0:1wSuiK:0GKzfeQ-o7_kI3YzzGapDdNcX8CezZc0vZWWmsliyt4	2026-06-12 10:45:16.297976+00
typ0s32isg20kdvz3ameva0oewsuyt13	eyJjYXJ0Ijp7fX0:1wSuyO:ukS94xPvhZhrCHoyuP6bmc2wHLGOY59SR2gYT7htxnM	2026-06-12 11:01:52.586168+00
awlz1z3lh1ghq8evg92rjvt0vzx034ny	eyJjYXJ0Ijp7fX0:1wSvAS:uKWZIPMQHj_Gg7Vui5kIf1d-Lk53zWl-e1I8n9gnrWw	2026-06-12 11:14:20.055754+00
xsl8l2li2rqo47yj2kr25w2hhzq6cz07	eyJjYXJ0Ijp7fX0:1wSvIe:MIgAnkkuB0TSwwOIbvj9iw2aE0wJ8H1Ra6WX_7j7FR4	2026-06-12 11:22:48.224625+00
wibucf9wm61kk6lrz96kji9a71tfdpiq	eyJjYXJ0Ijp7fX0:1wSvRu:D7SwkBmQ7K_jHQ284onHmoASBiil4xadLb04o_l06gA	2026-06-12 11:32:22.954972+00
13kv7xv09goh8wlchl7fddlk49rztct1	eyJjYXJ0Ijp7fX0:1wSvbV:4nmxwaBvMs7FPL-ocYBtA6ctqZhQOa6AQiSrUs3_kYo	2026-06-12 11:42:17.318037+00
ofqro0dg2dj1ggro6gym4ii1itco2g5d	eyJjYXJ0Ijp7fX0:1wSvl7:PFHIuPuU5QbRHeo6M89WLGGPqzEhKXGkIt7VRf0Jyvw	2026-06-12 11:52:13.234178+00
renfuskgi5w2fdiy1tz3jhne9jhep5ll	eyJjYXJ0Ijp7fX0:1wSvln:yB32E4HrgxUgJtgfgDzHWekZupNWMrhs8jralmAKzfA	2026-06-12 11:52:55.17374+00
doacr1v3764zt4kxermyvtag9hta9v50	eyJjYXJ0Ijp7fX0:1wSvvF:iNq_Sg6zXTEhbAr-pi92ml83wDOzqs3Nli96PWi_nXg	2026-06-12 12:02:41.786165+00
dnnw0kd5gwtc0e3m1hmv7b32gkdj8fuv	eyJjYXJ0Ijp7fX0:1wSw0v:TkSZFMmo9ijlWLFtDy9OheFhniMu2Zqh6W7Jb_6ZR54	2026-06-12 12:08:33.116766+00
8zm673twz6y08bg3l5l5liz7aouex555	eyJjYXJ0Ijp7fX0:1wSw3B:t7vjiVBizfD3XdaM-trJOOnB9q5VKyH0qKwdomDGXDc	2026-06-12 12:10:53.967565+00
5714jl0fkt5p924ied2su0uzc79m6p9j	eyJjYXJ0Ijp7fX0:1wSw86:pUrH5w8i9FiilJLAcRSpMW_s8tscHSwACcHAX5LcRak	2026-06-12 12:15:58.015726+00
47fihwl3bcn8nriniiuyirr6fypr4x9v	eyJjYXJ0Ijp7fX0:1wSwAQ:rZcSMKT7ng7XtHV0MhZU9Ib59cWghI4-VHSsDs9dTA4	2026-06-12 12:18:22.760903+00
kr5co9oqpz8obnlwmb1jwtzu5xpctqvr	eyJjYXJ0Ijp7fX0:1wSwJ1:mTey1xl5n8IZPW-g2herSHtAK2BDwkWFxxuGZa4B554	2026-06-12 12:27:15.79855+00
m5whkvglp8ajrrb308ftsno9t02db2rv	eyJjYXJ0Ijp7fX0:1wSwNW:3s-7oogSO3bSmznh6bEr-rlRa4i4ervzKlc_cbp2hTY	2026-06-12 12:31:54.757993+00
1kvpi8bsbisdeu2w5r13tas4zg416hla	eyJjYXJ0Ijp7fX0:1wSwV4:1bl5j7uSw3Nm_Pc5dp9c0uYiPiDaJzHtli-727f5QZM	2026-06-12 12:39:42.818538+00
1whzmqantu426cc9hzici3b9m4nctvbx	eyJjYXJ0Ijp7fX0:1wSwZ7:7RMeT082aGDJb3ikoZhLWb35nQxiRNi2d4kqWB1MGXs	2026-06-12 12:43:53.095323+00
jxejmwne2ekg9in7ogmkfl7j82mrwxt1	eyJjYXJ0Ijp7fX0:1wSwhO:o7eoyWTDnSAk5g3P_llFC2rCx0NIn7NU3tbml-h5vT4	2026-06-12 12:52:26.128278+00
47gq63qhjbgctvjnl2vl6ix963i8n22g	eyJjYXJ0Ijp7fX0:1wSwqs:PrPnZWz2kFpYPzmM0OI0nPYVxYCY1y1P4fI0srHk5I8	2026-06-12 13:02:14.668787+00
rov9o56hlhm3xdri8hljoaq6xw8x8c8d	eyJjYXJ0Ijp7fX0:1wSx2f:15zqUoAHaApH-b9_JuFzPqY7nsu5H-zP2VwynT6HdaQ	2026-06-12 13:14:25.790273+00
ws7k9ow7bg2ow287xv8wg7q93t2277pn	eyJjYXJ0Ijp7fX0:1wSxEp:S8liBs769MmbET7k-74QuvJ_8947XxoeXL7xnQDv9ZI	2026-06-12 13:26:59.842117+00
ypp9xq2g7ogwaocdjiq0wtcqi07f3zm3	eyJjYXJ0Ijp7fX0:1wSxJw:2_BBPHVJxRMbaQiYyfy1yc5Hn75z5wpnkt4ksfbQYw8	2026-06-12 13:32:16.249279+00
7aa6istq4o8pkerg9stu4ccegte36k7m	eyJjYXJ0Ijp7fX0:1wSxTX:UenhkxVdXwc58fOTulsSR12uxXNlraKhfq-mVlF1gtw	2026-06-12 13:42:11.03801+00
gzifz3aap0jrejqr33ua7vkv0rqypd4n	eyJjYXJ0Ijp7fX0:1wSxkh:xlPkjWgJdsCAtFOODvMCsBeW0dZm9OimblfOCpjnIJM	2026-06-12 13:59:55.737964+00
lcvd66o63rcuw3htzq7f41c3gor4fv3a	eyJjYXJ0Ijp7fX0:1wSxr8:IwtcBCLJb0TWQx26yutK3RWZgU7GyjELQ9wlwHoWu-o	2026-06-12 14:06:34.219499+00
vzqgxmzwbikjfk7a2a0sr1kas4galvfj	eyJjYXJ0Ijp7fX0:1wSy7o:WE7PxBElqi725gqGpDRUMr_v4h_RYk3bnk--rZUQ_3M	2026-06-12 14:23:48.585329+00
xe9n10n8vswttgsvledxaqp3ie9zgu27	eyJjYXJ0Ijp7fX0:1wSy7t:UKyUA315rzET4yw-Q3f9QsnvTzRPjisrGd-f2lx7eZM	2026-06-12 14:23:53.108809+00
qhz29xrnhotb17uv88tludvenrb3v07a	eyJjYXJ0Ijp7fX0:1wSy8M:EpLLBItQKgFmTsb5XgoPBjxVx9OtSpOxVflz6SQ-rJE	2026-06-12 14:24:22.539318+00
m615qbmclzf3vk728ou89av4t5ig7up2	eyJjYXJ0Ijp7fX0:1wSyWr:GHnJ5azVMghb5Vsq_hpKiHeybSQfQGMD0rAyIsSRLdU	2026-06-12 14:49:41.933966+00
sgi43pfqt691lz5m6prdxd9y10a1icox	eyJjYXJ0Ijp7fX0:1wSz0z:hUWnYXE7XleZC0nY111vedB2F9lliwziJ9536Lk1GS0	2026-06-12 15:20:49.322918+00
7exgeb3gjhubtv6erijso1p6iih1uka1	eyJjYXJ0Ijp7fX0:1wSzNu:GrZG4skCfwQ_meEujPSSgNjdQ7szkGlU9HUrXt1WqpI	2026-06-12 15:44:30.298464+00
bh1k34275f0ei7qr6elub2zqseege07w	eyJjYXJ0Ijp7fX0:1wT0DQ:nObRtw-g9x0gYVC6bK9T597Ih0Hl3UwfqlZW4L3ixak	2026-06-12 16:37:44.579204+00
xvuktnvgwzgdnyi43qdrg74lcu6rul95	eyJjYXJ0Ijp7fX0:1wT0uV:Jggc8xYVpKp-YMi3gjO3fBlWJUhZApRRoDALYQ2-N-Y	2026-06-12 17:22:15.914373+00
vuxt3vhtg1e0ri14x1cd4ow1yc4cfr34	eyJjYXJ0Ijp7fX0:1wT0vB:Yu9WxQc0MOPDFZpVxN5L9uR9oBCvjDQH8VpDEC0MgCI	2026-06-12 17:22:57.82384+00
0jv1qesv3lpshq9oqlr6izgjgx0cz2uq	eyJjYXJ0Ijp7fX0:1wT11j:oUPAqQ7AbyMeyW0nwhwt4BOtZlgRVcDfGRisGKhMkWk	2026-06-12 17:29:43.827008+00
rcznp8vgi1be7porfd19j7tx4iws2dpx	eyJjYXJ0Ijp7fX0:1wT1X8:uYTw2rk4BtXZoJT-7dGpk1zamkqwLgOFh4PeOKb-0xY	2026-06-12 18:02:10.845229+00
4sdn76wyhtr0er9v7usnep6dv8iqurbz	eyJjYXJ0Ijp7fX0:1wT22A:fvEGzuXZpFv9eqwvJfXTsPK5cC7CFgnm25aPkXjHfkk	2026-06-12 18:34:14.683713+00
kkh1c7aouu7m9ze7gbpskpb7qat8r6vj	eyJjYXJ0Ijp7fX0:1wT25y:kIXwYBPIQHltyiqJ6Rcl66yBf9O00F8LGNuN9qfKHTU	2026-06-12 18:38:10.691427+00
ge3r6zy9lfsbu1v8zadfpqvc3k6rk7ha	eyJjYXJ0Ijp7fX0:1wT29n:DXDXhhxL1SSAB5J5VOlp3OUWqmCyyuaG1wjrJehKGAg	2026-06-12 18:42:07.017501+00
kknhvmcna3a678nxeorfcn7s2j985jte	eyJjYXJ0Ijp7fX0:1wT2Am:3VrFwErWU7DVut2Y9aiezUnq_-5zB5-pjnOjAPRTVs4	2026-06-12 18:43:08.76118+00
ye6p8g4so7hhx5rx8cxorlm9kleosbh3	eyJjYXJ0Ijp7fX0:1wT4bj:3Tsd3E6KvVuJKs7nnxrVyUguYW5xo12nVsGplqpyMhc	2026-06-12 21:19:07.642256+00
hjp80pc3lwxc8b26gpd19libuxincwzz	eyJjYXJ0Ijp7fX0:1wT4cP:PAH1kEihI4-YOlPMEEQJL9gkPUJr1q5Ayx71NxEuz5c	2026-06-12 21:19:49.490614+00
fmjbfmp8nq7m4e9hqb1l2fyr58j5keir	eyJjYXJ0Ijp7fX0:1wT4cj:VDaUz2nfYEq69uGG6ZKPf1gHbgCVSCCJftM39bC_AVI	2026-06-12 21:20:09.019166+00
l0y23hwcgllm04xc61ji88l2nz16ma83	eyJjYXJ0Ijp7fX0:1wT5du:qmBijbKyQrJ_Ks_zzfmeFZemo88_cLwxRaicOFg7Lvo	2026-06-12 22:25:26.014433+00
1cdd87nb6jnf86k5idvb08dezj0q79vl	eyJjYXJ0Ijp7fX0:1wT68r:yWmZCnsV5u9-LjZsTqL4m8tWFnkT78R9kcNJrZ2GY0U	2026-06-12 22:57:25.391412+00
vbu5d0iz7wdhdxqt0n16u5t31pac8bos	eyJjYXJ0Ijp7fX0:1wT6QY:aq1oarHUGVW2Kmw2xlSsc9kzXkX3IDwrV_mJDa6dLLQ	2026-06-12 23:15:42.653161+00
it1p5sx9q7g3uqiuhb6dw26k7gmrmtzg	eyJjYXJ0Ijp7fX0:1wT6Z5:h6_tAVA3sPgWQC-dmj3_MY2fiilqvUhtY7ncNZ-L_sI	2026-06-12 23:24:31.107065+00
dh3r1k0egys8b9l1qwa9kt0mgx9adfv3	eyJjYXJ0Ijp7fX0:1wT7Ax:26_UI2r8MmpJCyl8f9QaqV-0etu_aW8ROiLnbbbpm3c	2026-06-13 00:03:39.726446+00
hca4kerows3zvowwfw0lp04lcubfvyw2	eyJjYXJ0Ijp7fX0:1wT7XE:mwXMvKrFL16v_-egGQVk5tFU6ikLvRb1IVkhgev6an4	2026-06-13 00:26:40.955668+00
nbeikvlpkewus9dv9votxox86b3x4ajv	eyJjYXJ0Ijp7fX0:1wT80P:N98AV46ytx1O1s3iNO-dPhyZVY-1BxkttAkemNSBlS4	2026-06-13 00:56:49.267483+00
i49a8h6k7wn3owsry1a8ji0lomny4rmu	eyJjYXJ0Ijp7fX0:1wT86s:EVUxD1HnsiaGqGcyVNO5Ts2eva2gANsOwU-otbjgJyM	2026-06-13 01:03:30.623715+00
fkqpyt08run0pgelnwapsir4dw2l3pxq	eyJjYXJ0Ijp7fX0:1wT8NO:0u9NMYV2PxUK7OtWm17QtdEgs99w55u1N98LypFCeDk	2026-06-13 01:20:34.712868+00
jthqc0v0oyb05alr98z84c0a4tr3qd57	eyJjYXJ0Ijp7fX0:1wT9du:cH073LxrUHJYTDrtsF9G3CZDvi4pdfka3OhK1WcDhVE	2026-06-13 02:41:42.580904+00
5s643hsqovkhd2dbgp2r3hdbthur0e2a	eyJjYXJ0Ijp7fX0:1wT9qJ:ThxaZkgxzib2ZmJar2wCsXV_NOTnu9O59wDVolg85jo	2026-06-13 02:54:31.307353+00
i529n3da3zums04h6pnr5c0tptdw317y	eyJjYXJ0Ijp7fX0:1wTAYy:rG1pIwm8UGPt3Y8dT5IQVA7J5BSZ9BBu6dGeIgZOCuA	2026-06-13 03:40:40.384789+00
sp0gpmys6ku2l6vo4117t3cx3v8w7sb6	eyJjYXJ0Ijp7fX0:1wTBhO:uE0DSAPod_6KSpzBvLQffYRpd52NWp3CHySGXVGdNj8	2026-06-13 04:53:26.402834+00
4djf2bxt5wmd7wgkgz2so2veep2vreci	eyJjYXJ0Ijp7fX0:1wTBt7:vkR7TMJMXS89kYzZXtNf6pCUHdYdJDEDsX2ZzQOyMOs	2026-06-13 05:05:33.222695+00
r6skdzemf3kq8arhv85ktyj0ab0g6mva	eyJjYXJ0Ijp7fX0:1wTCDm:nSESGYS-uKOGnccNJD3VGRZ8FknGCHyx5ai94mWWHxg	2026-06-13 05:26:54.977786+00
h6ufcscbtk5sxuzi1qe9p87vn4mgahbk	eyJjYXJ0Ijp7fX0:1wTD2j:LRBYHf8w2Whl1bOFyTfOoRwQxeZdSA007kmmGS3QwX0	2026-06-13 06:19:33.471895+00
qo1jk30z9ferottpcvv0r2apr006lw8w	eyJjYXJ0Ijp7fX0:1wTDDS:uMa36KjAgWKfWxhGRlrLFJy43sV_fLIp0QbgVc5ym44	2026-06-13 06:30:38.023061+00
6b0z8xll2ikv9pxrutxitf09fvrlvoga	eyJjYXJ0Ijp7fX0:1wTEgj:U0iTVPQ21RlaFhKC0fOUJ5i-e_rJmp1i6WC4_GlhuYY	2026-06-13 08:04:57.2567+00
p447nf96xr9um59qttu5ieexgwxm0vqh	eyJjYXJ0Ijp7fX0:1wTF1f:eZ6mXQTUssewA6MVRZnf1v5zP8zd7x7v1E9LSq9H4RE	2026-06-13 08:26:35.760137+00
ba5gbup0iqdsey1oq95yyooq80wbqluj	eyJjYXJ0Ijp7fX0:1wTF1g:dP3gn2vGlKvNUdFWn07_H7Gf8_GI7Fx3OfJbvi3pV9c	2026-06-13 08:26:36.340134+00
udpnyo8h6wj00uduemwc7nwts5xcngl9	eyJjYXJ0Ijp7fX0:1wTFDt:C5_3X6Fmn-9fXJkYBf8fRYXv51AGl9D3OWDAvtj4jOE	2026-06-13 08:39:13.775948+00
lfwz238qc5q6z0g2cqkep9qyvzrymr6i	eyJjYXJ0Ijp7fX0:1wTFkv:akvwD16eszzb6tbQjALvupE2x6W1ziPN3V35JzgjYmg	2026-06-13 09:13:21.611677+00
1cybkkxtpdnw3yid3z3vehitlxhb8lbo	eyJjYXJ0Ijp7fX0:1wTI5i:fS8v-C9ps_i2qPvMKcbIlToIIQd9vHG72rINDLvnFpw	2026-06-13 11:42:58.458078+00
k3xmgk94ldij29l11lcylebnymuwt5ny	eyJjYXJ0Ijp7fX0:1wTIEC:kcNjuuE37rp4jt34cc3m_JUKOhLG72Ho2SJ6CkZOCi4	2026-06-13 11:51:44.020811+00
cgq9l2fy6izpq73yhn4pb0ed0n03l18a	eyJjYXJ0Ijp7fX0:1wTKNE:mL3i5F4oXZWzaB7-hsW22Xjh5bySpW2T_4rSY0BKTSM	2026-06-13 14:09:12.227553+00
huih4vdi38dd6tew4l36m1ma2nuntfee	eyJjYXJ0Ijp7fX0:1wTKTD:odGs8U_ouX-e3aSBOe6mHDjMOXUY-uoEK9IVp7vaNE4	2026-06-13 14:15:23.204072+00
wi6944nkjgk4jxcrq5z92a8u0iiequ4w	eyJjYXJ0Ijp7fX0:1wTL7f:m0Cze5pVhn4PxbaDUQ4nyehf3NeVQSro7HjTiyQKFI0	2026-06-13 14:57:11.585256+00
hezhoaai09clpf35rpgm9z06c4965to5	eyJjYXJ0Ijp7fX0:1wTLZU:BieyrWiYVdfm3A_UEi1hapxIcfNnTsLggnFvZiMwkHQ	2026-06-13 15:25:56.905317+00
nb7iqlmfwjgk0jlmme82i9049epiix5l	eyJjYXJ0Ijp7fX0:1wTLrN:oiV5bzbwQUQ6IMcVlr4yqv51f66JTBQ4kidEA84v3yw	2026-06-13 15:44:25.38167+00
68njcc0ewslz05y2c62iavvj7j5recug	eyJjYXJ0Ijp7fX0:1wTLye:JCiMMk_HEGgb48se3Yxrtj9Zk_gMrQDL_d0VsrGF3qs	2026-06-13 15:51:56.724863+00
a7g86k4qwir0qysrvopq5uh983500eoi	eyJjYXJ0Ijp7fX0:1wTMiq:XNPlhNZTc5MvIqtmTii2iBwkI-nuXk-g7knRB9II7HE	2026-06-13 16:39:40.595715+00
2jpjzy5m1b84w3ry8a07zs5jjx2pohct	eyJjYXJ0Ijp7fX0:1wTNKK:V48iggNOUR4RK21JXTAWehRzQtXMhJvqSWnewrHcle8	2026-06-13 17:18:24.273288+00
z1s71pcfemxu7e7whcyz35e07dc8es5j	eyJjYXJ0Ijp7fX0:1wTNL7:toKw6cqB2e5FIB-7Zwje6BQq0J0BpM7yY6w680_f2tA	2026-06-13 17:19:13.677928+00
ivdsbtp7jgi3zlsc6m7ag5thktlhnxpd	eyJjYXJ0Ijp7fX0:1wTNp8:l9MZMG2QV6UYILb_KceyMJySQ-O59aE1zEcy9Zft54w	2026-06-13 17:50:14.625822+00
csy0c0mxaxbbgivpli6t69qyol68hvkw	eyJjYXJ0Ijp7fX0:1wTODr:cgmRLjUFjYfM3tUEMgthUCiAs-TXQBISTcaAJazNwjM	2026-06-13 18:15:47.243559+00
2tip8zuyv42lqpiw9r3j2p9vmils5kwe	eyJjYXJ0Ijp7fX0:1wTOjK:eHn5MqXbMSqsSPgisUR2uhX0MTrPFdtKD_3Bb5vJdJI	2026-06-13 18:48:18.794554+00
sobcnr88esodgrbfqau2hsbnb1pbnn5o	eyJjYXJ0Ijp7fX0:1wTOjM:yVXkZ0JZaJ5qti3bDZGtRRXlmADlD_VoetpgJ7u9Fho	2026-06-13 18:48:20.621841+00
09b2khheru44bsc7jh8c9s8g1xes3uck	eyJjYXJ0Ijp7fX0:1wTOlC:XEIGbJqhGYVHBZcUZ4yJZk_-BtbLsd74Pz-CgWRjLsA	2026-06-13 18:50:14.507803+00
kkx3dly5e08n8rcz0hvpzfqqnjc2lsi7	eyJjYXJ0Ijp7fX0:1wTOnm:ym73uIPUCZK7Gj6rHyECfWTbinq1QWwFIqkBxljkUpI	2026-06-13 18:52:54.987757+00
pb8k59xz6nr0huxq5l8qjzq4nvn6fsv2	eyJjYXJ0Ijp7fX0:1wTWkb:GcqyMeW7xMLYSpOFClG5rJifcPGinxIGimgL1Ga4Lt8	2026-06-14 03:22:09.70575+00
24dxs7vba39k27om8c5bek36sck9exvm	eyJjYXJ0Ijp7fX0:1wTaOo:8TSDpKe4643wWS-Uv19c1dDDR7jPujQNAwb_3TLuMRw	2026-06-14 07:15:54.740737+00
rayblin81aola0u6xqrrgec1udm90wg8	eyJjYXJ0Ijp7fX0:1wTXCW:Y4KcttpKyRg4YIYlXnAYM7kRm42fis9ZLRVmR8CudR4	2026-06-14 03:51:00.588832+00
gsttseaegaayisddhr1qn36iowd4ax3z	eyJjYXJ0Ijp7fX0:1wTaY1:VGM9ueA77bWYBoe6NKlt_fxh8eLe2-y1P4InxHLtjqQ	2026-06-14 07:25:25.118831+00
ua428daj7q2nkj1so7hkhl38w3ayf3i3	eyJjYXJ0Ijp7fX0:1wTan5:_bcNrb-7hi0LVvt9ftp5myTQ38eV97WealgxwHNBH5k	2026-06-14 07:40:59.597262+00
yh3v5wspqmo5dg1adaqi9l7p9s5j5fih	eyJjYXJ0Ijp7fX0:1wTP6O:_eOy5872eSg9cLuZvkbm3A-k2bW12na_x8AcltCmpg4	2026-06-13 19:12:08.860501+00
uljyukxdzx3hantrer9vgj7we2x1cuwx	eyJjYXJ0Ijp7fX0:1wTPEF:66_8L1-HuSmqV98TXFMHovIVyv1rSw6L_RFdo3Rr9Xc	2026-06-13 19:20:15.175316+00
7vruddnlg1403iguwfivdhch9cusciwc	eyJjYXJ0Ijp7fX0:1wTPEF:66_8L1-HuSmqV98TXFMHovIVyv1rSw6L_RFdo3Rr9Xc	2026-06-13 19:20:15.327759+00
1u8gsn2nk6qzvw6mi8vbzhjm4wkhuhrz	eyJjYXJ0Ijp7fX0:1wTPFL:1Oa2uxF4mQAwHVZ2aKXsVWNQWobjtAkv0MDKrD9G_dM	2026-06-13 19:21:23.690801+00
u3x8cteugs5r9ds7x47dxw7n3uww1iv8	eyJjYXJ0Ijp7fX0:1wTPFh:qSTujQ53GxwhpCK_uTZPQyMfXa2YyO0Ia7d5N28bGPo	2026-06-13 19:21:45.709233+00
6qdqrv0bmevkhn7mh3j25jhkml9m7kaq	eyJjYXJ0Ijp7fX0:1wTQJx:Bmsp3kAR589XSsud5xr9N-7OtKXgTFo15pYVerhlpXY	2026-06-13 20:30:13.096814+00
wutqrgj2do8qr1qatp5x0bf23fohvew5	eyJjYXJ0Ijp7fX0:1wTQWP:WngEAzuoT4QSayiH8RqnIj6l7ixKgCRGM2P3VaKpFgI	2026-06-13 20:43:05.94503+00
1jrsdkaan0h88eatkoei7dx4j78vq4bw	eyJjYXJ0Ijp7fX0:1wTQj6:JYqmLqmgjIqGyCVw-Rh-DO9EBhXFaBI9BPX7rfFnBGA	2026-06-13 20:56:12.820234+00
b00hqex86fz7w36ykcmme2u9r4d8bv7v	eyJjYXJ0Ijp7fX0:1wTQjA:PXWBPwmJTwcfkWfBVY127_bG0BDB7ep7LtNekxlY1os	2026-06-13 20:56:16.56484+00
cziofdnq3xdf66yyto8e6hczgbaxt32e	eyJjYXJ0Ijp7fX0:1wTQjB:TOfai1jSpSHiVoVb7HfZ0J32rTmHOfrZHMSLXDB_Ivg	2026-06-13 20:56:17.224969+00
iqz16tdsil6aj9h7eij3qr9zi1f0qjgy	eyJjYXJ0Ijp7fX0:1wTQjB:TOfai1jSpSHiVoVb7HfZ0J32rTmHOfrZHMSLXDB_Ivg	2026-06-13 20:56:17.686283+00
emmlykl6o6qc40203hdf2g1uag8elfqy	eyJjYXJ0Ijp7fX0:1wTQjC:dHNIH3g5Bl3uhOxhu5Ur0CfhMLxFQzx4OiyODUPqGZk	2026-06-13 20:56:18.147981+00
je0n2fa0fbcapztks1majqvhskcxe7z5	eyJjYXJ0Ijp7fX0:1wTQjC:dHNIH3g5Bl3uhOxhu5Ur0CfhMLxFQzx4OiyODUPqGZk	2026-06-13 20:56:18.610369+00
462w68693npr3n5726p3d773kz4dmewn	eyJjYXJ0Ijp7fX0:1wTQkx:NLYRTPxqrPQu15stR5Q3GhYFa64TemoPkJ7oCtbj8mM	2026-06-13 20:58:07.673185+00
7klsix6cj5dj394veqv0xway21tkxb2u	eyJjYXJ0Ijp7fX0:1wTQl9:RGdYI7QlCWUSgbjssJVY0rpXf9B0mTro4B4NR68Ta04	2026-06-13 20:58:19.298731+00
yyezz85ihdv3t60siv2yl8ozltyaseoc	eyJjYXJ0Ijp7fX0:1wTR1t:61LaW-SoTGTTlXRiSDFbOyhOd43hsI5SgH88NbiJhpo	2026-06-13 21:15:37.722337+00
z3vvv2selqjihlrhk5warzxaemkg69t6	eyJjYXJ0Ijp7fX0:1wTRJB:EE9b0H9Pamuu4mKSJAfYqrvzO-QWcDKICIVZeDBuKf0	2026-06-13 21:33:29.994472+00
8xfoiykv3mqx5imc7k1lxvxypf5g9cpk	eyJjYXJ0Ijp7fX0:1wTRWN:HCOtwsUocL9C6uV5sUyRwmsGrFqU4LOCWRBudlhcgUI	2026-06-13 21:47:07.534118+00
2s96brd05rbtu611fzqn5fr0el51otsh	eyJjYXJ0Ijp7fX0:1wTRWd:jnGo1CRDCY_Tf1p98V-hzysoVgDdtdiG2cYVZ0lRRn4	2026-06-13 21:47:23.585035+00
1nyoyb1trli0dygcue709x99dtpsj90h	eyJjYXJ0Ijp7fX0:1wTRew:lniCO4r51FpF0CejZEqAqxC3ARmAx1pCv_Gmd5p7WnU	2026-06-13 21:55:58.141096+00
cnzvbkdceg74n1aqwstdej8bcxr4f2kj	eyJjYXJ0Ijp7fX0:1wTRkc:7t04x1bYcy4zR3ulzJCwGst7hPThUdhHl2Y-HifZ-C4	2026-06-13 22:01:50.662404+00
yhf48zjh9xzuqp4kiesmhv7wei27j4yh	eyJjYXJ0Ijp7fX0:1wTRnd:QnaabpS6tIv8HE8ibR0W0nX5Tjmq0Z7uoS3wADrfoNc	2026-06-13 22:04:57.686929+00
3n0df6m9d0rte7tg2nknnvoxj1c83964	eyJjYXJ0Ijp7fX0:1wTRod:5oVs7Lj_GSJeeUJHa_N4FRBGy6g0k8Dd-d2E_ajAtqw	2026-06-13 22:05:59.70572+00
az3dalq6t0c93d8qto71t48liwdavm78	eyJjYXJ0Ijp7fX0:1wTRyK:qwvkvPu5m3N8fE5LuT4oIxD4sbFRT-ixzBFu2FAMrlk	2026-06-13 22:16:00.51955+00
a974c9t4k5blclqmdcqtzcvnl9y75mkb	eyJjYXJ0Ijp7fX0:1wTS2A:jnoFAeJUDfGW7C1ALWxztLx2XSlkQd51IOJuzWJOf0c	2026-06-13 22:19:58.856732+00
lherzho6jmwgowsnbikug17bqq8fvbmd	eyJjYXJ0Ijp7fX0:1wTSG5:R-d0WrpASwF49R2-1Y9ek1SD2-TD4VDK03g_h96t-GE	2026-06-13 22:34:21.14597+00
15mmw0vp31lkc080kliy9jd7qh6ebcj3	eyJjYXJ0Ijp7fX0:1wTSIo:pf-xPg0rYtSDYW9GzjV-VPQC2EhGvlQ56VCg5Tq4Paw	2026-06-13 22:37:10.681078+00
htm8x1gl98h66kaer741ba3yt9yqzlnt	eyJjYXJ0Ijp7fX0:1wTST4:s6rzK-NQS3naWwECeiZqFBM8vNpFKt5mn8wZ8v25XTE	2026-06-13 22:47:46.458872+00
s69y08g4o4vjxwflixg1vcqq2u9dj0e0	eyJjYXJ0Ijp7fX0:1wTSXT:Y710Ezdb8zP-zEqEiXUh7aZzhxGWDTxbAM7r5euRysU	2026-06-13 22:52:19.091179+00
5x2l3nzjvuu5u8hwltvf8k5e2kq9v8pp	eyJjYXJ0Ijp7fX0:1wTSZj:nlf3J6osTUxqNbJOK1qOq-UNctqAIlI7DcT80ej9VAo	2026-06-13 22:54:39.93743+00
cv28ajgltuzptday4scjl1qqvwuckhtj	eyJjYXJ0Ijp7fX0:1wTSm4:TrZ9XbNINQVc6P3kmsU7376Sb2GTYLqJqLxrlqhTYhY	2026-06-13 23:07:24.922846+00
o8xz5aamzsjqemtlh13l48bjv3dfpvcu	eyJjYXJ0Ijp7fX0:1wTSmS:0Tw_8cl6s-693KYcdHw50TDRDdeRJOX_mcUBDW7Orf8	2026-06-13 23:07:48.944145+00
d3j8b56je3afgiu33c7jviv7pszutc5x	eyJjYXJ0Ijp7fX0:1wTSsf:CljPe-5A8FfmwYTckU5pgLFXVcjLJGhav25wqXJlsQ8	2026-06-13 23:14:13.966918+00
1l3nuif1hsfnfb562xdlogn8n1qs8e9i	eyJjYXJ0Ijp7fX0:1wTStV:4r1TjPWaCs93HWhaSwnJulVFzYZe2e3zIORikWS8w-k	2026-06-13 23:15:05.37089+00
oxgguolxd1zfu38ixd32f8mx5s75xp1s	eyJjYXJ0Ijp7fX0:1wTSz1:BfZDtnOfPSQK_ROkzK6biJhmS0KLhwMQL2BOmVJC3_8	2026-06-13 23:20:47.558861+00
blfuw0sexyrt6021rhqpsrfzejl2okhz	eyJjYXJ0Ijp7fX0:1wTT3z:bHXsElFJ9S-3T8clhoVJZ4AAI1piDZQRB5gY7FRYLZA	2026-06-13 23:25:55.108457+00
7m1d66ur40npeafysl3p46odjn5buvp1	eyJjYXJ0Ijp7fX0:1wTT54:8UkEFYNO0bsAqOpifJxx0PsMkvXDV1eLU6rRZxcpaUU	2026-06-13 23:27:02.017177+00
66166kg4l9h0cnpgj5frrlgawl6hijfd	eyJjYXJ0Ijp7fX0:1wTTFG:MbHfvqeW_n-1T2SRwRvyUnjC22WOh82ap6BryacZ-WY	2026-06-13 23:37:34.93442+00
ffu2ml4emeuna9vh17u8nv437shvm155	eyJjYXJ0Ijp7fX0:1wTTJL:ihqlLYURZGjZjWOSECCFEYPVqk0YPEiSmlzPdLW_wuQ	2026-06-13 23:41:47.693933+00
ubcz5ob9o25sglbtd6q7g8he9qxqmc20	eyJjYXJ0Ijp7fX0:1wTTN5:zsKRYZnDN01cd0RIRobaYC_SoiBf0f8K1C-4l7NOtVQ	2026-06-13 23:45:39.346622+00
41wq5d4hracbfewsvjn077trzol1shx8	eyJjYXJ0Ijp7fX0:1wTTXN:G44Mt0iwiR20FKp0_hWxkJfULdRd8aq64LtC307qKxc	2026-06-13 23:56:17.664931+00
fk9qesjkcwk2gl999xvuh7rwh0qxti3s	eyJjYXJ0Ijp7fX0:1wTTZo:xtbI50w_0XNTo_ORDnWq8z_jJuoqZfILum81E5T47Oc	2026-06-13 23:58:48.091914+00
y2wcs5e0897vxdcwld89epy7c43pm6ct	eyJjYXJ0Ijp7fX0:1wTTbc:VFgQwfg-CjCNpYq0SjFTeHcDQ11h9TAMAAjUO_xOLhU	2026-06-14 00:00:40.872014+00
dpbk3mlc9tus62qlwyx1qn8j4c7035fe	eyJjYXJ0Ijp7fX0:1wTThJ:di35ryNYoHKFSgL2jID-begm-T-YAhEn16GZN82DZRw	2026-06-14 00:06:33.730576+00
xrwr44vi8jknvvjk1xd4wlf0rqxcnk1q	eyJjYXJ0Ijp7fX0:1wTThK:AP1DzKWtL_HRQcjysJcu2yrYX0K9neCcfaVsOsqKT2o	2026-06-14 00:06:34.539799+00
jw68m7xrqx3asf1filrkvgltkb3f0vqb	eyJjYXJ0Ijp7fX0:1wTTmu:kmGOguxUvBZUZk_vIipZzlibPNc13T0HJ97dgrVxKZM	2026-06-14 00:12:20.33368+00
shb3311c21yrm2csb5y3jifn13tpfd8c	eyJjYXJ0Ijp7fX0:1wTTpM:zSLubO-EUE6qFbR57ypy4nTFCh5ZzrGWHd81TN_g7fs	2026-06-14 00:14:52.384792+00
3c5hb6lhtx9g34l0535376zyddj71toj	eyJjYXJ0Ijp7fX0:1wTTqB:7m4rX8Zo_WQn0jjrCvqhC71mj42vWndeKZVxRwWu-cc	2026-06-14 00:15:43.110556+00
fqieasxxbzv51ah9zc4n6l5ydzjmwtv7	eyJjYXJ0Ijp7fX0:1wTTx9:QRm33-lYW8wto-FietU2TGFX9Tcgct4aZGb-lOTrBwc	2026-06-14 00:22:55.488512+00
nf2ni9d8ycnk6inmmvavl4totbl8l0it	eyJjYXJ0Ijp7fX0:1wTU0W:7fmVquH_ZQJrrpg5Gg2RN6q1ZZpEpJ9REdsV2nc8S-0	2026-06-14 00:26:24.884121+00
6zx9m8uvjmbzvlwi7xvoetjq4m8am1v9	eyJjYXJ0Ijp7fX0:1wTU5V:42JMK3s57PnpzgF3koyOjRA6vF6ZGMHZ7rk8MCOe5Uc	2026-06-14 00:31:33.735969+00
xcf6l64qra7311iaceh3aia99fsrwet7	eyJjYXJ0Ijp7fX0:1wTaQi:7_1mBePupR3ej8OplZDbgn2s3afUNWoxcEXsmCpcrCE	2026-06-14 07:17:52.903732+00
m4wyznpcuycqch217v6jzwfa10j737vb	eyJjYXJ0Ijp7fX0:1wTUAY:qAXxeBENybhnpuuuJA3_-hy5r2khBvTcdd26NFfJh9E	2026-06-14 00:36:46.276319+00
ubz2sq2p5q6g449wslj3ulyff3rwg25x	eyJjYXJ0Ijp7fX0:1wTaf0:yG96xJmCcj_ZOx_KlU2ju0MSDEh-3wbJmXFoe8yhie8	2026-06-14 07:32:38.049446+00
v2l4949em8m8gm0i5c1e5jqxowuwa1qk	eyJjYXJ0Ijp7fX0:1wTars:lPjxKwEjP2niyFdoAc1mNLwOb-ZGg68WJ-hxjYZtUYg	2026-06-14 07:45:56.974765+00
kpo89t05ve1ltgr7kgbhial7e35464aw	eyJjYXJ0Ijp7fX0:1wTb46:MTgNPZqR_dUNBWFmU9f3oCK5yeqr1vwWh_AV347-Isk	2026-06-14 07:58:34.773324+00
lmds1ssjjde2fl7226i10x0g4bjnuxys	eyJjYXJ0Ijp7fX0:1wTUOV:F7sbsr8LLX2pHQhTRd2bI1l6qFw088uLf2AjJ3yFOZA	2026-06-14 00:51:11.649215+00
yxgb216ri3ce6nl90ig4i0nlte4v63lb	eyJjYXJ0Ijp7fX0:1wTUlA:4W7fk3W4ZNWlRRkayjGva_ikHkmqp-YrnwIzVM1Z_LI	2026-06-14 01:14:36.658329+00
x4xlj5wwwkrzvpa5y3498v0v73g6oe9h	eyJjYXJ0Ijp7fX0:1wTUpA:QD0ckP90VERciUzuAXlyRoopaaQoUH6UnEHJBvkixbg	2026-06-14 01:18:44.004079+00
5zlmnm23h0mwzmspmsuecvhvmf9nud29	eyJjYXJ0Ijp7fX0:1wTV0p:kiO0167BYHEMGkGJZ83bW1WL9duchWUPC5l3eZkWuLk	2026-06-14 01:30:47.245232+00
vb0vga8zcrra8zsa0kkilo5rbz3j5yf8	eyJjYXJ0Ijp7fX0:1wTV3v:qdJD5cNDCcoMxqAG0WQaeewcPSu6qlQZC0pHYWDs06c	2026-06-14 01:33:59.047021+00
2l2uhykm1nrdwj5crymvd7x72hq8wplo	eyJjYXJ0Ijp7fX0:1wTVCH:jIO0S4q_OActXKbyNg3prLx0A1mcxWBYMarKSM4YPsg	2026-06-14 01:42:37.046801+00
6iss2rtcaljg2dw8iqvf4vxlx0ph3y8i	eyJjYXJ0Ijp7fX0:1wTVLj:HV4AgiMbOl0A9vivJRmtprbeGy6L1txwRrCDGK5NDcc	2026-06-14 01:52:23.734506+00
f7588glear0meffk7x0so6r8d0v7bzjs	eyJjYXJ0Ijp7fX0:1wTaQd:7FZxOAHRnqEugodqcjrzWPN4WzVvDBjdOdAMdvTGYhw	2026-06-14 07:17:47.857857+00
qi1qxq47tew8dfu9n9umbldsrtktsxvu	.eJxVjDEOgzAMRe_iuYocIE1g7N4zIMeOC20FUgIT4u4tEgvrf-_9DZjyAt2236CndRn6taTcjwIdOLhskfiTpgPIm6bXbHieljxGcyjmpMU8Z0nfx-leDgYqw79GDtEqVYioJBh9REfCyrWqSvKWkO4ibahqz6IUbbAthaYR59hqgP0HZN88hw:1wTVl0:faTiYWvSUnkUt7lmqxlSV9vbzDMnfFYp-Sdr4Jh3ijo	2026-06-14 02:18:30.454059+00
5696tllohnwh13sbuz7hmtpou25dykpx	eyJjYXJ0Ijp7fX0:1wTW9l:Cm5od4prGCtv1WcuaBuunKPNKYlKGjMKWorML7b0KpQ	2026-06-14 02:44:05.743051+00
ustnizxq39kqpm1bfl6j3eyt7ku2dgwq	eyJjYXJ0Ijp7fX0:1wTWrf:EU2fuMfhHcoVSRbdZGOZ-DprAFXyM7kofRYVaeTelBY	2026-06-14 03:29:27.100953+00
h0g0a629sjihn5x8z01pmp7u2tba3uuh	eyJjYXJ0Ijp7fX0:1wTVXy:toGpE3d4palqNvju2hv865mOypG6FjePL8s9Gmq2dRQ	2026-06-14 02:05:02.772367+00
5d9kz309mecz4ea9oary8juiolwm2uk1	eyJjYXJ0Ijp7fX0:1wTVdr:ab3_Nrcqoht0d35wSLjo7saucdHsMudkI6gGBYgyDNg	2026-06-14 02:11:07.455355+00
adfyp0vy0w210k1c1aqizxwdtnqfv7g0	eyJjYXJ0Ijp7fX0:1wTVfA:VGN2ubEpmJSY9kNvAA05g8ajHUulaeRV95V6fHIM97U	2026-06-14 02:12:28.572284+00
jeeu1k0776ym67l6ip3eaul6owm6ipwk	eyJjYXJ0Ijp7fX0:1wTVfB:Lz2YArcOzQ39y2xfWMvfBX_1eTL_2Fpf4SsN8xa6DqY	2026-06-14 02:12:29.125262+00
qxkpzf7pdihr0tcihtt0nt2v10vtxfmx	eyJjYXJ0Ijp7fX0:1wTVfB:Lz2YArcOzQ39y2xfWMvfBX_1eTL_2Fpf4SsN8xa6DqY	2026-06-14 02:12:29.527661+00
zphooxc9d9o3ql2iwlhwidl3dm2x6uzy	eyJjYXJ0Ijp7fX0:1wTVfB:Lz2YArcOzQ39y2xfWMvfBX_1eTL_2Fpf4SsN8xa6DqY	2026-06-14 02:12:29.928279+00
hpco2i237egf9pxoppophfqeob9ix875	eyJjYXJ0Ijp7fX0:1wTVgy:1_uMs2D1dkOc-ouVDebclXQNyK5Vrp6KDetRD9HjM8U	2026-06-14 02:14:20.448352+00
n00buwgkvn3uhz79camt5zk1eems52l3	eyJjYXJ0Ijp7fX0:1wTc3T:QreXCnJL712Q40icEyS41SJKBca0ezMfFOWNQlD__ew	2026-06-14 09:01:59.988884+00
yr9geffc6gxo3mo9caib0zgpyq44ihc0	eyJjYXJ0Ijp7fX0:1wTag5:J5wBylbtZre5zz0Gfu4XKu098ADB6p98xnaoMJhx6Fw	2026-06-14 07:33:45.044376+00
w4f9n6vyeu9qsumv1kwuuh2yj6u1c8s7	eyJjYXJ0Ijp7fX0:1wTXP1:h55DbcWGshGNRhEfG2feE8UaZIr5Ws6sUsxZj5e7wXw	2026-06-14 04:03:55.220122+00
u4970k8tic0ggkspqfiqa7784147xdxv	eyJjYXJ0Ijp7fX0:1wTayj:Wf_Z1vZs0Yr40OJLaPIn46dhN0oP17rdtU6sOynN-Eo	2026-06-14 07:53:01.579411+00
jasd9wgu8yoqsh31z7ngqycknqrk93ld	eyJjYXJ0Ijp7fX0:1wTb74:gAh596MtRFPMBmQJ9Y1KYCfuYMgLvp158fb_UR6s4rw	2026-06-14 08:01:38.357703+00
flsjm7asjecuwg00ensd0u8gxdn1ikwz	eyJjYXJ0Ijp7fX0:1wTb89:kmtsUqr1PuI2X1AREcchglLMfskcKBdBtMVzaqGqTPc	2026-06-14 08:02:45.329215+00
yn4fsjl7hm8z3o8fhvfddhdef0pug28y	eyJjYXJ0Ijp7fX0:1wTXjy:uhUALvt4m12G5EpFgjfaXiuWT1s_FEZGgoW3Q1Kl6fA	2026-06-14 04:25:34.59172+00
37gttpdwv2bvv63hywgq62p1przz77tn	eyJjYXJ0Ijp7fX0:1wTY9R:qK3NKHsYfXJJQjytlCq-zQ7Gap7x1lQA8I1FgFSl5FQ	2026-06-14 04:51:53.035058+00
oukexy27qxdtj0bzkgxr0efg909zja9o	eyJjYXJ0Ijp7fX0:1wTYEZ:MNMM30crbrxhOVUeXxhBcDh0m53tC7yLZ7gGNeJ88j8	2026-06-14 04:57:11.15281+00
g82e45fakwvqvzcght8b3gpf1ksmdp52	eyJjYXJ0Ijp7fX0:1wTbAS:q9ObFQZ2D54Y1-nUqN_oHOyjptlsmop1VAv1K1gf1hw	2026-06-14 08:05:08.820068+00
v7dhgzj89g6f16f4pgrqtyzakra960b7	eyJjYXJ0Ijp7fX0:1wTbBi:kTvQEXX8sgAIFkbZBnFKh2o65lM89q7gsw57YmpCf-Y	2026-06-14 08:06:26.70995+00
2x5tz7i6kqjh2w1csgi87gjih2zoq70n	eyJjYXJ0Ijp7fX0:1wTYPj:LgoMxWjgHizjysvcOzXcebjwvkNdldfZZa2g1omHC_Y	2026-06-14 05:08:43.125488+00
spf69yzvj3pvjkifsr78q0xxnwjqwfkb	eyJjYXJ0Ijp7fX0:1wTYQC:mdVZ8K1PL6Y_z117hPGoqFNOCFV2bN1xQQqRlUbi-9k	2026-06-14 05:09:12.722169+00
90x1279zcxqry0406azbk1wrlicri0xg	eyJjYXJ0Ijp7fX0:1wTYRK:NOVyAEVMlMf8NwF0fy6_ugrVFNgR86P0KclQfJJ65-Q	2026-06-14 05:10:22.406928+00
checyss095v5rtm51xiul8ze059ntmis	eyJjYXJ0Ijp7fX0:1wTYTs:-YeyAuDo3ynqLcY_7syvhZAGcRsT6wQTxmuvEiVM5Ws	2026-06-14 05:13:00.557082+00
1zt121etn8y613wnzftq16qfzwmcx7b7	eyJjYXJ0Ijp7fX0:1wTYcJ:fQmLJaBK_HvB1oBvgvyDdOSs_F4O2PzQ8kb6OKGHB0A	2026-06-14 05:21:43.644278+00
468pd0tl89x7r1vn0y1tgp430rhgmyy9	eyJjYXJ0Ijp7fX0:1wTYm5:4pXYHK473eQYtjw9kRqf2piunrrFmxjOSCIts4jm61g	2026-06-14 05:31:49.213154+00
jc65ii9xk5iuw9zqz856fzj0v5cssqyl	eyJjYXJ0Ijp7fX0:1wTYuh:7T3MneGkL1tZAvkI7Rl7muHwRkTM5CrzsdJpFXZTsvY	2026-06-14 05:40:43.727712+00
o5qwjnvmlkj4gbyuphcsr42ob6uqt0dc	eyJjYXJ0Ijp7fX0:1wTZ3o:R0X1sEbQvni_s4IeQ55QBAR7X74UEMW5IRt0__N5O8I	2026-06-14 05:50:08.346819+00
d8uplzxd7klnawqvmilpp20il306rvuw	eyJjYXJ0Ijp7fX0:1wTZ5Q:IA6Vdy5D05P9auD75kaUM_WrKq0dcr_lSYInMRolyBQ	2026-06-14 05:51:48.560715+00
hzgtdlsgfe7kz9m3zfp1er3zhjjft5s5	eyJjYXJ0Ijp7fX0:1wTZF8:e-4HKQP0TSMPNn8hLRqzEXfl2uTHZI2en9tbwovdYgY	2026-06-14 06:01:50.992413+00
njrvckuwlitk50xzax6w6ilxuf4kjb1x	eyJjYXJ0Ijp7fX0:1wTZUL:ytpjNYikI5lDbgWFukfa7WJ2I1w2Vi9vTPGb4_WjwG8	2026-06-14 06:17:33.381599+00
fxn70da77rgus9ea70bnvr4ffa58t3xj	eyJjYXJ0Ijp7fX0:1wTZYx:Yb93RjeX7ddnyQbPhUYy6Xg9C2NBbDjpUExhKehg08I	2026-06-14 06:22:19.635064+00
8eu59wexx2r2qolffl4w9aqlpf6e6qzv	eyJjYXJ0Ijp7fX0:1wTZZY:YQ2RR8lRjUmr1N4Sor1Gg1TPmTF4JKv9O65lTAO9VkU	2026-06-14 06:22:56.179216+00
h70m0k0jairlub1alqeon02gpgsqo416	eyJjYXJ0Ijp7fX0:1wTbGO:HxvZ03mfdeh5vYyZYOLpcPdrtNccIGcEPwXf6KvL_EU	2026-06-14 08:11:16.386741+00
xtpm88vyr78aejn85oacvhqo1ydslxic	eyJjYXJ0Ijp7fX0:1wTbJ4:XPT2y5-5yWWCf1uPAfP7SZU1x0RHjROzeU1nOjH_FsI	2026-06-14 08:14:02.936533+00
89zy1itui9g85b75e0sef2quauukc4n7	eyJjYXJ0Ijp7fX0:1wTbRD:fqYuMN3H85AZCXHjqYg84pQHtAAkxicbaYf-CcCpKlc	2026-06-14 08:22:27.282918+00
vf01802ehfms21ynplnsun8f4yqv8pmn	eyJjYXJ0Ijp7fX0:1wTcDW:s7k6XN4za3pqQmUcs_kykXTb1otG490ylTR5Yv-DjI8	2026-06-14 09:12:22.297243+00
8ygta61yibk26u1ioehonwnbe4pwbu6x	eyJjYXJ0Ijp7fX0:1wTcN5:S2rfePD38kzMnLkx16a1ygsvtUZayez-9yAmfRjOcrU	2026-06-14 09:22:15.691249+00
8ubi7fzdns6bmchhlzluh3kynmyu2qd3	eyJjYXJ0Ijp7fX0:1wTcNq:FDTtFZ6EcJ6SiZXwsy3kHcRRPkxVm9LB2V1ty_llI_Q	2026-06-14 09:23:02.11057+00
a0h8du6ggh9kceei9efl21wne9s7te0n	.eJzsfV1327a27X_Zr73jlKTIJr5vskizlAkwlEExwMsZjdxSBMm4t5ZDEXfc_37XAinHTuw2qiTbOsLYoyPZtqIPCJiYc33M9X__89-_3a2W_313-_tf_11e_-d__-fdf_7Xw599-m1R_f4Zf3Etf_tc3PzX4ubz6q_y03_hQ_5r-O3tf5Gb69_r8-Gxj55g-dvtEv71H9fWL87izF541m9_2It3159-u7Z_u7beXf_x3nv_u7v4w_Vsz7EW1m9nlnX9yRud_fHLmfPb4tO1d_b7JxeedPHbX6v__O__-x_bskZn-Jf_c_fb51W56v7zv23rf_3nz7_Kxe_wSs7Zf1nWf_7f_4OfwJspPxf_vW5q-PkH_8z9lLfFdTPvFk795ZO0SnLltlF5Xn9q6BcR1ndCWeV8PgtjVpQflHv5gU5-s-J36Rc6eW_FH2cFDX_Vf15PfrFifybPJtyKR7MlnfxkcR8f11r8U3pHww8RnVwN_-bciiU-dmnxj-nqGp6L355FMrojflbC4zJ8rmIF__aSpV9W4diKFT7HGF_7Fn8ej_RzfriKOuJHdszG8B9Zz_2gS-S4xf8i6V5Gk_F7a_pXekvDCTxnencG7ysmhXX5KzzvxOrfz8TB9wOvV-Lz352FxIr_wt_DZ_kDP4ONrwfv80y_b1gT0VzcLpys_FDcFPAaRb8uX_B1zi3-K763AB6b3uF75bH-DJvH9u9Jpivf-4vndv3biKxITlbcWS8XI_qnaOp6Idsv_WP0Z9i8xrX-DP3ap1-u8bPE8Jr6faUr9i79fIZrBI-5Ds_j68k7_bmuw0mE72_qp5_pZIXrcXOln2cU-b-mNwxfa4TP4-I695_z4TpP7Mfv_QN-h74V_5x-OQvjB78rIl-lFb4H_gF-N_nZisc_Tcrx19_ff3ZXUXlRJYy0tLNszkQZs0xRtVhxltrkyvIEC0ZURWueBw6XwftY7630ief7h_e-mqT4O72P4LvAzz3sL9ij4wL2w13_mXA9mV7XD5Of08_X-Bzy_vuH_dDh2sLv4bWyR-8DH_93nxu-OwbnYVbo3_2c3j74Xjfr1tCJ9UFmXRKKhquohf1sJ2yxoiyyxMQuqYycOOcjDvucKqKow1uivt8nm-f7p_eP--FLf05xLVzc6_05eTcrJrBXziZz69JPq9Xkd-vyQ3pDYR2nX9K_KJzb6Q1-H_-wHx-9J3z8363BN_tq0j7aV_0a6u-f-nUpwllFfL4iPrFoadnEr2C9ihH1F6skzzoaph4JAYacbITfjV7b75_vH89TpX_3Dt_XRP_s7Ot5Bsy6hXNlDXj4C-KdXj9-O-ypX_H_j4c11899p_GyeLW1I2wMe-eixnMmWGpxOHtEnldxHnlUAg75mUMUaUkuSi6r9U5rdw375TJO_wKsue30_9d3wp3GfzijcivcgT2Nj_-bz_nj2GNTJ-0IKyx4CSnyWRWzuUz88Qr-swCP1kQtHOFfS6oC2FvFLthz1d87YRzR_o4s9J7Re-LM4l_S1dV5djWfsjRzX-9MOdwhDWmTPEX89RCTRXhRw5lSeKaIv5Q0pFKwCpBH1DvtC70-X2Zl5w_3o5-uaL9mX67DGLDpjWEy8RL43LQhXQz3FO4TmgfrZGIvBRsDJlM4K2OPq-uaq8yi_i6Y_NeAGaxfM8SSqcah32H_zKzpx7Q56-9ywOPs1dakiVzBECemNd5TpMngnprir1zgRvCz84aGM0mcwIGf12LHNenvnsWrnQ8hx66QC4-G0SoJI33nwD7wYlYvkzxYJWzc8gZ4ClvCnojsXc7H51f-rFRmaxHSJXCQFVHLisNnpX7WxvkU71PASCGJBJyU8L0DRzs4FgD3aFavuNfldUn81BZNBhpD1FwWsNczj19ZLle4BzI38S9KzsaeyEWV7LTXY1yHd_izFYXPz0FDTPD-dAEH2LCWqFXutZDqeQe8z1dbn3RN2HlF_cAB2FKwDrA-45YgPvqpF-fBiEg4MyywBdy5gu2yPjcri0eF3sO4TvDe75DHwx6CCyq0YlinS9B-uGYreA54_8urL8O__5R-uXILuPdVrAKXTsYWrO-sKF_v3iUygLtlugTsgK9bwA0DfIyd17BmrYCXJY2oiJzD_psuiZrudO825Qg-q4_vR68XvPdf7vUuaPQv8LsbPyjw362ucV9kfw08BvSxdRf5gUu69-vETwsKQAjfw93r3T_cAtxtqSOAu8I9AxhMWS0p6kY_G8X5hYT91oIOAA1ZwJ48-J7r4H7uhvjGxeXZsO6ryVlcjnHNvuC-i2DtXnvPUVXDuQQcQ66nzmuu7zLkwMuGhAA7DYHzTADLpvCYebkTvp9tYidaBw2a25-V6tW4_xq4HOjDbEQ6G7D8Yoncn8C9BlCrkonV0iYFDRTZRJ0vqRrvwv3ZsC72vTbstSRqgT-0tqaThTV9vb3A8R4HzsJltiKMLpMry-YyUHjXEz8CjVi5wAc8zgJLwJ877gUJ5wQ185neC1oPAt5MP6Q3ZxM4X_i7cAyf7Ze_ecwrame-7rksgb0yrTiuFehEODdw92UrIesa9kxF5UUNa6d2Watax03j2fIM99dfwAHaQnMjHdPL9DqBdsTfw377MPz-M56ziX68_1rny2uIjtfBnupswOBFC_yoI00Ea0Yc4AQ1YVNJJV-TMHC5w3c5Xx81Tp9hTMXXcU4rLgrUC_258tP69XCmA51c0nBa0tKuAF_WgDPAEUE_-HMJ26KjauHSJuoAg_H87YgzOj490lq51LgCGhHODZ6d-C-NOZpL6nurgp_BfcZ_TW-HmMxquxjwPtcJdGQ0QhzmHdKxMWjszKagPWCtLFw7jH-S5gJ0FoXrluy2X-A1b14v7jSiTeaKcIY8D3CXA3aA1vLHK7hnl7SzHLibmyQnisvrJc13-qx_9LE25CTv0hXy4VLj6bq_gyZ2hHHcy6gDbg46b9EmPgfODhywHHf01faDVyasroScLcnEcohPQF_NYQ8A5gIXTq7sGnhxl_gYG-cK1nCXNdrksn7usbXP3WBsF9ZGxavJbFgrt__5pHs9jVU58P0ArhYuclsO3xllFw0v7ZLICs4MnBU_QO1l8xz42055AZ37grvpZ71P4LMP9_C4wPj_neYxcF-94h0jwlQJWWkORxrkrhnsWQ6YMUU-2_JmXmO8kviiAqmy2x653xvxsFZSxyZQY1bXkzmuSYM5JuBz9autibsmOR8lwNNAA60JcDUdlwjx3q3WtLQ8osgIMLWDx4xIs1M-7Q-NKagBcS0GrXNXjl3ipyPiL2CfjNeIL4TBc1JcoxhjeL_3MfB3Q1w3AE1Zta-th0QzqwnyEQYaUo1bgfEuRizUQ5gTEXKsSDgruZpi3ne5U2xPa282K_X6_jycuZtC5x3UeIR52gQxGLQraEU1rN-bWzOKWsnPAIeLFZGpA7rJprJSMSs8vM8Eq2tYKwlns6SKt4daM_gP77HfSDms2QTzuXCmUJPrHP4QJ-vjPq--bkRlcLcL0NkBnEu6xL1GnBlo0Ar23GKVYAxdFh5x5sB3LnbS3p_PMH6KMYrN-QSMh-f78mr8xwM8WNic1SVqAyKJxiiMc8GaSIyninAOGmpsIaYnu-Xd_sDcWl_LoX-GmvInfY8Pa9X_WRVw1jvyunoJ9PUMKDvGYWrYC9lIMIxHFDbsD8XVUooc41hiKXbjOz-6JqjR8XV-ivxMETm2X4_3wJ3izGoqM-DKC49LjrF3BXe8x_PIBbnT4dol4QVqLUl34T2X-vx0GmtXfa3PEtYPcPj1Pn9DS9DOLWhJGeeZRxv8_Oc16CLA1RR4H9xd-VQKFrikwft9J973le-tNvUKmxzkz0MODp7n9fRTB_ehJZpMwUs0CcPcy7zpOc5YAaYsuZM5QkYO6EQF99EuZ-Xauiz6PPTlr30tWhwPd_AmDty-XtzOSYHnRx7mHokPuwLz9RJrYCoHYy1UXmCMBe4UwA2Z7lTHAfvmJsL9iv-_r8FDPeDqerfX47ueAD0oWGpjrQJxOMZXlrRJ4Q5dVmRiVwnDOG5hCdDTCdvpLvlda6FVH4t7Rd1T4ufh-UXNr-xGDHcFb0AbM4rxE7hbaQNnBLQ8cFe10_4vEA-b1_t-berMJQWdTyZWS5ppg58V9vIq8c9LcmVZArgmfE5JQtrQfKf4WQH_9jddC4lxkj4_NuAjfN_4Mx13fadz1JHO-UisJXV13G1Tl1puaiqxfmXzmu0dnJ3fde1lqfUirGv0erjBKsXzFHgGvG0VKOSfIiR2jHF-NoZ9dAHsNLAIm9dCFjvFsG_w35bjtc5z9OvqDnx09F1dCzzmFeNyLfULRcOgA9wA3KwczAlRuYB7Bf7ENWpgH8JepAxrINI97LVoZF2ONznF9_o7xZpLjCNMMdf_K9635evxrvmS5MQleMcC94S7ZUVz0sJauNQ_B9xZ2FRlLsea3VBUZBfecTmGf3tTEPkHfuZFhPG4TVwuHr-lfWIDr3ATRkbwEnDXYIwg67jDVzyfVpg7S_zA5s0M1AzouN3iTpt94vb7RPW15Xh-zvq6wbsrH-vshzOFdadvaa28EvgH6HM4V1eWI3IOGJNZxMHc2bkUE7umzbSE_ePCPlvvB78jb3Om-nzzR6wlOsM_766G-iL9HLp29w2tlTsC7g6Yu6wo3Oug_SXWwhPMzwOnEyWulSiJXKwTn4Ju3onLDGsV413X87ie79t6jwEGfVmFF30vA9Z9sK99D91bwqdZDWvjYgwlZlwJRkAXzWtS6poj1IVWEs6WoAIaCvuN7FKTtcEnzYmCYujv0PFg3buCGAWceHk91G31fSX9v-fv39I-s4nE-sTxCDgzaAesfchs2gTAqSJXn0mVrrkzrXUcV-4Uaxj2GWn1mexj5z_jvupzUqNZeTbxok2fjK5Bivu-g7eyxxqxJP68AW6wjvPAxRoJmoMW7xD7oxbuRcD6YET8WcmbzN4p57LZY6rnoM0KayXi9HNnrd8Sf0wY4JFfYM_ViqvU1bWhYeRp_ohxX0nWBPgjzVPg5rTaA39UeO50_xL2oKwmf8QsektnysHaGNJwF3PVoL8wFwX7gmOevwKdtgQ97pIwXSdYO5rvgxOQTp8prIs-m5TW9P2KYG63v-Pe9TURQw0tcMu3tH9Ae6y5AryW2KdD-xqa_ALuuwp-nq0E420C-wl7wIQc71RbfL9_zvT-YXr_TMZwTqP2La0JkQTrYFyseUj8bK1rQGWG-ac6yfmKyGhEMM6nFsCV5nIfa0KpXpMS91y1mmRvaT0SNl7zhnRYE4tnB-PiBFRpnEcj4N4rzZNY5CR54MF36e5rPfSZQsy9nlxZ0_SvnnPjYz8NdVVvil8DJ0zXJOSOuLI6uKsxlwI8G_cQd7DFiMsF1r-uhR8AFu-DXxNLf-YrzRttrCtargaO83Xd3tAauR7WUgNHRJyxSHjR9D2mwYqzutL1-42oac6BJUbY37GPNbJ7bP6Q_rmaLN_SueLORUMU3E2swhyKhTlbDp89zkGHSdSwHDjfNcZURyTMduphuT9X-u6G94aceXXf_zfRmqzPQw08EHPcWnP8rO-vqzfEAyXGWOdLEk7LmNGmz0FVI8xBUTnH3kHgy2N9FmmIMaJ98MBP-Jn_OPq1a-YNYdma-lEXs4Wb5KDTcrokV3ZJfQ46jXj6XpPzpe4n24dOU5_7OO7Ahfp4rs7pWf3aIWbFfS0tb98QXnmgVbOW-oDbGIcMcc3mFfJquOvWBPPDrPIwFslBjxC1jzjAB71WsIatrknHOus3pfOxTlgshZwCR4T7zkGdP7ZQgxFVrWM2bQjoMzh7Nsmj3fo8hv1D_V83Z49-7V34gI-Hf39zt6nL6Wtrf8b91A4xlPe6DvnKfUN7ym05W0rAfId3dgP8sdGxbSfQOSPgmnj-bIzFUWdaUbkPfZJaeAf2--nntH5T-ykDnk1r4EU21g5gHQ7ehQLjRlKUcZ6NhIw6weCU-alNn_Dh2H4_fexjbRrL_7ivX3o7e8SrgB9qDQJ3Gnz25VLHav1qhfWkmH_jTtTRHONphSf2omFTGz_z5-4tr4sLPAi4EKtL4Eoj4NveJl7GWdGJCfaaYb3jvNTx2WYfeaHUeZAXsoZevPO-B0R7B7QYk72jD3wo3pQucYH_iBrj1AnmaH2qc9QEdCzW9tMrzK8RVzTTWtelst1y1P2aMX2-pH6M9vNR-rGaF_2FmPBe9-ydhR82azbUNb2ldeuov1yC7lW0tBwKmg3WDc4d9ltHDu2sEfLyhF0DLvFONPuIzbK_uedgv63wMylcP-BJP9_75eh6ubcUp5V1RbAOJJ_VwDEdmqfYC1r1Obqgi_O0A15uYd8jx56cfXAE9ofmTf0afRnyAW8pp-Rhjz7wacCr0mopm_b-Sj5ZYY4yudL1MW3CIpX4hcfZPuIDmbvRvkOvHtx9ZP2m9koTONhL3ecj53DvgZbL51iH63JFbPTBQU1MMf8tp8udevk3e-Vax9p0_35VvqG1wDwsO5eAzQ7yHsrw3Cyxx2YJGD2KYV2IgvWCu406sDp7Wgtr-v6Nrgd8Xp9gH4mLvjeJj95bxMGecuD7o5hdVBS0CPUr0P3Reh81D1TGvf7SdZcfv8ZQznTcfj3UIf2iPR_oUJO5mrhvKa4kWGAlYebo2GweWJgTInIJeq2wqAR-7YB-a6IRzQMP9P9OvQBDXMkZ9AXTNWpvaQ81pMW6KsoWXpzzTnth5JmdoH8bow16YVBV2CScVglg0E5eQZs91Oc3vosBrYbev7sBs7EGovcv-9zHkd7UfeWu4X6GOwtvaAvuqWuMq5U01_UitcD4LdzlNORrzA_Bfb-H-6pq8TP_n8mmbo-sLJ5p7t37uOnvez14QXbRpGgBB24J8LHYBy7bVa-XI8kvGrjDPPTooepa59Foc4E-bgrPIde96JkL2h40SrVbLFfniYqir4Puax3vrvtYR_l6tbBwPxcjIhcj0GE2cGPNl7EfaYjtW7qHVNJK-Jjz26mXdom6Qfty8d4b5e31h6JfUwUaAnuJIhd1A9xdCnEn0T34cJ_lVPdKEifrdru7HvgMTMY3w_l4P8TCdF6oKKtCx8TKMWAcWn9gPCG6iVnwp_47i26BbyhSvl4NPQFdQGTgCFatElZZVPewBcABLyrs0ych4A8rnCQMRlwudjtDer38wUfyo65zQU_EG11j9fE1vRC7hM0wHtaRDr1PsBZ4XnJdpzfFPnUXfVFECH9n5-WO_UdPnaOfQVOudO8R9vANddbau2nj8ftqd_msFMDzhF9gyMWG8wVnCrgw1k6x6xK1Ammm8Bi-FqDbd_P9euTRgDXm59-uFeqpS72nNv0XN3--6fWTwPkUd4TMFKyfk_iISbQiE-DT4QXo0XGH_RuEZbAHF-5OmPSD69d73GJcbTSTZ9qT-u2uX0M8zOULhlwIbjCF-gzuPMB0gTjFZiVgmENDWGeZuTt5LF5uYonok4w-IniW9fq0G3z56m-rfTnb6IJ-yKpXxG8ndZBHo_eXCOF8Yi1Rk8JeW0qia7IjR2AfDNbnOYGzE36v7v3Mf9Ke4LieWPfQ11r9PPi6as-e4mwTk8UcpPZ8GnxX1OC9NniJo6fYFO_MMLF48Hp1ASpTIk9bgTFaB9YM9VsTaJ8JAi8rkHOz1KVOgN5Zu-m3f7WOP6NGQU_MwRd203-36dd8PU8oIdMW80lY7we6DmsCbOFnHaxdSRRoP4c78Du4Q-Bx_o5rp7WvP6yZ9ik51-tzX1t7e9fHVUbp51fk5dyZV1QWDu3sSoSk1X1bfrRK8jnmUdCHYk3CzE3YRU13q0sqB_79XvtRnPWeYVin3uvgn9PBfxt1i6_xa-IPfay-zksOHEz3QOs8LsZXzkLymrFs7JvgDVkDV7aJ9hqNRgnGoPTPqhHJIwvW1QPs93bj8WyoJ0E_E8yZFOgrdtH33uB6xa_p0-dR7GlU84ZjbBbWBfeR9qdu5rW4siV6vicM67LP0Wdkl31UDfMfdD_fbQeaBt7f7dk9F8Ce-D8j0DGR3mvt6_leSuw_mtdUnTfAnwBdtO8levS6xL-W2Jclmqwlio-IT0Zip_z14_0RBXPrk2MhB0W_JOxDet_HlaqC-Fz3KH2ZvKIniX9RUTWXCYMzo2aNjokw3gIWLwGPVlhnLPyFS-ViLWSxk5fhn7SvIdL98TEpZh9nXz5d4b7Z9Ih_3uSzcd84r79vZkvB5lI0KWAI7xLdL5N5es6G9gqqugTueZoj3zzfzcP42X2jY2r4eG_jP3F5NW6TPv79Pn5FDSwarDvP4L3YDWcC60TRAxQ0cLbWXvjoNeYEIxJGHWE7xZK-wZrzi-vwbBVN5MPY2lnv1wLnCnsdXvlcoce3CMUS7mzAXtC72vcyGKHXAGjfFeZehX9RcxYAHk13qk_f7lwFbwCPzxvAGA_XKM6JEughxYoWNC72C-n6RuovawG8GWva93lf35-rif_M3nl9TMacKmiJNVXVivhRizXHsF-AH6PvIKyVP12CZAcMOq8JYNRh9s6Td_nrY3JzUSc4L6ARwG3GLmlQ36cev9KzfmCNCOitWSPC-RJ0rXWYuxy_ww_DXCytI7w3gsmgR9GDuF7i7CPgutg_7FKGvYrjDjDI4Qp9i_maqKDlcp_87wEmnyEv3nhBDFyHjV_9XGkPHGfeYD0s3Ome7pFhS9hHwAXhrIHqtCjqrZBjzsx6uXMVdK9_rgIL-6iA79RxPq-1t36ejtAfiDjYn1coKsetaCK49-FO3wmT5ePYBPx_HV_svVfPtK58vTNkgU6oiJ-1cF48Lhfa1wL2Dtzj2Rr4MXC-yCZ54Ar0HJM78ZqbIf98pvHk9eIPNfJXuEukmFjwPaMmypx-ttN1STq7gvvG5ljXgf0au3G537SX_Rn6YA4-MWe938DqDGPMfQywWU1mvafFZj5gvPFeK3G2wOv6z7lYz-pRBRoJ9VJOZd9zUKFeKtF7QIRBx1nqwJ-gp3aK1zzYI6QY_GVdnD0Bj9deH6RrNad7xXsH7txxhxwFa-Phfhlpb1n0WGrgPp7AmfGXJdw5wO9mVbJbPmyF69F7CCD2DjUZXNf3vrO4-jrn5RXvYeJXoHuIJ0prTfLesxHjUnDnrnV-2a8bIVOF_qXC36ku47vz9Cdi_vRd-hn-XmN_IdaMv2KdPEE_IPTguLJa9EnCmgPqY21zjXEqh4S0Epir8S_gHt6pP2f1TU3ua9dblMS_rrA3Aj24ia89SmzeYL9ptNY9Ak3kAc4qIcVyx94k2ffTbDTNkMsDjhEN8xQBXzuL_4x__qI9_2Pd-_6L_hwTt9jMq4xZ8JrYCmdnvkRPT4Ge1DIYsCRdJWHa6f7TfFqDrnZ4zlu6WwwzG7iR0rxtU-sFGLv82p_kvp5OXnSCRS0Jsf8o84Sui0tbjvUFzXwZ5xnoQbqEO9lDX8tkt1zwkB9SvX9n7yeF32c05N66fu7im8AUjMmN4Pu3YD-MgIt1Gl8V0Z6Wfc8fb4VflyTEOVq79CiH9DX7rkgOt6iDdejEpXpeU6G45qW1rgUgoaiBX7hcAdfY6fv_uY8V8T_05476uTv9Wux_9tC3mg6ef3jP-t_99bU_UPsB6bv9l6-zkO7X832fg9efRdcyPHyNR7_7TjPqdVJEzSScHay_9ZJQ-7_bRGJtE-Ax3FdwT2EP00iwYE2dp3nvB9Qy9_OAde_Muw8yWMcy8lBHEF3DQTAH0One5Pj9HVn1s8Au9Xe2qXGSQ2_E7bfP_89zgv5m5i6e5VhjvvZkRL0-K7qnZzhjfWesokHfbfN9f3N2-e1z-L6XGdbfnTH-3ZrNhjtvWKvwA84BXdE-XnGn_SjHP2lvc41jOHcYazg2e_5nxDlriP1ovv1d3OHy01CT8MRn3fzuewy7P9-4P--G2uM_-9oZOAdeu2hqKa7s7tPoz7vfcuwFG7f3ehv1Tz8_oP2b19evMTwnfi498-ebzzMrFNYPZ20Muh7X8wce_xhX-nXezOpNNN_wvat5puvqv_n5k_92PvTlnW18oz_05wL__fe_-zYO8_A9-9_FjJpBH3w3a_3z6r7OaZj79ARePnoM8Cn55PvXs1D63vg_7uddIOeC8997rPQz79J-hvXHYd4SnMtvn0_j3rvh9wPOxTff7fm_e-_4-5vV_X4fb4mFWJcHXIK0YmKhd6WuaRQS_U0DW-BcmRzoEivWXBL0ZtoSC7mLuech5_z9Y779jnacw_6l-3mo9xu8-OCCXF09h3noE_AeOC_G5-Rm7TGPdIvnXuvK_hxY2MtH1PjPrTkBfea---7OJ46uUVDYO4PezDizhowo-qf5OA-rrglbAKe5WCJ2PhOHe_5-vf_OfwTv3s1KWFONtfqz_nG_h-Q_nc-v-PPkZ33m3G7WiuNz3-jvFetRHpzlz-cdYGIdf5x--b3x_sRcPvqIbGK1T2Pqk68xPCd8rqmub_zm84Q-7FtY5-AOnv8BnvzN47_Bp36d9T0NvFp7abQf6uk81ffNNz9_8t_-3X31_e--vYMevufvuNkzd8cH7JHig3c77_umnoh_P3oM9lo9_f4HTYHrc3bvkQ_7x_0Jzha-v-fx8wms_wdMxuf7u_eOvy-_7vcH6wX78RncfHAur5skxPmoY5zX63CFNUYp1v251Ed-fr2kDPAtDIC_YA_T0-fyKa7X93taoN_GNsEcm09awCNr8J86PFae9bM2V_r8a63nbfyEV5v5rNd9zGDo4WBDTYJ-_PazUQxXPEKu6CR-5RmueAiuGHXHxhW5LNBXoeZXwAsd9A7OFHcwrrmUycSWBPMeqJ3zQAn_6fjL01wRPSYwnrPRzhxrIIaa76-eQX2u4_C6efDGsAeuaPdzQJ_yGXmOW0YjevXeonL7euvH8ZNv9uY9T8L5WFgrXSmCvdeIg1iLrhajOA8snfvPM9B5i45gTV8TPT3X5Lt4zfdn4Yc44Ncz-UOY-s339fQ5_IavPc01nse7xa_TP7G3b9Gc_fIJ8BL2LOyrzV3xDM986jXucRrwDl_j28_DyU-6hnTi9p5sP_D4p7C40vfml5nUfRDjn7J63nPwb37-1L_9Ow7_D3fUY1747XfzFT-f0BKPsAh5whP3-d_j1f1d9zwGDvM5n-eUT_Dfv-ep3-Po4_eu1-NpLPxAn-GSD8-lD3czYCCcTfQPWeuZGH29SYm9NgLrKfwx1qWvgVc-7cmK-2Hox9IxUPTkUS768a5J-ZUzwr2PntcLvWZ6n9zqWpIn_u03390_5kjSvr_p_nlGD-Kwz84N6Ht2WN8T1nsxutHQv6m5WM8tz3DmIJELG17C2T7nZHjkEfJIm8pIGR55kJjjsfFIi6vrmjYcZxJXxMc-xHnFcY5jLhrYj3UScsVZ4YqcO8_VjTzDI1ukhURWmCNu6dW4o372Bf5rXwQXp31PbR-DC8-1bkbfmcfYZzjhCXBC3H-GEx6IE7Lj4oRUpqAF6xI5IdbV6tr-cI4eNJbWus58yRkHvMvsBDjKFpwQOGS0usc7rDu7KjqixhrzXijP_AnPHDzmI_xd6lkbus5XYowyNTmTk8iZAI8fm5zJQXIm1ZHlTKqOsuuKMJxDTSzSoI_9XOpaG-2pjbWPogbcw1645pk51E_nTBjssdLd6F8b5_vQq_f2sO8OnjP53Pcv3OoZS9P7_19QmWmf19sOffW-jQU-eo-G9_1P533-uE2uDO87AO-zj0znusBQFMceevTyyAOF9aoC8DAJLxqCPSQKOUplJyFZc7lNbQ3qXP5I524438vo3BHupar3BsG5IF8QTx74zjzGQMMBT4EDpmtqOOBhOKA8Lr0rZDYCTBtpTywG_Ef7RaZr0LsOZ8WKK1ElcB6TkOKM8Kf9Ip_LgUxc-0GNNT72Bs5_C3A1olfVi_BA7dmO_Yoa-zZ6F3gh_JioYJ1MqmJTz0NVpjExoqZ-5gTzHiphham1Pkz9jHNkfBDOWuTpuPCVvRQNzsPDc0ngXBJXzxLAuV2AkUQVrXhm3ssztdboo6JA6wEuBi3mhffEA3_TuEj7WsHb7-sGB2_QwS-jG69pqbUOt6a3BfpCLLXGTYuvNdbYrzq2k977wNRUnwQ3DFoduzHccP_ckBXHFR9sghb2mpXA-YsZb4H_4ZzLhpd2SfWsmVlNGwJfz3RJlGiemfvwZHyQALbGjNiE6Z6TFWHBnvjgX7jH3g91ge33NYI4L-t9MWDtz5EfoGfSR3zfTafnS2x6Sc7i0tdYoNe9fLo25hL7b4f9EPmF23vobD9DwcQPn8aptxw_hH3rmLzxYfLG9Mh0NGhmlwOWJb7OoSyJ1tGR9qAkkq9AP9cJi1zKrhsqp-UWOho0ufuIL_Zzcd4N_eAR6NWvGPRKXBLe49P4yHyri-VcAn80mHgamGjqq019tT6XHGdlyOuGK-B3KvDQY1X4mFcu7F5LX1R4JklI4PzOqn-PicFraei_wz077vsDDeb9T8c87LUyeWSDeXguJQHeV611_7FcLhPEvCZtccZBkmOvXKb9s4hP4VzO_h0PlKidx9aBMG_IHX8_z-TSTxXc73_GX-trCgJbC_4zfcenmzeBMwr3eWfw7yA6-MjwTzRimfiVy9GXJp8tta--kwIvmZaULVYCZ4yGmUr8wKXN_Glv9Gfwj2zwT8cOx93L4x_2Po__jPwIPbhag3kni3k29ReOyRUfpEdOHVuumMjIIcDxBPrnysFLWHtNC_TmrgHnao6euo4oBXvaQ_aZXHEXS50jWesciX-oHMlQL_P9zLHhdd6j1xbwPJzLFsB_o95rgWtv8J-shz61Wkt-QZ08uY9Rxo_rDk2v3elqZYrz30x88DBc0T8urkhksKbsosRzCbjp4myzfpZF5SQ-zp6MWprPGqJnxhbdNr12yT1XDPZVZ_3DPPFrbllzxEVfe_3YuxC48DBvpTJ4eMJ4SOTCowYPD4GH3dHVYvuBleQpcMdghf12pMP5R2IJ5xLnmcBZzVzqw98VbZIwe3r289N4qMiDfMnr4SF5gIeP6rGfrrsuv8XM4h4zL_3AG7ix6rlxZOoTT6M-UZn6xMPUJx4df2RRx1WlRI41N9OGAI9Bja35Y56tiBPZIp-WRF0vCfz-X-HlEON5LbyMVWQ938P8Xd7ZcMYT4IxUVsrkmw-joZMjw0DOUjfxyYiEfEXCwMG6Qy4XVpxflBy2K8mJJVjaxyfDef2vMBB79l5VRyMOEpNvOd18yxr2oUtMjvkwOvnYPLrCdA137Qj4xyphha09uhTOga0snBOc-MslUVmb5IEiz80JfhLz3qWfVdrGOFPiq1_Dfd3Ly_i1vv-C-Rb8Pqp7rbzBy16fYKzw81CXqGcUc-3h0O9hnMUa3xyMB1IWuaIREnjxCtbYQ2wkcob-aA7WuQsJXFsF8N2QkZDjZ_zRDA_cU93hmhgeaPpPMHbIKo86VBInBX5SoY-NTSV3gAfWCcsAJ6s1b1IX9uaayHRLTNQeNqvHXq0fZ0vkQf6L-BZe437-8z5WiNiq1zG967AHb_IH4iT6Gl4ebi4e4NyyEQ3p-v7tqp97GsJ6S97R0m6oA_cNWyiirhviPzOL0PBB49XwputvovbI6m_WXNVNEqbaV4Ew7d2Fc7uBB05L2tkl8BKXN7OGABaKZ-YRP1l_A1wNPfw3vtRfvWz4DYGz_0KerVz7MGhcBs501X7j6TXEAbVm9ofn1Vigv9u7w3n2W0k-rQSsOy2B46jUwbnhCcN1X1jAC0EfR5bwq1aEwUiwZ2bMGDzcBx5aeC8bPDR4uPK9pWimUvioi-2lwFkObF4SJwBemFliYteYMyGhqJKQWEMe7cfx8ArwUCEe8sd4KKOX0cePdbH27tfY27no9fqHwUSDiRtMBC5g5uGZOSaIiVWS8xFnRQd8zhXyGmP5HsVYYc4dDpgGHBF45HhNw7ncmiPiv1cLwESs1_46F4_urV77H2cpYwxtPOwlu48fqo3PP-ZMZnptaI9v_fPrmIZ7uJqZ1APOXYl-9pWiuB5s7AFHd6lKR7pmRs6qhJ1XnF3Xz3mLm5qZvfi92sbz_1CeXuPj8vSSxE58vqZO2sU5d6mDtWw6XugK4CpxTjysq6F50NEw8pIt5iRb0_E6ZsM8TazR2sQLX2YW6OMaGZ-0ycTwQMMDkQcubMMDD8IDj83nH7CPALaREXA2RwBHwVih8KMVzwOPXlkj0YBWZhcV4gfJn6npeNrn3yIqGum5yGyYi8xedNbJ4Of_ax8r7P-9Xqf-eykKogI7Vll7wDmeBvfeEO6ZmODBYoKj48I9ryFyPILz35EOeJ6_cHXuEo4QcEGHXNklaYJRAnIIMMtOwq3meH6He_QVcC-iz2vcyI8s9Pcn8nB-XNSvSxHOKo37PrFwljQBnItZMaL-AuujMVfskXC2pE42MnUxh5zrlJl5nmaepz6XCdyxCauXukesIS7FHmNGsaeupSFZUX-OvqyKy_Oaq4tt6qNtilyywxnvwTDjnbzQTKcfi-0B7jmDFje4Z3DP4N4p-RCqaC3yyKVhsKJwPqnuC8E5JjVwvWxFG-BtTI_6aBK23AL33qWVj3OMsScjRS-PzYxP59IHHCxfZq4T7Kcr6xI4YNl7y9wNc50e18YUNuapL69MHNDoYaOHDxgHXB-XHgbupgo8d6B9LayFqeFcOtQPVry5kLBdO6rIOkE8wzlQTrSbHpYvq4dxpgrAWEcPVwttcM3g2ing2pHlN7ya5rwFveHpGU3OtMLaP97wVYI10VeWBVoMMI0o4qc2zbeYY9zXuSgisy_9fvta57K_2U27znQ3HO_UsZAYLDR10IMvqwgzl8vIFRMLMDFd61yvDFZJyC38GXGiLvGJomouRZ7tlut9YY536cNr9zOLD-h7ZWr43k4NH-mIrEwN30Fq-KrjquFrZpIy4BLNtAFMG2EdM5xLF7iGS5qgjXOxTNhiJPzpkvppt30N3_089K81fKU1-EQcvI5PYlwPHvMpxvuo__s_5zoezflMcSaeD_tTr3vkZxZo8Nv-MV9wXc9xbh7eN_AcDvbVLY1WPg1-CPhs-KHpCcGeEI69-qxYw7l0iRpbGAPkDs6lC2zYjxI4Yyvy-ZKzyqbhFvxwNcmsKSlAK98RVa3hudf78kmotUeWwn8_1p-tHHcU1jAujf41-OZ2mIcznjCH8ck6tllM1CcOzUGr6llMokavJsqmNei2BrQv-rl4QhauYNwR8nyb-ZsWKS30WHDp_vxRZwPmWQM-nkf6rtX3jYL9cKv9oXsMsPU-nLSFdflB88N4Moa7PSrwDr0t3ftaaF1DA99VobE0Opw_Khuvqbqo0R9QMLgStC_WOfpieVQSnPvnEIU15aLksjL-qIesg1Gm3-NAHM87Lo7n2sDxQLcWDp5HAX_GbC6TMFtxuejgZ4pL7HGbSiqjNQ2f8Wx6MgaYdqCTR8QvHLhz99jr8euwv9mApUGB8Zn-zvmQ3iLmTT8M3OYj7kUS-ci9fDwHXc8DAf8M9p0m9sG-Nth3EOw7sp4PF-ub-_xEaa2JJLD88yZhZJUwsUwmdiXg3AL2VcQJOtpskQsG7KNXL8T_dB0fxh4xLjkeAc-Dv0fr-5lJ17139J32PYXnPJwfNGj4YETyDOd-1BTgB3toiPb_qxzSWS1lXKHWF820TJjxgz7k_M3EzAA5UC4kOrJcyAVwt6olUsB5vJAcjjxllQJ8K4GbqZgFNvXPK9C9S6IKt_ci-LFcCFUpYKf7EjhnsOx0sQy-C25qVkzNiq5ZgbPYcOBX2KdLGzLS-V1WrECzKlpaHvZYCT9VvI_rbZOTWFqXUQdnekXUok1gzxGsgdlXTve63wP92YbXxJ4L_TjtSR_p7-gKZ1zq-hWcn_bAr6_XtDqOx7jzNder5wfD9_qrXrfD1bkEsA6LtWA4zyizdF8gi1oBd0gCOAhn36a6ZvKi4Q3W_Jg6l8PVuRRrM9voQLONjqx3F-7FjvrA73A-cENLgb27IfC8_KIBzrcSfmSJPHOAs1hJvs08zHfpzfWkxB42a3rzYnhYI1ZPb4t44j98fcvg3UnjnWPwzngV6BkezUXJcd65ilYJm9WId9SPupiBvs1hK6iiS8JgTdQMJ_C4W81yG_IVVAV7zFV8GL77j31N3qaGz49caxrd4ux1azouYj9oo8G_ftnB_gL8g3-H78fkaU84VwH7w6KSmzjeIeJ48shqmmWmQPeue817DdyoAE6S2fzKLinDrTeDM3shiXNR0jwaZrv_WBwP8FT1cbzFGvbavuJ4bPju-zls9z0aY8Ba0gGnywDH7qzLn7FnA3RtBPq9Rd8EF_lfgx4vg49LzBYW9q_dTXTs7yLq66P7_cfhRxJ089f-NhMjPL0YIc7WM3XLJkaI53JEfMDHhri8tBvCMpzvUaEexjnAFPFS1iXJ5zVn04Y-N4fsybwu6UAH3uFcb-yj3Ntst7NBC18PNcvf-1j9rvt5-xxIimvw19W4S2DPxuXYI_BejRY-CS0M62vyuofhg4sj44MVaF04j9hPkKdWkmPvqSjhXC5JyL04D1zagEb2zxviz0q-RY_bt3xwj7PNn-OE91gX9z285eBjsMCf15184GdldehXVU_03Lkba5oCZ0ztWMcKsxVFD-eJBfjM_xx0dmH44cnzQxfOt-GHh6n7s46LH6IHTNBxRlxxhXV_cHezeZnk6HGf2omOKRYuz0kr8mkFumLbHHJBQLsOtc_r_Xk9v8N8cd8XrOOqh_MsNTHAtxQDTBUtTf7jEPkP6h9X_oPDTuBO5BJGkPOstWdpE7gxKzou-Qo9XEjOPZHzDiedb5H_GFF_vOnXWO_Pq-U7zCq-rp9-7p4HHq731nCwt8PB4E6JlOFgB4nROUfGwUqupkvhBx3O2038yMPeCyEj3XcG29Whfl1TJ_BA39pCPtMT_0N1fMHevAU-rybrwXder8ftxP-6hvq5-zxvNJHf1PYB8HSV4WsnwdcKLzEe86ZeBflaQzrepJ6eIZlHNkdtmafA15aNaIJVks8lxUoVOW1ESJdb-QtInYdok8n4hvqbv4OenezLX_4HuduP-QqYOpaTxsTIop3BxINg4pF5rpAG9Je6aAhbrGBfeDgPB3ES5w0Rlq6Ef7EEjPS4M68SRux_hYl-sbfc7I3Gxy_pCvs1cI-BVrtFDt6fX9Abn3Fv2H1NCmoQfI6s6DHvrwHvNJb-on--6ePAGuezjVcp9tG1BWhw7O2A_Rj9-XVmm6l5Pr08L_ZkEpPnPUj_7pHleRvu6hhwCBo5B9yUOI88s9BjmDsYr7leEoY5XtImrG6Ev1X_7le8BB5JWJxW-5pPdKlrmN_1WBjDcwHXiT_gvu3P8Sqc4h7RuGr8WE6XG8q0NXrZcEPd3-Ffl1wVNmXAPZQoCehl4U9lnE8bGmarJJwtE1a1SQg4qK63mUX5ML_hwr2K_vCWNY3-3FNdS9F7TWke2MFz4VlXuHf6zwt7Sve7ZbrO5XNf05fFoItI1-r6FdPjdsp8D_aBXxi-dxC-lx4X35PEpsDruJ5NlCnRoF9LoYCjeJwRFeczCbylpX5qARaOtvKuv_w1vZGBRVaTxQMsfHG-91nX9S2KoXZPxX0t3y3gofOAhxZGA58yJgL_VgYTjYeV7n3zeEMc6mR2zKYS57VRNl_SK8TEyAHc6OA8ttzhXZJH6l9i4vUbwcTHWCjZPRYajXyiGlkFLTUeCEYjo0aWvBWMWHgGkzx1sV4ZkLHUOWW_WAk57mjDO8HqBnniv_N82dTOvEoehQ2epjbp4LEl1thM1nHvA_gLYnJ5hjU1-jvzjDfgSdcUdnAPjUxNofFzXvmexL5cLrmN3oBE67VsTeFcJn7q0Su7JnK6RO1G1Rg44lbzioaaQsCZwdc52W9f3I_HD-Nf-7uKK7iD_z7XDM_19X2z9PbR__cDo69PWl8HwOMzo68Poq-PzFumEQ1nlStAx4G-awVe0yx1cDYZZaKJGbeQSxI_6uDn1jbeMr2-jhQBnNnMRHot7Lx8gH-NDB7hYSPTPw2XPGkuuYa9abik6RHGc-mSkI_03KOJ3QBPsbFHmDepzkHTK6tNGK0JGys9t5Ft0SMsIzjzi6HuJgAc7O_3PeDgclgL_TzoJfN1Psj4fj5IpPfQuMDngedTw_nX67y8Mh4JJ4x_NlGFmQtnZv_iuVSEzRvqBzYv7SXV3qiZi7N_E7_qKM6FY5nC3EsSgrbOt5mNhPhXDfg3Xu_TU_rm2168iY_xbV1jTUB7JvBayZXWsO2mXvv2rN9TPa_OTJ7lhPMslBHX5FkO5LVwbL17cOoSdq199LXPqu5TAX6C5zIPMKY4oj6xCPpNh9E2fSqKYC2i1Lnmdn-55m9788YF8Kb7-Uzo4_U1tzJGTuXEDGNt8Pkkh9fQ9ZAF7doRfk-V4XynwPlAFwQeMb15h8C8jhyZvwz1gZupyhYsW1F_gfOUbKyzjlnVob8gV6lDcM5IQzrBlnKr3ryHODQp1mQ1uUIfPz2TV6ZtH1M8BAccw2vDftavQ-Aewph6cKs5FWANuWrhfaWojdcJ7Hn4Dt4DTkqNk-q2sC6jFc4IjWH9Yga4NTH9KifNEWWkTL_KYfDy2Py4SEisJJ8uOWxNrsY4kw6w8wLwcllTma04u1iKMGrhbFrId7atxbn3dQDMJNrbAXDzqiou_aDbY-_K93FDH_U-ziQZPPqnfwwe_ThHHfjbpF1hrzK5evB3_LkPeBmPv1jx13l1pq_llHPM3KXS1HAfJsccHFmOOVM4uwl0dYs13MTBHHNdUn0uCxXnoqZOBlo6AKzkI7HNHGI_cl5CT-PrfJNTcQFPvIjq2sSfdG0O_tmvHfx_U7d92lyxsg1XPNCszmPjitjDp3CGUwC8cKZ7mzkbAx9ZVjjPDu5hJfyFI1gBOCa28QKzgX9ZQ-9K-6C3uaBXbYd5oQr2yOXBcixj_fp6fh32smjMAMxFL7Ch13noc-79-nuMxb2La6kiX9cGFcAj-x5tv-_FuTS56FOOS64paBAz99P4KPY6WzTUn0uc805kMBLoe53jnOOgFTnHn7VcTmsiuccb0WzlCzHp45JY99Bjp9bW7wCvnBfATnj9f-qHbjWOAi_5qH1laX8Oep8xUjzs6b40XjonzTd1LsfMCz2Q3uZHprcvSuKnDpXXcE8HCvBkhXNCgcd4gi28mFFASjISYdQlfuTS7XzD2m_yOR0FXZyo7JYg9k9j4H_78hF7Qofr18c67TDG7wG_z2FuVDrMjfqj1-jtI7_FYa4U1oG3A_9497AG_Aax9kE_uMHTU8fTyE3MvD2DpxpPI4c7IAFyYmsfRoUeFMsafXmAg3qYLxFNsKZOBhoSNO0WHhSUBetNb8zD_HjkB7cJPTyePsjV9HnvDn53he8Tn4Ph6_yymV2P6_dlMja9g6ed1_ES409rvHn0uVyMqFy4mOOO2Xml8zp55mHdOHciOJcF5nMAD_k6YdV6mzmkVGaPeCbW6Az6fB37-LjJ1cBPDoqLD726LR4UGI9cISZgDGE1zDDV-Z_W8MIT4IUU69VMzeRh6sTlccUmuVpKyqYVzwmcy9mSYJ24IjiTryXAUYRP3CQkHs-nkjRp9-_8eIJv8jsHrv957BsBOIizXd7h_sY4JcYodQ0lvKdO9-9ctcDFxrpm6EEN5cbHp8MY5x38p3Pj8FZNTdApc8cK7jETozwMdzy22QaZIipVidbUaStyrAkiOCcLvW4RQy3YKy2VgYO-32JrX0edW_4NXur72vMD9hx-xe0bK8IcJ7znprPWRI0xNvnpa2wS78CBVxo9fcqYaCdsYTDRxBnhXF5IIivAu3kdw_6jIc4OJB7BPmwfNHY-a_TMjBC0ni9KskXe5gEmFgOf7PZXL_lzX_MIzyOfm4uq89ygX7pRWvtYE6T0n9TU-pxyrY_C2UXGd-IgvhPucflOeBVRC5s3HDlgS0PMq2Rrmkcr4IMOubJAOwQORetDtix5voWHYz1lMZxtjN3AXuvwvyhoz6gfuFFor_aipWWqCEOtDtrZj-C86F7DYnMHa_9ajYm4pzV2wrmB7-XqPLuag8jO3IPFDym7rgjsBwpwhLMVdQ2VKlqMU1AfZzGSEW3SEVeLNWh518QPDzojuqNm3ovJn_Q6zAKV5VJWgAbmFm8C0GF0CVjnUpWNdO00g_MqU9SPHd2mL0ZmyHNWREbAZ9Br55x8YIGd-HvKmfwjrvl49xR9L_WhuJxXJmGGOrUU6M3LpjVyOfSwTEKxhJ-1Qs4qrugS1qMTz3kVGS63l7ptIgnsM5MbMT0v6U9wJiVlEcZ7V0LShgDnwPqYGLgbYeNV4gMncYDroc4Kgy1yI669wTXUaJiDoJ3GNifxi78AS18M34aaw4PxNiHHrpALD-MACdAm9ORI_DHw4nqZoA8RnGW4MxzOlkvBnvMhMrxtH7wN46LUYNth8r5HNoeFqMzjDq2onrkiKt3PpxYuYJtEjQWaCj7TohPhdCl8soX3A2Ib6bFNczbQvFca2-Bu5QbXDK4dANciZTjbQXDNPq74m-uKZiYFqzrMwRJWwVabV-iByHNRg4ZoaBgowUBrhYEn5Da-1xgbG_e4JgHXcD_vyfOr32O3egaKrmOB89H_Hr73Mz0j6hftY8MZxgS03lxdh2Ef_xt7n3LrcHE3hzukIW2Spyt4eY-iR1CIHkGF0nE3H-6LkOKaK6LEMzOtDc7tZ9Y8aBFTt3yYuJscH1ncbQE8q3KImsFZnNZUx92WZYK413A3zmf4sxHoVgn_lVv1x_kYA7E6WBMFe1l7CwIGXePn2VPNXp_X6nxck1bXIw89bXg-0HfmEeZ1bsF8a00YcQzWnQzWOXC3GawzdXZ6pjxpMqwZGcU5xtu4rrPD-cmJvxjFeFaVaIiTdoRdVFz9K6yzB6yzXgrjNLfUOEGe5nYqGhm8OxG8U4FFca6EwTuDd3AmhV-MkpwAHp03pMG6YjiTE3spQHvGOXETJqqEwZ9-6mxTV6zxjqWPdeyeaon_Wcdues3CMMbz3scUYP_fIr-zCFuuPrGD1cwBF-YdV2NPTLAWsRphbIDn2SrxiQXYh_eLxR1aw7oq2jxTm2PyrPvIs1pEZui5a2J2h8hFHFmelTbTkqqFLVgBZ5FW2IMmZNHF-UVJHbISDcc5D0qg5nWGWXw_6tuvgjV9oGVfjNtt_AY4B24nh3vn06zsNrmQa4N1p4F1wKWDzvioHqim5Mi8ADl6iocXS5JHgGvzGjSsTZAKsWLEJZxP0GEJm2MO1qYqU_8S6-y3g3XcS_K-PvkwfWA442oqiV9XcR5YCVusaD7DujmXqBRwb-xyNZOg4zyiyLNc2fSB7aMPjLgUZ3CbXohD9EI4R5aL7ag_q5N82pDSLilb4AxOOH_VijNu086uqEK_06yjYWbTPv-yRS42cB_1KajgpWpL-rWE11mWeN6He2cVxn0-Nm0vFbFM3O404nbA7UaAeSZuZ3pfrQ8NV6C5XCGFjFngAa5pj70EeyHkQgH-2ViTAmdzydV1vU3vax-3K77WDF9Zqv_3rx63w74O2-DdaeAdUdXIeOcdCu_S48I7OS9JOG8Ey9Yxw9lIWIOyaElpecShoMdoQ1imiFysqZxJum1e9lu8e6k8hf-QX5INv-yxThb2pt_W6Nn_6Xo263D_GT17ED3bHpme9QSbVVxGI9LZDQcciBHbgOMlOa046FniwO_kfJnks4qEz3huPKlnESPHX3sm8P7u_PQzfp63UGOsIqNnT4XfybFFTN2dqTHWXAS0KnAN6ldrrLsTDD3WLkpR2iVR0wa2woiGQUvyi4pIWm7ljdx7b75W3R36gc6WOnan-Rp8Txz5nZf41ORlTyMv2yV-1pq-MVOD0vuTL2sRzmvgcHAW4QRiP6zkXpxHgE98JVjhcVbgLHOPAi5u1Q-rQENoLZkNWpLcgJbbl__xznXG6E1q-N2J8DuWtYbfmfjd0FeBfmktRf9Cxluq-Z2QpLNcwXBeBQfMixzCFormZOh33YLf-dlDTbsmk5fWtH-btxgRvzZc7zS4HtwrZGS4nuF6ugbPIcBIIith4xX1lyV6SVL_GvjIUvsVE7VseENGlPFOyPoZPvI81wPu-EDXBugb_Dt6F3--hj_hjuz_3NM8tB3rVRKWmdztqXA_VWANvOF-B-F-x-bbWSA3cTjjLt67lGU498wWvU97ix53iX8Oepijf6dMto3tseirbyfuafX6eQzg5y5xTO72NHK3kQ13sMndHiR3G6ljy93yJrUJO19inpZKWoEWQ5xb8TxyeWeNEiaWHOuR4bMJtoUvu87dBt3D-F7S__sX8bm7W_Xa8LZ7Mp-xJmphPAROhd-Z2N4Bc7fZkfE7nH61bAQTMs6nJXUi9Expkyu7FP5U6toVOV1yB7hdTpdbeQhofkce87uXrFPpuZGKV2GA90__-4-gb3sPZUAbE9c7jbjemjLuGR-Bg8T1jo3j4VGoE39aDbPG1prjgQZLWGHT0up4nq7hbhxR7csbbcvx7Ec5XLanuWM7xu9A09rE1COfiKYldsIq22jaQ2ja4sj4HYHzV1fA8YDfzYDtjeFcRh5wMY-GvI1Bz4o8wn40BziIs21tHt14RL09fgec03innAy_88emRu9AeVtybN4pKuiEzCyha-iyDmv0AAsanLlAGr7C-X-0mdekoSWVy-U2eVvqB49r9Pz0BWN4k-5prOMqMdzuRLhd5CLWGW53CG53bLE7btHmQgp2rec6U7xWWbVGb3cqC_Q7XoswHREGWKdEudVMRYYaOHsYu1u_ER8Bh0hTj3civE5RFbiG15lZZL0nXuHyJnUA27A3YoSztLiqOuB1pc4zsGnFYS-KnDhURested2alI_6zLq30ncBuG7mWZxKbhbnvpvauwPlZo-t9g79RRbA99EjJRrpeRY5d_TsHnkOP7uouawsIYmXhIEjtvGJYhlyuof1x-oN9NW6xtv9ZLhdl_jcxOzMDO2h1-KiIvm0SfxghR54HDgIVcQG3HMF8BLipy6VFyXJg47619VW3A591B9j3ct5Hv9TT60frQ23OxFuJ4HbKcPtDtNXUR0Zt1s2wq_WIhRlzPDvOnanaGcvk74Wrwada9Mwc2gDDG-bvCz6kdEJ6_MUwVCH8mK-x3gvpdYUsXjyMRrwbKVrU37FPdLptYbHAWbMremX_vGXcG4mmMtYtMT4wJ9ILiMdwZ73TC7jIL0X3pHV5a1xVhn1yYiUNvDA6wp9kDlQL57TCniLRSQgYR54WGsimm1887hNJOBN97jf9sU4INxbgIULwOq0hsd9wTW8xzP9J9azzPAObvAOg8fd0Ek21O111ODhieAhcHWT2zU-ovp8eTXP4Vw6WStKu-Yq63SsSmYr3oCOwPgV6GQhIzsJsxHZqk6ZjAbvgTXR9Sxjq9eiRXupqpfLe1x-QJwDroi5YP08js77Yjww1uvjGdw7BdwLuoSljsG9g-De-shwr-LoiyxTF457A_jkYG2LkAXwwKxDHij8sUNC7oKmBc6Y_hvc6wbcU_0sHuJcqp4vvzzuabzbPI_-887kP04i_0Fl1CZXJv9xkNqWY6tZlueAefOaO3wl4N7F2pZEz3usRsDzVrQJLI452zz1BCPb1LYoqrKv8zEmVkuv-tmy8Lx_JS_Xn5benE0K1LYNamD9ffi4f6x4hTHCfm0N3zsJvucRuXAN3zsI3zu2flzAJyGBa4wSnN0jF2vge57IyQq0LuCVXRE1rZM8UMRfONt5rtzzPfuhziXoVVreOi9XzzyRmN-o6ORTRHEde9wbuJzX50gM_p0O_kWgWzKjdw-Df9Zx4Z-H3io1VfMGsK4W7LpEzxWRB4B_i3VfBxNZVFUjzuoa9NkW-Jc-nhc0wXlByP2Kjlzdei_Yq_sA_57JBxvNewqadw372KOm5u8wNX9HpnlR32LOgYSgeX1uA_-zcW4o1jVT7D0LiSf8yhH5VFJ_MdpC81qPZ2kABvpR73PHqu5S8ZfL_T6M9eFaa07HBi5X6byHzgf3d6-pAfwfXwNIWgpfsakB3H8N4LH1swl_DrgGnA7OIAV9lmifAg76dwlnscB-NqwBtJI8cwX8_d_NEgpa2HN7i_Hd6Z4N4HkT_7v-jQez2taAt-pprge4oAzXOwGuB3dLujYa9yAa1z0yjVsSvy4T4Bmks0shiRtjLoPhuQxwTm5NQ_gT9CpgnUecbWv77jVut0f_eFevLeyNiH7ruTJ2KPsOXw13-5_O3dgY1jwz3O0g_RtH5r3SzJYiDzriEBtnYKAPHs35ml5ZLvAP-Nm0JuyiwjivaOYl_dczbyM1zAa6xs-zP90qcZ2Bz46L7_rSHryWyUX8T89FpDaVBtMOg2n8uDBNLkaJfy4J9uSwTPMqirUoE5zzOK_jnHhULtBXD_ZMXW3jN2BdkgK9lgdcU4PHyov14V6iv4vifbxtUh2Or8lsLUK65ErPh6t4iTPjsjbOp0vqIN8F9ivHFpXEJix4JqZp-Np--BrxEhYZbDsIth2Zl0oD2klVLZWIOwXoROy3PW_ExC5pjrUhgUfgMfC5FJF1s02_LWIbUYvB950M-YaXmu0zviE4ywJr6gDLLg-XRwXNe1Fx50KS0lJJOMM8tUXhs_ImGCF3ow3O8k0dolDbL0xs7bB-xx3tTB7V-OKlP4lwWiVhYHOHYM7UTnBObZ4izq3RVyAJaYUecoB9HmeF9eN5hHfpTTe2iArWySPeRl6St3WJ_9Fg2-lgW4c6ITE1IsYXCvVUnrrA4VuMr3EFGAd6SjBux_lFQ7FuJLxYEqwXyWdV4qfeHrDtxWpDANvgNTOjSU9Jk8oItYfRpCaHYH2QY0fIaQO4NtKzF0OcvbjAOjiXssiKcz4ijKMH9ppK3iX_Jt6GdSQbD3f2QvW-k2JNVNQZXDslXFu4ZqbsoXAtPTJcu6hIA5jT0CZmHDUn4Nq0oVd2yWXlxDnoKNCrNMe-L25vG2vT_naT1_FyAs5mEWk420lhm-IeVSZHehBsk8GRYdsMtCYtAdOcmBWjhFWAbXyUTOylaESNPaZEiob600b4oE235Wx6ZvYrzd0B3gYYY_V1u-2fh6v_AMzPZ5LnpAO97QrNe1ObTOB-YNdY2-YA7rXUB-6LPgXK1H8ccFYs6IrU9OIfxoPTPq46XddFjyXuzCTtLAf4R6Xj4DnmEKYNucJcKYX_-IiyC8C3LTznVhMZ-Xo-dvd4fuL-ehP-OU-ausTkSU8pl7CmoBGo8Vg6RC7h2LBtJOSy5KroaGdL0kwl9gYBt18leao4eo_kkQdczkkQn3K-JbbhrJ7A7bEtGjzXX8pbaXxDWWEb3nZSvE3BOtuGtx2kv-rYsG1N5Dn2jDrI24hawPLPa5IHq8QfY9-jjbVv8HsLc6nC38JDpOdtFmCZ_Yi3vSS2ycgz2HZK2BZ5oEk7g22mdxTOV8vz1OUyUsmVLYV_XmNvAu17ukdiYnkknEsiAd8Q67bxA_6KbQ_jbXDGXyzeBlhdmFzCKeUSWKaIIiaXcJA8KTmuXEITdcKfAqbVgGl8hPVsFPYHRc6hilHMaAV8w-Ny4dIwtei2uYRXnQMGvE2N14a3nRRv6xIzz-tQvK07Mt7WETktqV9XWPdBmlShJqWsWnGc31VaDvA1mzsXS6rSNWjTf5FL2GjS4OU1qRobTXpa2OYSvzB50sNg2-jIsK2ljaiE5BYpLUvkEXqWK5JzwLZIAd7VXFKsAqlFmCrez6bdBttsjWcPa0D252v0T5rUJcxo0hPTpGujSY0HSK9JiUucQNGQjOI8s_FOpfm8gfPpAhZZMc6fgbPLZQb_f1o_583zt_Vt_qvVt3mgrw22nRK2KWInpi_B9CX0_VYedSKbY4wiv1hySVaom7B2F_ScAmzrQF-thSy6JJyW_Bk99bfYdu9_-7L-Rs_NT4Xnv8H5EUarnpJWDTpYZzNf5jBa1TkurepJ6kcdaS6kKK0R9tODVnXRX5znF8hNLKqKEQmnSwGcBDTtv6l7s756H71UfmFYS3idZYnnffIuLvu5hkRerz6Z-t5TqO_t4G5TxivEeIXoGaq5qIhDPM6ylZCiBi5mwx3roscs1ouQBtBNEjfJow6w7l95hdDJ_fzol-V3ej3xdfgdnHl4rIvzbCzClgbrTgTrYM-NTC-DwTodY1JZS_PIpZgnaMQSsY6yGey_wsUYE_y-Ew23hJ-phInl9lj3YL6B9rN8qT6tb-ZEw_v-Uo5vEj9am7jdCcXtGB8RMyfrQD33xZHF7UQlGtokLOvQ9y0JAd9Y0dHScrnkKmYLOJORRZvUE2HWcrnFrAWVovcv7GPeErXYF8bBv8fnv58fM9ZYd43cZzP7ediD8fiAs2Mw3jZvBPBh2sxL7QvK6iXOFyM--hYULgFsI35diyZ1DZ4dFM-UiccdIh63ODIsq0Y8zxyB8Vm2AB6Bc2Oo1FjGMsCyZZUwMqIhzpeJRnybuTEPsUxyPfOUXPmao8d7m_UM_x554v3sGB8_6znG6jezTXvd-QX2yuHm_HHkYbmo6ZXlwDphTNNOsN8tJC3OUUz8Yg0atU1ywD__mdpCo0v30mNPZGB42kF42vjIsA01p6hBK6oYtanCHODFEvsZkpDWsBVarqoRxbPKrstt5sdobJPR-pW5WoF7qlqhPnUNbzsJ3rYwM0wPk0dVx5VHdR2iIoc784p0tuSMtzjDNGHBirPzJe2sEVULj6vMI6zwiNyi5lcuLDLBOrixRfys21tOgcf6-TfzmkuqMR9_dmZ056ngV2b6sUwfPeIX0GI4cw7oI8CafoZw5vImA_zKPF7aDfq-cUaXNJ-WRG2DX7oXa0VlgDW9XY9l-9Gbel9j3B_4c0R7LgbfA3A07FHQmhN-H_f1vXSi4tUkG_ieq7GODs95pnkdrIPRpCegSV3qV0aTHqTm99g0KZxHZ1YSuQBNGjiCYT_DRUk7uyS-_tlIhKhbZxVXs-U2XuRDvS_stbGDedI98Ta9p79o3LopBh5whvsB1xswrot0vO3Xvh4kxn4GcmdN2YCjEvXseHhe1cfnJtYBZznDOqa2aDI7ZqLmEr3e4T7p52DjHFk38S9KzsaeyEX13AwLU_e7l7rfETEzAQ9TH8KOrD6kmZbcoUvdRxqmI6wPEXKBfQ-NaAADJXGpwvkwqUrCoab5h-pD3A49Mwne3VgbUlrtvrheU1or0AYF_vxOrzPWwYUx1rvBvvD6mpF3Q55hNDxHVViX4xZ-t8Cakbob4_sz2vYUtK0cm9pfUw-nzyWR04bKxYjkEUAG6SjiHZuXcT6tsN-UO2lLVaqID6joRM_Ubv0g3u1pjtYOeLc2eHeSeNcRU_97ELwj8rjwLgm5osDrsIeV57MKPX5RZ8UM9qDMVoLN6sQ_r2iTddQvup3wbk-1IzvgXWfw7iTxziGlwbtD4N2xzbgnssB5gTXJCWjXuhJXwO98Wsd5ZOsZDmxZC4kzoK8b3nB7F7yjr493jsG7E8Q7VoyowbvD8LsjwzuACIs63CU4X1CRliC_wxpytqwoA42rAvjdsiGMltRPt9SzxWN-N_HTikV7qqe7WcWwJpin0Plrnb9ls_IMzjbmMK789DPmkKeLgkji_l1Mz-QsTiFnEVkJM_XDh8nVZseVq20Cm8poRBwC5zL1uET-IepkYgPGjdcx4_B7KhM_a3mTetv4oSPW9LXD6M0UwX4OCmsa7KvW7rf4ajQrSh9__ovufcBzwr9gzZ2t8WyKWDz5GPnoV6H7_H8a6ovPBlxDPliQw_Xym_qUt1Of0lHjk36ourz1kdXl2cThcPauS9h7DWkIzu5qdM6CLRwOP6Nh5olmKrkqWr6NTzrOzOnrirGH38L9_Ep4903t8WhTr1cQU493EniXgNYweGfqkHUdsroohU9c9NcQMnPgXI4IHP2ERQp7K4ikNQH5Q7CuuNlintf3eLcvf6b94Z3hdyeBd1Rxg3fGf1P3jWFOgmANMmJbPsW-izVwOziX80qUlkVk4RDJOzy_vK-v_rd491p69nm8kwbvTgHvEn9h9KzBO_QbXnJZ2Ji7TzCenvMRnEvQrcGKS-JR9JFEj16HLgUL7KSPUf54nyzOjniUuxivCdXf9V2k84_v714MA_u646fyFyZfewr5WhmtjR_nQfK11nFhnushtgF3GxGc_cWmS_TJFf4CMC9VFGtV5NhLwnRNnXRE_R0x7-Xqj9E_6slchcnNnkRutgVeZ3KzB_F2Co4sN5spkc9LwTCPulBEn8uLJSlt9MYdxTnvqCwUQc2liLutBye9utex3Yvq2L622HC4k-VwY5eanlnTM4s1xmoqk5CsacNXQhY4m9BO_GWN5zLxxyuuFiOcC0ZUDWezWj99Lp-suQPOh7OqH9af7MtP_Z_r7W58omci9n4BH3uvdbw_TC7iJGJzsOfMLLDDxObs49KpXpmEAvTVDGcbtEmYwbmcSyqjVcLGSs9iZZEr4O-CLdbU39LD7hudSl_OFwCom9GpJ6xTQXdkRqcepIb42HTqtKLA0wibV3F-UWmvkzzzRGmXgG1tnKcj4eMMqwVo1Fo-N4f0B3Wq_YI61TY61ehUo1O__X5OrzeMsqojrOhwxgMNKR45G3tiY1Z4ghH4WdCJMBolfjDialbvplP5C-pUbnTqSevUYmR06iF0anRs-VSb57wVrNZzR6kCLgfnkqtqxdmyxpnVCXAO4KaKSLEU_hYzq5_SqeoFdWpndOoJ61ScXWJ06gF0Kj2yXANXRPGc2EJ7080q5Bq8ydw4jzyBZxRnkcqqE3IGZ7Zq_z2HS3E_w2NxhjR81-U7fYb3NQ-sKX-gRu6Z-mCDeSeBeR5Vxov9MLE5clyxOTkGPRqBNqVlzC5qnCNPGXFIZ8F5xHnT5yV3ItDj5yUJLxqx5ezDB7G5_fZ-_aNuDYoIa5D1PYHvZ6TPmYnNnUpsrlgT40NsakiwhiSclSLkgHPAOfzUw9gcV3pudcUZgXuWNiKcLbVXMVuWu_G6_Xk2_WMdcImzXmV_b2CcS5-zLyY2dyKxOdO_b2Jzw7lUwCkqIska53xxpmNzFnfICv9OSrtC3BN5MEJPEziv_zo2B1u_JXuLzf2jTlVGp56yTtWz64xOPYhO5UemUzPQTpEHPK2OGbH0zDAWAZezl8KvYCtULVWBQ0CvEplayW461Xo5nZoanXrCOjVhC8PhDlMH3B4Zh_PgrrOpWpZiYinCyDoG7kZBsyY5HwngcFxVI5pPpYD_gQ7bicPRvfWr_kCNnOFwJ8zhCtfMAztIHK4jRxaH401gAe9cEx2H4yOMF1GHd-ifjjVypJk33OGK51hDkm4zL-KJONz-auT-sX7ExOFOOQ6HfQ6GwxnfYDyXHeCOzRno0InVcUac3leuWuF5Fagxm9RDjAOM6riMduNwLxeHGxkOd8ocbuGaGTiHyaUeGb6BPi0cEl4seWl1VC1a9AmmOfoE85ZM7JKrWYkcjzKxpHI7n2BaPvZFB251tb85h_-AcU_xNx2fGz_y1aTGO_MUOB1oq7FrON1BOJ13ZJjncLZwkzx1xcSuqKyAj2SdaMgq8c9LUoKGVdzl8HsqieJym_787zBv_TYwLzCYd4qY51em18v4BffzIJxpI_Jpw69sKVjQau_MEOtJijVgngNHpUzyi1IwUW6HeZkicryifW7f3Zdv5mc8__D3W_2Z0wI12q1-_F_p7QRjdvh5P2KfPs43fIfPc1u68DhyZ03Z8NwSc7Dj4dwr7AdDzDyYxm3-P3tX194mrm5_0FwUMEzbS8ciFAeJYosw0t3ezhmMMM2ciVNAv_68r8Bp-pE59WzTXY91MU86juM4srS03q-1hANY1zJP1kmxUrTAmvZOARYGkqB-37VisPboKQ68W4sXato2xj1FjGuxbyLsO7NeumCH3hApYSpdQzxbhB1qpTM9R07SpbAVqF5uU369gzPqAyb-few7kRbTkdgH_Gj-aHHP4p7FPYt7zzhfJ4locVYC_SBEcYueOD4r0POw9FPkgcWqRr9rqZY72RzTQ_wc98KT4d499p7Buj_C3ojxXMD34TMAHCtNvRY-e2LqFU_aTBD3iTeW81nsO8zB9sz2pkzSmzLU486oN4WXXsqvlCgE8LzlFv0hmJZNAtgnebxPi7xNo9hjTdbTZoznv683xaUa52hFh30CbOhl_8_7Um7w7OO6f5PjvTVrYHpz_z2cAYN7h14Wi38W_8x8RUdVbOcrJpmvyM9rvqKhLVO0p3q1S4rYTwn2W9wpCeeS8h3g4KYDbrgVXoZ9KJq90G_xzfkKDq-7cDyscVDgmCearSjh53Dd4R7A_juzLu44Z_GLmUnYY73jT_z5N-PPmecCPupkv8hHbPNHjjisj4mlAU8n88AOGkZQq_6uwXqS0NfoSxQIncMdk7msd7fw7w71oJne-NR7gWfbmscpah4ds9pPE-FffV74p25VGl3XwNX6pFjCGYTlB7wSveMLxXDmzKPFLfa31KJYVS_1m72IfyQf4l_sTzbzRCeKgQ0f_m3sTX6N5-IXM2Nm9r4eudp9iXv5AR8Dfve4wJ6W3zBGga9YA_mIe6WftmfZ4t7PhXtz27Nse5YRv1rasIZ6wk3XjpdGAufOdqJBb9i8Y2tXCT33BZfblOwa-P6xeT93iH0z7HHZ05PFv9_H977KC36Ge6-Q98HvSabtZbYx708U824Cm_ObppeZnVvOrwDOx2UD-LZnhDq0d1zBWQXx74xFYg9nE3CLAScse6HHes5ROb-wQ-9FrH1QfiJdqJsEz6keYt4hB5gY7viEZdlj_xr3PryXd7hXXo95wRZzf_HiKd-3KtcE4t0BAx4Wtc0LWow81EU6i5GTYKSmZ4aRKeb9VOxIDnjYYL0MZ3ZzjXorsoGYNso0U7RNedYyxeq_jZH6VLzwa3wcn4ezur88reXTzwJ_fKqfqAEPRTLgpqmZ8IHn4_PXtl_QYuQnbSpqvX8sj0SMjBjOp3bCE8AjVzuBPFKLNimWjSTxHjXjWZT3Us014GTwd2vHVJv53xPhJB9_z7tDrmNVLkzerMW839hTM_RJ740elcU-i30j9lGXri32TYF956bpworVjqralwV87ORqi_wQcS7huxqwbg-8LpCR6FgU-imZH-OZ8QX2ZT8a-16NmNYf5uIeIK7ejXWRRzM3R8bXfj_G3tlkmn1SZYHg85lssr2MaCdwNq6gLq4z45s9-pZgfV2SzSwlbGs1-ybUltdxYGsnU9ROYn1mtZMg5XWfopbL2vEpkVXCbyvKa6xpdrRyG8pvt6iNIEnpCb05onYiXPQAp3rTDpovp6kX12-Hz36oh4xrJuYlU7lHK4Jrn32a_c00_O4y5SSrFwP-3d8NGIlrBWd7Oo1SvdtKIncC7hWhr9Bfzk3Jqk74tqERHMmGwl1JA1ks4Tm3L2j2W7w7jUZpbb00puF7_nnhXaAAJ5yUs1pULuKah3jHFOpbUZ2u3R3m8iTPfdQqBf53FN6l5Bneoc484NGH6XHP_wr3zB079ATGpIQ9jmsf7x2Rf6q5VBYPLxUPYX96VJW2b3CSvsHszPoGryuqwp41YZDwemY01YtQM-wbLHDrUY_xeUD5XSVJHAzaLt_ZN2iwCb1250YjBnXpY8yX3WxOpG36ftzrh_pwYny-Y2KwGLAuNBoxj2zI8z2a39UOj5l_m8_4jcFL2Lf38PmPvdVb83vMawJOTtZL7c_S4rpmze1WLlxFo9vKzCwCHqYRcO6FA5w77Kje7QQ-p3hBb9H2FJ6ipzBg2voRTdRT6J4XT_RdFuUt4p9EXSdien079NVNieixz5Cp25qqawVcZUuLY3oKv-aJbPHDeCL2zKB-lj_m_n41e3rQRv31kwZD-0WfIX10bt6NmgzEYO10uqmbADiiJwEXk4K2gHno5-EAFvpSXQFflAo92lPgiPCcnXjhPrJ1khPViLXoLCZOkis8O3-PlMeaEYbaqRAbX-2MR5sS-5QDf4TYWfArxUjowJ5ETdXvx8T6-oqrvDOcbQkc5A5rGwfeNR0mrn9jf24a1AokWR36LuVlD3Gyc6fKNlub_d0bnKzm9yOuYa4H1wk47cajVesAN-4TQmfw3v-wmHghmKjs7Mk0mHhusTNAGew7wMUu4SuVFsLEzrR3K9RShXNZUX2nKJxdxsPuGE83Z0l7pt9ntUJ8msHfCXvj5mPWnEhv8CVMhN9bUrXRzhL_JjpDrX44S3CeaHlDYh8eL5mpp9SWF14sBoqOaetrOU3-MD43DPQFxrJa-NjLYeaE-a6ha8TAqyrhcSB56ApFO6YAI4-YO36GgbCX32cfFnOfAn88kf4CH_eAO_TJfOqjqXU8o3AXmznnt4tNjHcWcMQPyF2Xmwf4_w3-_64f3o_JGVbE1lIusJbC1NxLbS_hFLXlM9OcDrZCYd34DrW3fKoz1F3tqYd6XMJHD_OUr3ZpEUIcPZ8BH_z--BiwiqoSuFf-w_ppEHtTorLdet6niInV3GFvAetsH83FYh3suwDwzvK-KXifOrO-aV4GtEEPOLpPke_BuZR87iZF3ElC94xc1xRzeuh95tHjvDA1emqa2NPEnfGinLH9IruZPPYd-mcStlBj7_TrmEVXgwZD_AhfP-Jzdv1nuUHM_9lY-GJj4Rw14SwmWg0uOJeyZqrUVFEvKbKW8RrOJXXhXAZphHrUmSsj2QBOdszL4KweEwu_yz5ATMqI2DMFPJAkWX0iPBxmQl7jXnnyUPp4mDWunsXDE_oB2z6Yn6YPBvDM9gZOg2f0vPCsWTUCz1wh_KRYVsDj9qxgivVuJfg1nNGyk2reiSL3Yc-4x_QGHvAsJhvjCQz7uT9RXm_QRUUtrdHjNzbYN3BhzNV9M-8HfC0msZ8uWo9x0VvudgncLXNt7m6aOeD0zOaABXqDFKIVaoN6Bx1DX8xCNhDPtoKH8FimpRI9hechXn1_PPsaz9bvWDel_GfCurFH-lOfn83hXUQOL3SZxTyrfYCY1-QdbYCLcIgnm9xD7QPaMOAloUc91GoJtSR3W9aErgDed0QOz2M4X2RqFTH2OHen80zCuHSc8zCPf9mzMtfwWvdjj4rFtEvANAV82c73TsPjzkzLSujrnSxWiqGWlSc6iXWJBjVRr4Hf5XBW45ahPiS5VilhzVE8rnccuvCx97c7mQdI8vpT_eGGZ3_e4XwccEWFsyGwpwcfFoth_3QM49bLbSrN0vPqI_Fd1IgTmkG0iZ6VGWy1XKeE7kUjgkGbDyJRfbujzW1F9RHe5fsFZyofeVl4Yg-PZ3XU5NtzucjVBp2W-f2gyVI_HOLQm0GnwM5QXETeLfZgD9oag9UfQN8inJ9wqJdprI-mZAPnUrRYY5ARahIIXyjhUMV2EK-69Oj-Ybr_b-LdZ3McifncjNcH9p58o2cYcDBzLQ5eCg6GttY6GQ6K88LBZrlDbzHgdruEs5o2qA8cu-na3eI5hMd2VN3BebzbpsCZjsVB9MP8b-MgvAfEt5nFt0vBt1hDvGzxbRJ825wXvqkrxfgGzmPeJhz7uOBcFtSXC3fLIpyVgHPL8TxeV7TJXHnErCxEykGiTL9wZ2ZVT6az_Pwz-ut6gzmLi7mL82A3tk_uEvrkYJ2zmdUBmEQvKjiznB16WwS0CHtROX1axLD8t7Xxho2QwzmaAtbRZlkB7s1Ec4RelJn92uinWXyO-IP__Y6zCmv4u7Pdifjc_5o-EYP76ME7zkf8e1yv33A_0r_qKbGc7hI4Xd7anrmJ-kf0edVa0yjXsmGD7gl68K4dVwDOJUXsMy_bSyW3zAvRW6NnTewd1T_Cy_5zzPuv4d2TNqjFt8vAN9sfN5Ev2pnNuFJyqyTqNhEK--2qYT32R5Qae4IlYB4lcC4V9agKfQqYdwS-oW5chzEr05jno9PqIS_K8kv9uhj9zIn53X_EC4XYWjk3zp6ua4htFc77P2mtTIN5qIOAvpzAbQHXjB9aQbVE3RgCdwife5IITdGDPQpnL-U7LeadRtOO6XlvY9kpYtlzm_kKXRnd1pJcq4SzRqoSziUwuYUTSLXxjaYdz_y0YFv0jWRH1CEopx2thv454FXVtDpOc-DTYT9ibHnDhp8xOWN8jf6z2uwf8UHbTg1eQc_9NJLFk_bTZL14lNcBVasd1quB_xl_NKHh_BexQ3WJd03NFLxfTlvBNy_Mn9hevJNoOnG4dywHnIID9ufGAQXfQny7ApjK96LJvIED3m2TAuJaRfeALQHVK8WavMf66hEcEPApfsIn5yae2BMjBC4VY-_fjK6_1jNGX46xptHfoOYTw9ncvB1yjQMOWi54CVwQe6xsT4rVM8FzWbqS4KxE2CaFALzD3jw4q8AF0f8CMHCWknyWAhbS5nYnj-KCm_ZHcsEhvnmJCxqNEx8w7_Zr7PsTsW_U-2zL55ywMXOz8LierN7boT8n3D0z2rtYG98m_FbhbJ5QmU7ROwTuJLhHXKqvtvA32nrvdPVe2DtU2xh5ihi5PC9cbCjWObqUzDEX2KEHBuOxjz3LKZxP7FlO-QrOaRzQaFkd08tCsX-jOumM2UuYqCn_FB8f4t-UDPHvGO-WN2TjwvP-gN91T6vZarsmQ3wpNo8T9rlY3Pt5cM9jOvct7k3S5zI7sz4X018mI6lk5XiyyCA2yz3T58KzmVi7DWodp-RK0UIC7h3ji0a7p_h0Yp1PzAs-cc-vfHEP_G_wzf1G3nCsTc8hTv48T2jj40uIj2u89218PEl8PD8vHqjmDsPaGS-7pJA7hlcvv27SBfDAKPPgrCrsfxHNqjG4doQ-HmCU8-N4YPb_xMbPasWfe2EY_agHM-Phf8Nrt37mtRvb2skF1E7gDAM-5hYfJ8BHdm79gWRbM1366JsrOatQuwB4YpDw7VY2Yk8j2TANcZzpic6O6Q8cfBcNZr3L7tW0fJGR_FmuEs43rH2JOlTIrRlq7uHz4TUX_rf4otGz_5RXLL-RVzRx1Nq5AVytnD5ZONpyyUvgkhu4t6x2_DRc8sz6bhQwFj5vU75qUH8PY2oG8TXc1QHj8Qy2AsSdWwVY6jFPVsNd8J3zcSR_yilOX2fOXMqf6swj5tWf1ZGf91QnnJYvYGo8_ntCLWaLhT8PFpYecHWLhXZW2HnfZJ1oIG6Gs5kUy1oqnIcAzFs7PmtEnxSsooo1TAmXqtJ9aR7i_4urEx62E8fWM4a5Ij1_iMnGaAfSdVsazDU49uaRcuO18SZR4lMOcvEZbtq4-QLiZryHrP7fNPp_9Mw0TGGPaeYh50ANzlVtdJn1Ds9lS1Vo9LGoFi1TJZzTuDsibn6e69tTdSKdhBe54Ih5i7aEOL-F39th38zjfoyXe7-jBtPax3TxVFd-eKpFo0YgsTXmC6gxB8D7rJbCNDXm7sxqzJ0kmUO5cIDvadRLgHPZGO1mVba0chXjcDU1OeDfXDOVH1FjzlxGDrGp09MnnhX2P8JX_HmtGH10P3lIwvYmOax9-cQBIUb-HfOBQ45wOm8OywF_Hg5I-XyW4v60MfCXn98FxsDA0RpZUS_2sc_a5Ka48OA-3jK1aeF8zlAHiqKnJJ_3x9SWGcl_UG35C8z7Mu_3nOcB_6vwdyAeGj6t0IcSHzP_fqgwbn4FuDH8LR_fDnvR4MngWTlwz-T3VWXu4tZi5gVgZopeqnZWbxq9hjOLmxmvHYjnWsnrvSS3g59FJDw4lx5F_ohf1d1OFgwgjx4TNzuMx5_iZj7_SiPhv4Sh8JLzji5mhueaOrR4P3xOyYdR1yYxvnC2hnIRNRSIb2wNZRL-qM6tNzEMJAcMVALOJXWNRhenWlRulZJVgxqscD7RSaSFu7o7anbv2YwKnG8zvzf2tUybT2S4ngS_54y4aXHtMnBNU0Itrk2Ca2fmF4J14SKE5a_dpFgq1GVAbkZ7xweM7pIi9yiPUTfQpSTrjqkNO8tXyKsM1_pQQVxRHbgzYMqJZlJ2psdFjzUQeL0KuJ6JZTlwPViTO6yBxI8xCT34irUQTeE4MZWX-HMfbT3kEuohHeNz19ZDpqiHxO151UOCGrCuTQHPIJ71gMO5Cc9dvG-FCnuxBtxr2JaSVZXysme8PEZb-nmNoaR6Xo73CHy2zom4HMfH3ow9L3B-Y-MT8ojnTMwfneQd1jsWSTXXFNYOe18YavjrTTt4mds83iXk8WC9fdbbPN4kebwz8yVnBHgdkU3KN4Bx1MG5EUpyrIP4DPajbCjwumyWFqwWfLf9e3Mj4SOF-xvj1xPl77bP7iWTt8MzZ_qhSfzASAwxc9nRRQ3_zvtn_9bP_u0MdRzL7_7h_K5PcWbU8rsp-l2c8-J3vo8-l8DhdqxyeqHmGvjdTOh4n5LMkZVbC0-4NMJ-v3rGInpUvwt96nfxsV_mRL5IH3DNF6OfpTPm6bxx_Vxz12I_31CThf9_b34PnO1xps7UeN_Y3N0l5O7imdVStX4hJt5Sm5bx7S7FnJ1iNWqpSjiLCa879LyQalsLvdxJ9AhXR_mFAM6hz2_Woq4-XTjdqTwu60NuDvN2AnDM4JL5PJ57hGym1QEMKgo8Mo2ucQamox76IgOucfSED7Encgd8wmPAhSlfNYy_4AlvudspuJsL90ZnZzVsz4nROEB_kCKHeBLiUuBog8YB9izXfRple0lij5IS-F2o4XxWx8WqFGK28pFCvAoYc4_YAmtXn67fBM-G0WtB7jHiGj6XD_GrwQE-9tPp7GFhsKEd-ATw4YGvaaP9khw-M_w8F-1XOjEJfUS8GPyAFT7nlyk1YQRq8_DtVqh8TznbppjbUyHwweUWOPFe8tpnKg8EDx24bwKb25uyrznvKLeaWVbnwNRvHUYw7476WAL2BfalSCV6F84q8ppVQ6M8YBpn20qHHdXXTJH7aUbg7icx5vb0ybDy5n12v_hat-Whf40YYGLaR4OJ8LOT5fAsD_yJeCBiWseUxbVpcO3M-lJU3UtSatkInXCsS6BvUjaDM7llOvRMTq-QipIlamK5L-WcvhPXTje3YXHN4tqXuEY28J_FtWlw7cz6iJvVDn3LsZc44XEgPNRiyXy6disayRpwrUePTFrEPcTBDjtC6x5rn4yIDh7qGcYfa5L9L-bkYP3-OF3-Tjk3A7494PMMvs2BW879ZIFfYw--ArbELfpgwt7qzQyFwT6IV9f-Q4zvwfQdR9emtmv2z8dsv65t_HoR8WvcDn0Dtl775X1yiRr4tLjdAu9vAbN6pmvgY7c7wLJ9SnYNq9Anc446-V4a0U4MPPZ767Ua7oehjqHjFjhffyotfFNnFSb_doVeb4b3sUUbf6VLoLAf78r8rt7_g_Lyf-m6dWPEReAi2KuHmqg2n3fJeFi2Kbc6BdPMY8TnxQ9V3Qk975lH4SyiJzCFuHe5E6hTUIge-KHDmuutRL0-T1biKH74FPfOqDppr96dwXfD8cIS583u3y4A0-Dnbd3C4twTzm1mTNUW5ybBOXFmOMdq4GW9UNcVen2k6IdR5D3EwVvq3TZJca2oXgLO7dAHpJPHaJJyCthGHcy7pENu6wRzF7OxRvsa-_DGOJhkDwv0_n2Hnz3WlDs8-_DZ_IrY5yTlM78OWItFbfHvovGP9oxY_LN6AoMmM_WuG0k2AfoaCdQTKJiCGDigTaaBmwVUQfyrYziby-oor6NP-NfDXtvDZzk1BnZUP4-zZ6a3ZYdnaPlgMe-iMW8Dr51ZzJuk9nFmGnwqdkWzrETBasC8hhkNlRWcT3crPKzD1jPAxFroux0r4uCo2ocC7vgstgUuppM97q-PuCbR1HHu8PuHOu_ubujb29r67iXUd3s4h11qZzIm6V9Oz2zWVio4dx51se4gCWCcmYEvgc-VHXCjvTQ1CakkyWayuVXH9C9THX7G64DLGG5lNOx-EM593teCsa_hhAZD9vvF22TUot-_jSjGxRDzWp53GTzPZ7YneaLYtjwznhd2sskA97JZAudSeMjz5j4zWnnXVcKva8p3lYQ_lRbCpUd5r31ZwwinqmFgbXZ-wDzT64LnusfeArwTk2ezGsmoxfJhfG21Urbn75I5IXr2zlhlOeEkM21nNqcrCcS9yP84cpJbhXO6gIcOxrspEfuUX-2wb4-S653wbusjOGHPOHx-6xEPeR38iJourv2g67d5AO6pBn3lxWv0IjrUecf4e2VyhUaH_p1Zv8k0Cpq4ZST3RRG7cCdowes9K-KO9m4lsNesyANYazctwo5F8PWF3ILVKDiFRkHo4ry57e-bpL_PPbP-Pp81oZ9GbAu8xKHqapfwvMX5XlFcV6JyG_Qmos31ThK2lU18lB4LnGmPVoiDgEs3CrHlX85NNkm94wNy-eU9Ylsfj_Hig_HTMFgAX_OXah1fxM3tJ-_eRdmhRw16FQOGD1oLtg_6MmJmFfaprY3YuRATM5cQL-eOaHLXxG0FhZg59GnlAKfJ_KRgNVUbj5E4kAVtj9GXZ5w-q41kzon4YYnrG7O_4Im27nu52KbzGbWaLlPEv_256VQxEgaM3zZShfuU5C018a8IUG-eQkxM9dxlartlmvpwJ75wLl_UdHGYxp6qsJtA0-UljHvKDQ4zdxvUnuy_nrezeb5_eJ6vp4raONfqyiMP00LV2AvQsrVbUy0bOJdwBst9ylGT2IHvi05GwhM862V0nM8u1WGQLrDXIDt9nAvn4JGZuwQfc8w8Gnp27AH7cH4NdUf3A1Y83A3x7uO6Lk0thmdY22kBwzv2tbeazQFebA4wbqmKrefGNNjonxk2erKRjeB3Co478JPMQc7Cmhg4S9yKtbtj_EoxXgaiuG5oc6Qm8xM2TpAD_CtstLNtNt79NMPrUrWxuTyby3MAk2aUQAzW5KhbilooONvmMvQW0nGfANZJzhTg4VZwGhzT_0J5CGcR7m1dGr00uig1eubenEjXoDbfe4XrOx_i1kGf4IZQ9KP8Y0KNeY-i9k2RAX7FwI-NxvyMVY4vId5NChFIjnlP4NDoz_7CmlnudhJ_SOsBPlXuTp1Z7k7LHdMZxK35nhGIbVFjXiGu7Rr0AGeN6CDGmgGudUJTfUTuDvDrneldSUnYwb3c3pD8CWNOkLvLjL_j28H_22CVSFblYn7POMlqnMWFe_XR6C_zARPFfEJvNFgnvtxJQvdCLevBG23jJXxbo9YNzjlTfVUzdb0D7vbCOlqudgquZjz_bFw6RW9KcH5xaRykXMxEBfutwbg0d1BzBXN2cuHWBpvg7AIvAe5xhPbUHvbC8l5TrrL6VNxsHyXm7zf76_dxPZ48Mz79vvUB734bfl5scEbk4Kc2R629R-xnwXUddeYtr7sEXhf71jtoGl53bj4brFg2gsee2W-c7WjluKzBWlndi4YC11vtmGIQn-Ya9mN_DK9jwOXQE5LqTckWxHzGifohGPhmqNPiffFQOmI2zmr8aeoXyYRekAx7XpvbGmsNtFkZL0imxT6NMoet3SYt0Bst84Azt1S9kN-0NdkTzePausNE_M47L34X1BBz1VRTd-g9jrHuUFNP7AV6s6LWlMq1UPAY2WhGXuiV-GbdIXSMpreGn-vnPYM9Ew_x64l6j5NVZXSkzJ36zvncCxJ_rjX3B-wFU4dIzGNAYDf7QYvAYCxyPcDfUY8K1niP9dvh3jl8hoshd2hx8R-Oix3TeWBxcQpcPDPtvUZWpkdMXzWw7MDX5hCTAd9bO4Hgc4zTujSSW1FQRyB-HqPDwtGX29cpiWcnyuPlA_YhBsLvqbCv-N34XBO_dWbv7dEbHDAE59CqcfbWcHEy4oBGHJjbOPcS4tyNY3uPJ5q9PbP6hWxCR0axZpHYA1dz0wXGuas6KcI-LTLggQLrFjOh7rZC0fb749zX2PexiUnYs7tFPh3WHXjgw6PJ-d-N2gOG_8WP2FMHP6vHu_z1gecNPSga180bzwvstzdjj8qrJ_x8mKxP2XK_n4j7ObS3eGj1qQAPuWhlRD3EPqqujRaBKJYKe8YkPkaoL1TeCi92gK_MjvIM16jhhzMcNfYDD31yqA3Kw3uqREurU2kx84E3A8_G3x8jFo581-DmAcMAE2I8f_CzD4OX7jMc1ONs70ejVWr54iXzxdJ6Edk-ZcwXblmzrJmae-gzSRuBPpMdVZt9irMOleMxL4bYVipGNgEj5RH5QuA6CjWSN62ZgVs4w318gpqIuccHrodYODMYZn73-8PzjB4V4Nu_AJ9dOmpT3d-NHA_u7uRu8bv5bPZDv8zDHbwX_KotP7wAfuin3OrST9K7rM-td3njCg_nB5ZVUjAFGLhnPPeMn3gT-0khG9FcV1Tljmyy4Bj_IcqBF1a-Znp-Kg2C38a6B94TpYlnGca7Crnf-LzovdFHhX14D59nbOoiA17iObe1j4vANyfldjZjGm3SM_MVb4QvdBlQ71YlfFdjHMyKsEedFcqv6oTfbSVf7YTO_TQK9TG1D4x3_1zPNSWbE8W5r4a52UFr1IlNvPoK96qDf_9TTzP6Tg6zttsRD1vD3Wxu7xKwDb1XbPw6Tb-LPrP4tWENU8K7bVjvtIyg_vJtJeEIpbxEjHMYwbxe3DKNGHfMnG3pURJjv8ts0F_9z-PWe4N76PuN8SbeL68HrzSc1zB_J6zNgnxaz6HX74B3JZ73-_UQy354O-whwIrW5uwuIWe3cSzmTYF59Lz4nDKaHz2NaJ9w0VKNunnxDDjIFrkI5rtYtAKet1LoqXuMbh56m92v5wHj77J6gXFr7KHGwA2hs0H_882pZtXKoYd5gb7gr8bv_zLgoKmrHfSU16Zewcb9bTRV7MzaJcysUR53Vk9-mhouPbMaLkVfoUIqiLHgXGYae1pSjr3N2wb42R4wEPAwC4Df-aIRx-jp9az3XarmLtPGH7w_Gb6Jj7iu8Bgtx7VzhzkO_Fxe4_f88XF_7FN-beq0T7GdjWMvII61ObpJ9FPOzScy74VmcL3cNgkPW9QNZXzuirVbCQ1xFt9WTGUOVYhx8-4Yb9yUAKc70Tzu_f5JW-CXT2sRl3iWgDd2lGwe0YsXMGao994tNl9oRlnudgncTeE8pI1Vv7wTTtBfcm75OYV6bFLJCvCgT0mu0QuDkhL4RqyN9zfqJjaxz9SyYY34_vxcVWq6GHJKN7yEvR6eSP8uedKC-vhsXWI8VzdhCfHwLFGhpsa_CD0p32UfFmS4u5NBCy8m8Z-ojfxcG9Tm6C4hR5fPUjuHMc0cxrnpDfC5wwoxG3qMS08usO84h_MYzxjqSHl0Jhq2FeqqoVHYHRGz-pQttieKU6uxvvDGaBYf1qIieJa2MQlb2M8Yp2AeEOPjzlm2xvPC6B0jnqMH2lvL7S6G28Fda7ndJLXX2Zlxux1rMkcW1zXq8KZE9MDtAgnnMY2yQFbujqoriFtzwLncY_oILSkVz2g15uX4sNdOgnXAWR5svfRCuBgNqK0fTFM_OLOZWMaFTosl4BHOgGWBQO0nvoHzuKzQqxvvNBYBL-O5QzU9gou9Ru-vFfCk2almG-7N7KvhFe2nugBwLoHcZXg-nKX38XjPABcwWu3495uaaYU6d_j-EjznHeKIYoPuHfzewGLfJWBf3Fk9gEmw78z0PgOIie4gblrVoncc1qAW--126I_b9GbGQc07UeAM2HUlX_LOeoGjJai7RHJ_yIOh52t7ohzch0GHHdbiYTH6Kt6M90eSfMJBwLrHambrpRdSL4X72dZLJ5lpOC8-R73bLVMZYA_do9c2-iumRTYDPtcwDbxDA-9o5E7ynWLARY7Irc1QG4oCP0l56LITcbrhznxAbRP8nA-zDPC8Gvs9nvIAQ90B9tB0XooNLUJPqO0WsF8BB24hZu8p-hIp6tEFxOx8qZgSHY1CH7ixxbPp8GzGlO3_mKb_49z06fKeRbcVJXdNUkAMSmLs__AZ8DPUcEr4Rkt1pVC3REbUf8nH7y-8sHuGMRdwvbGv9l9jPKkN7zqZXvsB516NHM1gl2d-l-nv_d3EQgPuvcPnuLjPB42n94bPPe8tmSxWRQ0sLqs0ulZJQbH3D3uoe1EBx9Oihc-gow31sI9F8K2SL_Tb2Fj1FLEqeqFYHLQ4iDmk64aS0mf8apfw2E8j9BG7riD22sqC9kmxqoSe94yEnVSyPma2AX1b0asWMLA_1TxXbc7Ox0GL05yH30ZMgxi-90v0wH16fPEa8wa_O8s3ECcb37H_-VG9cVJdbyH290VB98L41DsuVah3EGvgIHvJw15o4VF-tU0j1tj66XT105THtn5qvXgQswJKakdwiLWwV7ZgFcRiPkOtdsApuXA60WQ-zrcytaxfzC19W6sd_aBnEAu3KT-RL-zS3Pmvh5wcefIZM_rqRquTD7UK9IE96Lb3xGKexTzkIVafeCIfnjPDPA9jLqFut3geJSk99KcQOkS9uRbjL-B5gIEZxGQ5xF6b4_XmVN2lfO6cqh5bm89unEFFbwnsOTYYSYyO3Fh7Nfm5x_Xg_TPiJsTWpcW3S8A3ndn4dYL49ey0hpVwKfqJ8XrPvNWWruFMkh3wujIwfaqk7NOI-rQQLW2O1BpW9Szh1IE4tmWD_8ZpON2TBnCUOKIsx3jkV1OjwLycydmZ3zHoBg8zYKvt3YBfj5PpydlaxU9Uq_AZsXpytvaa_YJnEmLKmYzgHOoY-7uw9tolqHXZ5BC7zgH_qJZNCPxObv-GnvqIcafSlDse44Z__3v8WtvY9aK53dx6K06Tr3POLXZFPzlJNg7stxlrMh_4iIf5uhS_Ah9JSRmIYgVfNx09qpcuB94YHmJXfcK-k--OXUfviFfjnqSGxyzm9-Md83q4c0zt9o8Y7z3EweoHzbjaeu1PVK_NgtR6ak-Syzs3rzHULKH6bkeBp7BCuBLiXeOFzbdbiHGBbt3WKY99qhj2HB8z49qxtdMxvenhXj_V_NcaHwP-4mA_yvZu0JsbPHFePfWifFXDWJh5CsA4v8TPBnBug9i3m8wnwsa9P1Hc21NVWv5n67XIJVrJaxf76QzvIHPkfx1ykZQIH85qA2fVE55sZARns4iP4H_o3-lgHxTwQKpPhneolf72Wc3W6KT_Nv6dgy-E5WyXwNlC39ZfJ-FsZxbDArdQ2yaNwg57i2WTB1h_pRy5xVzjPFjK76qUL7dM320pz_9G_TU3PXbpyXqK0ffwPd4hvw5er0-cbfR8nRnuYnHsEnAs86yvq_W5Hmb6V1vByxn18r0o4hk1mkBilvDaF2qzh0jJFUUYSIilaJG7R8Weh15hE7tOhWPfmPtazLvkbpwLS16Nj5t93RrvVzsXdgkxJ5zF3PYIT6Of2Z4XX_PRgwb4R92ncAaHuYjcozrfpxiLLtxGkrKTfFXDWZ2xo_rlShdexz1Zn5zROv9wmIU41FbhM9g8fhvrjM_NAd_e4texBvFMi246rwdbY_2ZaqyZzbHZHBvinS956aV8uzXxaYFb7XZLyWafRrc7hvWFgnbUC-FrqGV0zExE7kBsuqc6hHv7hP3Bn-PeOOvll7guA5fG9Tbf--TJauunlxzD-hbrJsG67sywboYzrVRtethimnqxC9zOTTnwER62pv6J9dPoukbdJsbnfzcX59FTzbt-hXWvsacuHvnD20NNAb7XD96t78YcXW576C6a31Ebz06CefV5zfc318Dl7irYd0HC566MMuQhLa2cALAQZ8F2NIo9GeWdhI_oaJ0TkqO-Z0v1lPzuRcxzzB4yHtXzR8A-xGI9-BxG9FCnsNzvkrmf0LYOO0394sy4X0cj6qVFpkXvtJLPAfswPp2jLqfLegd4yXYneO2n_E6J5phekkxDfDvEuXo-Y6eqX3w3Dpo1G3HC7PskJuY9WQ540RzQ6p7YmsYQ9wou3JTc7WTl-HD60DdiRnW9F-p2ly4cnxHgcKTupULP12N8I0xNwzuZvtNnmIfxLN6X5g4rDSZgrdPWKC4Dv1BTx-KXrVGQoAFOtmVabuXCVegDaPqAVbxPi1UjF45OC9kwfbtjXqzlUX3AY95Ob5C7AUaeDMdMfdXMPiQ4x2Biz9VLsWi8wBnZd3gmZqaWC--zeotcD9ZxUVu8uwS803lrY9WJeu3OTNeEGh25VcMi9NoTnZn5jzBfV-sUHoMw0IfnOILHDgMMPKLXzsP8X8Kpi3Ne6VDjOMHM_2FtMUY99NslYy0CfV0xT_WUjxtrFeHjj45PqaKeUKtKKLGXhO1MD2MTAh8uXaHRq2gzS4msaENbUcQv9DBavDsN3tWu9QubyC9MnxfeCWAbsB8CwYFzRMDzAO8kp8DzSo8V8d703CHmRdmMedQ5XuMENa8BO8mptDkPa2vOwq-IaV_NuiYmJ92Z3jr2Wd3ix9YjFHC5BqCmib2kyDRwuj0rlltaQdxfUDjW8YzpEnBxqWh0XbEXakC2HnGKekRp6xHTYN6Zebn6QUo2vWgg_qwc9Fnyjc9VJPaoaYLe1VLFHYtkzXgWCH1U3x1qm_g_GeZ92Z9iOd4FcLyU2BzeRDm8c6tBdGmxqnDmCXWbaERxDhbnYveoV5KuHV-qeUe92x0j2y0jL8w7fVt73UHt9SGePZVO54h1QuPeGGckcH5iiHHNHY_-OUbL7rBen_pO4Gddy_MumedlHbOaTZNoNtFzy-XxOpARcjLgHs1tI8xMxUol2PuFZ5QLn-nlNiXLHePzY2LbT5pNHGu6J9Nt-tcw8794Gw_8B7kc-sDiXeSO-_b90H_323g_jb7ZeC4WauRy8aN57btonlQ_XtPT8sCfhwdSNbd-FNPgoX9mPBC4yDXwu52iC0fjnC168Eicey9WAA9uLcm2FkUeyEbWo5fOkTMYdQvxtGYn0kNpTLyKnA_PsMG5wEmc0vA14514eB-_H_i8wcuYDXj4MGh4Wpy7AJxjqrQ9d9P03J1Zfg91n64g3mU7OGoeOoqZ_J6iEO_Kmi5clZLcg3MaCF1q-pK-x_fg3Il6Vv4DnHs18sXeER8n9KcA7q8lXNvLilVuTb28gzWtBI_3KYG1Rc9dvfFxdk_oq61QL2hpWc2UU2imeKn1kJ3IQ3ZzXjNmgM1C3e1SXrcJj12UHgGOp-CMbiW_hj2Y9YzvGkrYljWoffe3vLQDSvJT6XRuTL3C_K656bt7NGf9T9wv8_H5Y88x3l2L3ObyLjmXV3Y2dp2oL4-cVy6PRddbwa92FHvwdNmjPkpKNnBGl1s4l9iPrBi_22FOLi1C_6hc3gJzefOO8fJUebzPcU6EgHUJekqQ0UPb6N7dwOsnsF43lrddAm_rASdtjDpNTfbccnG9JKKlup7JteMIT2jUJmYN-mFfV6Jyd6LJW6Z38JVij8rfmKvIYR-H-lR6KAPX-hPXvzV7ZegtgTP9btC32w8eEyZeRZ5yh_5j-TNtKNOfjOts6xEXnKdLibCx6ySxqziz2DVsU3K9ZTrG-qkjNPA6Hgasd4GflBDPLneSb7d4HoUWzjAf9p2xq87gng07rMtS89-p-vDMHIWZjS3XB48JjGHh7CKfeLsIYtODB3upR3_sp8_INdgIr_NcG8_GsJcQw240U7nFvEkwLzszzIOwEM-muqoTTmeiwB6UsAUOGMgGt2utpcogTlg1QoWBPBbzkO-RsqMnmy2bDesE53q_f9ZrIlrjTQH_foNnQ03mD2bj158qftW57Sm2ugBmhoJ5tzuK-sVrjFVvGzyXUpV70QDP6B3UM9nKKPOpJ3cpL4-NX90E_SiI6MaazAmw7NVwV8K6biuCvXHEvJbZr2SMNdGLwpyz18P8_4_2Q7R49xPh3YwSy9sm4W3npuWJ8xH6bie0hP0mAfc2EE-FjqzcLVUQvxbZjHrA26JVjX4mf6PO6jOIPyjBnNT8VDWI30f8e_J2hc-jG--XaHz-L7j2Zl-LNwb7jGeFMHfhe_OYzdVdbK4OzqljPcisLgqeyxTxzmgWhfu0YAo4nsui6zop4tbgYRPOGMn8NBI9a1bV8ToBpQP7uAPud0q-9_YwG2ZqFUO_idkvw_Nf47q_Nee_P_zsvy32Wez7hVlNqOk0Us6s90ToXYV9dBB3oddily4A-0gNsdm2xtx6yqnDlMDZ_07w-TH-iwb72Hrkf0Yf6r_J_8zPeian99bMmf33fHxsDeMnqmEI7F2xsfAkNYz43GJhL0XfCr4B_IsD4VE4lxAZr92K4gh-IWvKr2tJQl-oWzXoEx8VCwMmYiyceZPh4NuhHrs35_zP7GGB-cChD_npXPfGs_HG7Bv2iSPafODF5gNR99b2701T_9DnVf8IGgb8g_JtJbD-oZZNwvOWKYyNc1-uHY9BHEx1Nkv5VU2P8qod-vcAC41346n03T-8HbDoqX77uef2r4d5jI_7wc92ONfACeEeqcy-0Z94oo2LLzYuTomds7UYOPh1p4WspAIOuEa_7rvKaMOTcC9UNhOVo6XKA6ZWiJXBcX7dTxgYpHCfM7OfJ8JBM5thtFIGHamRM3_SVCGj9spwxn8Gv0eLhz8PHlL0c7F5wmnyhGempQz8b8aKzGW63jMv81KjJRp6cC59ifrKqtayCHsaZS3Wio-vkeQaZ30hNt6PuZgJ6iTR1VgrGfqWMT5-0tjD_zfc8UmXymKixUSLiT8ME53z4oiBkgSOAuAfzthSwmqjPcpj4IjwWOVWEo4QJVIxtWllcYwWy8ah5jUx3xOj5rJPdX0yTDQ4JtSYNzzgXPQOXr8bMfLVGK9Q3EfYC_2yx5A5j0bHpTpgrVlTjY-_Hv7fzgFfSB7Rt3PAk8XQ7nnhow9cMXbT6HqXrt1GNgI1-TTzUM9A9HTtAqsJ_ZSXfRoJDVj6_fi4_1S7TdbzU-m3lFiretKfZ2buDf9GbbzWkmfzcXff1J4vEQ_gDoev_p5iPeUO3vtNaXnhRfBCrO9ZXjgBL-zPTc8FziJwPuHTSOyBe7QYKwtOg6SIfQlHQyL-KdQSpR1r2DGx8oyR-Z5y7KeZo7aLPlXu8B7fQ_XV3O9f4d-r8a56a_X5Lojf2XnfieZG5mfWKyNrSeqOwdlErWXgdKjP17C1WzENXK-QO6Gph1qllIvZURoHQ68M4KPBueBU_O5pbZP78uaT1uib0W_IfH1ckzF-_YiflTN65dqc30Vzu7mdDZ4mpu3OLKZ1ZHHbMOyH6Z2W8doH7POYzveC5w6cUZ0WuQcnd2Y8rpu_ozOftehrwNSJeN2wVkPt1-guvxpwTaiRS8wGTEW8rGwP4AVzO9x_Nnc3Dc71Z4ZzriRxm5K5Syu3SfnGGXCuBJwrPexZAY6H8aumetdQ74jc3eCr5uE8HBtyfv95TePm3ag_-upwlsd5X9yzr0fdPsAGwDdz5jG-3VvP3Mue-8hcm6-bqLdFnVe-jnmhhvOmqMr3TMWBmdMo0Dt3WwuOMyArJQrUPoB4y8vb43tb4DV52aXkRDXcAe_e4zzviGO_Gp2XPd7_auxt-TDywbgcc3Y-1mofzGt_HDgi4qDRpp__YbHworHQYXYGbqIZuHPTg8l6wL4ZnE3ArV0lNOJf7qQLd5vyXZ1w4dEo85ja-FThTPDfyOuR0IG9FpxwHrjCc_3w9pNv0JC7e_3knTv2uJgY0fY821zfy7m-uLXzwFbH2ZyvZlkLvaxSgtvsuk5R0xRrtwucB85ncD4D2qy2UrGaeQfPtO_FwjhgvcVCi4UWCy8SC9W5aSOsdlIBD4xoZ3yJGsTCDHuffcZXFeCXlgR7WvJONFkn1fdjIeU56uTPUCOQnWr244aPfh44DxdFA37BGvZYCxmw76H3Lb5dMr6p0OpgTdSzd246WJRcbamOPYZ6f9EKa48u4yFgHeaowr0orpVsWEVVGbAiPsaD7aCDhX6TWPc4lfbLB_w7K_aFp-QCcLWarcrK9qxcNrbllrtNFsfSM-Nu9Qx5mUQNviJ3GNY0eO3QtQtnNQaMCztaAL8jtZYRa47y5visV486p8O232yN9uLrEuHM9qNM0o_Snlk_SgDcq2Fku8U6BNW1h7O2DK51obZbVjkti3JPFrcV5RtHaPp3Zm01xAOn4mZ78_pGR8CxfOsi-FZmudYkXOvcfNDmjgQeJPmuSgqqhRcD18o11gwY8ImEb3zgXD0jV5Vs6Njn-51cSwmPrn2Nft4nwik-fu5GM_ThMBOxmHvwuzrgXhvgO6h7VeIefqj8Ev7dw-PKEdxoi37qF_4d__5qOl623VF1V1GIwxO-qigx6zqjxqckQ67mwtdeFCHqtsIdYHnZdLwsdlM-f2RkY_Hu5Hh3bnNgwLkInDg-75NiVdMIvW7rHr4VSILaoasqJZuAqbuaYv7rCM3kATuwHgmPnWgeojG5_49j3mxeOjfvsnuIgel-scL5DcBW1KtvLY5dAo7lns3_T5P_T88s_5-SeCYaprDHg6I3dw-xlCfgPF7vKOxBgb3AKp6ZfBen-vvz_68HHDK9tvA3nYa3_cvoLb2FmGvUeL-_W1TGr43TGSXoNzSfLO5Mo7xnXtyJgu5ZFLe0wlrJBvAf67cYi8L3yXIrOMRceqVs3Dmhlw-3M1vT5MjOrFdN3Snm3TY4N4mejanhYSvFeicwc32F6JleKqrnmhV5dwwPg59_pKhjQkRLF844f3gKvWLsMVODV0-SlWZWAXDS-FWgh8UauNYasKGa35s9ssDfifuFI-8B7IwfYxK3CYmdoW_tN_w-fFb-H5a_XQJ_yzy2tvxtkhmuM-Nvgtcdi3KNmkuU14HAXLhigIWhxhmGFB_jy50kt8BLrl_gJN_s34BY1h_iQsRRfrLc2--IcY8HvTn4Oaxtwpn6LeHlt_TlJuNzTMtdGq1qqYDPkdxjFc6_ZS1yX4H9MGoTSLVT1AOOzG8tn5uSzxGrNWI9KIy-8E4W1KOE9hLrk00WoA-P4OVeqDqg6EtBpAKe16bwEckh3vvOmmfWGm1hMugSnEZbCfcynv0_h7US89F_Yszn4hz-wnCv1uDasGbzwY8imsek7ka_OItx_3CMo7y0GurT8LYz0wgOdowvlVBlx7CvA-JL7OugEfC1KO_ShbujzW2VkmxGi3CW8vAIjIPXUiYX5p_MT-KGjN45OeLaOIP_fuRwBPfc0uDgdFqYM9bkvoxWDe0dh3HhoS8RYP9eFLdbiPU9pndNinVndbdlxQt9MFYv6RR6STPbX2v7aw-5t5SETlqs6qTI3RQ4GuOZK9cOxJyhTjj100h4rBEtI-EYWx-beytbuiCfsHrxevC8FvPHU3I4nAf9Fj8bNJW-zs99wDO13OxTMi-p4lld_ciekI0n0ac8ErDGmcuUgHW_rincJRLuiwR1RwsRCM0q5oWuzcVN2qurKbd4aPEQ5-avt5SHnSxyB_AQteLQ79BLEQ81nWGNkiHnIxvYM8ujfLSxlkGrIR9nvEb4vItJ7DjLU2rJ4d9MBh0lMWrJmVnSATux5hAjRxIf8bNCzvyAvXJ4nnb9lzWKxOTvkmp-z9ZtYLSalsmX81m_4d9_ryxvvADeiL1StmY7SY5vnMs8m_jX7yiH-FRtfNE7gImoKXLbSE73Avs4esel5Api5Myhiu0kP0ZPOHYoj0fuOB_qtus59rmtY8IR79fjZz4NZi6zPYX3ncDZgS3V4leqfstqghySDNqcyFP30SIx9d2vMNahqMW-mPdUJVm9qMvns2A7XIcbmy-8hHwhs3P609V5-XnVeWkUA05eK6HLvWyuK5x5khENEuzZU_GeNoAb0bJJcR5KZ923z-ULdV4y78ecIdZHIFYKS8oBe06rxT6-DnwOi0_xM-PzB8DpB-QGRpvpeT0F5y4W5IDZ5Y3JN5q4avhd63nPLD5afLT4eHp8PDctY468b4WccZ9CjAexncvUtsKeElYIwEy2ZY2YSQW0T829Y_AR68UDPv7A2PsmBnwBTIPXMPHz_4OD8B7_iH_oXJrNQf48OUjR2ZrMVHp1-ZnlIHPggRmct3mHvc-iyFDH2BO9i3qeeFYDwbcNLWRNi9g7RrvT-PSYuDoe4uqKHLTWH837vYvmyYk4459vjTcPvg59oS5jOd4FcDzKRWB7nW2v8zCrtm2A37XGS5YLjX4VUuUa_WWR91GN81dxK5u4o1F4DMc7aNWhnlMAe9lNeNzGi7Kn6xN5Vwzr_AY5jqmT4DreDf2CdD1bbSv0mqWP5tyZfZHg93-NSejFBt_ax8m4XBMHabFqWBQCtxUt1TVqnLoU7gyJ_Zfo_UZiH9Y3YIq6L2k3WC53knpyTxW1dRLbC23qlynJfQF8RFTujqIGMfAN4G17wbNeQqzFIjiRTeanBca1x_QJGt9FwDnqUlK3lOewp-MS82jN3eJfJ5vXHXzIXg21D1ynYa4DcG3vCPF4AzFrzRYBrOse50A-mrvYR18enezxbzH3Z2_miCuIcwev7jcJfH3YR4kjfjM678PMyMgNBXymk3k3BhX6gUjY_nD_YJ96AJ9JjdqCopF1unZ3UmV9SqibcvSKE7amPF1NuaOq7FKbA5yEHw79KefDD1nBKuyrEbwGfKzdFPkhQU4D8S6cT6rQ21HWogl9yUPnGC2DD28X_4oJbVFz71RzwMPaa4wN5-PaX406VF1yh-cbXrv_wpO2B9zrXyM3-mWYozM_kz1M1kNj8e4nwjtY51ynNh62eIezvwUNaLOsaZHvhY4D7JsRqmyTIgwkgRhOZ55UpWt0SfR2ezzexR08XQ95gknxrqQVxMBrgjEF7N-Hxy-020vgqqjL9xrW_I3ZY2uLg5eNg5vW5gUnwsFzq_16NEijzJeAgylnW6PLpFEPuO6EB-ezoL3QsF88qmWxPAIHMS9IvU8xclwiJtIRh6aPkSFG1wLzmm2KOvPVEx4-DFqkxNTmhtgXeKJQppZkPsf94o15r1g37l_h68PjzphjPGgrqCEHmUzXL4Mz2zISjuDzPVNz4C7IyTFnu2zwjpKFcCCGA7ys4dPJX8jZ2lrKabSaUXfX1omnqROfm37pVZVGsc-avE-QR5Jyz4o4EJXjA9bBVmBKNtfALdlWYvx8xKwKcCINcfKhltKP_TKt6Wv-hEWT11W--T7YojM9hv3BQ8jocLWHWZSmb8uD10aCHPSGHP79hLcJ5izv4LwsP5rvjbnK1VCvxs_-nXmftl5zCfWauEutds1U9Rrv_Oo1d5VowhldO75Q6G-b-3AWgYOudgweA64D5zUEjg3_kWPmWr7kgk73A-LyL_nvnnLUt3mPGOsPn8nibVLNe6ZxXvDhI74OPmYx8ZIxMQxS2C8WEyfBROe8MDHYUn67FdrM4M5EETtYw5Yq3gP_RC9wB3CtTSNWsea2lmrz_ZiIWoLL-xLw9FQe4i_H4k_1F8Ab_FwwfoR_3xvMRF6LPkqfx9oWAy8ZA2PPzApYDJxi3vnMfNwAAwusOVP0DUcNeRc1DRlB_RjRo4ayaJYK5_kkh_8nx_i4hf5nPTxqXt4s5prp91g7_uMH9PGUeN4fMS5Gr0rzeSWHmLo3WhF3o841auiY-RYCj8EZmWw2pfZgXT2hSj8prhXORzJ-3YjKraiq-4THDiOhFnzuioK-qAlucfAkXNC3ug_Wz3LEwQZ1qFMSY--2TyNZJ-gR5-UQH8cexMce8663cC4DVtyq9Dgc9Oj6ea4vnp4TQlzviLykauMeatPoQ74H3APe9xHziLse9W7MZ2M-kwcymdYNcLrSY03so1eo8NATJe9kE-8B_wJawb1Dso56YcsAE0dtJVufnqg-TXVmPZYm8lg6N-2GlF81DHiH5MBDmjCQa8dlEWomhp7gIXDA2EWfWomzZlzWx86tPON_08-qfN2n829TRzavMaH3Ehc-U7JKSQl3BauomcmTVVLEfYp5SZU5FGv_6HOgwxd8qmwd-TR15HnP-MbWkSepI58XtrEC80zCYQXEnoVwhOnvKLG_YyeLEPsSu7QIXeBIAeVx_x9g2370CP1v4htwOecj6isA95uxr-vZFvv-8diXtUzHFvsm0Xs9N62F2AHM84S6glhio2kE_K643mL8xTzMt-cBja4B2m6VjOJe8O_voaFcdM_qrj8e974Rx5oenrvPe7Cf5_tsPu8S8nmxZmru2XzeJPm84LzyeZjfoFqqDfajOKj1n_C8p56AmPa2Eb3bSF5iH4xm_KpKB3z_3tpuSc0cHH6W_qcaw6k0CXGdK6O9YL4fs2fzdslLOEkGz2HygifAHfwdN6XlgRfAAxnW3SwGToGB_XlhYFCLhmqKGnjA-1JeA2_LZ0N_C0MuuGNEOJLc7oDDBFId4Ve3_6xXGfkrPv7WxKE3gF0nmkN-wsKvY99fX6p9jO8B-6nhuZuSrWfmvcdsODf4-5LpdP1trePnqXVopkMbD9uZEoyHNWrUMDLXCd_uzAxycVvRtbuVEatN7KblTjZLxYjcHhMPM057unB6nAOmBPtn5n08Ytq-8nvKnu6_U8TJn3jf-DcPe9jMlHz2Pp7eg_H-fDdo1SBnOug0mP7A17gPkcdOxg1ls6qBdwdM073ky1ougBuq3EuKsJcFcMNouZN8Bes_9yRcJ5YbTpgj1HDv2NrvNJqFZ6bRwKLMpboOUqyPaNFLiNnSKAOOWGvB873gIZxH4dII4-b8hZjtLzULn2Fi2D7DxO5HYaKZUzZaYjHqULeAOxAfw7olB01DxBT8GW7wbrr-Z1lLwpqUb3RS5L2M4Kjx2GWVu0U_1YRfVejNJTzasgb10myecLo8YdalpLS8cJI6SXhevFBdK6aoxzwKH_vdVhiteIOFATOa1HcQN692Qu8ahlh2DC8ktBv5mDvyMcPDPq5_HP69-B5Gbmf2vXhjsfBysTBIeW2xcJIYeXNeWNjAUWjimYT4NSmkGs7ldUMrx5dkg5r9LvVkI8lVjVo2L53LF2NkkhudQwavD9zQaMZ8xL83cR4pJ5_O4Sn6op9yggd-bM58G5u54SduajHRYuK3MNFl2mLiNPywPi9MVFlv-qOj6zopssB4lnDAwIUTSA4QwfOe8VKjhxP1qH9cHw1tn8Wlk3PB0Xfp3zEJtc0T2jzhX9aQSR7YGrKdi8P54LQIdQpxJJ5HCdzjoJEgAPMgTvaEij2mYrwzASuP0Y0BHHrGwybnfk86WoB7OnzGRQ889ICnM3POR40E5FNGx998fzoN1wY4n5aqntHe3VHAwuFuEXvBlztROa1obnfGU4FIWKbY1o2nqxuj77flfxPwv_TM5uMkvwbOsVRC1XsGPA11-2kUB0kRo0bWHs-ijOhMqNuaRrQ9Rsf64e1wB-AZ_AHYd8g9Pq8TA-4iBzX1aj3eWRj7Wo53ARzPzgBPpFF9Zt51VNWe8JYNhSPAyMZ4SjJvqVCjmkbhXnjXW0muKqFCV_DwCP_2_zLGPc83oibhgnz1fmwu75-eywu1zeXZWu9wLtkOeD3252o8g2lE4VxmHZ5LiGfhrGYYxwaSs0aqjZMekcsz3jck90-EcRXu_QeTj0s-neUF6sdM1rfcpoTVkgvAKWeWFjHOy7jUi_dpcV0B73VoEzqSbLewfSuhX9BCtPHnKeJPx-beJsm9naPHJuBVHaDHpijEcCbVZi_49Zb1qIcfBrQRLtVyR72jZth-H_XjN6gZcEPCLl3c63Q9eFjenMxH7km3eTGeYXPOH8Y67Kf6h5jO58OLezPn12DMWXvY50gjjDnjGepfsyjvBNwNlJe90HcveLDYmPMkdQUuZhbb7GwaYJtH9d1OqnyGPm5pEQK23VboH5wWrJILt5Loh6lXEDNl2I_8n2CbZut7F-O_H49tOdZ29-N5svj2D8c3ytEH2ubVJpmvOLO8mlDXu5QvK0bmwNeoa7T1vHAG59LFmQuhRCu86x2c1ZY28Qv-Yi96YJajB-X_xIsSsO2-o_q3Ad9w3h-x-0R6BP8fzj2f85gup8YqWKMWFR1Qu4Y12Kd9tYPYvWI66xO-2tFiqSQPfdrQ2Ut9ODandpKcGtZsbE5tkpxadmY5NQHcrHRTzirgbw3WRFkRohd5kBLZwFZwkL-lfNdIVQbH9Aw7S-CXxlMS-HE1v6cQ-96ofJwja_-Icb1v3mUf1v6Pma19Xk_gk_WBKKGWFSXUE70L9weuYd5K7ANRGwe1bCS_roDPdClZKrhPbB5uujwc3Gm1tvHqFPFq7J9XvBpsAc9qyuuZMF5p8xn2wbEmhHj1tqFGS2XTSQKcLwq15C_0Z73kn6bmewo8hhofWhO73v6Aemk_-PMedFNyiJVj_0YJHzjkGAt-HPuBh1qu8c0w-9b8_HMfdPT9zZxknJcQyUrdwf1n-eAF8MHYtX7nE8W8Z6a5LFWOsa2mwFck4CNqLqc887GXhPEaHtugNlLAeNgDH_wbmsvP5viX2M9hZhPg74gYrO_0MxRfaesBL9X1_1LAGYy7P8Lf87Ey-K2HvmFYZwF7f7q-YcsXfx6-6FldAdtrMsyNlQHsgxktrmv42APkiRAXz6Tx3g1Rg75h6mpL1a6Bu1lLcsQsrcq_1HkC_vUD5se-gX0QCwP2URexz_BExLzKMfpX8H5-SSwnvFBOGKLvssXCSXQFzkyLXl0D1u22sgAeWISBjHI4l3c71rtbCWcygTMKMTPwRtqhXxk7Bgs_m2X4ebDQ8r-L5H8d-g_ZfOEk_S1n5i3ue0LnvgB2R9euotr0tygJ30rJ9Q6260ySbUP1xpUEzukx_S3quaZd_hQL7ybva4F4uyKoN9-NvuHuofbMeI71GNg7ieF6n2Yx2pfidNsL84_vhaGd1RqdaMbszPKCwO00U9cVU5s903mAc59pcQ1x2vWWKbFPcZ5WYxxcd8xjL8x9fjMv6KCm7U-IhZ_VRvCzun_6N_4di99uvhEb39i68mXwRJ1Zj45JeOKZae6p1Q7wbguY4RhNAZxJK4DDVI6P3rzGO4JvWtGsKhkJzY7VpSe3_HnN5MZwmjclq-ofoDeV4F5e4fm_X8zvEc9M3sZoS6H3-G94j8PX6TSlLB_8efgg47WNjaeJjbszi41nLAqBD2atxNx8k6NHjmZRDLHxBuJl9CBnFdPbneBlm_LymNkPNfKk3qyB6W8x_Sr_Mu8H7_8Bv3Lz_UMcQabni_f9V1zV4t4F4B7lG5f1Ng6eJA4-Oz0p4Uh1q0SDNZDSSQHrhM7dhJeu5PEePYhYs2ywhxCwLzhmJuT-7YAZD_iZCBOb4t7A9WtNjYINMeTO8LVDDa2dngfe0Mfv9ibSNv69gPjXZ8TOj0zTJ3NuteHYp-pqhzMiCa8DqVCThSnaO4FQt7uEy0oWoUcLuRP6qpHHzI_c0PLL-jD6EP2AvmqVHHq6n-vdL17SGcXH0Ef4gJ2vxn5sOJfGz7w8-P7CvtaGU-H7epxMC8Zi5U-ElZhP7mzcPMkMyplpMftdWmQBJcst4KNDvRz1YHzU7RPYY1i5SuisT4sYteVmKRH_lLj5qzljyx8vHBN1ZjWyrI6M0a2DWHpGSRmkwPPgWOxQNz3ldA__BWZWD7EQziYlbMvUEXN554OJf-VjZHOMF5FjrHtqZ_AmyTGm56Y70ywVJddVimeQbHzWO64kd9XgcT7fS-CQLApbGd021Lt94VyeYY7x67kYyxEvmiPauHmiuPn8OKKCiJjMZ4iFTC-BI97WkqB2A0Xe0qWR8ATfNYLXfsqPjJvhbtgtzJ5ao-7gh8rpf0yOUbiHHCN9yjHibMrQZ5NUn3oUEzt_chGYl8LnYDFvkrh4dl6YF1TA7RrAsi5do5d57g967tleFBI9fQPJN4FUtzva0O5FPfdvz5-4lId7qrGHJdasJ5_pEZ4I-0pHfESuDY_RcsBBnKl7P34-ZPz7X-Nz4MzAZ7I2sbmZQaneLoKYhICT0SJBDBxj6eouWo01LMTQmcGUhe0_vIQYOSWZ7T-cBhvPTMvL7-HcAYZd7bD_RvJQAx_cpaTcp0QEeJVD_OiJ5hbiaAFxMv0bWl4jNlY_DzZ-NDN46CsSJU5Sl-kC3nuFdedkjKs_rOq7Ya0xx7g3r589Wr2GS9Br2PRWw8vO6pkexSJzUx4DjsV7rJ1gP7bwMGYuHcRI1HtlTdgJD_1ol0fM6r1GHLk_YQ_OnXNT7iH2LT9pxSbZ_75dyNG7dzvmIPsRE18Nd1hEJ8M0FXeUrBrJqZMUIqCk3rNC-AIwjRKG846AZ8C_lXCEpt5LHlMW006Caa31uJwE0_pz0-JnBXAIL_YkyfdSwRlEj0uy3SXAL5iu90IDV_Oohx5LTI-x_pGYhjk5qk9T-zXYJIwu61XMnuHcDdUx0L_kLrqG2DaG1368-ZrbTRjPZq4o4iAt8NwCY8PakqrbBGJb4HJ7BmvLlHAZz2ZMZS94hdp49iQ1X4tv1sP3ibPJSjTY94d5ubutyTOp0uSZqMbH5p5UYcuilTrWp3zAtxz21FzHeDcDlxo4FazdiXQWvoV3zPC6b_xOzPPth1rBw1usLx_exzT1DUlutwI9-PAswyqiz0HK5_uUC5zT9mhBPaZy13gnE1vfmFhfy2LeVJinzwvzREH9lMitbFBrOm_RXwl9lBK-3UH8tQecQ7-lVvIsoFwe1edSL-Y9w16S9YN7olj13ya2NOfH4FpJ4XhQFf7JAM8eevidd5_6_WIS7x2RH-Y-4MzE0-Xh1K6RzWrHSD7DOWy4J1Cr1pMLJ0ijrE2wX4gInZLVDmLWIH1Bn9HGrKeIWe1c3DRzcfV5zcU1WZDyK8VGz1_hxXgmNe3dLebEE04D1NNgquwhDHwxj_Ttubj32QeNfr-OZjr2UBsmuVv8fiKc-33olcZzwEdcqkvzWvvhPA_r-ZvJwxluN7zGL096qUZf9RW-RvtUyx3yef_CzxYe9xAPtpP18fmBbGQN94aL_ULUEx1wvi1rMuB825ou3DrlmUd16ciC6hf1KSznOwXn6-2s8FSYSM8ME8MZVdeVUBlgIvWFhhixoD3OeEi-Ugnc0WkkOlqwBn03j8FEpuKS6k1HedxSjPNOFNfe341YZz4DrLVy8_fBZ17eoEb0ME8CP_fe7AWjHb03OoHIDeG9IGYd_j8bPVAt5v3DMa-ja9838ZiNcV96zt-qW5xbLZZ5Ukl11zC-2YtCdOinJItVkxShz5p4b_yDVe2y5hqeFx9Vt_gD4kPKszYmdEZ52I956v98TuPGrJdrenaMZ1wUDvNyURJjDxXqs_YQW_N5l2CMOv4_I0Nd2Ma4__QYF-KN0fvL9uG99Jy_1Yd3bnoGbUoyD33Q4V5tmJ4HcDYdFqFGftmZfB7ZKUY2LuBgRdURcxkqw5nYR8PpTuSD_gfO1w6aLYClbWni6N7psB6LGi-JQhyNn3yJDY-7mU9Wi00LYGwRrBfcDYyzxvTpcFknvPYlme8lqR2mqM-iW0V17dta7KS1WNf2FluNloNPsORSob8R4xhH5YhzwN-yQPROK9TGT3nuSrXpmDra9wPiwLoFLOzZiXQG6jv4OYhLYd3nQz7us_ydO-TvDnNoo1cwxK-wzqhj_z8xxnQ3JLufbsaswrhTFNc7AfeEJDuIvfKZaOhecLbFHhSB-AfxWEq2cI_UNjadLjZ1Uk5tPs7m45z3TRxQAqFMQ9uEh4Es4j32fdEKfd1olxTUTfltI3ioZUP1SzHVX_i6ubAmcGcPce0JahPrp7VIDjNgA-8xOTiRjPs8wZ-HffgGcW9VvcU7Bz2MDp7nsO4482bydH6JOHAPZ2y6OYkY49KtKG63SSFr7L1j_K4SWAvyrrEfZYv5OjiTfhqJme0pnrQ-26V2TmKS_hN6ZlrOVJUdi1Brpd4D26tS038i_KSIfeNzhJ2wOnMZ31aSC_cIT6PR6zxH7DvoxJ9APyXBOVhi1n_AvsXgXYS6VmroMzG9KZbXXSCvC2xfne0lNjUHtdymXGgWYV_dapiViKibwDllHoW7NZxJTC_wEHN13vG4FnqAmS5Tp_Igeo8xaWh6hBdm3paj9rPFsYvEsc7i2CQ4ps9t5ks2Ej3HUTN5j_UDrCcw4O_Az3qmQ-O1kfJNJ8ndVpL8b-BY7AKOwT7enAjHTKwBfw8fe9_e43PbUcdutb17wqmZ0XhCD0qMUzHu3z-f-_8ze1wMegPOMrM4eJk42FvPIasHOnrvtsKjTkoo-uy2mFeTHGfDrmuq830aUdTTbhmZuzQSR_SQwF1LBOyxfE8VPREG3u8dEQ_9vwvz_V8Btzr8LD6adcHeYD5qIb9_3kv8_gvPXfS6NN8zMxfiHb7v19hfN-ixmHquiMmmHM_RS1gY2LzeJeT1rB-v1Qo1ZwvOWt4KDlhYOZ1ocgfnLxjQDfQop2v0q1wpRpbAHWmX8iP05HH-FvaYmSs7kU5AU81WZTXM_yfm-_elWdc97Fk458PP1OMcGc6XvUbO-OvgKXRKHM3-HxyN3lscvQQcxd4-i6Onx9Ezm19TVzuGcbXCnr7bGvUvGd9tET9lFGrknoCnMziPgeR1J4-Y1YD4EbWcPYi_9al0lhOcuTX4Nt-btapMvRd-xsTi8LdqwAXMMSarqjc69z2-J6wJf1YvhrgAYu3N0NM8vx-_98bwWYNxD9gf-LvRid4vamdZlqgR-PEvcXFCPRfTH3i9lYCZsslQ48Bl3lIlRahFQc3MIepGUFL6Um1e8CO1PYSn6SGMbV_NFH01g-fP-WBnIxza5D1TuwowrkuNhhxwzTXO_oZuwkUrSdxLct1ILnx6RF_NiJ3d1Nh5SnykynJLyy2RW9a2x3qaGN09rxg9qClfolcHxtK-MP2HuY_6wSnZaIOTermjim1lxGqqjtG2H2J0iP0njtH_HOdIEtN3PeQ10bcjuv7k9TboMDemzxDzr4vf4oUaZ-s0vp7p23ns64P-6f84NzxrFvNZzAau8dL7mlAvy9aAfp4akJPaWvg0vYpnVgOCc9YJ_K_I9kIb3ToXY7ukWG6FEnvmCZ3yekZ5BrxzdYRWlq9pj72bIdaCgpP5Ho06zbg3PgJ23qPWM8Qx6LNk-64vkftZDRiri4VnkraMrGrG5zrhGx9wC85kHVDgfHA-ceYE4tu8TXmIMbQ_cLjvjI01fTQ4xuf-ybjfcIeslNkbgFlwJj6gT5zty7lUTmZjWFtnRjzqmL7dARfz6cLxZGF0SYBD5HvRZJ2snJlscHYudoBjaMaPmRPeOPCaiGMuJZtT6Zd-yclGPvNx1Owz5_tJ12_kYC7Eq0ZnBrHuvkLNBI576H-cZTvoJGCdGfgdcBr4XmzrHJdQ5-Bzy-Usl3NQz0AiVqkwSIrMeHMAl_NRN0Ea3dO4pzr30ui2MT056oj5YZ3hnEln5kz4qXoTx7UXGs_xL1_NDq_9Q-_NzNSN36I_h3kdfdD-e2TDzw9-lHbW7kI5YA_razFwEgycnxsGzmghXNbEHeaYmIcYWPqoacqKvE2K3KNKVinBui3Evkf0yaREOBDPzm5I2LG76JryzL05lV8HG_Boj3sd126YRcGc8PA80ydoMe6CMQ7im9Bi3CQYtzkvjEMt-wKwSwE9KsIujTCPvqrhjFa0obgVeooagGTTCS_06TG6zQPP05SXHVOiBKxrKUOsi2HN8o5Wp5ox1iP-4Wd_0Kh_j3vYGefu3gBerLb4_ow21u8HzFtbzLsYzHMgZraYNwnmZWeGecuKqXmAvmwJziBz7H9e4RndYt9KUiyB0y13DPUVouv6KK36Z5gHHA8wjwIG5e6Ae_M_TpTv24z455k8qtGLwTgWz8wwR_KRGd1AjGVR1_m3p1ze_7X3dk1uItu26H_Zr33jGhC0XSfiPKiUSI2KTIyUiM58ObFatRpIhN27TRmREfe_3zkTqlx2u9ZpeQsvaykfOspd34XIwRjzY4zW1vKup5YXerafMYmX86X1Mzo4az71APcWboPzd8BDesCoNsH9j96tkzx1MB82IWlANT2hn1FgrqJzrkyOr2nX-mahnLv5MGe8IDiLjM9O8zPQ35lW791k8f5IF3YX4xpwjZH5Q2J53AQ8LrswHhd1bMUOCQ_7GLia4OhxSjE3wpeAa3G-UyIPZ7KRB9BW_Sl7bGN9TsPH31MVb0oOWpj8Cm_FlByOo2_9-8Wwczb0MN6OGUTmNQ0iw-_wPsOP_Tk8S8R0PvYW934c3KPK9iUs7mFfIvRFk6Hvn47zrJcEMybuQb866PMcxBzzhrIOtKjDMC_nFP06eDsfQR_3jIcz4Fd9gv0J9RtgXzYx9v2Wvt_aGeLrnCGOrFadRKvSC8vo8HXCD42A84h7EKLZYM08oFgzV2nHtu6BepFPV7uGEeGP_Za_P3uHflh83jH0OUVux-dDL0JPWpv7eXx9hnukHXuxC3Nvmx4E1ubeG2z7fdw5szW6K-F0dubY1ugQ9zxJ0JN-jpm5nVRzH3FPaNEKLo6AhVrwNXCUZcXM2Txl5jiElzKcwT3cA861Z8uS_FrfFXj2u5vF7yZ3DXgjU-kftv9wpdjGhcW2abDNvzBsA-1UAPbUmvXA30joGU8AHrbo5Qd6q5H8HrTWpha89qk-xbdPuEPuWtZRFY1-K5P0ITbFdvAJQF7YtsO9PtTkFn1kcjrG_LU4s_h2BfjGVG399KbBt0vzPFFM7zuap45cuBWczR7nvDDnVWBfdeHWMt9V1GO1UIUrePEN-JYCvoUzdqa83P8hvhUJmf83aufRy2TEkt9wz8Ji3zVgn6a9xb5JsO94YdhXghb1gL_hHGfFuNBYNzfcrqE-ZofTIWfSpx7OxX0rtwt_FG73DPvwmmL2Lvw66CGFXqTY87HzxNcwTzxL4Daz_Vg7T_y2WZdCZ31CqIezw8LDeeL9bPS6q2IeukyHR8bh3GpWnuJ7MsyhYE93frzDObsW54iFjz0LNuX-hLlW4w6teeZ_KJATfcCzh9h5D9ho_Z6utFcbutTmF03iXXdZ3M_3E-AiMpcl8JFacqBHfKdYE7YJX6sE168UZlWuy4QcanqST4qZK9YMNcx0s8XDtRt4kHmuo3_8R_M8GnjdE9b91Q8FMDIcspBG7TuckdfWv_M6-N8x4YXlf5b_ATfZNaCBfapoD_ebFg1yk7KWlVslq7CL89RnJPVYs64lqY_i5Dnk2o0WxYwu3ge0etpzmIj3_Wqu8XitzN9tZmFMbxc_hhrY1viuocZHdWT7t3Ymb-hv8DCQJOyBYxwZQT-8XZPkmE8pOlG5B4mZ5A2r5Cp1aB6eyvN8nMVjGgQer3szjzfo3Aln8tDLHf_u4ZoNfz_irpnXs_Mq14h3qrYzyNP0NILLwju_A93qJhy0ROU2TK1r0Fnoh9cK-DcFDJQkAu0bzhgXgWxO1rUzVlm8s3j3b8c7m6s7jd_xhfE7_yia1BNqqWjlzFiOubq7RvK0Bf05Y72rmE5dqVJH8sKn-hR-F2KmuUb-iH1c525-Nu06ZJP9ghmQ3ZM3gPmeb4ZcMuttd411OfS1sHW5Sepyl-ZhfKsS9AMg6ehhjP4AZQl4BFr2Fu5BGghV90xlHnAOn52W1djB17twTQDbvhOmaevXaTHNYtpZMU2JC8O0Tc10qSQpjSZlK9RMwpE4a2IyacuSaVbRJurkKgzYKb7sKjO7_4AzmpLIO5MW_X3gtAMGfHjMWBRknCVRj9fRYF5EzMxfMX69N779Wv_VatQr0KgJz-yOxTQa9cJmTYKKAUsTHu1p5VZ0ZXYsjpgxJkCXoid7QvY9VejZuTswLk7QqJk2c8acdoB9PTtTvti7IV97xIBfzPNp8G8i430-XkfEwgVJ_xufwwMf1IB3NVNwX_EQMNnO2V3pnJ1OtnbOboI5u37IarigjFhPggYrjlQVyElm0nijoOaoPczWxt0wzFWU-VrB__cnZMS6VEeDZzEB_Bv48Bm07KvhGTBgwNE8hzCXzOhac5-P13HMobhTaYM_F_hk3cPZIWbGuYezZTXv1Wpeu19h63ioeWsvyanDzP0mG-RqLN_Bh3C_Qh6GHB56FKbeFw3PyxP97qjGPLL0XBnZ_0Lz4nVU6ZC_o_B6uUMG7fh9bjC7DPGS4Ov289exkXbGD9ni4jXi4tFmNNp8sgEXixnTwNtUFsSg1-CMglZbl6CPSzibOua3Cr1W5Aq9n1glTtg7G3Ms4B5OARuLaTmh-bpX-L6bIbvn1eiB9-umNNjJR31dW8y7Tszzmd03m2TfbOh5Xo4OhvOm6Sr1gee1VB9q1mNtPgWIKFysxUiV-QmpffRZkWr-Qm3-X-ngDGvZ6DdwNsyD9zmYP1Y97lF8wje8d2_w7cj7fh73zkx293DPqI0Czvdg7tNfhme72cV96o9s1M3qre2PXGl_hOxtf8T6hyJfqQWnDuXsQLe4d7vEjJ8AcRLe7wvghJTc10LfloKLnpIX-Mq_6o9o45Mc0AruZ8CYs2nlIaPx5zGf1sHr8jyzdsi_wFmY-fsBH_EaGizszWvCFt2d9Y2_0h5JdrT4Nwn-6cvCPz8QTegyHh2TrdPLHLNrM1_mUZsQnGt2a9DBPWvWJdOZT1enzDDvHVMj5KGLczHoxTI59rWoFd-iNv55xC0NfLzAjw9c3fDDn5_3UO7M12P2I_7M939Y_LsG_Au1xb9J8G92YfjnUziTySpyAas8xmv04WuornFHF_vFWuY7RUGbYdbtWNP7-_hHaDvUuuYuzqN8MP0LbfoY8bk8SW-G7NqHdpiDaZ_0crypbk7GQ6t_r0D_giaxvZAJeiHJhdUFGSkcxneVyULD3nDvuAlHDXxQUtXAT4SPmWjopyJ4fcp8zIyRucE-qqMj7Z3-bD6kL-Hd-i2e_cbW9K4U0_jc7uVOw-m8y-J0QSm0cJhel4A7M8AunHn2qIea1mShlZJTj6r9TOgatO03aFoy1_D12OudXNM-4pw5W8jhHnu6-DuxVTxkei98i3vXiXtMU8vlJplriS5sriUMGEG_ZOrGOTuYcwj8C3sYQhWYHXSkWpbGX17Vx2-aayF1x8i59nbRAxT_pj_x-g7zzYOvyiu8Bu1jXc5keltsu0Zso0rYPoXNy0CMcigXR5pHvqgcH-ePAc8ciXNlTThLzD14qxJCZ3K1rk-r0419WhV1oCEcerY9NuBmTzPKCmf28HvNP11ng_O-qWOjfzJcn4-V7cdeZz_CeoZOhHPOZeFcUIs8xdlkD26xnuo0wHkUSTLQrnPQrs5M8NpF39AkF6BfT9Gun3COIc6dr_9wGs7htYudB8vprpTTabuHMY0ny6XtYYQ64YXHvAhe9nmPmd2M7zvWu5XQ8D7AwYSHPdOhR73wNL067Kehx1QA97GL2hUzF-H3_elM9boCr7WZPR5mR149n7GbupdK-T6AawTXRbTwjJjJheMKtQM8izqZZy0j65KqTUN5WeF-s8WzSfsODl3YPYsp_AbopfVTFatoTgGz5i1bRT5DngGaNEb_z5XAmboGME6Dbu1ok37DngV1sQY3ZgL9z2twd3O4Hu8f50HeDLk84zW-Hz1WyFS7Yv6R6YOiSmics2HkvgbNWTHgY0LdHuTWcWgD-L8Sx2QVBWO-id0Vm2ZXzEm4nQmx-7HIy1If9zZls6swl4c2yMsODfCyUhKsuzGcg9OUrGuaLw_0BK88Ws025ZYgb4DX88PDd-RixR0RxXgGXvpewd127LMOvVhzv0-XS2vx7wfCP80sh7McDrXVioFmWtZC1S1wLeMZJXOpgMMd5SpsWZ75qCuTHGdMyvIEDndMnmnS74l9dAu4a3HsGnDMTfje8rhJeFxxWTyu2TXMi45SLbG_dxA6Mvna6HMCZ7VDHsdIgXk9jUS_kxPyFcd5EOCARTd4gJ5pJuSOjF7upiZDIwK4wXGX4ffB-0T8PnqhwLPme-6uok8g6nrFGtDgDvPgVs4jV_Toqbo7wLHqBY8c9MOH58bxJU982ys9R6-Uzpj195zG31NdFldjJHVknh5pnrZU7zsBXA3OJWDToYL_b2WzVCIXOiGZL_h9dfr-Au2YDmeUnW1vvzD394BNG7WYH7Gu9z17obZ38AP1DlRm91Cn8Wm_sD384ECBPzC-rihimCd849OuwlY0An1IKqYEcrmDxPrc0Ov9m3MfJjvRTXBvAXAsWhQ-U-mR8fpcuYnleK_R8X0_4wwv9lqN38iC4OvQ4dfXcG_DbaVHvmjx7T8e30KbDTsNvl2azxLg1q1iZHcwmslblzHf1ULt22QVoSZVwouChKwPcrWsQLeePNfGjB6d92YW-Hw-SwrPgvFSQn5r7tUYP_e1I7rRkw7vY2Jep-hTJs8bs8Nw8313Fyz2_TjYlxBh63CT1OHSC6vDbWqaU5-S6Bjz0KN4DpHnbR3QpGUD7wuYjnqhQ1dywLLTfdg94FMz9Bj5Tpg37m0ZHYv45uDfP3hzFoBvb9N3_Rz-3uw7-g7bHsQP1IOA6297EJP4i1xY_o4kwEGA2TGVtVRl7jB3vynjfF2KHHOydw0jNEi4rLGv-g2-w-itCfcx8B1yJu_hO3P2Xxse9zgD8pg3sSDjzr25l_XgO_InZpb9bnnedfI8pudW49odVeQggHNSyTx0ROXWFD1WQeNKMscd1R44SED1TolGwFmdHxNy-u4Wwx0lHfbn2lF9fzN4pn80_S5zTy_wc7GWB1o2HLTsoGmHXB3gd3BPfcB7RhBT23vAZ1AcPdje6zX0XtOjnZOzc3KGgzRhINV9w1TUMm9Zml2HBvsWB-AemCmxPzIO3M-ToH-Fdzq3w91zeqQq-i68rmRm32HMlv390VPpc21r9ew16lkHnrlWz9qZOuAiwgcd4WNmImjYRnBhPJYMt2tkhTurTKcBywX6ygWn7KyiV6bZ7-I1cEPAljP5Zf5fOB7D9w349hZfp85wYvOztMFZOOOf5W3bmbtr5H2gOezMneV9wC8SvvcogWfvimJ-tou8LyF7P86BD8L7EpIe0S-YkciTan34-7wPsOoefv7d5P5yenzeGKwced5xwMjBS9jMNys6et7RnnI6WS0vyZeNzEVg5rP1fW1qpM2yjvNIJxz53uFAMXtD7wNJatfW8qacVylsLtg08yrdZdXygkrkuwNwuF5sgW-o8Ig5ppRkrcgzzPLqMdOLkXXDSDiTJDsxF0I8eqPP6ALu5y35Xtj36C_8avx8o1dxl8J4NomPY94iat1f4bVDXuhb7LsK7Iss9lnsM30Mqmgv82UpF45PVzi3krmMZ22yor5cuLhTETAlEA81zV-oPX0N-3BWGH7-2bQtXtchC9sfObGLdTjUqaB3lyPWeXj_POXC6slqdoHI5UGqg4Lnw8z0uXnmYZ9bKBpQ0K1JnmnGC830oU74C88MW7M7R83uCM9XW7ObpGZ3Yb7oTeQzXbuCr6s4X9dSYc1ONoBjlVQZ-szNqK6P2MOgXuqyE_xMnLtf8OefbTds2OUfrtHQq1D4OcPnmqxr7MmqYddCxCbDdbr6m_GAabAGF_P9zHgfcFnidYPrpYGjBZJTFz2XkzwNmPUHnrL-FiS27zpF_e1IL2ymjip5oGruMI55NmWD9TfabCqc_aJ839JVqkWTaeAagHn3J9TffJeROZx1Cryu8Cjuv55rpg7O-PD68_HnhWZurmaLPc7MHXrzDO-N79JkPdWgpKqYYe4PzstJbryVu4QUreAH1J6OhJefKoYzOy7V1PKzCfkZ01Zv2gzqsdam1mWyWje0Am5BCo3ZDpSHoJuWdbJ1K8GLLuEh3DOlYnp_ytycQ3VkvAESIjpTa-Pn0Z7AQ8zrP5xr-Hlbkn7oh77o4LukBg_NeEJfc47cNpoNvdHMSfBZQIqxFwN8bYW5jZGWq7RjnGpbP5u0fuba2biJONqF-ZIAdvmShA7zsEcKTKKCc8n3HZxLX-BZXa0Bx5agRQ8H2ixP7pFSnvbOOvyEa2eqp_0V09B7iT58BdMK-syXKbac7So4G2h9x3K2KThbfWE1NeoxclsKTzYxj5xhp7XoMZsL7hHgH0s4k9QTTaSBu83oSXNwgG13j5xtfjZsa4ZMmrGu9uujNi0-XSMy9A8e59yQT673lrtdA3fT1OZvWS2K-ARYBVoUM7h6t5L5psIdLtxnSPgB5-6PbLWp4X7xJZxT1ogTtGjoUJzl13PEyO5MPYN_4M-pbuB-GfOiP6BGAD7yAV-P4RrAvfcOv14DVy4Gf2DEQMA-4HHo0fRhzHpot2TQsQbjPg64CD_7YbIMCMvvfiB-5zJuPUusZwnyO6mAk2ipyhoz7nHPHPgdchRfcpz1FTO2Sj222oGOfXn2_uueJYCtlW9wEHRyB_fz8UxY-E8n_gV7ED-N16OL2NM1nA8eJoMfekQyh5II-xsfht_HOVLMW7Q4dw04p-E8Wt9N60s3-NKRrBNq3tPKbWTDBr7H921Cbg-id3zRLIEPwkd43Ql-gi-dmXWLABsftSzg6Jm07LsW9xX0uNNleN-nazjsd5nZkIh95XdAjtibWp_hfA-IkXj-bQ3vGrDPYbjXYrHP-pXAuRReCNgHmFA5PtPLA_opiVzAuax1snA8wQsX5-4pwfnfb8G-OK35I_YUZ6vlvTdzJh9Rr_4rvevirlfcIi4YT05_yMRZ9JPNzDVhn5B9j7sM8Bw5MFLjfrCfLFx4huA88KZhq7Cn3qY2s9Mv1EXtzNxZciJ8BreR1bMT6NlLy5puUh8zpdlqXcZ56MkV1tyFJzELZ8XqOMfzeGiAm_iswZmRk_Rs96muNz9XXa8YdvQNhvU46wtnVo_zwB3ed5Xp1Wa2P3EV_Ymos_O_drZkyJi-h0svqwQ9L1XWMZMXEfWYTyg4HfIJvQiw6L4SXnqSpyYz-a5m_tc387_nzfUaew4xfC84t_Fb_NnDmW9Xazwj7Xb-_q_92HnxqUbXFSPednRbvzSbYjHxGjBRFQHtLSZOgYns0nYivGVFm41KVhnoCTHmgOHOfnmgQLGSHP2DWClz4VBVn4CJRmuWOOPirNPzY-ELsyet2d1_NV7_wbMprmzd7orrdkeqbZbORD0L_9LqdlSBTl2FLuvdJuGpi_sSidnPlw32LKRKuwR0LXzMp80L5_KlfQkSPZh63Rl3Jd5_2ZtYzM2uWYSvy_pp1u6550hBq66g_fwDfI4yuMgWr6OFwjoe3Eccf9-fh2cNfj6cx5tFgP3ewbPzdfqx_2zW5Q9b87uGml84Qz8ei5OT9Decy8JJ36VeCBxFYtaOJ7mYYX9Dmr2yEt8H_94oRoTLNKvg3J6Kk2NfY3KM3GG9-b3xHR5mmFujHeF3qUAvD_jVjf51OgqX_9hUuB-cOXfbec_gfo7he8GnFXh9a9A0MQmxNzxDTvZh6xe2T3LVmOlRFfoWM-38M-7iMpxr5iIAbqkSfkAPIwfvP8H3Dl24BwZ8EzSgZgT7KafMPwNmqkduOeBSBDhkMAm17Rb07mR885m_QOX0wCPRe-BmuDfx66nZ233XLt6bfktszsrw_be4gzI_UoV-9HPvbmt1-DXr8ITDNa5s3XGCuuOYa3NBdccm1BIwTKqiTci6Qi8WoUv0mVJMRy16kzNe1lQLRzRZ_z_a88X87sm4psnoBg0-ZHQ_55wxjz7Q_gXMg597R4oPtEL_UHjWi6igigOez82cYXuDv19otfdV8MjITXhk94On4ZHBZfFI32ekOAp9q-A2CzAXzcxVg2ZOuDiKyi2ZJ_wE90fy1GHNCf7JX50t_G64-FWdHC2Kkc8CFuIzZh2DNq9tH_oq-tDCM7rGzhl--fqdYW-OXtacIXr_kl2ToGdyDmcPMxv5fU23TiBzWce5CKgnZpLsDgnfu8nJe3PDnCHmUnze63g99kU-AqZ8HyyMzXMdvn8PvFS_BW25-Bg_69XAv3_Dj5vPNbm5z_s2cF4GnujG5Ncn7njHEG-ch4hQzdT-D1uXvGY-GQbwWthdFcsnjbc61VEgVapF7zbAeQI8n5TPW5HvSrl1D0zVDl2lvuQUdPIpeRzPPQLnHf3c--UM8z5_nWd84pNf9GFGTAzMTl_lD70deD8jmW_nHa-cZ3KhgTNYnjkFz9QXts-ibgHvQjfhGbzskZcQnPtelhRnf3gK3FM4LN80skn7ZLVsTvG0_5xnns2bofzShyF68n7-rFYI3A9nLaMiucdabfTwyAmfMBC9o-Feh9fyVVyRL3iv7b_8p_dfmE49Zvsv0-zCXFj_ha02Cj1qKK_RC79iveMKhXlFtaY8A0xkgIFSSXLbAE-ZfVP_5W76GuPj_CPlv3zCQat9r1j7Yi8FNI7VvhNoX3FhXG_eUx4FgqddzIseffFBa_kUeyi8xlpgL_hGiRzOJs98eWp-EfoStotq3Ps7487fv9C95mtMftFPwwzQ6CPdWsy7ZsyjRPQW8ybZcZldVr0vqBK-D4DfYd7YwWTCojeNnrdCiWEXeJV5jKQBI3tH6PDv1_v-4ssFiu1c3M7U5dCTZtjlAy336MFVjLM8R4tl14BloYb7ytbqJukJX1itrhGu8GQJWINczWcmf5JqtnVLkQvQqvdlArwuyXe1bODYnNATfuJvY70Od5-xN3ymmt0f5hnRjnngL-wqo04GDoccckMnq8H5WuQ0oArgfOv0yYqhVxlgWAHPgxoz1H2qD0rydS0JO1D1wvPA1uDOUYPz7Pyz9aIx88-k7lgOXMpDL-X0iPVxRqgX50CbVd0KfSgp31VMY38wdU6tvxlcecQ2dTZvrY_IVU0PVXQv4tr33fGw-PYD4ZsPvNn6Q0-jQy9s7iSAM3cAflair0InudCgrSrZoNeC6Fjl1kztHZrLA9PZLMlP1qFGF461t_68nluvkMcifm3Uy_7Qz3aLv3PtTbFS6LpnBLVp5OMcBfJi0Kuo_bHWqRPQa7QBveplPbX54hPq1cKlVq_aGWZzLulM8Psm4bIx88qrCM5lOKNbx2ckc2Ne1nBWA5GnAW1wV_iEbDeVdY_ZH7EyebxPfvSAQR6-hgPHmiTL8v0wLw36oh_wMFaRGyuDvV_kkU-3u0HztAf-5knsWfPaYciZVejG-bIWuM-yAr7MCy9ZhTOh9q6dqZt0d0NbLTvNLu9Qx7ocLZuAjhUq6pkOcZbkkOC51PMg5rVLc9rSXLhytcM5kiNrolN8VXvQE_2IMw_sfDp2M54xZ8TJW9DLx0_zxJ_mSu4MT3iNvjHL4S3eU1FheMnXuOFibvbr3lfjzDF6Fpr7abpZY4uLPxAucjgH1m96khpfcmG4SDXwPb2G_1LAwF2JftMJnEPQZ47ZAWiWJfMyLfSyYvm6PBEXj4-4SHl2zt7FP4ZrATgg1JAFt1B4Db7ITao_5316svreUZIINKw8JFsnSHgKRzbzcEZR5JsS_axlHrkJET5w74rpF_ZXbH3vPF6qcO_a-t4ke2UXloHk97JZHgB_tKywxk6PeC4ZmbdJvq4l1qIIa0QOn-PRo_BOqO-ZeaZw9LtCT-15Oz6v_-e1PcAscy3EW3guIt7PkeP99GX-5d32s5k7rO_BjW_Oz4R1vWVNFXJk3NGrA4Z21lwcsd8Nz4s-5rcHoTKfqRKeG9HspfqBreudo66XAobanbFp6nr7y6rrNbQD3qYp2RyQZ9EVzqHUHp5LtsK6XtEnHDBOHQ7JiurkhLoee_KM9j241wrn7tf0ndEn4kx492roScTmtXJeyvW9QxyG8_Pn1jneTTeLYrncj8Plemoz3ibCt-jC8C3smEodqoouzteNzE1muSsrt5I80sA7atGEfoL8A3SsOCXj7XN8wx7tI8YFo2-0xTiLcRbjLgzjLq4WR9Kj0HvgcFnL1LLCWhwlh0Ocg44CPoczxIh_QoWu4PSFGvlXa3HOp75sgX3Zjm7hfr9f3Mecom6dfedcS4tz14dzLuOhxblJuFx4WVxO0U7oTNOcVTEXHejUFueM4TwGNE9ngHfA42rge1HPyFp9I5cbMy7DRy4HHBHnjM-0C_Z3M8oHL_rKuXNaurVzJ9fQX2U8O9r-wyT9h0vL26hBP7rMEz1duECvlg16CzG1b5NV2oneVbJZlsg9JEH_r_SE_sPTXPGIcdPt9X_G1QDv6hszdzJkt5l5Ovjcrcm17A3Xw2w2eK6_w77EwikYmXuxCrt4MXcoEcdn_-7x37ZXcQ29CgrX1-rcKfjfpeX5JjlgIGYQYZ75KsS8bxe9OTHjHDQq8JedQqykhFWUnJLn6z_tkwE2FZN5233O6QDr3j76IKfvb8asy9HH7oM5d_RhwEqNfnjoXXVE7z3AQE31XD_-m-n0-OjJZ_HQ4qHFw2vpbYhO8myWEGr6tIiBLA9dVjm-XK0r442Srw-yQQ1HnZe8PV7Qw488sZsuX2j-Hnkg_J1tzEP0dedf8sK4Bf0z4N-QQcznHzD_km79I4VLBu9zLRe02Gex78r20ZrIY5oGLN-gB5SWJALskyXuxEuyD-I81YCBDVNLBR87yf8u4eERs8vekXfp-4qM1yreVFjLj7PCzNPhdTS1lO-UMfQFdxw94f2YZE_5vX_JAR72fM05dWJbQ7yGGiJwAc_uaNgcSuODrO6Bm6SeyNNWeLsG9TLNxSzO1zVmZCS5CISe9zKnneBMfeOORgtn_2me-Lv7wn_uVTB8r-rVsNMh5g92vvkaeWLkM-AEtpdidznQQ0nmmIXBDsnCbdDzHb1aRENbwWtfbh3NFOhkTwJsUZwT_MZdDsf5zhlBx-cZQXYf9_q4Htyrjp2NmUgPq0ubjQmPkkjFyH0Z55kPvz_wj8hJ0CNO7eo4ZyXl-yBZZQ7cL_4pfqJUZY-zMZqqc_WLjc97h3_TMMP8--Cv14JWHTymfjbnvv-aD4yd-fsPn_mbUV5bXLN1Pudts1boEQq6CnRrNmN5amb-ANcC0LQH1LJsFXUUtSwXHjuhx_G57xTtje_UuXJyv-75Pnz8xmLbVWOb3duYCNvSy8I2rAWRyJU87OKc-hT7t9hzXbil5PsZ9jWSXFZMLUvgXS9mM7yIbdtHbIuG3Q19Hmz70-AX-oGu6Ev7aJ_6FoWZZ3m4Wb19_rlxNR9qiDztcDbQ4uDV4eCRqn3AtrZXMYnP3qX1Kvi9Ehy16b5l3hLPpyvUbRkbb4IQM1WV0KmmHuBkE3kn9CqOrPID88xV9Fz7an_12DP4OB984yu_oPCbsr7T6HuPvdvGeMX_aTTvE94ZjawH7Izn09XsVO1Ivqnh728p1gjw2jZMxXnUS3hfsooc6m0qqcJONNkL19bW7M7joQcaxnqLWg89OJdCy1I0aQe6taXYp60cV67WJeZk4K4HYN2MqV0pSejRFatPwjxVg5YVM7ZALjbM2H0n7HMY4Hj0uPsx3Y5un_DNga3SnvZOxxqcgdxVwqOtUOsGM8-FGmaAKL-tJBeWy02YjQHPGKtpJ9G0l5Zrhpn3ZYl-BDFfA-fAOYh9J0HTMr2rYs7gLG7g4_elbER3kqblAnkc6OToTD0Igq-tY3DQPDNf49zd1zMxwuU_NtXcYBt8C9CI4YR8bQ-4Lxuz5wJaFPka9TDnt-5EjplK6wMj2ZHxKGC6OFq-NmWPNQxob_naFHyNXtj-mYSzSHnhMr1vJRwX1KiU3NdxHvpylbUszxzkISyHs6vXhxM1qsf0_IGR6Pi9PVXS3R93EaEaOOc4R2I4zJsBAxcT7lZEM6aFJ1UGz4rUS9C_hrOaLpyArpbwrJj3kqcuaCbgenvfZv1Mmk0Lz1U7SzLNLEl9YRyOznC2iHqiA2ybYfYFy-lRoM_KCjmcLKUSR8FrzfShlqfMknDxADjTxQqw8vyeKi_kmeG1jB4wp4gtvnftzXK5H4bLwf1qudxEtbcL43KCp1rkm0auKHC5ncLaG8uXyOUcSYDf5buKYn2JFDP43BfO5de9BEz9y-jFAjhuqOE_ly7O5Af6lZlg4G-rCDQp4-kXeWWmVrNFnfsO-61LARDS_hr98t7sUACOzON78_oU2x2Lszos7haffY0HuNRN6LPXA5f2WCNc2jvwPCjcYZcPvRxuS3hNOtpkOOPqwjN0lhCbbztlPxa4eMAsPlqta3bHQOt66IcMmkPXPuaeSRV6cb48MGWy0IDTgDbTtANeE5yGj_UX-EjdZDs9PiZ_wce5Q43ni-lhOPhawe-px-s5cMr7xZsoZO5vufvHb-9oQVVa7Krbn43XM2jNYjEzHD4KD3zrrm-tVr4KrQzPoqyz-2VT7JdFswvbL_MkuW-YtzvAWfSEh2cxcxKC-2W3VYI5GuQWjsu6ko0ALVifsF821OSwPjfZXi3g8LbC2UIxi_B1WT_tsKFPX4ZZ5Ewb3-VuvMdfm-_bzwPA7v5uO_LKpsUsIeBe89a8ThXBc1ci3oI-TyP8N7yew7X8dTwbb6zuvgrdvccMLVtbnKQ_LC6rtqiWFeCiYjk8P3OhJZ5PHjpw_wVC7VTMd4o21KMrzOQoS3lC3pBzFzoJnmd4LkerdhYR8TCdd9UX_iwk1SYvHL37Kr9IvWX7W3542PfocfUn3lsL8zOMd8smNxp8ujlnq6t_JF3NaUetJ4ud-UNdnS9L2khgJqIFXuXh_rxoZINzzsITLfoT0HwNH89c0HWn5ObizF-XkDpgZ9ph--9743tl8P-lPY9ntUfL5a6Ay4GucazuncRXJbgw3atpE_bMC31RuXA2aziPmS_4HnSv6FnvljIXR-AcAV1F8HnRKbrXpTwtQC8EEZkfaT8_V_43x7-rAW36cfvcI8rU_14N3nnj85StkoiEuDenkZ9SPvejJXub1d1kOCd07QPOHZiXtqCXND4bErI3uXW4o8ZWEVxPAXQKuB0vX5gHtzh3nrm__ZHaPY1JONvF7aZpBliWgWYCrpHT3uSrqegYow8BHA2a7w5M3VfA1xrQXaf0Qgy2AMZ1yRb1B2LeebhbjRp9_R70qPPR_H33uHOr4C2-9jjn92qYfTbP3IV_twWcxdwjDTwKcC9BL4TFLefumk7W02hokBDhSX5fxxwRD2fFC9x_xl000KybiuapB7gH_C_zX5ozsj2Ns3jmwfWPbI1ukvm_y8I7SjKHaTgOOTVcTqDeUms4ozXcI8DvvKw3c86ePAgl-tPwDu6yJ7yjZ8O7xlxbMnCG2BkzNOB7iV8Rs-B9b_HeQS48-k4hx8N7Ap5Rn7DPowr9RS32XRf2CZ3Y-pytz-GOh5q7Uq0Vy0UrG1azHj2T5SFG_wEVtqLB2edoBufVoU16SpYuYF_UI_ZRg33ZObFP4d_8rnf6T5o16kEbdVazXpNmjVzbZ7B-KgbH0O8jxzoabRloVdrjubxtMBNc8HkrV6zB7DTGbxVo29k34VgF_-liGhz7zNfd1Oc03n_FDZxxuP6fzedhBhCnqMl79LXH2bzMudlyMlV_NVAJLzz0JJSAtYB76CPlY_6SaNDz3QG8W9ZMwe2vhZusXsjntP3Vc_RXe6ZC25OYpidxYbN4Qck07QVwD9a7FR1n8dgqbUFrBWIL2oqzEp7HvlCyoasX5h5e6kkogT0JB_DGcLiz7emKt_g8MTj4UM37-H61HHZ2P25Kg5N8xMu62DlLuCnfFAkXx4jse-yNAAZ_QG0Uw39sa3Xr9ejWaAbPcFuzm2SurriwubroCJo1oM1GxRy4B8c8NHaglVuKxuBgz8h8BlzETzidiRPy0KjONF3g83teMJV6ETmXB_wM_238kT8YjkPwmhgc_Wi0IOiNm2e-LOZnvSmonn_EPQyqMtOvSHC-yuLeFeEe9Rix88TT9CouzB9eHQ6i2VXAgfw43xwo5kDyNMAcyISXDWbgIuZJkgVwdsuXcrde8CpAfAFNGR7P2Jf96dMexJ8m8-Kdyf7-mL6Df9eDV8uYf_EaMeyVeXs_nJmiMp8_3J_T7eVqSUQnmvQInLmWZFeit54k6BVKtcRnipJ1shLArddKWG-9aX2SdWGxzvqy4O6EAr4fCJ32cB5L5gnMvFUUdK3goRfzsmSr0JXktoaP9Sf6snzCujPND1uss1hnse5HwboL8xFV1GXNrgEcc7CXKBr0oEp7Wjk-U5gbcVtTfauY2muZU-8bsO7IcA7l3PN2a5NhNlwv8zdqPBs_4X0zvP6Rmb0basoTeoh6qUdX65rmYStXqSuM53uq4RkB6km0Io_gmpUNI5sKtJr1fJ_W892jNudimlniC5utE1r0zNvVuLeU5Ev073Al1k14DXwta2WzM_0JCfcM8BJ9moeo2VXATNpz9Sb-gdf9w8gJPm6HHDNHvBv3WeF1v1kEERt6FMOZN56hj3N1740PfByPr695nd4YLGnxc825Wgy7F-Yevp3Qa8ryvB-I5zGzm2153tl53sX1LTKfkboT-r6J811JlUC_eLM_RvkG7sH7Bs6ollz0oH2dU_wARp6nmT5f_a4Zcx0RCz_eDBj2oR29kttn1xv72gywcaHw64dnxeL1MHs8XMufsO8xzCaLB8wEsnrY4uRfZlu0xUmrh7H_iFldYkZX4hjntJN4q-Uh6jqfqgOe0ZoS2bCGKdyNl6f0d5_0cHg2PfwFTg4zLPga4F6Gue-00VQ403L3N2uBHx-xb_AKtLrZ6marm79xnvnidtKaNeY_OrTBrFbAuh7zIUe_ZlW0UmVHqiPHzAB7J_qmGN1MZ1SfTTd_MdP3maeyM873_R1d_DvOiKAuns5XlNVM3QK_W5ZxvqnhmQLPlXVt8tM0A06-rFiT-vC8cUTDSvbCc8XOtZzFV7Rj3GZwTKOLswvjeyKQqu5ks2vQ71dyOJfomwf6i6paY14448sD1eksWS3r0_ge3GOm15se6faxJwsYdaZ88P9b3_fDJ6436ObKH3KH1q-G189cc_za6XI5hM60zIEn58DpPOB06OnQhD7gncLMOgk8O-Gpz7wQ3tad5XnT8TxQLNrub0yyv-Fe1v6G7wIP6ykRHXCyTsA9gXMu2PsVKj2K3gmEljjb3NGclQk_xVMqPMZmh8N4ORWINfXgc3yeWeb12_HZY_D-Z5OHO_yM35x1V-DnPvaFTc1PRA-40xa3yPHw9Rv8QfFZMeEMs0s94M4reKbkDHgd1lrXZbJwSwHcGfhfQ3ntJOS-hLcBtTPMk3oO2CyiiXrCF5a1QT2K3MOlusAMSZxxARzM-piXDeAeZoNrgVyQ3B4o35-yq4u-Jg9Pc33_Dq7Xv8b__8ns7pr7Ep_D0-3lMs4OeJ1k5Src8cO9F8GLVqBv18IFnhwGQ6ZTGCRDtrLtXUzTu3DtbprtXQy8A7BtJYHHZR5m5Zq5ZZ4dcTeNedEsxtrbaglYhzU8djhpNw3u35HXHf89vM7q1qvVrbywGUDT6Fbn0nQrzVNXqGKWwP3GCPZjs6NcReif58qFA5x077LVppFqCfi2P0G3Csd4jXLjidxhxsQdKeDt_I9zeyLX94OnyrsW89F8i2HXgGE6da3PsfW-Mz7Hnmwk3x-BS7WSCw8zcSWpgzhfH2iOObmsYXwOZ3KjKJfNCTrUo-jRhDsdKkIfgTNxsz_x-dGNZ-FmzHBEj6jlkO2NnlFquF6C_GXuBO_vGnu1a79AjQb30ethfhl9Q3_ZKKtTr0Gnwr2ZWZ06Sc91f1k6Vc0109GMerLGvCyh95hN1gMOBoCDmFfWw_l02EoELA-7lzJWv65T6YOZsePUZG-fuw73V__jP4dZksHv-Kcnv2O8NoAHo7-UeR3MTN5ibrXsFfNAqsXRatlJtKx3aVpWqEMtVBrQrdMzvTSzxaATQMsCZ6kcT-AkrGKVyEOcIflGLVt0j16dz3jYRLzQ8LlhH1eQcXftV7wn6bMdNjNv3C6MF9VrnN-r8IyYrDP8_85wRDgLv8Hrgxm5_7R92mvo00bAD-1Mnu1jID9MZ3SVoscwYBjQKTOTtw_gQ75Q94ch9xt7HakjCebXnjyTB_ww_T78cLjWC_QYLRC7xK-jX8EMrh3iJXnSyXZO5ZrxD_SKnUm22d0G_4Sb5MuGccS6fZ-gxyifY_5jiRnHwOscoQvQyuWBeVFwij5mCnBVhZ_2dRfz94nxmK_PxQnH3B-neMSvgQsugvHzNbwmxVAnxGscPUTkGV_V-7G_PNYJLQe8IgwMNVN7i4G2Rog-yw48D31J9j3igmgo-o3OcJYF9yngrNZstawoAd2gpKLfMssyYM2_CffwdcTdXdM_8fB7f-p3rN5aLnjVONjD89ni4CQ4GF0YDt4ektWmFsDz4FyWcoXn8rYSW-SCoQ_Y6EteHKknAqYKfYo_H3qcJttPudtn87IaesA3T7W-v2R-P_pWEdTLoL-xl734NebCpcpyv-vEvL2XWP07CeZd3p4GPP9WdCZ43cpVdMSsQ5aHoA-LgMIZFfoeMDHqRJ5q5i1PmY_xKfaXhxm_Iz1XvsZn3M_0dZ3Pc78_63_sTb2xn78fv0c37nXoaHl_m9bt24ikHuX0mHD0TZ3_EZn5EuyjwOsCWPlO2XmZK5iXwfwY2yuepFdMu8vqFQcHyW8PNJdAnRwPOCDwvmzGtGjhmRnIIYf2yPShougXp07pFRddAjj75EuFmdz_Bm8qxDN4jUKDC4iN4pcRX3_fFD38LgYnX-HvjLzy51Fb9-Y13taWM14lZxSzBN5lOeMUPeMLqxc2uLORdmyVOeghxwjmhu012zr-8L77hq7WDQX-IjkNTtt9i4bdXriPp-kZP-HkyCPNOT5-8n_-YoaGhP2wizdkxdl5wuudJ4Tnv-WIk3DE6MI4ou-hdwHVy5L1oNNWqE2yAHeAE8A-UTlOkkeBaCL0gXaFesFP-OueLs5neHP23d9n-nmoHQ685361dj5lkH9WN3yHZ2-9__J3sXj3H453TNWexbtJ5qePl4V3gaKAcejVJ3pnJvE8At4JlbXJKjzirAzNM1eusp7xeS_0KbvAxYySYpyRoVPo4XH37fcRAwc_l8e94MGvzzd-zcPX432J349-LZf8-LijbPXuf7reTY-MRFbvTtIXvrSMSllinpEk4SzmO0U9nI-JXNC7AeOiwxlp2mQz4CyzBPdH9Ld4vUTnnI9J35vstjct-mNZv6qr7Ws4TNe95XCT9DUuC8OaCPhV7VNdHmKO3sp7wy1wxi_Jd_A-qgU_1EzRGW025Sl7Hs_mnOHt3Mw5MzWHs362OedPeFbNv-5rsHjmR297tteAbcb31mKb9arCc4m5NXDm_GThdKDXTJY45q4lJNQMvUdJ5LNV6glPBKd5VYUdXfjY8-3PmkF59xb_3t9jHtmewjXX2Ag9MpsHNI1n8qV5VTXUA36hGN6a_L5EryrK0asAewhFK3k4E3rZCI7zeqflAdHtI4adcfb4OYY9950SofFqee5XYDzigaMNvVaCvdXe-I5a7Lti7Nt78Gy12Gf94n-S-eZANWgmMm-Zx2q2Rb_4Gr2VZ5TsW0lSTfXeAX3psZzVJ2CfS3XUPXmNDjspZ9Ckn88cR-yT5-jHLWACvP1QmVm6I_ztxo_A9g2uoW8Qdcxi2iSYdmn5jiKnAdNzl2KfNA-14Roq1LhbIbHnmYsZsL2G6k0NZ9Y_nc-FRpOaTMW1yZv99WxZj2ue1tX8y5_z1T1ZzAN_N8yFfIiwrnA3_C4xW6jx37_dTZbtHTSMzGeAfxVc3xlgXGW8vXiEubaaLpyZVLKSalnD5zm2JjdtvyEhezsjZ3PPzLmketckOAfcO6BrywbPpeAZ5p71uFNLGwFns9ZwZBTNvyH3jEfP_PbOPCcHuHWAezEiX_lZX9esBeLg8x1bi3nXgXmMFL7FvEkwT18W5vkeU8tGEoG7EI7wcBciC3C3Fs7ljFXuga5kJVCD8eiYrE6aCz6OPir6bHMid6j18JoaLPoZ8etTpncHkhXrdXiNooe77z9HYjHux8E4TZXNBbK8zmBcJ9TeEXnqyYVbU7JUiHESjlCy2hzo1j0k5ACqdqngTDqsOYXXfeZNhzhX3BHRUVX_Ae87V--1QB_k8mboIzxUz-ZGKvKoY7_jjiv8zWSvZb4Gfrz3mRe1LMf8GrcUCv0H7xvWAIfOU_i81Nbupq3dBYzYHVe744rnctkwLwM-Nw_iPO2ZruFcsgrOZZWQ2o1znPtaN0meOdTLdHKCFxTWA9EDwOTXLpzxmX2G3NrRD_mD4TLmPnNGL5PPPd-xP_uob8c82_eYp4F-8jcDr8OexnSYt1QSnh8JEbM439RCz3F_2KGYSZJHfsxrTXXYSfSggevLXphFtJh3Hi8oSmqLeZPsOVyYF3yT-UzVmukUONi9ycdAX2STFbRag_5aKqEi0FrhDLRtd7IPKH_KtG3Pt-vwlSxb05cYrt9HNl6nJ16NnwNnux_reHdG494i9x7qeB-nzEgrhQcaVhXesDeM_C6bMRK1Sb6rkoUTUNyBW2V-wpcHRjKraafTtLPEZqRNxPUuzfdzjx6wWvLUjZGTAT9jPPRAy1ZCZT3OVFB1qGguS0mWtTgpA-M57oU_AO5ZvnflfM-388Y2G9d4fzZpkJBoJoF_4LkTZk9iCTzvcMCdfKHFka1CDzFPkrEX83fnU8h82AdDPD2Xvh16D-PfO-zxD_5QH9N3C8vnrp3PmTxSy-fOz-d4eGF87v7A8qUye61Yn-OoY-se9_UxvwLOqM803Jer0BENnNdv17HTcblhnuU3Z909ZpUVpqZ3P9b4zOxJN92ehPE7ED5T-1auNoqiL7ROe3w24C5KwgHZ-O0hIfURebPdk5hwT0KH2vZeJ-m99hfWez0yTbFG54neOdIG9893oE3hPGJ-d--4Qhcu42VtcmzJSTN1HV2M-RTn2xF72omwmvOaNadwE5s3a7PGhnNZUi4VJVhXWyvJ8VzOA4bzwCQN4jxyErIrWZ6BhsyCb-oxANc7p5fSh4FbGd_MIWfn1yFfFj3W74GDiDfFiJOvIhI5tqd67XgX9YwLi3dWi8K5lGVC0qPgdWfOpdnNzHzaOz5VSwUYWDNddGYnnUTdyd5xj3h3vnydL_DOXDP89xuTL2bm5kz_1EE8icbf6WM_7xlbLalKbR3uuutwLlN76xs8jU_67ML0agC8H_TovaJbp09yVsG57PDZK3ik5cJtmELeEjlM3zdJfkqWzpNeDRAHz-ZpgliI2Ije6Ivxmgnzvp8Mj0H8BL7HOO3p4vF3elNQRTYljzrL_a6d-6Xw3LFzJVNwP3Zh-_9UgY5VIejZGvAudBP0NCH3ZZyHPiVhK1XdJflSYb1OEhGc2F_FnJxjwg0OmqycB5P3FaO3kvu98TAimTZ5sp90MLw_A4y0fdkr54Nw_4fWg3ia_sWl8UGPaeokeYa9CuAmYQDn0kvQP1cd0ItYJYRVgoujJOuKqvCb-SDui5la3ZBx02OWTXumOZTG4BPiFWZMDJj30eRNaPz7Z8P9vXoL3894Tz3XyNRo5Lnt6V57T5cUR1rZObwJ5vD6i5vD0-UBMLHDfQsKPFHCuRSg2WKcWSH7NlntDpRQn3m0F96mOoEn4szLgIl60DvflxMK93NOCDxMR47FvivHPk0965FnPfIGP95bJZtwJjEXm9w3eC4TsqxjXri0Eej72Yk880QuerhvXjiXX_f9jEiq2Xbe4X-URAW9X5R4f71H3QZn4c-zZcr-TT74rzQy6GP4vSpbI7yKGmFAla0R2p1bnFWOdEJuS9bQWcxDneQC_T96-JDP8k0ZY86YEp3Q9wfBwxk7xWfgU3_4fJ5Rf7s_TJAfzccz7Jrz9rxfom1d8Mrrgj1V0czWBW2fGLDMxQxt5qUe3Hs4G3jEHQ1JaCuaFH3zGqrTI3DAmUCv8_wk37zHuqAP2vqMfWKDV-b8fNwilv2yqW7M9UEshOvwFj3gh6zt4dnxqJHh-_yG3-cTruL84OCTPG22ttXAP4wGhmfyzO7hTqSB9WVpYKYFaK9DJQnOxRQ-7nFQnXmY-8NI0UpVos-UlwAvkVyekn3xuId7ZHx-xmztoWZnzk_sYC9jhn93Ze6X2JwLJ64LuoX7d2t53pXzPLj3UusdavfXkOf1Qu9KwLIj27p1sqKOyWnUcC6Rg1ROIPi6xCxVCvck4_RbeJ47Lc_DGs1qjfcL_Pwb7CsDxvXx_SKws3_XXteLMLPK1vUmqeulF1bXm3uSrxupRBDzfYAZZiyXqCl8oWo35rcVZmTLJuul2nffVtfLzrrn9jyvEbGsxf8X7_B-WZhzcQMYB5ocuR1-X8vrrprX9Th7anmd5XWAWcC7pGJeGsjKbQSf-zjXJxVmNaQOzvoJ3Pn1Ql-SPfYjvoHXifPmb3_O64C_rZaR0bzGP9kfngvYvxjyHZ_wz3K8K-d4hWfn9qaZ27sszAsqyVNP8GKG-ET53kMtKzhtBRc-7V2VrLIetazg4VF437TbBnoCnrE8mgj3XuJ4aeuIzGR4fzQaN8acoPnTxxnmQ37Km7SY95-OeRTwznrrTaNr6wvTtaELmOZLlaEGPSZ8j17JM-B4Pu7xon8yIzQQHsW674x-i1cyz_SQsxgPPVX8Gyt_Gp2LWIp-yfgcwf6smUPWY9_j7ZDj3WI_w7y-jsl5tPPL19271YVrda_VvZiFBnoW55JnoHsPchX2qHuFwn7GfY2eByzfVAJrU6s15hl-Wz9DIwecHx_16bDn6zxMxQkfzPWYjfr39aP-xWuh4Zk14jJel9d4NqzngeWH1lN-olmWS_M8YJhtC-fOnMcGMK933ATOYAz_4S4bYKQn8hTPZiCb7FTPA5xl0YCjk82ymL_vZqj7fdwi1vHHvsZ4jyibHWR7H31CCju7PA0HDC6LAwbwqFkqqooj5nsnK6FjvgOtlrXA-ZTA3oeudbLKQBcXwOW-aabFn673YTLAb4da37CvUZh7A7CMPc23WM177ZoXZxRs32OSvselzSsD1nlJHgaiiYDjZRp9raQKdZyHGvsfyWrTUNS7oM-Yvv2meeUEOR76Wk3F88TbMRPN7K49y8fVT_PLeF_XiHlr3_K9q-d74dHyvUn4nndZfM93ZSO0UMBLevfA-Bz4XnYUTQp8ZO8lC7dkHvAW4LHAXyr5TTPMdHbWGebBAwt7Hd3j32yw9PHz4exH5n3EXNe4mn_S2jo03oK2vnfN9b3QgWe-7f9O0P-9NK-qhGQ9U5uarkRL89SXyP0a3NetO8YjwIz7mpG5xrxImX9TZiTo5LBLzsr9Hut5hv_9ZHI7bob8juHe-8T54Hv-9fdY2HrflfM_j-rasfxvEq-C7sL4X0890Lz5roF7rwHuAVwEz-m8FSrz2dbpKZElVXvAwOWBkm-Z-6PHM2awPed_xg91ONO_mrMRkc9_pq3zXXedj-n5MbG93CnqfJfW1yiTfFmZfd2FqyRnmJs7Q50r8vWBLlzgeYeG5RFosBB02rfo3Kg7a1_jCecGvjec3V-efAm-rO99yvJF3jC3PY4rxz7KM5daX1LrSwrnUhJWwf3QSRW2gHM19jgoKYI4D2fA6YDrlVUCmJjgDm6-PsWT-UlfUqytnV_jjtilzN8XPdOz1NbybC1PUcdi3DQYl_ALw7h8WUpeB0KJVuYbZXyn1O4AGBdgJockmUObzKcr5HeR_w0Y11N1ToxbKPx73_XO0XK16-ZquFtkdeo08yjswnBMmLkTwCxStLRhiiFXy8MjzqMkmLO2WpcJmfdwPnEG-RQP-Wc4dtaZ40cc6y2OXTmOqbSzOGbn6gwfW20OTB0a5lE4l9GM9jhXV8xiXsyETnHW7ih4ATop6ulKHE_AsZ5t0aMlQj52vnrb3Vs8C7_HPCocERq_gEFPvnmI2FB7A3wwu7MfFraHevU9VJLaHMhpZugurYfqS7VTWH9Ptg7mJaMP6IHC0RdNpkGHzoSKAuaJAHBuBvrzW3qo3hl7C787azij_bO5OOSDFtOuHdN64NDWC2AaTHMuDNMCwVNf5KCnto6mnkAvgI55YStwXq4CjaV2DWsk9hW8hL9wLv_1HpjxwItGzfVQ-aAfzet9Li-AwlnztK6e9Qwszlmc0z7cu3u77zrN_Jt_YTjnM74xeWWAcz5T5lw6Us3bhOyPcuGWdMVq5iHOlRXNv2n_QSPOxefbgSjwNf5wg7gJmHUzZpZ9NbsW9Cp632FvlC1eP5uPe_qdrN_JtfdQ04CSyO5DTOKHRy_LD6_ZlRL4XcLnxzgHzMN5Ec4OondLwYUbc1bTHHhMHnqS165U3-CHp_fd2Xze78y-_y8jNv78DN9mA7e0_Yir7keQMKC2HzFNX_XCZuAEP9SsES5IzJY1kStwPqSJ4FzWPoP7MYGPS_T6bELQvZH3TV5OqOHO1Fd9j2df_D5i3fvP9vefYenoLWr17BXrWeDKwrN6dpK6nb4sPRtUwDG0JOlRVKBd1bKJ-a7B_VbB955ATyeeaqo2mG_RMfVNdTucvT2Xlq0NRqInJ_qyLx4zZd_itX7Mn-0-92-yevW69WrYJ2Ru9eokenV_YXp1U0lye6B63cT5sqFNBudSeLJyfDrs8c9YQzXogJnEHuw35JLhDuH59KrJyn49nmcH_t7C6Lt7_Px4wD6Dp4_PGeTAymKexbye8tBi3hSYp8SFYV52TFbrKjGaIusEL1r0pgOtUQ2e7YeSrdYKdJcSuvCZ_ibMO18Wo8U8i3nfhnm4o2gxbxKed2E5PQ2wuJzOqKYzwDw_IXD5Af9MxraKvJjvj4yUpeCsZnrXnMLznDVqU6PX8Vq8PqOuHXETPre_ZdlhR-Br3yMeFFjHgq-F1ye42867ZNC9b2I1Wb2ukZzOZC606N1GEvj1OD5H0jbJNyrZukqq1EWMA57swL9tvW66ep3Nl5hqR-LC_OfoCs7bKgsozpuMOxJUrVWc445X2CY801LtmoREGmeH_35P4nX6DnmRGJ9z8YczcTl85g74Ce_TUehudxkt7gYvJuQlb8yzYWv8SAqDcQt_sl6rxPlqb9dQ3DFp0gAujUt5WQMHBu5Wt8ITDjN5RaJnK-HYXuuUfiNzOzts9yGQc82EJwG_CvRS9-B8HpBr0AbwjGxK0FKOaLJONmLGtIDPPWEfol3szd8-POcA587Ta_1j9Ewf7hH2r7jakVaWq10RVzvarFirQYes2KVKeNgLJTC_EM9dy_jGZOLI1a6JsW7Ew6PMUxd0aJX8sBoUzwZ-71fjnHD9R0RCd8hj7B6mq63JA9X3B6kY8FtZJxyvX-jLBV4_GsQ5A92-OwhVNlRtXtTwtrZ2ltrazObfTKJB3cviakHN8vTI-LpivatoIzycF0FsAwwr4WzOmEc1W20w_6aTQ3_4b86LZA7loevcFS3lFGd-MQOno9u5ju9Xy_PtQpDxfn3cfzBZ20O-tXg18r26WL9bur_N0tfpbAf84Waxb5Y_y6083uc3TqKnm5MzOWl55gJfOUjQ9cZfGfQqXF8F19enWnR0JSvayJLpF7iw5XJn4XKMwPe2fnHWn8Rku26AiRwODHQVJalOsHbUhNjj82hOW6brnqqoF8j58lNqb_6M4XySguc38MGEUONT2X7qgd4YnnEm7fq-HXDhg-mbjr1VxL5HDIyHOtwHNs4Gw-_y3vidzKery-Wg70nkCA-uLWr8HveFi854vyjjB-OwPNQMeZ7KXsjVsHW589TlQK_Yupzd6SeBElxg3oMDdEYlK9xJyo7ATdpkBRxv4QDWFS7zUpMPJ_PoBK63_8Awj2ao9Z-hz6DGeQ_UrXBmxwxXvGYx4pzxRkc8g-fdzSLAHdaHarYpqgl7DRbTfhxMU6nFtEkw7cJm4dS6SghwOLU5xHkWUF23cAYDunUrkeNuF_A6sqwoqd2EYM3u79fkGKc96NXe7DuQIdfxDHr1_bifBR-jBdb93rWLDGtyD0NetbnOpiZnXidztvHrp9zlOkh-W-NOiMT9DnWP2RgeXK82IfcV7d1aKKxpUo-thMdeyoC0GvU8u1xWn06hT4-XNhsiVOhKXjaY2QD8wkEfYOBkQZyvAe_gVlD3cGZx9wE_b3dKZoODM6xmf5QIB3c2zzfr-xlv-4ofyVCLY4-a2HwuH7--xj3Wj4iLj_Mk8Dt4cVVPxukYl2XC90fBcW9kh70cV5IUrvGyFI3xkS9pEzqs2ZSMZ3ZXf0JOl1gPkon2G-YXxumWpWwiLVd0FufhsK_P947EWd8mnMVcuBR4iCTyAJosOGW_YcAd3GGde4B959ph_ZzTmdcJuZyZGZmNOBlEJB139V_h9Z_j_dKO-PWwJZsKfpcPk_UhfJc1IVyrZYnPEZZj_tmuZqRuRb6sZOUecHdE8NSDty57yc_PcrxzcDzbe53Kk-TCehAU51R5WUnM4EJfpArnV3GHq3ZFjrzvvk5I5lJVBILfH07geC5muGLPlel5x87kSWLm5MwuPnwf02d9jdfYH68hXpsveg1z_D0K4IXjzN47s-P_-Bri955s3kTNO-B2ndCHJgYNj_PAjBd9snAr4DB-nEd-kssGngkzSjDn286bTLrLZXXtJLr20nK6RMMqRjKP4jwrvBWoa1ebQ8wLHzhKy3Q4A36mE76pqFqXJ2Beh3sUuKPwXkWol4-ApYMPHAk_MnIujWvO0z-du-i5J1NLe7ifsV5IMvj_tKUq1ZHBQfVc3z4MWhFfT6N7f7L4dw34FwUW_6bBv0vzoWMe7Smpj8jv5CrqKeIfieA8LhXTUWtyDJtQSyI0bWRzys5XXc0dquvjmXRtCxzxwRF82N8XGq4F6tan-To48xz9N6MRszRc779gIu7wG80I33_Qu9P1aOH8gsa9VUkugPsuFebcJubaRqDlCuDTRSAb4aAHKfNSuw827T7YzGKe5XxmdkLtA0mAzzU4ayIruYBzybMeOZ_QWSv4-oDzKJIfFMvpKd6bOGuHc3bAdYBTnknn_nm_eB23q_Azbzq2QD_h3uDYDc4Wv4X76XNPOotz14dzoGHsLMo083WzC5uvq6VaK6GjDu43P-G1i1kSTO_bhMsaeR7j6D-cBlRlvuTFKfN1DiXZD4FzcE9v0Wv4XWUx72oxj1vMmyg_59J2_eEMhoHgspSV0yd5BJi3q9BPXagQfdN8yqMO54mZh350L-yqf33Xfzv0TGkx3F9D37Ftx54p_xEw8Cnzmps5F7NvAVp4Mm8A1FP1jK5oANf7SHMaoB8WVYh_8yPW9hJywP09zfR8Jon1Bpiyj0uV9SGexhsgvbCZlUOD8ySAe12c72rgIejJOWOYH-bh47cOknxzgH8fJXnkb39vZiUhKdYI0YM4oKRAXNo7d86Zehlwf_SvN-VnfV1idsSGOWS47iaHQpln4tDDMPg1M88RtgjM77OG89E_x0VzzRSe0ZotpMXIq8XIPuEWI6fByAvzalf3JeOHg1R7wEhWSo79yMgTveODJnZj9BdAXyiVugy93E_xLVbUd9bOqI_n_r9TH79DLrveFxbzrhbzNOPWt3gazLu0Web7SgIvBKybAb4dzX4av62SrQsaedPgDAZwQlfmwhGAf-IkzEtNfis8BzpG5sUdEYV5nYd9iUm54SPGPZv1wzrZiIHzr865oL9UfLO6tfMu1zDvkva2Pmjrg5hHRhvc0S18o2FXssHMCuMvle9K3K8VeXZk5Bb94HzZnFAfxJ7IwsHd3J6SAQsfMSZaFF7EzGv-x_SzMF_DQMDJwSf0yYM5NtmMv4699czOAl4tNoJGsXMx0-z4XthcjPDSo-Shk-S4g2v8kl30_oXz6CYr2lK1OVAuK8HZgTbZqR5U7sAPI8MPnRh-VxF-V544ZPtgdg96KI9eLXgmQMe8Bz2AOnrwHX30dEaM_WX0Qv0zbe1czdX2mClPj5ZDTjJXc1kaulk2lJSKccyYvldMZy3Lo15s3ZKSTRnnOCsd9SyXlVwJl57g8eKsuwK-rz7Xfty_qBe-Mc-He-SOr77opZhris8qO2Nj8e8Z_kU203sa_AsuS0P7HtxzfsLnHXrNUw-9WzLsmbToN09790Dzdck0w1qjQ9UJeRqPGtrsyf1FQx_pzXfS0AP3fjW8Hngtnrii5YcWH7-Kj0zZHss0PZZL8wBEb_llycge90l0Qkxtq6M9zmAXx5gzhbM3yQr7K-mMvpDZ-lW_GG0w8fjYYzF90d5_xMWHfxsuLizuXSvuUdtbtj5ZRheHmqoSziR6AgotGoqZuIoBR2SKejH2mXPMK0qPCZfqlJlDxD3jn0AGXggczPgqvCP7jp7Jtx61svnYUFfcFNVf6oWfdoq_ho2f9oxBR5t7x3y_9nkPBjCywdcSeT2eOdtfuYL-Su3ZvWO7dzz4e1KH5ulM8HnLEC8XjstWYRDzsmLo2U52JfOwvrh3mEf9E_orPd36mukMvtfcvSMU7q35uXSyeQbBPdKb629wFt4u5j3A6ZFWt_k4W_iPsY4D-PsW7qXJ_KFrqnaKEbhiwGtkE2IeJfBhAbzv0IjK8eiK1ZJTTcmyFvqFvUY7W3im2cLat3XBSeqCF5bd5nusEcAnbivMiRVcVkNObNgKHmrggZ5EH0Ev8mQe9XJ1Sl1QAM4gvs1BU8_982W1_Zp-MHiFszJD3wP9AM3z_Clr9_Ecqo3qzRwN9k2O0aLAvOD-7mm-8M9RrwD2wdmaLrcy7VkOzxGPHoFTw3XG3Mq5wyoX-DVec9EJb3MA9Oso5vNabjflXKHldlP5aF2YP37Cgdfp21rkwEM8McP8NuB7AXpGJ1iT0ujhnjpylc3kSp7ij-9RHj3QwY-1Y2faM35vMOmtwVc428-yKg1uGr97OMPe-PVwD72Bj0UF6uEP94OPfrudv6c6cmnVGSwEbO5jsp8xFcGZo3881gWb8V6GnwX6ecKcNxK5QqdaaDjzK1kyzNAjqQd6N5BN1DJ1q-D6a6rnR7l6iV_buuBZ6oI6tP1iywuRdxypJzR6pwImAgfEmtSuSdBjmt-XoNc6uFeOoHcB89GfRnwrL_TuTH8W55rDB3wLuvQP546eSwf_j_ii-Vz4PsPvhzXEd2Pf-NOszceF4WMzfF3hmr6JzD2KmPzWfM-4Ap4HGGtx9YpxlRfW62YSXC0uq9-iZAk62hdqDzrw0DDTZ14r0N4VNX3m-wa42UzwrKdEHk7Z5QP-dowV9gaQx4XvGZzsR5y9-7fyz9ngBXEz3EOYW4KYCBoMfje4DqChAYM6urCa_Ho1eXikW6vJrbc15pmELiOhTkgI-rs-Dnlq9zV6W0suWslTn-YCOCmcTUVfyMh9QZOr8EmT02qOGOn8uBhJ0hqxh8Bbi43XjI0ds9g4DTZeXi86wNmPBHAQ-GHJABupF84AGyucqwMd50q-bqi3PiSkPqUXfaQ94mAxA01u-iSg73vkk-g9C5zyrHocuDpoatTXRjP_jNd-2GEe-LbR2wNHNz9vyLrDeR2Df28Gr7DOzO98MLM8_geTdWwy3RezeGHOh3DWHyxuXi9u9rbPYzPyBtwsS6rWDfZ5KM4YLxxXqKUCDV5KkgFuCp82rExWoENAn5-yI21mafV-xs400zjwx49mL-XjWCcbskCHmVrAucK5CwPGfwFeiDVFv7D4do34JjzLCyfygLgwzSzzVEt-3zBet1TXnuljE-rGvHYkL1qqMAtU9ExFLiXspDyo_75flM76fYF62VnjvN-iZNu6uCNh74hM03a1pOpsc4t_fPK3wRxQbua4X-SDIiywtvwR_bwHj5yfx7dvhq_H_9TYbzCv9fz5zxx2qHX6YLxq8d_x6LNo5sj97zwjWSG3lyrqk617oGQHz6fMFU3UJiTCzOkO_h0kZK6lkiW1M5KTzkhSbT1np9iRubgZIVKY3UABmlto40HmCm18F3vsrQolMV_ZkQ2rRE6PJ3BHl-qoi3nUU5LBz0CuQM_jpzPeYxH-LPyb2Yhp95_2WuD17Qeficfc-V83ZUXw3nodq9rH3L2PuMc9qd_srkzIAXMfOqHCGeBdz5q0xRwvzL8R-fpAV5kHz66ODb6dFu-mwTsHe3C2Rz3J7E9_YbM_LtOspJg7tXAbRjLMoMKedSt45FGcE29STclaSXIPnxedMPuTuQbnVITn-Wj8HNV5dPOgWT4YPmh4Itwzw8effCAAC6NhR_pmwC54nVaRwcYPDwkJ_cEnonuYcseP5aGf5MsGdysp3xv_crlwfEnWcL7LUqB_OWbhqLn70r6l1c9nmQOHe9hyvCk4XnJhHI96ArgGzsvRFnjcITGzcrsa9PNR4o4f3zsJ3x2YwvzRnTqlr4I70Ezve8yQP5NG3j7PDSjHue7BP_aVmVfEe3fYZVZ4rVxTy1kYbueOz6DF0IdBbQ3PrjXgnbY87wp4Xs-IeGA6s5h3Zsy7PM8bhvvLHWt2oGU3tcwFcJF9j_5gySrr4xxnELOAEamAi_gneT9w2gMvbKlO4ezP-3NlqdQ3mAc13cw0_K6u4EVg-kSr6Gj666DvgZfVtAkBr5aV5LcHZvwks87OTE_ozUVwJtT2N2x_A89l4TNee0IXrSSARZj9vlqrOMdZadHKnHaYUSTzpUry7JT-rcvQm2vr9AnHDIDQ7MM995c-49wLXp_bcacE-7gzc65N7tOrjernw-_CJ-NhM9ogpt8egIe5cJ26mO9quqKAa-uDwJ6DirTgmyYBvktVbXnYdDwM96Ysvk00n0IvTH8m-bKmpAQORlum6qPp32L-Wh55jBRtwiOX5pmL83kJ3JcnevjrwX8we9RWZ-gvvBrn9f4ca2kcuemYaQcfu0Gc-3PkZYATlek3DK-XmXH-c5yLJhP2Uy3e_UB41yd2VmUSLvfD-Gl9-X42cv8RiweNi30g_FvgNf7EQd8M5x7P2KiZhxr-W7wPQUOEI2cy_vdla3YmfloU__t__9f_819__PPdffWu-D-_V4d_vvtH88__-l__VcOb-sP_cff_548_q_0__99jc_iv_-__BxkJiD8:1wTcO4:oFx2Dq7WClC6H-1pfnDXFVeSuoUYOTs5Z2unwGOpUdg	2026-06-14 09:23:16.847009+00
s636090lz6ly1rm5e9dd7scfso3rn1ai	.eJxVjEEOgyAQRe_CuiEOIIwuu-8ZCDBDsW00QV0Z715NXLTb_95_m_BhXYpfZ65-INELJW6_WwzpzeMJ6BXG5yTTNC51iPJU5EVn-ZiIP_fL_QuUMJfjzWSZHYEBQFLJOduh1kC5bUzUkDUqazpLMSkySjO2nFUGm9EgNB0e0RTqIvpt378NEDp3:1wTcVp:pfJ4Kq0CEzbJu-o-2gDBGVKqvoowaaZNiEX84PGK7gI	2026-06-14 09:31:17.620094+00
p2p9g8lgyckfrq29rgss85o8knuoo4wp	eyJjYXJ0Ijp7fX0:1wTcdX:CIHFfGnoBU2UVjyE03epiLlwfVg-j468mVY1g8cRppk	2026-06-14 09:39:15.325801+00
bwydcw0z61yswk36uyemgikd3gast44d	eyJjYXJ0Ijp7fX0:1wTbbe:dSneXuN-rCtGnUYyCj5GxoFPddceNJPRPAx32Blvdeg	2026-06-14 08:33:15.000042+00
e7tx8wbhm37nc0c4lfq2ktifrfwo440r	eyJjYXJ0Ijp7fX0:1wTaE5:pLZBnsoNldM9NYaCMiO_lww0O1uYCPfAEFtRY1eBynY	2026-06-14 07:04:49.009433+00
ohm08ieaqjmkpns51rldrnn5e5k3q7ip	eyJjYXJ0Ijp7fX0:1wTbt3:pMQuMl7fp5PPEbwHyVrccZnXeiEFkEQT4UKvP6n0pxw	2026-06-14 08:51:13.822327+00
v140mr53wgsol8b32ijgmaob9pi9wofp	eyJjYXJ0Ijp7fX0:1wTcYC:UjWEir3khYJ0xPOwleq67hQSFNClCEwlTNUlgcgWgVk	2026-06-14 09:33:44.607868+00
6au527euutf0l5b9kjamov5ba2pfykpi	eyJjYXJ0Ijp7fX0:1wTcga:9D70HwfJzq-O-mpTC6Rjr1jlVpm-w98XDt8Z9hWNoRI	2026-06-14 09:42:24.09252+00
mhji3jt89sca2ueyw1a0p325vyqmh6bq	eyJjYXJ0Ijp7fX0:1wTcop:ldtH7wj-WiRbigtNnnGOhA4JmZhYeCbWp8K0c8X1Dj0	2026-06-14 09:50:55.039915+00
pe9ikciqi2kxvp4wm3ktj0lvd5398qaz	eyJjYXJ0Ijp7fX0:1wTcp8:7P48f6-Z5WOnHrj2NLg5TetzuDCqz15pg7K4u_C1qmY	2026-06-14 09:51:14.302121+00
4enjvksm83jlb380swrd4v2nuwfg96e2	eyJjYXJ0Ijp7fX0:1wTczj:Ipr_X746sel4LMggs22fAzm0BIdfZQthnL78C6zVIBk	2026-06-14 10:02:11.937859+00
\.


--
-- Data for Name: integration_exchange1clog; Type: TABLE DATA; Schema: public; Owner: kameks_user
--

COPY public.integration_exchange1clog (id, filename, status, created_at, count_processed, count_created, count_price_updated, count_stock_updated, count_no_sku, count_errors, error_text, details) FROM stdin;
1	kameks_commerceml.xml	success	2026-05-31 07:07:50.944666+00	598	0	20	566	0	0		[]
2	kameks_commerceml.xml	success	2026-05-31 07:31:59.115165+00	598	0	20	566	0	0		[]
3	kameks_commerceml.xml	success	2026-05-31 09:00:46.836311+00	598	0	20	566	0	0		[]
\.


--
-- Data for Name: integration_productbackup; Type: TABLE DATA; Schema: public; Owner: kameks_user
--

COPY public.integration_productbackup (id, product_id, sku, name, price, stock, is_active, action, log_id) FROM stdin;
1	5944	11.2905005-53 (в уп.2шт.)	Амортизатор п/кабину  г.Гродно 90/271	1750.00	10	t	updated	1
2	5945	11.6809010	Амортизатор п/сиденье  г.Гродно 110/200(шток 12,цилиндр 30)	1721.00	10	t	updated	1
3	5946	4310-2905006 300/485	Амортизатор передней подвески  г.Гродно	6899.00	10	t	updated	1
4	5947	53212-2905006-02 Пластм.	Амортизатор передней подвески  г.Гродно 275/460	3670.00	10	t	updated	1
5	5948	53212-2905006-01 Метал.	Амортизатор передней подвески  г.Гродно 275/460	5623.00	10	t	updated	1
6	5949	50.4.2905005 245/450	Амортизатор Икарус г. Гродно	5000.00	10	t	updated	1
7	5950	152-2905006-11(230/450)	Амортизатор ЛИАЗ УКРАИНА	1600.00	10	t	updated	1
8	5951	50.2.2905005 325/500	Амортизатор МАЗ, КАМАЗ 6520 г. Гродно 325/500	4009.00	10	t	updated	1
9	5952	50.6.2905005 230/450	Амортизатор НЕФАЗ, ЛИАЗ г.Гродно	4140.00	10	t	updated	1
10	5953	50.5.2905005   (300/475)	Амортизатор УРАЛ, КРАЗ, (43118)  300/475 г. Гродно	3980.00	10	t	updated	1
11	5954	100-3519010-01	Камера передняя тип 16 ЗИЛ  (ход штока 58мм)	1050.00	10	t	updated	1
12	5955	100-3519010-11	Камера передняя тип 16 ЗИЛ длинн. шток г.Гродно (шток 88мм)	1060.00	10	t	updated	1
13	5956	24.3519010-01 корот. шток	Камера передняя тип 24 г.Гродно L=2.5cм	1070.00	10	t	updated	1
14	5957	24.3519010-11	Камера передняя тип 24 г.Гродно L=5,5	2879.00	10	t	updated	1
15	5958	24.3519200-04	Камера тормозная (4310), МАЗ 24/24  г.Гродно	13857.00	10	t	updated	1
16	5959	20.3519100-02	Камера тормозная (5320) 20/20 г.Гродно	5476.00	10	t	updated	1
17	5960	12.3519110-01	Камера тормозная тип 12/20 с энергоаккумулятором ЛИАЗ  г. Гродно	5150.00	10	t	updated	1
18	5961	18.3519110	Камера тормозная тип 20 МАЗ (шток 57 мм)  г. Гродно	2794.00	10	t	updated	1
19	5962	30.3519010	Камера тормозная тип 30 МАЗ, КРАЗ г. Гродно (шток 58 мм) (19.3519310-02)	1350.00	10	t	updated	1
20	5963	30.3519200	Камера тормозная тип 30/24 КАМАЗ 6520 г.Гродно	6939.00	10	t	updated	1
21	5964	30.3519300-10	Камера тормозная тип 30/30 г.Гродно	15183.00	10	t	updated	1
22	5965	П40.1.2905005  (4310)	Амортизатор п/п КАМАЗ метал. Первоуральск	2811.00	10	t	updated	1
23	5966	П50.6-2905005 245х450	Амортизатор НЕФАЗ метал. (ПААЗ)	3980.00	10	t	updated	1
24	5967	А2-245/450.2905006(152)	Амортизатор Икарус, НЕФАЗ г.Барановичи	4500.00	10	t	updated	1
25	5968	А1-275/460.2905006(22)	Амортизатор КАМАЗ усил., ПАЗ г.Барановичи	4119.00	10	t	updated	1
26	5969	А1-237/412.2905006-41	Амортизатор п/прицеп МАЗ г.Барановичи	4500.00	10	t	updated	1
27	5970	А1-275/450.2905006	Амортизатор КАМАЗ 4308 г.Барановичи	4175.00	10	t	updated	1
28	5971	54327-2915006-10	Амортизатор МАЗ г.Барановичи 315/500	4500.00	10	t	updated	1
29	5972	54327-2915006-50	Амортизатор МАЗ г. Барановичи 240/425	4500.00	10	t	updated	1
30	5973	54327-2915006-30	Амортизатор МАЗ г.Барановичи 265/450	4500.00	10	t	updated	1
31	5974	А2-230/450.2905006(152)	Амортизатор ЕВРО, ЛиАЗ,НЕФАЗ(5460) г.Барановичи	4500.00	10	t	updated	1
32	5975	54327-2915006-60	Амортизатор МАЗ 190/425	4500.00	10	t	updated	1
33	5976	А1-325/500.2905006-11	Амортизатор МАЗ, КАМАЗ 6520 г.Барановичи	4100.00	10	t	updated	1
34	5977	54327-2915006-20	Амортизатор МАЗ (290/475)	3229.00	10	t	updated	1
35	5978	А1-300/475.2905006-21	Амортизатор УРАЛ,КРАЗ г.Барановичи перед. ушки 5460, пласт.кожух	4001.00	10	t	updated	1
36	5979	ДГ 25.3913010	Домкрат 25т. г.Барановичи	20061.00	10	t	updated	1
37	5980	42-3708600	Бендикс Волга, Газель, УАЗ, 402 дв. г.Борисов	775.00	10	t	updated	1
38	5981	42-3708600-10	Бендикс Волга, Газель 406 дв. г. Борисов	672.00	10	t	updated	1
39	5982	425-3708600	Бендикс ВАЗ-2101-07, 2121 г. Борисов	590.00	10	t	updated	1
40	5983	7402.3708600	Бендикс г. Борисов	1060.00	10	t	updated	1
41	5984	СТ230-3708600-01	Бендикс большой ГАЗ-53, ПАЗ, ГАЗ-66 г.Борисов	819.00	10	t	updated	1
42	5985	СТ230К-3708600-01	Бендикс ЗИЛ , СТ230К4 г.Борисов	869.00	10	t	updated	1
43	5986	3242-3771-10	Генератор 28В,110А ,10 руч.ш ев-3 г.Борисов	11466.00	10	t	updated	1
44	5987	3232.3771000	Генератор 3232 Дв.ЯМЗ-236,-238, КАМАЗ-740 и их модиф.60А г.Борисов	6261.00	10	t	updated	1
45	5988	3252.3771000	Генератор МАЗ ОАО БАТЭ 28В. 90А	8910.00	10	t	updated	1
46	5989	3232.3771000-10	Генератор  МАЗ, МТЗ, ММЗ(ЕВРО-2) Д-245(Д-245.30Е-715,-716) 28В 60А г.Борисов	8271.00	10	t	updated	1
47	5990	СТ 2А-3708150	Обмотка	1436.00	10	t	updated	1
48	5991	7402-3708120	Обмотка стартера	1723.00	10	t	updated	1
49	5992	СТ230-3708110	Обмотка стартера (большая)	1898.00	10	t	updated	1
50	5993	422.3708 (42.3708-10)	Обмотка стартера 402 дв. г.Борисов г.Борисов	1247.00	10	t	updated	1
322	6263	5320-3509015	Р/К компрессора	495.00	10	t	updated	1
51	5994	422.3708800	Реле втягивающее малое в коробке ГАЗ, УАЗ (402, 406 дв)г. Борисов	1543.00	10	t	updated	1
52	5995	74.3708800 (12В)	Реле втягивающее г. Борисов	2408.00	10	t	updated	1
53	5996	7402-3708800 (24В)	Реле втягивающее ММЗ Д-243,-245 г.Борисов	2408.00	10	t	updated	1
54	5997	СТ142М-3708800	Реле втягивающее ММЗ Д-243,-245,-260 (12В) г. Борисов	3038.00	10	t	updated	1
55	5998	СТ142Н-3708800	Реле втягивающее ММЗ Д245,-260 (24В) г.Борисов	3105.00	10	t	updated	1
56	5999	СТ230А-3708800	Реле втягивающее ГАЗ-53 в сб.с крышкой г. Борисов	2057.00	10	t	updated	1
57	6000	СТ230Б-3708800-10	Реле втягивающее большое в коробке  СТ230Б4, СТ230А1 г. Борисов	1965.00	10	t	updated	1
58	6001	СТ230Б2-3708800-10	Реле втягивающее (СТ230К1, СТ230К4) г. Борисов	1707.00	10	t	updated	1
59	6002	2107.370810-01	Стартер ВАЗ 2101-07 на магнитах г.Борисов	5385.00	10	t	updated	1
60	6003	2109.3708010-01	Стартер ВАЗ 2108-09 на магнитах г.Борисов	5385.00	10	t	updated	1
61	6004	3002.3708000	Стартер 3002.3708000 ГАЗ 3306-3309-66  24В 7,7КВ	21193.00	10	t	updated	1
62	6005	426.3708000	Стартер 426 ВАЗ 2108-09 с обмоткой г.Борисов	6958.00	10	t	updated	1
63	6006	5404-3708000 (24В 5,2кВт)	Стартер 5404 редукт. ММЗ-243,245(аналог 230Р0,7402,142Н) г.Борисов	14429.00	10	t	updated	1
64	6007	5112-3708000 (12В 1,8кВт)	Стартер ГАЗ УАЗ с редуктором  г. Борисов	6983.00	10	t	updated	1
65	6008	6502.3708000-01(12В1,8кВт	Стартер ГАЗ, УАЗ с редуктором	6403.00	10	t	updated	1
66	6009	СТ230К4-3708000 (12В)	Стартер СТ230К4 ЗИЛ-130, ЛАЗ, ЛиАЗ г. Борисов	9597.00	10	t	updated	1
67	6010	СТ230Р-3708200	Якорь стартера ММЗ-Д243,Д245 г.Борисов	3030.00	10	t	updated	1
68	6011	RS.96640.02.02 L=418 mm	43114-2202011-01 Вал карданный TIRSAN	18248.00	10	t	updated	1
69	6012	65101-2205010 L=1582	Вал карданный КРАЗ	12310.00	10	t	updated	1
70	6013	501-2203010-07 L=1688+58	Вал карданный МАЗ	9634.00	10	t	updated	1
71	6014	503-2201010-15 L=1126	Вал карданный МАЗ	9230.00	10	t	updated	1
72	6015	4310-2202011-02	Вал карданный кв.фланец L=409mm	22143.00	10	t	updated	1
73	6016	4310-2203011-01 Н/О	Вал карданный  кв.фл. L=1136mm	22640.00	10	t	updated	1
74	6017	4310-2205011-04	Вал карданный круг.фланец L=727mm	31449.00	10	t	updated	1
75	6018	43114-2202011-01	Вал карданный торц.шлицы L=418mm	42562.00	10	t	updated	1
76	6019	43114-2203011	Вал карданный торц.шлицы L=1127mm	34128.00	10	t	updated	1
77	6020	43114-2205011	Вал карданный торц.шлицы L=699mm	38691.00	10	t	updated	1
78	6021	43118-2202011-31	Вал карданный торц.шлицы L=440+34mm	41769.00	10	t	updated	1
79	6022	43118-2203011-30	Вал карданный торц.шлицы L=1305mm	39783.00	10	t	updated	1
80	6023	43118-2203011-31	Вал карданный 43118-2203011-31 L=1285 mm	52220.00	10	t	updated	1
81	6024	5320-2201011-03 М/О	Вал карданный кв.фланец L=724mm	20400.00	10	t	updated	1
82	6025	5320-2205011-04	Вал карданный кв.фланец L=983mm	28500.00	10	t	updated	1
83	6026	5320-2205011-33(34)	Вал карданный круг.фланец L=990mm	15000.00	10	t	updated	1
84	6027	53205-2201011-10 М/О	Вал карданный торц.шлицы L=709mm	33370.00	10	t	updated	1
85	6028	53205-2205011-10 ОСНОВНОЙ	Вал карданный торц.шлицы L=955mm	38301.00	10	t	updated	1
86	6029	53212-2205011-03	Вал карданный кв.фланец L=1483mm	25200.00	10	t	updated	1
87	6030	53212-2205011-95	Вал карданный круг.фланец L=1377mm	15000.00	10	t	updated	1
88	6031	53213-2205011-02	Вал карданный круг.фланец L=1666mm	15692.00	10	t	updated	1
89	6032	53215-2205011-10	Вал карданный торц.шлицы L=1450mm	35995.00	10	t	updated	1
90	6033	53254-2201011-02	Вал карданный круг.фланец L=1057mm	14000.00	10	t	updated	1
91	6034	5410-2205011-04	Вал карданный кв.фланец L=638mm	28400.00	10	t	updated	1
92	6035	54105-2205011-10	Вал карданный торц.шлицы L=629mm	37180.00	10	t	updated	1
93	6036	54112-2205011-02	Вал карданный круг.фланец L=646mm	31641.00	10	t	updated	1
94	6037	5511-2205011-13	Вал карданный кв.фланец L=818mm	28600.00	10	t	updated	1
95	6038	55111-2205011-11	Вал карданный круг.фланец L=821mm	21671.00	10	t	updated	1
96	6039	6520Г-2201011-11	Вал карданный КАМАЗ межосевой БЕЛКАРД L=701mm	47599.00	10	t	updated	1
97	6040	6520Г-2205011-10	Вал карданный КАМАЗ основной БЕЛКАРД L=1425mm	66000.00	10	t	updated	1
98	6041	375-2201010-04 L=880+92	Вал карданный УРАЛ межосевой	12946.00	10	t	updated	1
99	6042	375-2202010-03 L=436+29	Вал карданный УРАЛ основной	26209.00	10	t	updated	1
100	6043	375-2203010-05 L=1167+90	Вал карданный УРАЛ перед.мост	19278.00	10	t	updated	1
101	6044	375-2205010-04 L=1262+60	Вал карданный УРАЛ средний мост	21956.00	10	t	updated	1
102	6045	4320-2201010-03 L=821+92	Вал карданный УРАЛ межосевой	17994.00	10	t	updated	1
374	6311	33.1111083	Кольцо ТНВД ОАО БРТ	5.00	10	t	updated	1
103	6046	4320-2205010-02 L=1192+60	Вал карданный УРАЛ средний мост	23044.00	10	t	updated	1
104	6047	5320-2201023	Вилка фланец 5320-2201023 межосевая	3441.00	10	t	updated	1
105	6048	6520-2201023	Вилка фланец 6520-2201023	10345.00	10	t	updated	1
106	6049	5320-2205023-10 Н/О	Вилка фланец Н/О	4565.00	10	t	updated	1
107	6050	У 4310-2203011-01	Вал карданный (1136 мм)	13992.00	10	t	updated	1
108	6051	У 375-2203010-05	Вал карданный (1167 мм)	14027.00	10	t	updated	1
109	6052	У 43118-2203011-31	Вал карданный (1285мм)	24318.00	10	t	updated	1
110	6053	У 43118-2203011-30	Вал карданный (1305 мм)	22234.00	10	t	updated	1
111	6054	У 43118-2205011	Вал карданный (1322мм)	27800.00	10	t	updated	1
112	6055	У 6520-2205011-10	Вал карданный (1425 мм)	36975.00	10	t	updated	1
113	6056	У 53215-2205011-10	Вал карданный (1454 мм)	32848.00	10	t	updated	1
114	6057	У 53212-2205011-03	Вал карданный (1483 мм)	16055.00	10	t	updated	1
115	6058	У 43118-2202011-10	Вал карданный (585 мм)	33465.00	10	t	updated	1
116	6059	У 54105-2205011-10	Вал карданный (629 мм)	29842.00	10	t	updated	1
117	6060	У 5410-2205011-04	Вал карданный (638 мм)	15333.00	10	t	updated	1
118	6061	У 6520Г-2201011-11	Вал карданный (701 мм)	22999.00	10	t	updated	1
119	6062	У 53205-2201011-10	Вал карданный (709 мм)	28088.00	10	t	updated	1
120	6063	У 5511-2205011-13	Вал карданный (818 мм)	15133.00	10	t	updated	1
121	6064	У 53205-2205011-10	Вал карданный (955 мм)	33580.00	10	t	updated	1
122	6065	У 5320-2201011-01	Вал карданный межосевой  (724 мм)	12466.00	10	t	updated	1
123	6066	У 43114-2203011	Вал карданный торц.шл. L=1127mm	27238.00	10	t	updated	1
124	6067	У 43114-2202011-01	Вал карданный торц.шл. L=418mm	20175.00	10	t	updated	1
125	6068	У 4320-2201010-03	Вал карданный УРАЛ м/о (821мм)	16704.00	10	t	updated	1
126	6069	740-1006037	Втулка распредвала	163.00	10	t	updated	1
127	6070	740-1006026-02 1 шт.	Втулка распредвала	121.00	10	t	updated	1
128	6071	740.21-1006037	Втулка распредвала ЕВРО	171.00	10	t	updated	1
129	6072	740-1004052	Втулка шатуна	159.00	10	t	updated	1
130	6073	5320-6105020-10	Замок двери правый г.Димитровград	849.00	10	t	updated	1
131	6074	5320-8406010	Замок панели в сборе г.Димитровград	173.00	10	t	updated	1
132	6075	236-1000102-00	К--т вкладышей коренной Р0 МАЗ 236	2038.00	10	t	updated	1
133	6076	236-1000102-01	К--т вкладышей коренной Р1 МАЗ 236	2021.00	10	t	updated	1
134	6077	236-1000102-02	К--т вкладышей коренной Р2 МАЗ 236	2062.00	10	t	updated	1
135	6078	236-1000102-06	К--т вкладышей коренной Р6 МАЗ 236	1876.00	10	t	updated	1
136	6079	238-1000102-00 Б2	К--т вкладышей МАЗ 238 коренной Р0	2491.00	10	t	updated	1
137	6080	238-1000102-01 Б2	К--т вкладышей МАЗ 238 коренной Р1	2599.00	10	t	updated	1
138	6081	238-1000104-00	К--т вкладышей МАЗ 238 шатунный Р0	2810.00	10	t	updated	1
139	6082	238-1000104-01	К--т вкладышей МАЗ 238 шатунный Р1	2760.00	10	t	updated	1
140	6083	238-1000104-02	К--т вкладышей МАЗ 238 шатунный Р2	2879.00	10	t	updated	1
141	6084	7405-1000102-00 10шт. уп.	К--т вкладышей Р0 коренной	2215.00	10	t	updated	1
142	6085	7405-1000102-01	К--т вкладышей Р1 коренной	2087.00	10	t	updated	1
143	6086	7405-1000102-02	К--т вкладышей Р2 коренной	2087.00	10	t	updated	1
144	6087	7405-1000102-03	К--т вкладышей Р3 коренной	2006.00	10	t	updated	1
145	6088	7405-1000102-04	К--т вкладышей Р4 коренной	2305.00	10	t	updated	1
146	6089	7405-1000102-05	К--т вкладышей Р5 коренной	2087.00	10	t	updated	1
147	6090	7405-1000102-06	К--т вкладышей Р6 коренной	2087.00	10	t	updated	1
148	6091	7405-1000102-07	К--т вкладышей Р7 коренной	2006.00	10	t	updated	1
149	6092	7405-1000104-00  9 шт.уп.	К-т вкладышей Р0  шатунный	2979.00	10	t	updated	1
150	6093	7405-1000104-01	К-т вкладышей Р1  шатунный	2810.00	10	t	updated	1
151	6094	7405-1000104-02	К-т вкладышей Р2  шатунный	2810.00	10	t	updated	1
152	6095	7405-1000104-03	К-т вкладышей Р3  шатунный	1050.00	10	t	updated	1
153	6096	7405-1000104-04	К-т вкладышей Р4  шатунный	970.00	10	t	updated	1
154	6097	7405-1000104-05	К-т вкладышей Р5  шатунный	888.00	10	t	updated	1
155	6098	7405-1000104-06	К-т вкладышей Р6  шатунный	3050.00	10	t	updated	1
156	6099	7405-1000104-07	К-т вкладышей Р7  шатунный	786.00	10	t	updated	1
157	6100	236-1000104-00 В2	К-т вкладышей шатунный Р0 МАЗ 236	2108.00	10	t	updated	1
158	6101	236-1000104-01 В2	К-т вкладышей шатунный Р1 МАЗ 236	2097.00	10	t	updated	1
159	6102	5320-6105081	Привод замка двери лев. г.Димитровград	97.00	10	t	updated	1
160	6103	5320-6105080	Привод замка двери пр.г.Димитровград	97.00	10	t	updated	1
161	6104	5320-6105180	Ручка двери внутренняя г.Димитровград	224.00	10	t	updated	1
162	6105	5320-6105040	Ручка двери наружная к-т г.Димитровград	1122.00	10	t	updated	1
163	6106	5320-6104060	Ручка стеклоподъемника  г.Димитровград	146.00	10	t	updated	1
164	6107	53205-6104011-00	Стеклоподъемник двери  ЕВРО левый	1400.00	10	t	updated	1
165	6108	53205-6104010-00	Стеклоподъемник двери ЕВРО правый	794.00	10	t	updated	1
166	6109	5320-1108120-12	Тяга руч.управл.акселерат  (трос газа) г.Димитровград	214.00	10	t	updated	1
167	6110	5320-1108130	Тяга ручной остановки двигателя длинн. г.Димитровград	103.00	10	t	updated	1
168	6111	5320-6105035-10	Фиксатор замка левый г.Димитровград	351.00	10	t	updated	1
169	6112	5320-6105034-10	Фиксатор замка правый г.Димитровград	329.00	10	t	updated	1
170	6113	6562-3701000	Генератор 6562 КАМАЗ 4310 90А г.Самара	9910.00	10	t	updated	1
171	6114	6582-3701000-02 М	Генератор 6582 КАМАЗ Евро 80А  2-х руч. г.Самара	10628.00	10	t	updated	1
172	6115	6582-3701000-04 ГЧ	Генератор 6582 с широким шкивом ЕВРО г.Самара	9710.00	10	t	updated	1
173	6116	6582-3701000-04 М	Генератор 6582 с широким шкивом ЕВРО г.Самара	10361.00	10	t	updated	1
174	6117	AAN5182 Искра	Генератор Iskra ААN5182 24v80A Евро (аналог7762,4502,3782)	10200.00	10	t	updated	1
175	6118	Г273В1 НОВЫЙ	Генератор Г 273В1-3701000-03 (28В 50А) г.Самара	6170.00	10	t	updated	1
176	6119	Г273В1-03М 80А	Генератор Г273В1-03М КАМАЗ, МАЗ 80А г. Самара	6069.00	10	t	updated	1
177	6120	Г288Е-3701000	Генератор Г288Е 28 В 47А  г.Самара	10960.00	10	t	updated	1
178	6121	7762-3701-03  (76А)	Генератор МАЗ,Урал с дв. ЯМЗ Евро 2,3 г.Самара	5406.00	10	t	updated	1
179	6122	БПВ46-65-02Б	Диодный мост Г273В1	408.00	10	t	updated	1
180	6123	БПВ 7-100-02	Диодный мост генератора 288,6562	459.00	10	t	updated	1
181	6124	БПВ 17-100-02	Диодный мост генератора 6582 ЕВРО	1155.00	10	t	updated	1
182	6125	668.3701200-10	Ротор на Г 273В1-03  (50А)	2138.00	10	t	updated	1
183	6126	Г-40.3771	Ротор ФЭГТ 2000.015	1224.00	10	t	updated	1
184	6127	Г65.3701100	Статор генератора 6562 (90А), 6582 (80А)	2637.00	10	t	updated	1
185	6128	Г273-3701100	Статор генератора Г273В1 коопер. Самара (45А)	1408.00	10	t	updated	1
186	6129	Г288-3701100	Статор генератора Г288 (47А)	2301.00	10	t	updated	1
187	6130	669.3701100-10	Статор на Г 273В1-03  (на 50А)	1347.00	10	t	updated	1
188	6131	Г273-3701010 А ЗАВОД	Щеткодержатель генератора	509.00	10	t	updated	1
189	6132	6582-3701010 ЗАВОД	Щеткодержатель ЕВРО	505.00	10	t	updated	1
190	6133	4501.3771-53	Генератор ( аналог 4001-53) (АТЭ-1) 28В 80А	10702.00	10	t	updated	1
191	6134	1312.3771 Т	Генератор 1312.3771 (аналог  Г273В1) 28В 60А КАМАЗ, МАЗ	5631.00	10	t	updated	1
192	6135	1322.3771 Т	Генератор 1322.3771 (аналог Г273В2) 28В 50А МАЗ	5508.00	10	t	updated	1
193	6136	1702.3771 Т	Генератор 1702.3771 (аналог Г288Е) 28В 50А КАМАЗ, МАЗ, КРАЗ	7733.00	10	t	updated	1
194	6137	3112.3771	Генератор 3112.3771  28В 80А МАЗ (7511)  (2-х руч.)	6758.00	10	t	updated	1
195	6138	3122.3771	Генератор 3122.3771 2-х руч. 28В 80А (аналог 6582-02) КАМАЗ	9180.00	10	t	updated	1
196	6139	3142.3771	Генератор 3142.3771 (аналог Г4001-53) КАМАЗ Евро широкий шкив	10185.00	10	t	updated	1
197	6140	4502.3771Т	Генератор 4502.3771 широкий рем. (аналог 7762) 28В 80А КАМАЗ ЕВРО-2,-3	7926.00	10	t	updated	1
198	6141	4512.3771Т	Генератор 4512.3771 28В 90А МАЗ ЕВРО-3  широкий шкив	8638.00	10	t	updated	1
199	6142	3142.3771-10	Генератор 740.30, 740.31, креп.10мм.6 руч, 28В 90А	9244.00	10	t	updated	1
200	6143	3142.3771-20	Генератор 740.30, 740.31, креп.10мм.8 руч, 28В 90А	9007.00	10	t	updated	1
201	6144	4542.3771-20 28В 120А	Генератор КАМАЗ  Евро-4,5  8 руч ПРАМО	10782.00	10	t	updated	1
202	6145	4542.3771	Генератор КАМАЗ ЕВРО-3  28В 90А широкий шкив, пятипиновый разъем	9015.00	10	t	updated	1
203	6146	4522.3771-10 28В 80А	Генератор КАМАЗ ЕВРО-3,4 10-ти ручейковый	8548.00	10	t	updated	1
204	6147	3112.3771-01 Т 80А	Генератор средний	8303.00	10	t	updated	1
205	6148	ПРАМО 16 тонн	Домкрат гидр.бут. 16т, 230-465 мм	1505.00	10	t	updated	1
206	6149	ПРАМО 30 тонн	Домкрат гидр.бут. 30т, 240-370 мм	3887.00	10	t	updated	1
207	6150	4502.3771.100-01	Статор на 4502,4212(10),4522(10),4532(10),4542	2981.00	10	t	updated	1
208	6151	4502.3771.060	Щеткодержатель с регулятором	271.00	10	t	updated	1
209	6152	503-3405010-10	Гидроусилитель МАЗ	52514.00	10	t	updated	1
210	6153	453198.237 ШНКФ	Гидроцилиндр подъема запасного колеса КАМАЗ г.Борисов	15110.00	10	t	updated	1
211	6154	4310-3400020-03	ГУР  КАМАЗ г.Борисов	110160.00	10	t	updated	1
212	6155	4310-3400020-01	ГУР  КАМАЗ г.Борисов	107100.00	10	t	updated	1
213	6156	453461.425-01 ШНКФ	ГУР КамАЗ 4308, 4326, 6520 (двухосн., трехосные)	120502.00	10	t	updated	1
214	6157	4310-3407200-21	Насос ГУРа  КАМАЗ (усил.)18*1,5 внутр г.Борисов	18092.00	10	t	updated	1
215	6158	4310-3407200-01	Насос ГУРа  КАМАЗ г.Борисов	17769.00	10	t	updated	1
216	6159	130-3407199	Насос ГУРа (без бачка и шкива) г.Борисов	13249.00	10	t	updated	1
217	6160	130-3407200-а	Насос ГУРа 130-3407200-а ЗИЛ г.Борисов	17004.00	10	t	updated	1
218	6161	6520-3407200 г.Елец	Насос ГУРа 6520 г.Елец	21719.00	10	t	updated	1
219	6162	4310-3407200-02 г. Елец	Насос ГУРа КАМАЗ (наружн.резьба)	17850.00	10	t	updated	1
220	6163	4310-3407200-11	Насос Гура Камаз левого вращения г.Борисов	18576.00	10	t	updated	1
221	6164	256б-3407199-01	Насос ГУРа КРАЗ, Урал, МАЗ  г.Борисов	15226.00	10	t	updated	1
222	6165	458662.250 ШНКФ	Насос МОК  в упаковке г.Борисов КАМАЗ, МАЗ (182.5004010-11)	21284.00	10	t	updated	1
223	6166	5320-3407244	Р/К Насос ГУРа г.Борисов	3570.00	10	t	updated	1
224	6167	453479.011 ШНКФ	Р/К Насос Гура 453471.021 ШНКФ	2236.00	10	t	updated	1
225	6168	453198.214 ШНКФ	Цилиндр МОК (с трубкой) 43114-5003014 КАМАЗ г.Борисов	20225.00	10	t	updated	1
226	6169	453198.210 ШНКФ	Цилиндр МОК КАМАЗ г.Борисов	18527.00	10	t	updated	1
227	6170	110б-3811010(30А)	Амперметр (30А)	815.00	10	t	updated	1
228	6171	111б-3811010(50А)	Амперметр (50А) Владимр	535.00	10	t	updated	1
229	6172	ВК318Б	Выключатель ВК318Б механч. Старый Оскол	281.00	10	t	updated	1
230	6173	1410.3737 4 шт.	Выключатель массы электр.	2125.00	10	t	updated	1
231	6174	1400.3737 24В 50А	Выключатель массы КамАз-6520(крышка текстолит)	1759.00	10	t	updated	1
232	6175	5212.3827	Датчик  бензобака 500л. г.Владимир	740.00	10	t	updated	1
233	6176	ММ 125Д	Датчик  выкл.пневмат.сигнала торможения г.Пенза	43.00	10	t	updated	1
234	6177	5320-3829030 ММ 111(2602)	Датчик аварийного давления масла г.Владимир	82.00	10	t	updated	1
235	6178	5320-3708500-00	Замок зажигания ВК-353 г.Санкт-Петербург	899.00	10	t	updated	1
236	6179	1902.3704	Замок зажигания ЕВРО (камаз)	497.00	10	t	updated	1
237	6180	МЭ 307	Привод спидометра г.Самара	1302.00	10	t	updated	1
238	6181	8602.3777	Реле блокировки стартера РБС г.Пенза	74.00	10	t	updated	1
239	6182	РС 951А.372610 (37 уп)	Реле поворота  г.Владимир	1216.00	10	t	updated	1
240	6183	27.5205700-02	Рычаг стеклоочистителя шт	130.00	10	t	updated	1
241	6184	80С	Термостат ТС 108.1306100-01М ГАЗ 53, ПАЗ	180.00	10	t	updated	1
242	6185	(30 уп)80С	Термостат ТС 107.1306100-01М набор 2+1 КАМАЗ	578.00	10	t	updated	1
243	6184	80С	Термостат ТС 108.1306100-01М ГАЗ 53, ПАЗ	210.00	22	t	updated	1
244	6186	272.5205500	Тяга	392.00	10	t	updated	1
245	6187	УБ 170	Указатель уровня топлива г. Октябрьский	210.00	10	t	updated	1
246	6188	27.5205800-02 М	Щетка  г.Ставрово к-т	155.00	10	t	updated	1
247	6189	740-1029154	Вал ведомой шестерни	760.00	10	t	updated	1
248	6190	5320-2502201 г.Курган	Вал промежуточный среднего моста	1100.00	10	t	updated	1
249	6191	14-1702027	Вилка перекл. 2-3 пер.КПП ОАО КАМАЗ	920.00	10	t	updated	1
250	6192	15-1771094	Вилка перекл.делителя КПП ОАО КАМАЗ	1640.00	10	t	updated	1
251	6193	5320-2919040	Вкладыш реактивной штанги	34.00	10	t	updated	1
252	6194	5297-3414066	Вкладыш наконечника верхний	847.00	10	t	updated	1
253	6195	5320-3414067	Вкладыш наконечника нижний ОАО КАМАЗ	305.00	10	t	updated	1
254	6196	5511-2919034	Вкладыш реактивного пальца (толстый) ОАО КАМАЗ	499.00	10	t	updated	1
255	6197	15-1772010	Воздухораспределитель делителя КПП	246.75	10	t	updated	1
256	6198	740-1005133	Втулка маховика	180.00	10	t	updated	1
257	6199	5320-2502029	Втулка распорная	463.00	10	t	updated	1
258	6200	154-1701282	Втулка шестерни 1-ой передачи	1650.00	10	t	updated	1
259	6201	853550	Гайка конич.шестерни среднего моста	345.00	10	t	updated	1
260	6202	5425-3101040	Гайка пер. колеса ЕВРО ОАО КАМАЗ	48.00	10	t	updated	1
261	6203	5320-2502063	Гайка подшипника в сборе ОАО КАМАЗ	330.00	10	t	updated	1
262	6204	53205-2403040	Гайка подшипника дифер.бугельная ОАО КАМАЗ	630.00	10	t	updated	1
263	6205	4310-3103076	Гайка подшипника ступицы 4310 ОАО КАМАЗ	320.00	10	t	updated	1
264	6206	853567	Гайка сошки Гура	215.00	10	t	updated	1
265	6207	5320-3703058	Гнездо АКБ ОАО КАМАЗ ( без крышки)	3500.00	10	t	updated	1
266	6208	6520-3501090	Колодка тормозная в сб.ОАО КАМАЗ	3952.00	10	t	updated	1
267	6209	5320-1109384	Колпак воздухозаборника ОАО КАМАЗ	830.00	10	t	updated	1
268	6210	55118-1109384	Колпак воздухозаборника в сборе	815.00	10	t	updated	1
269	6211	14-1701096	Кольцо маслонагнетательное ОАО КАМАЗ	415.00	10	t	updated	1
270	6212	15-1772132-10	Кран управления делителем(нов.обр.) ОАО КАМАЗ	2040.00	10	t	updated	1
271	6213	5320-2905535	Кронштейн амортизатора левый	680.00	10	t	updated	1
272	6214	5320-2905534	Кронштейн амортизатора правый	680.00	10	t	updated	1
273	6215	5320-2509053	Муфта блокировки МОД ОАО КАМАЗ	810.00	10	t	updated	1
274	6216	14-1701580	Муфта с втулкой (к-т)	2000.00	10	t	updated	1
275	6217	5320-3501133	Накладка оси тормозных колодок ОАО КАМАЗ	86.00	10	t	updated	1
276	6218	740.11-1011014	Насос масляный без шестерни ЕВРО	7365.00	10	t	updated	1
277	6219	740-1308110	Натяжитель ремня	2355.00	10	t	updated	1
278	6220	53205-2806117	Палец буксирной вилки ОАО КАМАЗ	705.00	10	t	updated	1
279	6221	5320-8401012-00	Панель облицовочная верхняя ОАО КАМАЗ	2943.00	10	t	updated	1
280	6222	5320-8401120	Панель облицовочная нижняя ОАО КАМАЗ	7500.00	10	t	updated	1
281	6223	53205-8401120-00	Панель облицовочная нижняя ЕВРО ОАО КАМАЗ	6200.00	10	t	updated	1
282	6224	5320-5301046	Панель передка боковая съемная ОАО КАМАЗ	1620.00	10	t	updated	1
283	6225	5320-5301047	Панель передка боковая съемная ОАО КАМАЗ	880.00	10	t	updated	1
284	6226	5320-5399005-00	Панель с обтекателем левая в сборе ОАО КАМАЗ	1570.00	10	t	updated	1
285	6227	5320-5399004-00	Панель с обтекателем правая в сборе ОАО КАМАЗ	1570.00	10	t	updated	1
286	6228	740-1000128-1839	Поршневая ч/б с пальцем ОАО КАМАЗ (поршнекомплект)	8000.00	10	t	updated	1
287	6229	ЕВРО- 3	Р/К водяного насоса в сборе ЕВРО-3 НАШ	1320.00	10	t	updated	1
288	6230	740-1011014-30	Р/К масляного насоса полный	825.00	10	t	updated	1
289	6231	5320-3501109	Ролик (тормозмой колодки) ОАО КАМАЗ	105.00	10	t	updated	1
290	6232	5320-2402046	Стакан подшипников ОАО КАМАЗ	3200.00	10	t	updated	1
291	6233	14-1601142	Ступица ведомого диска ОАО КАМАЗ	450.00	10	t	updated	1
292	6234	5320-2918189	Стяжка кронштейнов оси (балансира) ОАО КАМАЗ	4440.00	10	t	updated	1
293	6235	5320-3414009-00	Тяга продольная рулевая в сборе ОАО КАМАЗ	12000.00	10	t	updated	1
294	6236	5297-3414009-00	Тяга продольная рулевая в сборе ОАО КАМАЗ	12000.00	10	t	updated	1
295	6237	152-1701240	Фланец КПП круг. ОАО КАМАЗ	2100.00	10	t	updated	1
296	6238	53205-2506016	Чашки МОД (к-т) ОАО КАМАЗ	25000.00	10	t	updated	1
297	6239	5320-3501134	Чека ОАО КАМАЗ	17.00	10	t	updated	1
298	6240	740-1003216	Экран	24.00	10	t	updated	1
299	6241	6661.3701	Генератор 6661 М-2141 дв. 412 Уфа ОАО ЗИТ	2590.47	10	t	updated	1
300	6242	носик	Крышка СТ222-3708400	500.00	10	t	updated	1
301	6242	носик	Крышка СТ222-3708400	560.00	11	t	updated	1
302	6243	20.3708600-01	Привод в сборе н/о (на редукт. 20,24 серию)	465.00	10	t	updated	1
303	6244	24.3708600-01	Привод  МТЗ-80 в сборе	405.00	10	t	updated	1
304	6245	40000012	Редуктор с валом на стартер 9112	1870.00	10	t	updated	1
305	6246	60.3708800	Реле втягивающее	700.00	10	t	updated	1
306	6247	20.3708800 стар.обр.	Реле стартера в сборе МТЗ-80 24В ОАО ЗИТ	1310.00	10	t	updated	1
307	6248	2002.3708000-01 24В	Стартер взамен 20 Бычок, МТЗ редуктор. (5,9 кВт) ОАО ЗИТ	6100.00	10	t	updated	1
308	6249	2412.3708000-01 12В 4кВт	Стартер Д-144,Т-40,Т25А2 редукт. (взамен 241 и 222А)  ОАО ЗИТ	6100.00	10	t	updated	1
309	6250	2402.3708000-01 12В	Стартер МТЗ-50,80,100 редукт. 4 кВт (взамен 24)  ОАО ЗИТ	6100.00	10	t	updated	1
310	6251	2012.37008000-01 24В	Стартер Т-40М  5,9  кВт (взамен 201)  ОАО ЗИТ	6100.00	10	t	updated	1
311	6252	20-3708200-02 нов.обр.	Якорь стартера	1695.00	10	t	updated	1
312	6253	53205-3509015-20 (21)	Компрессор 1-ц. г.Ижевск 16 мм.	12230.00	10	t	updated	1
313	6254	53205-3509015-02 АЙК	Компрессор 1-ц.( Айк-Мото) г.Ижевск 22 мм. выход сверху	12818.00	10	t	updated	1
314	6255	ПК 306-01	Компрессор 1-цил. КАМАЗ г.Борисов	28539.00	10	t	updated	1
315	6256	ПК 214-30	Компрессор  2-х цил. КАМАЗ 201 л/мин г.Борисов	28705.00	10	t	updated	1
316	6257	5336-3509012  210л/м	Компрессор 5336-3509012 МАЗ, Урал со шкивом 210 л/мин г.Борисов	23460.00	10	t	updated	1
317	6258	5336-3509012-01 201 л/мин	Компрессор 5336-3509012-01 без шкива ЗИЛ, МАЗ,КРАЗ,Урал, БЕЛАЗ г.Борисов	21805.00	10	t	updated	1
318	6259	5336-3509012-10	Компрессор 5336-3509012-10 усилин. 270 л/мин г.Борисов	19890.00	10	t	updated	1
319	6260	ПК 310	Компрессор МАЗ,Лиаз,Урал 320л/мин  г.Борисов	26000.00	10	t	updated	1
320	6261	18-3509015-20 ( 373л.)	Компрессор 1 цил. Литва выход сверху	18100.00	10	t	updated	1
321	6262	161-3509012-20	Компрессор 2-х 275 л/м (дв.ЯМЗ) Литва	23460.00	10	t	updated	1
323	6264	5320-3509015-10	Компрессор 2-х цил. Литва Н/О  275 л/мин	24072.00	10	t	updated	1
324	6265	161-3509012	Компрессор 2-х цил. (дв.ЯМЗ)  201л/мин Литва	23606.00	10	t	updated	1
325	6266	Р0 1-но цил.	Р/К  1-но цил. компрессора Р0 в сборе НАШ	618.00	10	t	updated	1
326	6267	без шатуна Р 1	Р/К  2-х цил. компрессора Р1 из 5-ти наим.	371.00	10	t	updated	1
327	6268	5320-2201025-02 меж.20шт	Крестовина 5320-2201025 межосевая г.Гродно	3104.00	10	t	updated	1
328	6269	53205-2201025-10 меж.10шт	Крестовина  53205-2201025 м/о г.Гродно	4188.00	10	t	updated	1
329	6270	4310-2205025 осн.10шт	Крестовина 4310-2205025 основная г.Гродно	4999.00	10	t	updated	1
330	6271	53205-2205025-12 осн.10шт	Крестовина  53205-2205025 основная г.Гродно	4579.00	10	t	updated	1
331	6272	130-2201025	Крестовина ЗИЛ 130-2201025 межосевая г.Гродно	459.00	10	t	updated	1
332	6273	131-2205025	Крестовина ЗИЛ 131-2205025 основная г.Гродно	765.00	10	t	updated	1
333	6274	голая	Крестовина осн. 53205-2205026-10 голая	1379.00	10	t	updated	1
334	6275	853858	Тавотница 90	4.00	10	t	updated	1
335	6276	ПРАМО (118*39 мм)	Крестовина 5320-2201026	567.00	10	t	updated	1
336	6277	ПРАМО (135*50 мм)	Крестовина 5320-2205025-01	1022.00	10	t	updated	1
337	6278	ПРАМО (50*135мм) М/О	Крестовина 53205-2201025	1525.00	10	t	updated	1
338	6279	ПРАМО (155*50 мм) ОСН.	Крестовина 53205-2205025	1093.00	10	t	updated	1
339	6280	5320-3422039 АЕ	Крестовина в сборе (28*68) рулевого вала КАМАЗ, Агротэк	255.00	10	t	updated	1
340	6281	5320-2201025 Агротэк	Крестовина в сборе (39*118) м/о Агротэк	688.00	10	t	updated	1
341	6282	6520-2201025 АЕ	Крестовина в сборе (50*135) евро-2 м/о,Агротэк	1270.00	10	t	updated	1
342	6283	5320-2205025 АЕ	Крестовина в сборе (50*135) Агротэк	1202.00	10	t	updated	1
343	6284	53205-2205025 АЕ	Крестовина в сборе (50*155) евро осн, Агротэк	1314.00	10	t	updated	1
344	6285	4310-2205025 АЕ	Крестовина в сборе (50*155) КАМАЗ,КРАЗ,МАЗ(Агротэк)	1348.00	10	t	updated	1
345	6286	53205S-2201025 (уп 6)	Крестовина ВЕБЕР (малая) ЕВРО	592.00	10	t	updated	1
346	6287	УниверсалКарданДеталь	Крестовина У.6520-2201025 межосевая	1751.00	10	t	updated	1
347	6287	УниверсалКарданДеталь	Крестовина У.6520-2201025 межосевая	1757.00	15	t	updated	1
348	6288	У 5320-2205025-10	Крестовина У.5320-2205025-10 основная со стопорными кольцами	1551.00	10	t	updated	1
349	6287	УниверсалКарданДеталь	Крестовина У.6520-2201025 межосевая	845.00	16	t	updated	1
350	6287	УниверсалКарданДеталь	Крестовина У.6520-2201025 межосевая	1744.00	18	t	updated	1
351	6287	УниверсалКарданДеталь	Крестовина У.6520-2201025 межосевая	1921.00	17	t	updated	1
352	6289	УКД ЕВРО-2	Крестовина У.6520-2201025-10  мал. в сб.	1836.00	10	t	updated	1
353	6290	5511-3502237 ПРАМО	Рычаг регулировочный левый 10 т. трещётка зад.	842.00	10	t	updated	1
354	6291	5320-3502236 ПРАМО	Рычаг регулировочный правый 8 т. трещётка зад.	725.00	10	t	updated	1
355	6292	НШ-10	НШ-10 ПРАВЫЙ г.Ставрополь	700.00	10	t	updated	1
356	6293	НШ-10 У3	Насос НШ-10 У3 (4-х шл.) правый	2700.00	10	t	updated	1
357	6294	НШ-50А3 правый	Насос НШ-50 А3 правый круглый	12000.00	10	t	updated	1
358	6295	А 24-21+5	Лампа А 24-21+5 г.Брест 2-х конт.	5.00	10	t	updated	1
359	6296	УП118-3726010-П	Передний указатель поворота правый г.Киржач	245.00	10	t	updated	1
360	6297	62 3711201-01	Стекло фары (галоген) ВАЗ-2101,ГАЗ-2410	11.87	10	t	updated	1
361	6298	ФГ140 3711201	Стекло фары ВАЗ-2101,ГАЗ-2410	10.82	10	t	updated	1
362	6299	4502.3712	Фонарь УП-1 (4502.3712) ОСВАР	275.00	10	t	updated	1
363	6300	5320-2902624	Буфер передней рессоры ОАО БРТ	493.00	10	t	updated	1
364	6301	5320-5130027	Вставка уплотнителя рычага КПП ОАО БРТ	519.00	10	t	updated	1
365	6302	5320-5002025	Втулка торсиона ОАО БРТ	90.00	10	t	updated	1
366	6303	5320-1609569	Гофра ПГУ ОАО БРТ	10.00	10	t	updated	1
367	6304	5320-2509017	Диафрагма механизма блокировки МОД ОАО БРТ	27.00	10	t	updated	1
368	6305	106005-23	К-т пр-ок блока двигателя КАМАЗ (темпсил) ПРОФИ 7 наименований	48.00	10	t	updated	1
369	6306	106004-23	К-т пр-ок водяной коробки двигателя КАМАЗ (темпсил) ПРОФИ 4 наименования	10.00	10	t	updated	1
370	6307	106006-23	К-т пр-ок гидромуфты двигателя КАМАЗ (темпсил) ПРОФИ 6 наименований	22.00	10	t	updated	1
371	6308	106001-23	К-т пр-ок двигателя КАМАЗ (темпсил) ПРОФИ 24 наименования	95.00	10	t	updated	1
372	6309	106002-23	К-т пр-ок картера маховика КАМАЗ (темпсил) ПРОФИ 7 наименований	48.00	10	t	updated	1
373	6310	33.1111069	Кольцо ТНВД ОАО БРТ	5.00	10	t	updated	1
375	6312	740-1105075	Кольцо уплотнительное (ФГОТ, ФЦОМ) ОАО БРТ	10.00	10	t	updated	1
376	6313	740-1109553	Кольцо уплотн. воздушного фильтра ОАО БРТ	279.00	10	t	updated	1
377	6314	864117(115х145)	Манжета балансира ОАО БРТ	171.00	10	t	updated	1
378	6315	740-1318166 (100х125х12)	Манжета гидромуфты ЗАО ВРТ	401.00	10	t	updated	1
379	6316	740-1318186 (34х50х10)	Манжета гидромуфты ЗАО ВРТ	116.00	10	t	updated	1
380	6317	864141	Манжета ГУР на сошку (42*58*10)	40.80	10	t	updated	1
381	6318	864113  (22х34,5х6)	Манжета ГУР на угловой редуктор	29.00	10	t	updated	1
382	6319	5320-1602517 (29х26х5)	Манжета ГЦС ОАО БРТ	26.00	10	t	updated	1
383	6320	7405-1005160 (105х130)	Манжета коленвала ЕВРО Резерв	295.00	10	t	updated	1
384	6321	14-1701230-01	Манжета КПП (45х64) ЗАО ВРТ	165.00	10	t	updated	1
385	6322	6520-2502280	Манжета с пружиной в сборе	690.00	10	t	updated	1
386	6323	6520-2402176	Манжета с пружиной в сборе 80*105 наружн.	732.00	10	t	updated	1
387	6324	6520-2502180	Манжета с пружиной в сборе 80*105 сред. мост	784.00	10	t	updated	1
388	6325	864129-01(142х168х16)	Манжета ступицы задней  ОАО БРТ	153.00	10	t	updated	1
389	6326	864135-01	Манжета ступицы передней ОАО БРТ с пружиной	198.00	10	t	updated	1
390	6327	864195 (70*92*10)	Манжета хвостовика Евро	325.00	10	t	updated	1
391	6328	864180 (70х92х12х16)	Манжета хвостовика ЗАО ВРТ	296.00	10	t	updated	1
392	6329	864176 (70х92х12х16)	Манжета хвостовика ЗАО ВРТ	298.00	10	t	updated	1
393	6330	100-3519250Р	Мембрана тип 24 ОАО БРТ	218.00	10	t	updated	1
394	6331	100-3519350	Мембрана тип 30 ОАО БРТ	218.00	10	t	updated	1
395	6332	6520-1303026	Патрубок радиатора 6520 нижний ОАО БРТ	950.00	10	t	updated	1
396	6333	5320-1303027	Патрубок радиатора Шланг Ф68х120 ОАО БРТ	139.00	10	t	updated	1
397	6334	5320-1303026	Патрубок радиатора ШЛАНГ Ф68х200 ОАО БРТ	214.00	10	t	updated	1
398	6335	5320-1311049	Патрубок расширительного бачка ШЛАНГ Ф30Р ОАО БРТ	110.00	10	t	updated	1
399	6336	740-1014138	Патрубок сапуна переходной ОАО БРТ	87.00	10	t	updated	1
400	6337	5320-5001021	Подушка переднего крепления кабины нижняя ОАО БРТ	870.00	10	t	updated	1
401	6338	5320-3513092-01Р	Прокладка баллона (рессивера) ОАО БРТ	51.00	10	t	updated	1
402	6339	740-1115026-01	Прокладка впускного коллектора (домик)	13.00	10	t	updated	1
403	6340	7403-1008050 армир.	Прокладка выпускного коллектора	35.00	10	t	updated	1
404	6341	740-1003213-20	Прокладка ГБЦ ОАО БРТ	108.00	10	t	updated	1
405	6342	740-1003270-11	Прокладка клапанной крышки ОАО БРТ	73.00	10	t	updated	1
406	6343	740-1009040	Прокладка поддона ОАО БРТ	261.00	10	t	updated	1
407	6344	5320-2201043	Пыльник крестовины м/о ОАО БРТ	25.00	10	t	updated	1
408	6345	5320-2205042	Пыльник крестовины осн. ОАО БРТ	30.00	10	t	updated	1
409	6346	5320-3509015-10 н/о	Р/К компрессора	1040.00	10	t	updated	1
410	6263	5320-3509015	Р/К компрессора	20257.00	14	t	updated	1
411	6347	2-х цил.	Р/К компрессора (6 наименований) паронит	34.00	10	t	updated	1
412	6348	18-3509015	Р/К компрессора 1-ц	597.00	10	t	updated	1
413	6349	740-1308020-10	Ремень 1250 зубчатый ОАО БРТ	375.00	10	t	updated	1
414	6350	740-1307170Р	Ремень 1320 ОАО БРТ	253.00	10	t	updated	1
415	6351	864158-10Р (864159)	Сальник п/оси КамАЗ-4310	216.00	10	t	updated	1
416	6352	5320-5130029-01Р	Уплотнитель педали тормоза ОАО БРТ	86.00	10	t	updated	1
417	6353	5320-6107805	Уплотнитель проема двери УП 805 ОАО БРТ	347.00	10	t	updated	1
418	6354	5320-5130016-01	Уплотнитель рычага КПП ОАО БРТ	706.00	10	t	updated	1
419	6355	5320-6103123	Уплотнитель форточки двери лев.	414.00	10	t	updated	1
420	6356	5320-6103122	Уплотнитель форточки двери ОАО БРТ	431.00	10	t	updated	1
421	6357	100-3519180Р	Уплотнитель энергоаккумулятора ОАО БРТ	121.00	10	t	updated	1
422	6358	СТР	Р/К топливного фильтра	198.00	10	t	updated	1
423	6359	7406-1003270-01 СТР	Прокладка клапанной крышки Евро	220.00	10	t	updated	1
424	6358	СТР	Р/К топливного фильтра	280.00	13	t	updated	1
425	6358	СТР	Р/К топливного фильтра	110.00	4	t	updated	1
426	6360	5402-3708600-01	Бендикс КАМАЗ Евро	1720.00	10	t	updated	1
427	6361	5432-3708600-01	Бендикс г. Борисов	2254.00	10	t	updated	1
428	6362	СТ142Б-3708600	Бендикс  г.Борисов 10 зуб.	1834.00	10	t	updated	1
429	6363	142Т-3708000	Крепление стартера МАЗ	335.00	10	t	updated	1
430	6364	142-3708830	Крышка втягивающего реле в сборе с болтами	556.00	10	t	updated	1
431	6365	5432.3708110-01	Обмотка стартера  5402-01,5432-10-20	3143.00	10	t	updated	1
432	6366	СТ142-3708110	Обмотка стартера СТ142-3708110 г.Борисов	4630.00	10	t	updated	1
433	6367	СТ142Б2-3708800	Реле втягивающее г.Борисов	3844.00	10	t	updated	1
434	6368	5402-3708800	Реле втягивающее	3208.00	10	t	updated	1
435	6369	5432-3708800-10	Реле втягивающее (стартер 5432-10, 5402-01) г.Борисов	2893.00	10	t	updated	1
436	6370	РС-24Д	Реле стартера дополнит. г.Борисов	1316.00	10	t	updated	1
437	6371	5402.3708-01	Стартер 5402 КАМАЗ Евро 2, 3 , Урал (редукторный с доп. реле)	17417.00	10	t	updated	1
438	6372	5402-3708	Стартер 5402 ЕВРО редукт (аналог AZF 4554) 24В, 5,4 кВт,10 зуб.  г.Борисов	16218.00	10	t	updated	1
439	6373	5422.3708 24В 10кВ б/н	Стартер Евро-2 (Аналог БОШ взамен 0001261006) г.Борисов	19052.00	10	t	updated	1
440	6374	СТ142Б-3708-10	Стартер КАМАЗ ЕВРО-2,3 г.Борисов  (8,2 кВт 24В 10 зуб)	25924.00	10	t	updated	1
441	6375	СТ142Б2-3708	Стартер КАМАЗ г.Борисов (24В 8,2кВт)	26622.00	10	t	updated	1
442	6376	5432-3708-10 с доп.реле	Стартер КАМАЗ,Зил-133ГЯ,Урал,ЛиАЗ, редукт.24В 5,5кВт (ан. 3367) г.Борисов	19870.00	10	t	updated	1
443	6377	5432-3708000 МАЗ	Стартер МАЗ 10 зуб. 24В 9кв.(ан. 4581) г.Борисов	16397.00	10	t	updated	1
444	6378	5432-3708-01	Стартер МАЗ 10 зуб. 24В 9кв.(ан.4581) с доп. реле	17466.00	10	t	updated	1
445	6379	СТ142Т-3708	Стартер МАЗ 11зуб. г.Борисов	25959.00	10	t	updated	1
446	6380	СТ142Т-3708-10	Стартер МАЗ евро 10зуб.г.Борисов	25062.00	10	t	updated	1
447	6381	СТ142-3708330	Траверза СТ 142Б1	1383.00	10	t	updated	1
448	6382	СТ142-3708060-10	Щетки стартера СТ 142Б1	62.00	10	t	updated	1
449	6383	СТ 142-3708200	Якорь стартера г.Борисов	8503.00	10	t	updated	1
450	6384	СТ 142-3708200-10	Якорь стартера ЕВРО г.Борисов	8503.00	10	t	updated	1
451	6385	2502.3708.600-10 г.Ржев	Бендикс ( для ст.25.3708 КАМАЗ)	2632.00	10	t	updated	1
452	6386	2502.3708.600	Бендикс 11 зуб МАЗ (подходит на стартер 142Т) г.Ржев	1224.00	10	t	updated	1
453	6387	2501.3708.150-10	Катушка (обмотка) КАМАЗ	1184.00	10	t	updated	1
454	6388	2501.3708.150-01	Катушка (обмотка)  МАЗ г.Ржев	4017.00	10	t	updated	1
455	6389	42.3708.600 ХН-006	Привод стартера (АТЭ-1)	204.00	10	t	updated	1
456	6390	42.3708.600-10 ХН-949	Привод стартера (АТЭ-1)	204.00	10	t	updated	1
457	6391	42.3708.800-01 ХН-3-017	Реле втягивающее (АТЭ-1)	551.00	10	t	updated	1
458	6392	42.3708.800-11 ХН-3-082	Реле втягивающее (АТЭ-1)	551.00	10	t	updated	1
459	6393	42-3708-11 Р	Стартер (АТЭ-1) ГАЗ, УАЗ с двиг. ЗМЗ - 406.10, 4061.10, 4062.10	3754.00	10	t	updated	1
460	6394	42-3708 Р	Стартер (АТЭ-1) ГАЗ, УАЗ с двиг. УМЗ 3151-01, 3303-01, 3741-01	3754.00	10	t	updated	1
461	6395	422-370800	Стартер (АТЭ-1) ГАЗ с дв.ЗМЗ 402.10,4021.10,4025.10	3754.00	10	t	updated	1
462	6396	9112 М9Т четыре болта	Стартер КАМАЗ (АТЭ-1) 24В 8,5 кВт редукторный	8364.00	10	t	updated	1
463	6397	2501.3708-21 МАЗ	Стартер МАЗ 10 зуб. ЕВРО нов/обр. г.Ржев	28553.00	10	t	updated	1
464	6398	2501.3708-40 МАЗ	Стартер МАЗ 11 зуб. г.Ржев	28451.00	10	t	updated	1
465	6399	25.3708.320	Траверза высокая г.Ржев	719.00	10	t	updated	1
466	6400	2502.3708.320-11	Траверза низкая г.Ржев	704.00	10	t	updated	1
467	6401	2501.3708.200-03	Якорь стартера МАЗ ( для стар. 2501-40) г.Ржев	12795.00	10	t	updated	1
468	6402	16.904.237	Бендикс на ст. 3367,3436 (Искра) г.Самара	1576.00	10	t	updated	1
469	6403	16911674  АТЭ	Бендикс на ст.4554 АТЭ	829.00	10	t	updated	1
470	6404	16904832	Редуктор стартера AZF 4554,4581	2193.00	10	t	updated	1
471	6405	16.670.421	Реле втягивающее AZJ 3367 г.Самара	1831.00	10	t	updated	1
472	6406	16.670.546	Реле стартера ст.4554 г.Самара	1933.00	10	t	updated	1
473	6407	4554 AZF(11131150)	Стартер AZF 4554 КАМАЗ ЕВРО 24V 4kW z10 пр-во ISKRA ( ЕВРО 6520)	17697.00	10	t	updated	1
474	6408	4594 AZF(11131359)	Стартер AZF 4594 КАМАЗ 4308 с двигателем Cummins 24 V z10 пр-во ISKRA	17850.00	10	t	updated	1
475	6409	3367 AZJ	Стартер AZJ 3367 КАМАЗ, ДТ 75 (аналог 9112) 24V 6kW пр-во ИСКРА Словения	17833.00	10	t	updated	1
476	6410	С4929600 kw 6.0	Стартер КАМАЗ 4308 дв. Cammins (Китай) 24V z12	15300.00	10	t	updated	1
477	6411	16908995	Щетки стартера AZF 4554	834.00	10	t	updated	1
478	6412	3514 009 013 0	ГТК н/обр. с педалью 100-3514108 SORL	2712.00	10	t	updated	1
479	6413	3514 009 014 0	ГТК н/обр.(без педали) 100-3514108-10 SORL	2332.00	10	t	updated	1
480	6414	3533 009 013 0	Клапан двухмагистральный 100-3562010-10 SORL	638.00	10	t	updated	1
481	6415	3522 001 015 0	КУТП-2 100-3522010 SORL	2250.00	10	t	updated	1
482	6416	3522 002 038 0	КУТП-2 ЕВРО с глушителем 25-3522210-10 SORL	2614.00	10	t	updated	1
483	6417	3526 004 201 0	Ручник 2-х выходной WABKO 961 723 038,001,015 SORL	2780.00	10	t	updated	1
484	6418	3530 010 646 0	Энергоаккумулятор тип 30/24 25-3519301 SORL	3643.00	10	t	updated	1
485	6419	16-3521110	Головка ПАЛМ Автокомпонент Плюс	138.00	10	t	updated	1
486	6420	16-3521111	Головка ПАЛМ Автокомпонент Плюс	138.00	10	t	updated	1
487	6421	16-3514008	ГТК Автокомпонент плюс	1561.00	10	t	updated	1
488	6422	16-3515010	Клапан защитный одинарный ( Автокомпонент плюс)	146.00	10	t	updated	1
489	6423	16-3537110	Кран пневматический (авар.растормаж.) Автокомпонент Плюс	276.00	10	t	updated	1
490	6424	16-3514108	Кран подпедальный ( Автокомпонент плюс)	1561.00	10	t	updated	1
491	6425	16-3537310	Ручник ЕВРО 4-х Автокомпонент Ппюс	1051.00	10	t	updated	1
492	6426	11.3521411 ПААЗ	Головка ПАЛМ автомат. г.Полтава	633.00	10	t	updated	1
493	6427	11.3521410 ПААЗ	Головка ПАЛМ автомат. г.Полтава	633.00	10	t	updated	1
494	6428	100.3521111 ПААЗ	Головка ПАЛМ г.Полтава	580.00	10	t	updated	1
495	6429	100.3521110 ПААЗ	Головка ПАЛМ г.Полтава	580.00	10	t	updated	1
496	6430	64221-3514008 (8000)	ГТК БелОМО	7452.00	10	t	updated	1
497	6431	6025.3562010	Клапан двухмагистральный ЕВРО Беларусь	605.00	10	t	updated	1
498	6432	13.3515310 ПААЗ	Клапан контрольного вывода  г.Полтава	361.00	10	t	updated	1
499	6433	64221-3518010-10 ЕВРО	Клапан ускорительный под глушитель БЕЛОМО	2601.00	10	t	updated	1
500	6434	11.3515410 ПААЗ	Клапан четырехконтурный  г.Полтава	3111.00	10	t	updated	1
501	6435	64221-3537110 (8002)	Кран аварийного раст. 64221-3537110 БелОМО	1367.00	10	t	updated	1
502	6436	100.3537110	Кран аварийного растормаживания г.Полтава	1235.00	10	t	updated	1
503	6437	8099-3514108	Кран подпедальный КАМАЗ-6520 БелОМО	7691.00	10	t	updated	1
504	6438	8090-3514100	Кран подпедальный МАЗ (аналог WABKO 4613190080) БелОМО	8931.00	10	t	updated	1
505	6439	8099-3514108-10	Кран подпедальный Нефаз (снизу сапун кривой) БелОМО	6794.00	10	t	updated	1
506	6440	12.3520010 ПААЗ	Кран разобщительный 12.3520010 г.Полтава	911.00	10	t	updated	1
507	6441	14.3520010 ПААЗ	Кран разобщительный МТЗ ПААЗ	696.00	10	t	updated	1
508	6442	8708-3537310	Кран ручника Беломо ( аналог WABKO 961 723 100)	4142.00	10	t	updated	1
509	6443	100.3522110	КУТП-1 г.Полтава	4792.00	10	t	updated	1
510	6444	64221-3522010 (6024)	КУТП-2  Беларусь ЕВРО	5214.00	10	t	updated	1
511	6445	100.3522010	КУТП-2 г.Полтава	4315.00	10	t	updated	1
512	6446	11.3522008	КУТП-2 ЕВРО с клапаном обрыва г.Полтава	4760.00	10	t	updated	1
513	6447	5320-3514012	Педаль ГТК н/о в сборе	204.00	10	t	updated	1
514	6448	11.3512010 ПААЗ	РДВ 11.3512010 г.Полтава (МАЗ, КРАЗ,УРАЛ)	4871.00	10	t	updated	1
515	6449	11.3512010-10 ПААЗ	РДВ 11.3512010-10 г.Полтава  (КАМАЗ)	4488.00	10	t	updated	1
516	6450	11.3537310	Ручник (ЕВРО, 4 отв.) г.Полтава	3280.00	10	t	updated	1
517	6451	64221-3537310 (6029)-30	Ручник ЕВРО МАЗ БелОМО	2944.00	10	t	updated	1
518	6452	25-3511110-01	Влагоотделитель с РДВ  г.Рославль	7609.00	10	t	updated	1
519	6453	100-3521110-10	Головка автоматическая  г.Рославль	785.00	10	t	updated	1
520	6454	100-3521111-10	Головка автоматическая г.Рославль	785.00	10	t	updated	1
521	6455	100-3521111	Головка ПАЛМ  г.Рославль	713.00	10	t	updated	1
522	6456	100-3521110	Головка ПАЛМ  г.Рославль	713.00	10	t	updated	1
523	6457	100-3514008	ГТК г.Рославль	6581.00	10	t	updated	1
524	6458	100-3519210	Камера передняя тип 24  г.Рославль	2256.00	10	t	updated	1
525	6459	100-3519200	Камера тормозная 4310 тип 24х24 г.Рославль	5676.00	10	t	updated	1
526	6460	100-3519100	Камера тормозная 5320 тип 20х20  г.Рославль	4745.00	10	t	updated	1
527	6461	100.3519100-10 левые	Камера тормозная  5320 тип 20х20  г.Рославль	4812.00	10	t	updated	1
528	6462	100-3519100-30 правые	Камера тормозная  5320 тип 20х20  г.Рославль	4812.00	10	t	updated	1
529	6463	25-3519301	Камера тормозная  6520 тип 30/24 г.Рославль	7364.00	10	t	updated	1
530	6464	5 435 05 002 1СЕРБИЯ	Камера тормозная 5320 тип 20х20  РРТ	4925.00	10	t	updated	1
531	6465	100-3519310	Камера тормозная прицепа тип 30 г.Рославль	2227.00	10	t	updated	1
532	6466	100-3518110	Клапан  быстрого растормаживания РААЗ	1975.00	10	t	updated	1
533	6467	100-3515010	Клапан  защитный 1-й  г.Рославль	1540.00	10	t	updated	1
534	6468	100-3515110	Клапан  защитный 2-й  г.Рославль	2559.00	10	t	updated	1
535	6469	100-3515210	Клапан  защитный 3-й    г.Рославль	2910.00	10	t	updated	1
536	6470	100-3562010	Клапан 2-х магистральный  г.Рославль	862.00	10	t	updated	1
537	6471	100-3515510-20	Клапан защитный 4-х контурный РААЗ	3003.00	10	t	updated	1
538	6472	100-3515310 высок.	Клапан контрольного вывода  г.Рославль	385.00	10	t	updated	1
539	6473	100-3515310-01 мален.	Клапан контрольного вывода  г.Рославль	385.00	10	t	updated	1
540	6474	100-3534010	Клапан огран. давления  г.Рославль	2887.00	10	t	updated	1
541	6475	100-3518010	Клапан ускорительный   г.Рославль	2706.00	10	t	updated	1
542	6476	100-3518010-10	Клапан ускорительный ЕВРО г.Рославль	2811.00	10	t	updated	1
543	6477	100-3537110	Кран аварийного раст. 100-3537110 г.Рославль	1428.00	10	t	updated	1
544	6478	100-3514108-10	Кран подпедальный   100-3514108-10  г.Рославль	6394.00	10	t	updated	1
545	6479	100-3531008	Кран прицепа 100-3531008 г.Рославль	7019.00	10	t	updated	1
546	6480	100-3520010	Кран разобщительный 100-3520010  г.Рославль	1550.00	10	t	updated	1
547	6481	100-3513110	Кран слива  100-3513110 г.Рославль	340.00	10	t	updated	1
548	6482	100-3522110	КУТП-1 г.Рославль	5479.00	10	t	updated	1
549	6483	100-3522010	КУТП-2 г.Рославль	6409.00	10	t	updated	1
550	6484	25.3522210	КУТП-2 с клап. обрыва  г.Рославль	6042.00	10	t	updated	1
551	6485	100-3536010	ППЗ 100-3536010  г.Рославль	2675.00	10	t	updated	1
552	6486	100-3512010 упк.2 шт.	РДВ 100-3512010  г.Рославль	5677.00	10	t	updated	1
553	6487	100-3533010-10	Регулятор тормозных сил 100-3533010-10  г.Рославль	4902.00	10	t	updated	1
554	6488	100-3537010	Ручник 100-3537010 г.Рославль	4191.00	10	t	updated	1
555	6489	100-3537310	Ручник ЕВРО 100-3537310 г.Рославль	3366.00	10	t	updated	1
556	6490	100-3511310	Фильтр магистральный г.Рославль	1280.00	10	t	updated	1
557	6491	100-3570110	Цилиндр пневматический г.Рославль	1211.00	10	t	updated	1
558	6492	100-3570210	Цилиндр пневматический г.Рославль	1508.00	10	t	updated	1
559	6493	Металл	Фитинг MRUC (прямой) 15 мм.	176.00	10	t	updated	1
560	6493	Металл	Фитинг MRUC (прямой) 15 мм.	85.00	13	t	updated	1
561	6493	Металл	Фитинг MRUC (прямой) 15 мм.	105.00	13	t	updated	1
562	6493	Металл	Фитинг MRUC (прямой) 15 мм.	103.00	17	t	updated	1
563	6494	54115Ш-1301010-01 3-х	"Радиатор водяной ""CuproBraze"""	14000.00	10	t	updated	1
564	6495	740.21-1118310 длинная	Трубка подвода масла ТКР	160.00	10	t	updated	1
565	6496	7,5 м.	Шланг желто-красный  к-т.	240.00	10	t	updated	1
566	6497	5320-2511016	Шланг МОД (кривой) Казань	30.00	10	t	updated	1
567	6498	4310-3506442-10	Шланг тормозной 4310 задний г/г (пруж.)	82.00	10	t	updated	1
568	6499	4310-3506060	Шланг тормозной 4310 передний ш/г	76.00	10	t	updated	1
569	6500	560-1017004	Фильтр очистки масла 560 Штайр Колан	150.00	10	t	updated	1
570	6501	020-ФТ245-1117010 1/40	ФТОТ ЕВРО-3 Д-245 Д-243 синий г.Гродно	290.00	10	t	updated	1
571	6502	В 4391	Эл.фильтра воздушного ЕВРО-3 г.Гродно	1070.00	10	t	updated	1
572	6503	740-1109560	Эл.фильтра воздушный г.Гродно	850.00	10	t	updated	1
573	6504	7405-1109560	Эл.фильтра воздушный ЕВРО г.Гродно	950.00	10	t	updated	1
574	6505	В 4313 наружний	Эл.фильтра воздушный ЕВРО-2 г.Гродно	720.00	10	t	updated	1
575	6506	8421-1109080 МЭ	Эл.фильтра воздушный низкий МАЗ ЕВРО,ТУТАЙ г.Гродно	290.00	10	t	updated	1
576	6507	238Н-1109080	Эл.фильтра воздушный МАЗ  г.Гродно	358.00	10	t	updated	1
577	6508	240-1017040 (6 шт)	Эл.фильтра МАЗ масляный  г.Гродно м/с	42.00	10	t	updated	1
578	6509	740-1012040-10 м/с (6 шт)	Эл.фильтра масляный в метал.сетке г.Гродно	108.00	10	t	updated	1
579	6510	7405-1012040 м/с (6 шт)	Эл.фильтра масляный ЕВРО в метал.сетке г.Гродно	141.00	10	t	updated	1
580	6511	М 5334	Эл.фильтра масляный ниточный ЕВРО г.Гродно	126.00	10	t	updated	1
581	6512	740-1117040-10 м/с (13шт)	Эл.фильтра топливный в метал.сетке г.Гродно	68.00	10	t	updated	1
582	6513	740-1117040 уп.13шт.	Эл.фильтра топливный  г.Гродно	18.00	10	t	updated	1
583	6514	7405-1017040 ЭФМ703	Элемент масляного фильтра ЕВРО железный г.Ливны	960.00	10	t	updated	1
584	6515	21.3759-05(30А)	Конвертер 24/12 V г.Калуга	3598.00	10	t	updated	1
585	6516	612.3702-08	Регулятор напряжения в сб (7762)  г.Калуга	460.00	10	t	updated	1
586	6517	612.3702-05	Регулятор напряжения в сборе (3252,7762-02,7762-03)  г.Калуга	316.00	10	t	updated	1
587	6518	612.3702-06(в сб. с ЩУ)	Регулятор напряжения в сборе со щеточным узлом на ген. 4502  г.Калуга	180.00	10	t	updated	1
588	6519	621.3702-01(7332.3702)	Регулятор напряжения на генер. 40.3771,Г3000  г.Калуга	111.00	10	t	updated	1
589	6520	621.3702-02 (7342.3702)	Регулятор напряжения на генер. Г3000А  г.Калуга	105.00	10	t	updated	1
590	6521	13.3787-01 (7312.3777-02)	Реле блокировки стартера КамАЗ, Евро, Краз, ЗИЛ г.Калуга	120.00	10	t	updated	1
591	6522	718.3777	Реле поворота РС951А г. Калуга	665.00	10	t	updated	1
592	6523	ЩСК 2 (МГС5) (12х32х20)	Щетки для стартера с контактами и изолированными выводами г.Калуга	330.00	10	t	updated	1
593	6524	5320-2205011-03	Вал карданный кв.фланец дл.983 мм.	4300.00	10	t	updated	1
594	6525	5511-2205011-12	Вал карданный кв.фланец дл.818 мм.	4300.00	10	t	updated	1
595	6197	15-1772010	Воздухораспределитель делителя КПП	2285.00	20	t	updated	1
596	6526	53212-3400020	ГУР	4000.00	10	t	updated	1
597	6527	55111-2912012-02 ЕВРО	Рессора задняя 55111	14500.00	10	t	updated	1
598	6528	7403-1115050	Прокладка впускного коллектора	29.00	10	t	updated	1
599	6530	11.2905005-53 (в уп.2шт.)	Амортизатор п/кабину  г.Гродно 90/271	1750.00	10	t	updated	2
600	6531	11.6809010	Амортизатор п/сиденье  г.Гродно 110/200(шток 12,цилиндр 30)	1721.00	10	t	updated	2
601	6532	4310-2905006 300/485	Амортизатор передней подвески  г.Гродно	6899.00	10	t	updated	2
602	6533	53212-2905006-02 Пластм.	Амортизатор передней подвески  г.Гродно 275/460	3670.00	10	t	updated	2
603	6534	53212-2905006-01 Метал.	Амортизатор передней подвески  г.Гродно 275/460	5623.00	10	t	updated	2
604	6535	50.4.2905005 245/450	Амортизатор Икарус г. Гродно	5000.00	10	t	updated	2
605	6536	152-2905006-11(230/450)	Амортизатор ЛИАЗ УКРАИНА	1600.00	10	t	updated	2
606	6537	50.2.2905005 325/500	Амортизатор МАЗ, КАМАЗ 6520 г. Гродно 325/500	4009.00	10	t	updated	2
607	6538	50.6.2905005 230/450	Амортизатор НЕФАЗ, ЛИАЗ г.Гродно	4140.00	10	t	updated	2
608	6539	50.5.2905005   (300/475)	Амортизатор УРАЛ, КРАЗ, (43118)  300/475 г. Гродно	3980.00	10	t	updated	2
609	6540	100-3519010-01	Камера передняя тип 16 ЗИЛ  (ход штока 58мм)	1050.00	10	t	updated	2
610	6541	100-3519010-11	Камера передняя тип 16 ЗИЛ длинн. шток г.Гродно (шток 88мм)	1060.00	10	t	updated	2
611	6542	24.3519010-01 корот. шток	Камера передняя тип 24 г.Гродно L=2.5cм	1070.00	10	t	updated	2
612	6543	24.3519010-11	Камера передняя тип 24 г.Гродно L=5,5	2879.00	10	t	updated	2
613	6544	24.3519200-04	Камера тормозная (4310), МАЗ 24/24  г.Гродно	13857.00	10	t	updated	2
614	6545	20.3519100-02	Камера тормозная (5320) 20/20 г.Гродно	5476.00	10	t	updated	2
615	6546	12.3519110-01	Камера тормозная тип 12/20 с энергоаккумулятором ЛИАЗ  г. Гродно	5150.00	10	t	updated	2
616	6547	18.3519110	Камера тормозная тип 20 МАЗ (шток 57 мм)  г. Гродно	2794.00	10	t	updated	2
617	6548	30.3519010	Камера тормозная тип 30 МАЗ, КРАЗ г. Гродно (шток 58 мм) (19.3519310-02)	1350.00	10	t	updated	2
618	6549	30.3519200	Камера тормозная тип 30/24 КАМАЗ 6520 г.Гродно	6939.00	10	t	updated	2
619	6550	30.3519300-10	Камера тормозная тип 30/30 г.Гродно	15183.00	10	t	updated	2
620	6551	П40.1.2905005  (4310)	Амортизатор п/п КАМАЗ метал. Первоуральск	2811.00	10	t	updated	2
621	6552	П50.6-2905005 245х450	Амортизатор НЕФАЗ метал. (ПААЗ)	3980.00	10	t	updated	2
622	6553	А2-245/450.2905006(152)	Амортизатор Икарус, НЕФАЗ г.Барановичи	4500.00	10	t	updated	2
623	6554	А1-275/460.2905006(22)	Амортизатор КАМАЗ усил., ПАЗ г.Барановичи	4119.00	10	t	updated	2
624	6555	А1-237/412.2905006-41	Амортизатор п/прицеп МАЗ г.Барановичи	4500.00	10	t	updated	2
625	6556	А1-275/450.2905006	Амортизатор КАМАЗ 4308 г.Барановичи	4175.00	10	t	updated	2
626	6557	54327-2915006-10	Амортизатор МАЗ г.Барановичи 315/500	4500.00	10	t	updated	2
627	6558	54327-2915006-50	Амортизатор МАЗ г. Барановичи 240/425	4500.00	10	t	updated	2
628	6559	54327-2915006-30	Амортизатор МАЗ г.Барановичи 265/450	4500.00	10	t	updated	2
629	6560	А2-230/450.2905006(152)	Амортизатор ЕВРО, ЛиАЗ,НЕФАЗ(5460) г.Барановичи	4500.00	10	t	updated	2
630	6561	54327-2915006-60	Амортизатор МАЗ 190/425	4500.00	10	t	updated	2
631	6562	А1-325/500.2905006-11	Амортизатор МАЗ, КАМАЗ 6520 г.Барановичи	4100.00	10	t	updated	2
632	6563	54327-2915006-20	Амортизатор МАЗ (290/475)	3229.00	10	t	updated	2
633	6564	А1-300/475.2905006-21	Амортизатор УРАЛ,КРАЗ г.Барановичи перед. ушки 5460, пласт.кожух	4001.00	10	t	updated	2
634	6565	ДГ 25.3913010	Домкрат 25т. г.Барановичи	20061.00	10	t	updated	2
635	6566	42-3708600	Бендикс Волга, Газель, УАЗ, 402 дв. г.Борисов	775.00	10	t	updated	2
636	6567	42-3708600-10	Бендикс Волга, Газель 406 дв. г. Борисов	672.00	10	t	updated	2
637	6568	425-3708600	Бендикс ВАЗ-2101-07, 2121 г. Борисов	590.00	10	t	updated	2
638	6569	7402.3708600	Бендикс г. Борисов	1060.00	10	t	updated	2
639	6570	СТ230-3708600-01	Бендикс большой ГАЗ-53, ПАЗ, ГАЗ-66 г.Борисов	819.00	10	t	updated	2
640	6571	СТ230К-3708600-01	Бендикс ЗИЛ , СТ230К4 г.Борисов	869.00	10	t	updated	2
641	6572	3242-3771-10	Генератор 28В,110А ,10 руч.ш ев-3 г.Борисов	11466.00	10	t	updated	2
642	6573	3232.3771000	Генератор 3232 Дв.ЯМЗ-236,-238, КАМАЗ-740 и их модиф.60А г.Борисов	6261.00	10	t	updated	2
643	6574	3252.3771000	Генератор МАЗ ОАО БАТЭ 28В. 90А	8910.00	10	t	updated	2
644	6575	3232.3771000-10	Генератор  МАЗ, МТЗ, ММЗ(ЕВРО-2) Д-245(Д-245.30Е-715,-716) 28В 60А г.Борисов	8271.00	10	t	updated	2
645	6576	СТ 2А-3708150	Обмотка	1436.00	10	t	updated	2
646	6577	7402-3708120	Обмотка стартера	1723.00	10	t	updated	2
647	6578	СТ230-3708110	Обмотка стартера (большая)	1898.00	10	t	updated	2
648	6579	422.3708 (42.3708-10)	Обмотка стартера 402 дв. г.Борисов г.Борисов	1247.00	10	t	updated	2
649	6580	422.3708800	Реле втягивающее малое в коробке ГАЗ, УАЗ (402, 406 дв)г. Борисов	1543.00	10	t	updated	2
650	6581	74.3708800 (12В)	Реле втягивающее г. Борисов	2408.00	10	t	updated	2
651	6582	7402-3708800 (24В)	Реле втягивающее ММЗ Д-243,-245 г.Борисов	2408.00	10	t	updated	2
652	6583	СТ142М-3708800	Реле втягивающее ММЗ Д-243,-245,-260 (12В) г. Борисов	3038.00	10	t	updated	2
653	6584	СТ142Н-3708800	Реле втягивающее ММЗ Д245,-260 (24В) г.Борисов	3105.00	10	t	updated	2
654	6585	СТ230А-3708800	Реле втягивающее ГАЗ-53 в сб.с крышкой г. Борисов	2057.00	10	t	updated	2
655	6586	СТ230Б-3708800-10	Реле втягивающее большое в коробке  СТ230Б4, СТ230А1 г. Борисов	1965.00	10	t	updated	2
656	6587	СТ230Б2-3708800-10	Реле втягивающее (СТ230К1, СТ230К4) г. Борисов	1707.00	10	t	updated	2
657	6588	2107.370810-01	Стартер ВАЗ 2101-07 на магнитах г.Борисов	5385.00	10	t	updated	2
658	6589	2109.3708010-01	Стартер ВАЗ 2108-09 на магнитах г.Борисов	5385.00	10	t	updated	2
659	6590	3002.3708000	Стартер 3002.3708000 ГАЗ 3306-3309-66  24В 7,7КВ	21193.00	10	t	updated	2
660	6591	426.3708000	Стартер 426 ВАЗ 2108-09 с обмоткой г.Борисов	6958.00	10	t	updated	2
661	6592	5404-3708000 (24В 5,2кВт)	Стартер 5404 редукт. ММЗ-243,245(аналог 230Р0,7402,142Н) г.Борисов	14429.00	10	t	updated	2
662	6593	5112-3708000 (12В 1,8кВт)	Стартер ГАЗ УАЗ с редуктором  г. Борисов	6983.00	10	t	updated	2
663	6594	6502.3708000-01(12В1,8кВт	Стартер ГАЗ, УАЗ с редуктором	6403.00	10	t	updated	2
664	6595	СТ230К4-3708000 (12В)	Стартер СТ230К4 ЗИЛ-130, ЛАЗ, ЛиАЗ г. Борисов	9597.00	10	t	updated	2
665	6596	СТ230Р-3708200	Якорь стартера ММЗ-Д243,Д245 г.Борисов	3030.00	10	t	updated	2
666	6597	RS.96640.02.02 L=418 mm	43114-2202011-01 Вал карданный TIRSAN	18248.00	10	t	updated	2
667	6598	65101-2205010 L=1582	Вал карданный КРАЗ	12310.00	10	t	updated	2
668	6599	501-2203010-07 L=1688+58	Вал карданный МАЗ	9634.00	10	t	updated	2
669	6600	503-2201010-15 L=1126	Вал карданный МАЗ	9230.00	10	t	updated	2
670	6601	4310-2202011-02	Вал карданный кв.фланец L=409mm	22143.00	10	t	updated	2
671	6602	4310-2203011-01 Н/О	Вал карданный  кв.фл. L=1136mm	22640.00	10	t	updated	2
672	6603	4310-2205011-04	Вал карданный круг.фланец L=727mm	31449.00	10	t	updated	2
673	6604	43114-2202011-01	Вал карданный торц.шлицы L=418mm	42562.00	10	t	updated	2
674	6605	43114-2203011	Вал карданный торц.шлицы L=1127mm	34128.00	10	t	updated	2
675	6606	43114-2205011	Вал карданный торц.шлицы L=699mm	38691.00	10	t	updated	2
676	6607	43118-2202011-31	Вал карданный торц.шлицы L=440+34mm	41769.00	10	t	updated	2
677	6608	43118-2203011-30	Вал карданный торц.шлицы L=1305mm	39783.00	10	t	updated	2
678	6609	43118-2203011-31	Вал карданный 43118-2203011-31 L=1285 mm	52220.00	10	t	updated	2
679	6610	5320-2201011-03 М/О	Вал карданный кв.фланец L=724mm	20400.00	10	t	updated	2
680	6611	5320-2205011-04	Вал карданный кв.фланец L=983mm	28500.00	10	t	updated	2
681	6612	5320-2205011-33(34)	Вал карданный круг.фланец L=990mm	15000.00	10	t	updated	2
682	6613	53205-2201011-10 М/О	Вал карданный торц.шлицы L=709mm	33370.00	10	t	updated	2
683	6614	53205-2205011-10 ОСНОВНОЙ	Вал карданный торц.шлицы L=955mm	38301.00	10	t	updated	2
684	6615	53212-2205011-03	Вал карданный кв.фланец L=1483mm	25200.00	10	t	updated	2
685	6616	53212-2205011-95	Вал карданный круг.фланец L=1377mm	15000.00	10	t	updated	2
686	6617	53213-2205011-02	Вал карданный круг.фланец L=1666mm	15692.00	10	t	updated	2
687	6618	53215-2205011-10	Вал карданный торц.шлицы L=1450mm	35995.00	10	t	updated	2
688	6619	53254-2201011-02	Вал карданный круг.фланец L=1057mm	14000.00	10	t	updated	2
689	6620	5410-2205011-04	Вал карданный кв.фланец L=638mm	28400.00	10	t	updated	2
690	6621	54105-2205011-10	Вал карданный торц.шлицы L=629mm	37180.00	10	t	updated	2
691	6622	54112-2205011-02	Вал карданный круг.фланец L=646mm	31641.00	10	t	updated	2
692	6623	5511-2205011-13	Вал карданный кв.фланец L=818mm	28600.00	10	t	updated	2
693	6624	55111-2205011-11	Вал карданный круг.фланец L=821mm	21671.00	10	t	updated	2
694	6625	6520Г-2201011-11	Вал карданный КАМАЗ межосевой БЕЛКАРД L=701mm	47599.00	10	t	updated	2
695	6626	6520Г-2205011-10	Вал карданный КАМАЗ основной БЕЛКАРД L=1425mm	66000.00	10	t	updated	2
696	6627	375-2201010-04 L=880+92	Вал карданный УРАЛ межосевой	12946.00	10	t	updated	2
697	6628	375-2202010-03 L=436+29	Вал карданный УРАЛ основной	26209.00	10	t	updated	2
698	6629	375-2203010-05 L=1167+90	Вал карданный УРАЛ перед.мост	19278.00	10	t	updated	2
699	6630	375-2205010-04 L=1262+60	Вал карданный УРАЛ средний мост	21956.00	10	t	updated	2
700	6631	4320-2201010-03 L=821+92	Вал карданный УРАЛ межосевой	17994.00	10	t	updated	2
701	6632	4320-2205010-02 L=1192+60	Вал карданный УРАЛ средний мост	23044.00	10	t	updated	2
702	6633	5320-2201023	Вилка фланец 5320-2201023 межосевая	3441.00	10	t	updated	2
703	6634	6520-2201023	Вилка фланец 6520-2201023	10345.00	10	t	updated	2
704	6635	5320-2205023-10 Н/О	Вилка фланец Н/О	4565.00	10	t	updated	2
705	6636	У 4310-2203011-01	Вал карданный (1136 мм)	13992.00	10	t	updated	2
706	6637	У 375-2203010-05	Вал карданный (1167 мм)	14027.00	10	t	updated	2
707	6638	У 43118-2203011-31	Вал карданный (1285мм)	24318.00	10	t	updated	2
708	6639	У 43118-2203011-30	Вал карданный (1305 мм)	22234.00	10	t	updated	2
709	6640	У 43118-2205011	Вал карданный (1322мм)	27800.00	10	t	updated	2
710	6641	У 6520-2205011-10	Вал карданный (1425 мм)	36975.00	10	t	updated	2
711	6642	У 53215-2205011-10	Вал карданный (1454 мм)	32848.00	10	t	updated	2
712	6643	У 53212-2205011-03	Вал карданный (1483 мм)	16055.00	10	t	updated	2
713	6644	У 43118-2202011-10	Вал карданный (585 мм)	33465.00	10	t	updated	2
714	6645	У 54105-2205011-10	Вал карданный (629 мм)	29842.00	10	t	updated	2
715	6646	У 5410-2205011-04	Вал карданный (638 мм)	15333.00	10	t	updated	2
716	6647	У 6520Г-2201011-11	Вал карданный (701 мм)	22999.00	10	t	updated	2
717	6648	У 53205-2201011-10	Вал карданный (709 мм)	28088.00	10	t	updated	2
718	6649	У 5511-2205011-13	Вал карданный (818 мм)	15133.00	10	t	updated	2
719	6650	У 53205-2205011-10	Вал карданный (955 мм)	33580.00	10	t	updated	2
720	6651	У 5320-2201011-01	Вал карданный межосевой  (724 мм)	12466.00	10	t	updated	2
721	6652	У 43114-2203011	Вал карданный торц.шл. L=1127mm	27238.00	10	t	updated	2
722	6653	У 43114-2202011-01	Вал карданный торц.шл. L=418mm	20175.00	10	t	updated	2
723	6654	У 4320-2201010-03	Вал карданный УРАЛ м/о (821мм)	16704.00	10	t	updated	2
724	6655	740-1006037	Втулка распредвала	163.00	10	t	updated	2
725	6656	740-1006026-02 1 шт.	Втулка распредвала	121.00	10	t	updated	2
726	6657	740.21-1006037	Втулка распредвала ЕВРО	171.00	10	t	updated	2
727	6658	740-1004052	Втулка шатуна	159.00	10	t	updated	2
728	6659	5320-6105020-10	Замок двери правый г.Димитровград	849.00	10	t	updated	2
729	6660	5320-8406010	Замок панели в сборе г.Димитровград	173.00	10	t	updated	2
730	6661	236-1000102-00	К--т вкладышей коренной Р0 МАЗ 236	2038.00	10	t	updated	2
731	6662	236-1000102-01	К--т вкладышей коренной Р1 МАЗ 236	2021.00	10	t	updated	2
732	6663	236-1000102-02	К--т вкладышей коренной Р2 МАЗ 236	2062.00	10	t	updated	2
733	6664	236-1000102-06	К--т вкладышей коренной Р6 МАЗ 236	1876.00	10	t	updated	2
734	6665	238-1000102-00 Б2	К--т вкладышей МАЗ 238 коренной Р0	2491.00	10	t	updated	2
735	6666	238-1000102-01 Б2	К--т вкладышей МАЗ 238 коренной Р1	2599.00	10	t	updated	2
736	6667	238-1000104-00	К--т вкладышей МАЗ 238 шатунный Р0	2810.00	10	t	updated	2
737	6668	238-1000104-01	К--т вкладышей МАЗ 238 шатунный Р1	2760.00	10	t	updated	2
738	6669	238-1000104-02	К--т вкладышей МАЗ 238 шатунный Р2	2879.00	10	t	updated	2
739	6670	7405-1000102-00 10шт. уп.	К--т вкладышей Р0 коренной	2215.00	10	t	updated	2
740	6671	7405-1000102-01	К--т вкладышей Р1 коренной	2087.00	10	t	updated	2
741	6672	7405-1000102-02	К--т вкладышей Р2 коренной	2087.00	10	t	updated	2
742	6673	7405-1000102-03	К--т вкладышей Р3 коренной	2006.00	10	t	updated	2
743	6674	7405-1000102-04	К--т вкладышей Р4 коренной	2305.00	10	t	updated	2
744	6675	7405-1000102-05	К--т вкладышей Р5 коренной	2087.00	10	t	updated	2
745	6676	7405-1000102-06	К--т вкладышей Р6 коренной	2087.00	10	t	updated	2
746	6677	7405-1000102-07	К--т вкладышей Р7 коренной	2006.00	10	t	updated	2
747	6678	7405-1000104-00  9 шт.уп.	К-т вкладышей Р0  шатунный	2979.00	10	t	updated	2
748	6679	7405-1000104-01	К-т вкладышей Р1  шатунный	2810.00	10	t	updated	2
749	6680	7405-1000104-02	К-т вкладышей Р2  шатунный	2810.00	10	t	updated	2
750	6681	7405-1000104-03	К-т вкладышей Р3  шатунный	1050.00	10	t	updated	2
751	6682	7405-1000104-04	К-т вкладышей Р4  шатунный	970.00	10	t	updated	2
752	6683	7405-1000104-05	К-т вкладышей Р5  шатунный	888.00	10	t	updated	2
753	6684	7405-1000104-06	К-т вкладышей Р6  шатунный	3050.00	10	t	updated	2
754	6685	7405-1000104-07	К-т вкладышей Р7  шатунный	786.00	10	t	updated	2
755	6686	236-1000104-00 В2	К-т вкладышей шатунный Р0 МАЗ 236	2108.00	10	t	updated	2
756	6687	236-1000104-01 В2	К-т вкладышей шатунный Р1 МАЗ 236	2097.00	10	t	updated	2
757	6688	5320-6105081	Привод замка двери лев. г.Димитровград	97.00	10	t	updated	2
758	6689	5320-6105080	Привод замка двери пр.г.Димитровград	97.00	10	t	updated	2
759	6690	5320-6105180	Ручка двери внутренняя г.Димитровград	224.00	10	t	updated	2
760	6691	5320-6105040	Ручка двери наружная к-т г.Димитровград	1122.00	10	t	updated	2
761	6692	5320-6104060	Ручка стеклоподъемника  г.Димитровград	146.00	10	t	updated	2
762	6693	53205-6104011-00	Стеклоподъемник двери  ЕВРО левый	1400.00	10	t	updated	2
763	6694	53205-6104010-00	Стеклоподъемник двери ЕВРО правый	794.00	10	t	updated	2
764	6695	5320-1108120-12	Тяга руч.управл.акселерат  (трос газа) г.Димитровград	214.00	10	t	updated	2
765	6696	5320-1108130	Тяга ручной остановки двигателя длинн. г.Димитровград	103.00	10	t	updated	2
766	6697	5320-6105035-10	Фиксатор замка левый г.Димитровград	351.00	10	t	updated	2
767	6698	5320-6105034-10	Фиксатор замка правый г.Димитровград	329.00	10	t	updated	2
768	6699	6562-3701000	Генератор 6562 КАМАЗ 4310 90А г.Самара	9910.00	10	t	updated	2
769	6700	6582-3701000-02 М	Генератор 6582 КАМАЗ Евро 80А  2-х руч. г.Самара	10628.00	10	t	updated	2
770	6701	6582-3701000-04 ГЧ	Генератор 6582 с широким шкивом ЕВРО г.Самара	9710.00	10	t	updated	2
771	6702	6582-3701000-04 М	Генератор 6582 с широким шкивом ЕВРО г.Самара	10361.00	10	t	updated	2
772	6703	AAN5182 Искра	Генератор Iskra ААN5182 24v80A Евро (аналог7762,4502,3782)	10200.00	10	t	updated	2
773	6704	Г273В1 НОВЫЙ	Генератор Г 273В1-3701000-03 (28В 50А) г.Самара	6170.00	10	t	updated	2
774	6705	Г273В1-03М 80А	Генератор Г273В1-03М КАМАЗ, МАЗ 80А г. Самара	6069.00	10	t	updated	2
775	6706	Г288Е-3701000	Генератор Г288Е 28 В 47А  г.Самара	10960.00	10	t	updated	2
776	6707	7762-3701-03  (76А)	Генератор МАЗ,Урал с дв. ЯМЗ Евро 2,3 г.Самара	5406.00	10	t	updated	2
777	6708	БПВ46-65-02Б	Диодный мост Г273В1	408.00	10	t	updated	2
778	6709	БПВ 7-100-02	Диодный мост генератора 288,6562	459.00	10	t	updated	2
779	6710	БПВ 17-100-02	Диодный мост генератора 6582 ЕВРО	1155.00	10	t	updated	2
780	6711	668.3701200-10	Ротор на Г 273В1-03  (50А)	2138.00	10	t	updated	2
781	6712	Г-40.3771	Ротор ФЭГТ 2000.015	1224.00	10	t	updated	2
782	6713	Г65.3701100	Статор генератора 6562 (90А), 6582 (80А)	2637.00	10	t	updated	2
783	6714	Г273-3701100	Статор генератора Г273В1 коопер. Самара (45А)	1408.00	10	t	updated	2
784	6715	Г288-3701100	Статор генератора Г288 (47А)	2301.00	10	t	updated	2
785	6716	669.3701100-10	Статор на Г 273В1-03  (на 50А)	1347.00	10	t	updated	2
786	6717	Г273-3701010 А ЗАВОД	Щеткодержатель генератора	509.00	10	t	updated	2
787	6718	6582-3701010 ЗАВОД	Щеткодержатель ЕВРО	505.00	10	t	updated	2
788	6719	4501.3771-53	Генератор ( аналог 4001-53) (АТЭ-1) 28В 80А	10702.00	10	t	updated	2
789	6720	1312.3771 Т	Генератор 1312.3771 (аналог  Г273В1) 28В 60А КАМАЗ, МАЗ	5631.00	10	t	updated	2
790	6721	1322.3771 Т	Генератор 1322.3771 (аналог Г273В2) 28В 50А МАЗ	5508.00	10	t	updated	2
791	6722	1702.3771 Т	Генератор 1702.3771 (аналог Г288Е) 28В 50А КАМАЗ, МАЗ, КРАЗ	7733.00	10	t	updated	2
792	6723	3112.3771	Генератор 3112.3771  28В 80А МАЗ (7511)  (2-х руч.)	6758.00	10	t	updated	2
793	6724	3122.3771	Генератор 3122.3771 2-х руч. 28В 80А (аналог 6582-02) КАМАЗ	9180.00	10	t	updated	2
794	6725	3142.3771	Генератор 3142.3771 (аналог Г4001-53) КАМАЗ Евро широкий шкив	10185.00	10	t	updated	2
795	6726	4502.3771Т	Генератор 4502.3771 широкий рем. (аналог 7762) 28В 80А КАМАЗ ЕВРО-2,-3	7926.00	10	t	updated	2
796	6727	4512.3771Т	Генератор 4512.3771 28В 90А МАЗ ЕВРО-3  широкий шкив	8638.00	10	t	updated	2
797	6728	3142.3771-10	Генератор 740.30, 740.31, креп.10мм.6 руч, 28В 90А	9244.00	10	t	updated	2
798	6729	3142.3771-20	Генератор 740.30, 740.31, креп.10мм.8 руч, 28В 90А	9007.00	10	t	updated	2
799	6730	4542.3771-20 28В 120А	Генератор КАМАЗ  Евро-4,5  8 руч ПРАМО	10782.00	10	t	updated	2
800	6731	4542.3771	Генератор КАМАЗ ЕВРО-3  28В 90А широкий шкив, пятипиновый разъем	9015.00	10	t	updated	2
801	6732	4522.3771-10 28В 80А	Генератор КАМАЗ ЕВРО-3,4 10-ти ручейковый	8548.00	10	t	updated	2
802	6733	3112.3771-01 Т 80А	Генератор средний	8303.00	10	t	updated	2
803	6734	ПРАМО 16 тонн	Домкрат гидр.бут. 16т, 230-465 мм	1505.00	10	t	updated	2
804	6735	ПРАМО 30 тонн	Домкрат гидр.бут. 30т, 240-370 мм	3887.00	10	t	updated	2
805	6736	4502.3771.100-01	Статор на 4502,4212(10),4522(10),4532(10),4542	2981.00	10	t	updated	2
806	6737	4502.3771.060	Щеткодержатель с регулятором	271.00	10	t	updated	2
807	6738	503-3405010-10	Гидроусилитель МАЗ	52514.00	10	t	updated	2
808	6739	453198.237 ШНКФ	Гидроцилиндр подъема запасного колеса КАМАЗ г.Борисов	15110.00	10	t	updated	2
809	6740	4310-3400020-03	ГУР  КАМАЗ г.Борисов	110160.00	10	t	updated	2
810	6741	4310-3400020-01	ГУР  КАМАЗ г.Борисов	107100.00	10	t	updated	2
811	6742	453461.425-01 ШНКФ	ГУР КамАЗ 4308, 4326, 6520 (двухосн., трехосные)	120502.00	10	t	updated	2
812	6743	4310-3407200-21	Насос ГУРа  КАМАЗ (усил.)18*1,5 внутр г.Борисов	18092.00	10	t	updated	2
813	6744	4310-3407200-01	Насос ГУРа  КАМАЗ г.Борисов	17769.00	10	t	updated	2
814	6745	130-3407199	Насос ГУРа (без бачка и шкива) г.Борисов	13249.00	10	t	updated	2
815	6746	130-3407200-а	Насос ГУРа 130-3407200-а ЗИЛ г.Борисов	17004.00	10	t	updated	2
816	6747	6520-3407200 г.Елец	Насос ГУРа 6520 г.Елец	21719.00	10	t	updated	2
817	6748	4310-3407200-02 г. Елец	Насос ГУРа КАМАЗ (наружн.резьба)	17850.00	10	t	updated	2
818	6749	4310-3407200-11	Насос Гура Камаз левого вращения г.Борисов	18576.00	10	t	updated	2
819	6750	256б-3407199-01	Насос ГУРа КРАЗ, Урал, МАЗ  г.Борисов	15226.00	10	t	updated	2
820	6751	458662.250 ШНКФ	Насос МОК  в упаковке г.Борисов КАМАЗ, МАЗ (182.5004010-11)	21284.00	10	t	updated	2
821	6752	5320-3407244	Р/К Насос ГУРа г.Борисов	3570.00	10	t	updated	2
822	6753	453479.011 ШНКФ	Р/К Насос Гура 453471.021 ШНКФ	2236.00	10	t	updated	2
823	6754	453198.214 ШНКФ	Цилиндр МОК (с трубкой) 43114-5003014 КАМАЗ г.Борисов	20225.00	10	t	updated	2
824	6755	453198.210 ШНКФ	Цилиндр МОК КАМАЗ г.Борисов	18527.00	10	t	updated	2
825	6756	110б-3811010(30А)	Амперметр (30А)	815.00	10	t	updated	2
826	6757	111б-3811010(50А)	Амперметр (50А) Владимр	535.00	10	t	updated	2
827	6758	ВК318Б	Выключатель ВК318Б механч. Старый Оскол	281.00	10	t	updated	2
828	6759	1410.3737 4 шт.	Выключатель массы электр.	2125.00	10	t	updated	2
829	6760	1400.3737 24В 50А	Выключатель массы КамАз-6520(крышка текстолит)	1759.00	10	t	updated	2
830	6761	5212.3827	Датчик  бензобака 500л. г.Владимир	740.00	10	t	updated	2
831	6762	ММ 125Д	Датчик  выкл.пневмат.сигнала торможения г.Пенза	43.00	10	t	updated	2
832	6763	5320-3829030 ММ 111(2602)	Датчик аварийного давления масла г.Владимир	82.00	10	t	updated	2
833	6764	5320-3708500-00	Замок зажигания ВК-353 г.Санкт-Петербург	899.00	10	t	updated	2
834	6765	1902.3704	Замок зажигания ЕВРО (камаз)	497.00	10	t	updated	2
835	6766	МЭ 307	Привод спидометра г.Самара	1302.00	10	t	updated	2
836	6767	8602.3777	Реле блокировки стартера РБС г.Пенза	74.00	10	t	updated	2
837	6768	РС 951А.372610 (37 уп)	Реле поворота  г.Владимир	1216.00	10	t	updated	2
838	6769	27.5205700-02	Рычаг стеклоочистителя шт	130.00	10	t	updated	2
839	6770	80С	Термостат ТС 108.1306100-01М ГАЗ 53, ПАЗ	180.00	10	t	updated	2
840	6771	(30 уп)80С	Термостат ТС 107.1306100-01М набор 2+1 КАМАЗ	578.00	10	t	updated	2
841	6770	80С	Термостат ТС 108.1306100-01М ГАЗ 53, ПАЗ	210.00	22	t	updated	2
842	6772	272.5205500	Тяга	392.00	10	t	updated	2
843	6773	УБ 170	Указатель уровня топлива г. Октябрьский	210.00	10	t	updated	2
844	6774	27.5205800-02 М	Щетка  г.Ставрово к-т	155.00	10	t	updated	2
845	6775	740-1029154	Вал ведомой шестерни	760.00	10	t	updated	2
846	6776	5320-2502201 г.Курган	Вал промежуточный среднего моста	1100.00	10	t	updated	2
847	6777	14-1702027	Вилка перекл. 2-3 пер.КПП ОАО КАМАЗ	920.00	10	t	updated	2
848	6778	15-1771094	Вилка перекл.делителя КПП ОАО КАМАЗ	1640.00	10	t	updated	2
849	6779	5320-2919040	Вкладыш реактивной штанги	34.00	10	t	updated	2
850	6780	5297-3414066	Вкладыш наконечника верхний	847.00	10	t	updated	2
851	6781	5320-3414067	Вкладыш наконечника нижний ОАО КАМАЗ	305.00	10	t	updated	2
852	6782	5511-2919034	Вкладыш реактивного пальца (толстый) ОАО КАМАЗ	499.00	10	t	updated	2
853	6783	15-1772010	Воздухораспределитель делителя КПП	246.75	10	t	updated	2
854	6784	740-1005133	Втулка маховика	180.00	10	t	updated	2
855	6785	5320-2502029	Втулка распорная	463.00	10	t	updated	2
856	6786	154-1701282	Втулка шестерни 1-ой передачи	1650.00	10	t	updated	2
857	6787	853550	Гайка конич.шестерни среднего моста	345.00	10	t	updated	2
858	6788	5425-3101040	Гайка пер. колеса ЕВРО ОАО КАМАЗ	48.00	10	t	updated	2
859	6789	5320-2502063	Гайка подшипника в сборе ОАО КАМАЗ	330.00	10	t	updated	2
860	6790	53205-2403040	Гайка подшипника дифер.бугельная ОАО КАМАЗ	630.00	10	t	updated	2
861	6791	4310-3103076	Гайка подшипника ступицы 4310 ОАО КАМАЗ	320.00	10	t	updated	2
862	6792	853567	Гайка сошки Гура	215.00	10	t	updated	2
863	6793	5320-3703058	Гнездо АКБ ОАО КАМАЗ ( без крышки)	3500.00	10	t	updated	2
864	6794	6520-3501090	Колодка тормозная в сб.ОАО КАМАЗ	3952.00	10	t	updated	2
865	6795	5320-1109384	Колпак воздухозаборника ОАО КАМАЗ	830.00	10	t	updated	2
866	6796	55118-1109384	Колпак воздухозаборника в сборе	815.00	10	t	updated	2
867	6797	14-1701096	Кольцо маслонагнетательное ОАО КАМАЗ	415.00	10	t	updated	2
868	6798	15-1772132-10	Кран управления делителем(нов.обр.) ОАО КАМАЗ	2040.00	10	t	updated	2
869	6799	5320-2905535	Кронштейн амортизатора левый	680.00	10	t	updated	2
870	6800	5320-2905534	Кронштейн амортизатора правый	680.00	10	t	updated	2
871	6801	5320-2509053	Муфта блокировки МОД ОАО КАМАЗ	810.00	10	t	updated	2
872	6802	14-1701580	Муфта с втулкой (к-т)	2000.00	10	t	updated	2
873	6803	5320-3501133	Накладка оси тормозных колодок ОАО КАМАЗ	86.00	10	t	updated	2
874	6804	740.11-1011014	Насос масляный без шестерни ЕВРО	7365.00	10	t	updated	2
875	6805	740-1308110	Натяжитель ремня	2355.00	10	t	updated	2
876	6806	53205-2806117	Палец буксирной вилки ОАО КАМАЗ	705.00	10	t	updated	2
877	6807	5320-8401012-00	Панель облицовочная верхняя ОАО КАМАЗ	2943.00	10	t	updated	2
878	6808	5320-8401120	Панель облицовочная нижняя ОАО КАМАЗ	7500.00	10	t	updated	2
879	6809	53205-8401120-00	Панель облицовочная нижняя ЕВРО ОАО КАМАЗ	6200.00	10	t	updated	2
880	6810	5320-5301046	Панель передка боковая съемная ОАО КАМАЗ	1620.00	10	t	updated	2
881	6811	5320-5301047	Панель передка боковая съемная ОАО КАМАЗ	880.00	10	t	updated	2
882	6812	5320-5399005-00	Панель с обтекателем левая в сборе ОАО КАМАЗ	1570.00	10	t	updated	2
883	6813	5320-5399004-00	Панель с обтекателем правая в сборе ОАО КАМАЗ	1570.00	10	t	updated	2
884	6814	740-1000128-1839	Поршневая ч/б с пальцем ОАО КАМАЗ (поршнекомплект)	8000.00	10	t	updated	2
885	6815	ЕВРО- 3	Р/К водяного насоса в сборе ЕВРО-3 НАШ	1320.00	10	t	updated	2
886	6816	740-1011014-30	Р/К масляного насоса полный	825.00	10	t	updated	2
887	6817	5320-3501109	Ролик (тормозмой колодки) ОАО КАМАЗ	105.00	10	t	updated	2
888	6818	5320-2402046	Стакан подшипников ОАО КАМАЗ	3200.00	10	t	updated	2
889	6819	14-1601142	Ступица ведомого диска ОАО КАМАЗ	450.00	10	t	updated	2
890	6820	5320-2918189	Стяжка кронштейнов оси (балансира) ОАО КАМАЗ	4440.00	10	t	updated	2
891	6821	5320-3414009-00	Тяга продольная рулевая в сборе ОАО КАМАЗ	12000.00	10	t	updated	2
892	6822	5297-3414009-00	Тяга продольная рулевая в сборе ОАО КАМАЗ	12000.00	10	t	updated	2
893	6823	152-1701240	Фланец КПП круг. ОАО КАМАЗ	2100.00	10	t	updated	2
894	6824	53205-2506016	Чашки МОД (к-т) ОАО КАМАЗ	25000.00	10	t	updated	2
895	6825	5320-3501134	Чека ОАО КАМАЗ	17.00	10	t	updated	2
896	6826	740-1003216	Экран	24.00	10	t	updated	2
897	6827	6661.3701	Генератор 6661 М-2141 дв. 412 Уфа ОАО ЗИТ	2590.47	10	t	updated	2
898	6828	носик	Крышка СТ222-3708400	500.00	10	t	updated	2
899	6828	носик	Крышка СТ222-3708400	560.00	11	t	updated	2
900	6829	20.3708600-01	Привод в сборе н/о (на редукт. 20,24 серию)	465.00	10	t	updated	2
901	6830	24.3708600-01	Привод  МТЗ-80 в сборе	405.00	10	t	updated	2
902	6831	40000012	Редуктор с валом на стартер 9112	1870.00	10	t	updated	2
903	6832	60.3708800	Реле втягивающее	700.00	10	t	updated	2
904	6833	20.3708800 стар.обр.	Реле стартера в сборе МТЗ-80 24В ОАО ЗИТ	1310.00	10	t	updated	2
905	6834	2002.3708000-01 24В	Стартер взамен 20 Бычок, МТЗ редуктор. (5,9 кВт) ОАО ЗИТ	6100.00	10	t	updated	2
906	6835	2412.3708000-01 12В 4кВт	Стартер Д-144,Т-40,Т25А2 редукт. (взамен 241 и 222А)  ОАО ЗИТ	6100.00	10	t	updated	2
907	6836	2402.3708000-01 12В	Стартер МТЗ-50,80,100 редукт. 4 кВт (взамен 24)  ОАО ЗИТ	6100.00	10	t	updated	2
908	6837	2012.37008000-01 24В	Стартер Т-40М  5,9  кВт (взамен 201)  ОАО ЗИТ	6100.00	10	t	updated	2
909	6838	20-3708200-02 нов.обр.	Якорь стартера	1695.00	10	t	updated	2
910	6839	53205-3509015-20 (21)	Компрессор 1-ц. г.Ижевск 16 мм.	12230.00	10	t	updated	2
911	6840	53205-3509015-02 АЙК	Компрессор 1-ц.( Айк-Мото) г.Ижевск 22 мм. выход сверху	12818.00	10	t	updated	2
912	6841	ПК 306-01	Компрессор 1-цил. КАМАЗ г.Борисов	28539.00	10	t	updated	2
913	6842	ПК 214-30	Компрессор  2-х цил. КАМАЗ 201 л/мин г.Борисов	28705.00	10	t	updated	2
914	6843	5336-3509012  210л/м	Компрессор 5336-3509012 МАЗ, Урал со шкивом 210 л/мин г.Борисов	23460.00	10	t	updated	2
915	6844	5336-3509012-01 201 л/мин	Компрессор 5336-3509012-01 без шкива ЗИЛ, МАЗ,КРАЗ,Урал, БЕЛАЗ г.Борисов	21805.00	10	t	updated	2
916	6845	5336-3509012-10	Компрессор 5336-3509012-10 усилин. 270 л/мин г.Борисов	19890.00	10	t	updated	2
917	6846	ПК 310	Компрессор МАЗ,Лиаз,Урал 320л/мин  г.Борисов	26000.00	10	t	updated	2
918	6847	18-3509015-20 ( 373л.)	Компрессор 1 цил. Литва выход сверху	18100.00	10	t	updated	2
919	6848	161-3509012-20	Компрессор 2-х 275 л/м (дв.ЯМЗ) Литва	23460.00	10	t	updated	2
920	6849	5320-3509015	Р/К компрессора	495.00	10	t	updated	2
921	6850	5320-3509015-10	Компрессор 2-х цил. Литва Н/О  275 л/мин	24072.00	10	t	updated	2
922	6851	161-3509012	Компрессор 2-х цил. (дв.ЯМЗ)  201л/мин Литва	23606.00	10	t	updated	2
923	6852	Р0 1-но цил.	Р/К  1-но цил. компрессора Р0 в сборе НАШ	618.00	10	t	updated	2
924	6853	без шатуна Р 1	Р/К  2-х цил. компрессора Р1 из 5-ти наим.	371.00	10	t	updated	2
925	6854	5320-2201025-02 меж.20шт	Крестовина 5320-2201025 межосевая г.Гродно	3104.00	10	t	updated	2
926	6855	53205-2201025-10 меж.10шт	Крестовина  53205-2201025 м/о г.Гродно	4188.00	10	t	updated	2
927	6856	4310-2205025 осн.10шт	Крестовина 4310-2205025 основная г.Гродно	4999.00	10	t	updated	2
928	6857	53205-2205025-12 осн.10шт	Крестовина  53205-2205025 основная г.Гродно	4579.00	10	t	updated	2
929	6858	130-2201025	Крестовина ЗИЛ 130-2201025 межосевая г.Гродно	459.00	10	t	updated	2
930	6859	131-2205025	Крестовина ЗИЛ 131-2205025 основная г.Гродно	765.00	10	t	updated	2
931	6860	голая	Крестовина осн. 53205-2205026-10 голая	1379.00	10	t	updated	2
932	6861	853858	Тавотница 90	4.00	10	t	updated	2
933	6862	ПРАМО (118*39 мм)	Крестовина 5320-2201026	567.00	10	t	updated	2
934	6863	ПРАМО (135*50 мм)	Крестовина 5320-2205025-01	1022.00	10	t	updated	2
935	6864	ПРАМО (50*135мм) М/О	Крестовина 53205-2201025	1525.00	10	t	updated	2
936	6865	ПРАМО (155*50 мм) ОСН.	Крестовина 53205-2205025	1093.00	10	t	updated	2
937	6866	5320-3422039 АЕ	Крестовина в сборе (28*68) рулевого вала КАМАЗ, Агротэк	255.00	10	t	updated	2
938	6867	5320-2201025 Агротэк	Крестовина в сборе (39*118) м/о Агротэк	688.00	10	t	updated	2
939	6868	6520-2201025 АЕ	Крестовина в сборе (50*135) евро-2 м/о,Агротэк	1270.00	10	t	updated	2
940	6869	5320-2205025 АЕ	Крестовина в сборе (50*135) Агротэк	1202.00	10	t	updated	2
941	6870	53205-2205025 АЕ	Крестовина в сборе (50*155) евро осн, Агротэк	1314.00	10	t	updated	2
942	6871	4310-2205025 АЕ	Крестовина в сборе (50*155) КАМАЗ,КРАЗ,МАЗ(Агротэк)	1348.00	10	t	updated	2
943	6872	53205S-2201025 (уп 6)	Крестовина ВЕБЕР (малая) ЕВРО	592.00	10	t	updated	2
944	6873	УниверсалКарданДеталь	Крестовина У.6520-2201025 межосевая	1751.00	10	t	updated	2
945	6873	УниверсалКарданДеталь	Крестовина У.6520-2201025 межосевая	1757.00	15	t	updated	2
946	6874	У 5320-2205025-10	Крестовина У.5320-2205025-10 основная со стопорными кольцами	1551.00	10	t	updated	2
947	6873	УниверсалКарданДеталь	Крестовина У.6520-2201025 межосевая	845.00	16	t	updated	2
948	6873	УниверсалКарданДеталь	Крестовина У.6520-2201025 межосевая	1744.00	18	t	updated	2
949	6873	УниверсалКарданДеталь	Крестовина У.6520-2201025 межосевая	1921.00	17	t	updated	2
950	6875	УКД ЕВРО-2	Крестовина У.6520-2201025-10  мал. в сб.	1836.00	10	t	updated	2
951	6876	5511-3502237 ПРАМО	Рычаг регулировочный левый 10 т. трещётка зад.	842.00	10	t	updated	2
952	6877	5320-3502236 ПРАМО	Рычаг регулировочный правый 8 т. трещётка зад.	725.00	10	t	updated	2
953	6878	НШ-10	НШ-10 ПРАВЫЙ г.Ставрополь	700.00	10	t	updated	2
954	6879	НШ-10 У3	Насос НШ-10 У3 (4-х шл.) правый	2700.00	10	t	updated	2
955	6880	НШ-50А3 правый	Насос НШ-50 А3 правый круглый	12000.00	10	t	updated	2
956	6881	А 24-21+5	Лампа А 24-21+5 г.Брест 2-х конт.	5.00	10	t	updated	2
957	6882	УП118-3726010-П	Передний указатель поворота правый г.Киржач	245.00	10	t	updated	2
958	6883	62 3711201-01	Стекло фары (галоген) ВАЗ-2101,ГАЗ-2410	11.87	10	t	updated	2
959	6884	ФГ140 3711201	Стекло фары ВАЗ-2101,ГАЗ-2410	10.82	10	t	updated	2
960	6885	4502.3712	Фонарь УП-1 (4502.3712) ОСВАР	275.00	10	t	updated	2
961	6886	5320-2902624	Буфер передней рессоры ОАО БРТ	493.00	10	t	updated	2
962	6887	5320-5130027	Вставка уплотнителя рычага КПП ОАО БРТ	519.00	10	t	updated	2
963	6888	5320-5002025	Втулка торсиона ОАО БРТ	90.00	10	t	updated	2
964	6889	5320-1609569	Гофра ПГУ ОАО БРТ	10.00	10	t	updated	2
965	6890	5320-2509017	Диафрагма механизма блокировки МОД ОАО БРТ	27.00	10	t	updated	2
966	6891	106005-23	К-т пр-ок блока двигателя КАМАЗ (темпсил) ПРОФИ 7 наименований	48.00	10	t	updated	2
967	6892	106004-23	К-т пр-ок водяной коробки двигателя КАМАЗ (темпсил) ПРОФИ 4 наименования	10.00	10	t	updated	2
968	6893	106006-23	К-т пр-ок гидромуфты двигателя КАМАЗ (темпсил) ПРОФИ 6 наименований	22.00	10	t	updated	2
969	6894	106001-23	К-т пр-ок двигателя КАМАЗ (темпсил) ПРОФИ 24 наименования	95.00	10	t	updated	2
970	6895	106002-23	К-т пр-ок картера маховика КАМАЗ (темпсил) ПРОФИ 7 наименований	48.00	10	t	updated	2
971	6896	33.1111069	Кольцо ТНВД ОАО БРТ	5.00	10	t	updated	2
972	6897	33.1111083	Кольцо ТНВД ОАО БРТ	5.00	10	t	updated	2
973	6898	740-1105075	Кольцо уплотнительное (ФГОТ, ФЦОМ) ОАО БРТ	10.00	10	t	updated	2
974	6899	740-1109553	Кольцо уплотн. воздушного фильтра ОАО БРТ	279.00	10	t	updated	2
975	6900	864117(115х145)	Манжета балансира ОАО БРТ	171.00	10	t	updated	2
976	6901	740-1318166 (100х125х12)	Манжета гидромуфты ЗАО ВРТ	401.00	10	t	updated	2
977	6902	740-1318186 (34х50х10)	Манжета гидромуфты ЗАО ВРТ	116.00	10	t	updated	2
978	6903	864141	Манжета ГУР на сошку (42*58*10)	40.80	10	t	updated	2
979	6904	864113  (22х34,5х6)	Манжета ГУР на угловой редуктор	29.00	10	t	updated	2
980	6905	5320-1602517 (29х26х5)	Манжета ГЦС ОАО БРТ	26.00	10	t	updated	2
981	6906	7405-1005160 (105х130)	Манжета коленвала ЕВРО Резерв	295.00	10	t	updated	2
982	6907	14-1701230-01	Манжета КПП (45х64) ЗАО ВРТ	165.00	10	t	updated	2
983	6908	6520-2502280	Манжета с пружиной в сборе	690.00	10	t	updated	2
984	6909	6520-2402176	Манжета с пружиной в сборе 80*105 наружн.	732.00	10	t	updated	2
985	6910	6520-2502180	Манжета с пружиной в сборе 80*105 сред. мост	784.00	10	t	updated	2
986	6911	864129-01(142х168х16)	Манжета ступицы задней  ОАО БРТ	153.00	10	t	updated	2
987	6912	864135-01	Манжета ступицы передней ОАО БРТ с пружиной	198.00	10	t	updated	2
988	6913	864195 (70*92*10)	Манжета хвостовика Евро	325.00	10	t	updated	2
989	6914	864180 (70х92х12х16)	Манжета хвостовика ЗАО ВРТ	296.00	10	t	updated	2
990	6915	864176 (70х92х12х16)	Манжета хвостовика ЗАО ВРТ	298.00	10	t	updated	2
991	6916	100-3519250Р	Мембрана тип 24 ОАО БРТ	218.00	10	t	updated	2
992	6917	100-3519350	Мембрана тип 30 ОАО БРТ	218.00	10	t	updated	2
993	6918	6520-1303026	Патрубок радиатора 6520 нижний ОАО БРТ	950.00	10	t	updated	2
994	6919	5320-1303027	Патрубок радиатора Шланг Ф68х120 ОАО БРТ	139.00	10	t	updated	2
995	6920	5320-1303026	Патрубок радиатора ШЛАНГ Ф68х200 ОАО БРТ	214.00	10	t	updated	2
996	6921	5320-1311049	Патрубок расширительного бачка ШЛАНГ Ф30Р ОАО БРТ	110.00	10	t	updated	2
997	6922	740-1014138	Патрубок сапуна переходной ОАО БРТ	87.00	10	t	updated	2
998	6923	5320-5001021	Подушка переднего крепления кабины нижняя ОАО БРТ	870.00	10	t	updated	2
999	6924	5320-3513092-01Р	Прокладка баллона (рессивера) ОАО БРТ	51.00	10	t	updated	2
1000	6925	740-1115026-01	Прокладка впускного коллектора (домик)	13.00	10	t	updated	2
1001	6926	7403-1008050 армир.	Прокладка выпускного коллектора	35.00	10	t	updated	2
1002	6927	740-1003213-20	Прокладка ГБЦ ОАО БРТ	108.00	10	t	updated	2
1003	6928	740-1003270-11	Прокладка клапанной крышки ОАО БРТ	73.00	10	t	updated	2
1004	6929	740-1009040	Прокладка поддона ОАО БРТ	261.00	10	t	updated	2
1005	6930	5320-2201043	Пыльник крестовины м/о ОАО БРТ	25.00	10	t	updated	2
1006	6931	5320-2205042	Пыльник крестовины осн. ОАО БРТ	30.00	10	t	updated	2
1007	6932	5320-3509015-10 н/о	Р/К компрессора	1040.00	10	t	updated	2
1008	6849	5320-3509015	Р/К компрессора	20257.00	14	t	updated	2
1009	6933	2-х цил.	Р/К компрессора (6 наименований) паронит	34.00	10	t	updated	2
1010	6934	18-3509015	Р/К компрессора 1-ц	597.00	10	t	updated	2
1011	6935	740-1308020-10	Ремень 1250 зубчатый ОАО БРТ	375.00	10	t	updated	2
1012	6936	740-1307170Р	Ремень 1320 ОАО БРТ	253.00	10	t	updated	2
1013	6937	864158-10Р (864159)	Сальник п/оси КамАЗ-4310	216.00	10	t	updated	2
1014	6938	5320-5130029-01Р	Уплотнитель педали тормоза ОАО БРТ	86.00	10	t	updated	2
1015	6939	5320-6107805	Уплотнитель проема двери УП 805 ОАО БРТ	347.00	10	t	updated	2
1016	6940	5320-5130016-01	Уплотнитель рычага КПП ОАО БРТ	706.00	10	t	updated	2
1017	6941	5320-6103123	Уплотнитель форточки двери лев.	414.00	10	t	updated	2
1018	6942	5320-6103122	Уплотнитель форточки двери ОАО БРТ	431.00	10	t	updated	2
1019	6943	100-3519180Р	Уплотнитель энергоаккумулятора ОАО БРТ	121.00	10	t	updated	2
1020	6944	СТР	Р/К топливного фильтра	198.00	10	t	updated	2
1021	6945	7406-1003270-01 СТР	Прокладка клапанной крышки Евро	220.00	10	t	updated	2
1022	6944	СТР	Р/К топливного фильтра	280.00	13	t	updated	2
1023	6944	СТР	Р/К топливного фильтра	110.00	4	t	updated	2
1024	6946	5402-3708600-01	Бендикс КАМАЗ Евро	1720.00	10	t	updated	2
1025	6947	5432-3708600-01	Бендикс г. Борисов	2254.00	10	t	updated	2
1026	6948	СТ142Б-3708600	Бендикс  г.Борисов 10 зуб.	1834.00	10	t	updated	2
1027	6949	142Т-3708000	Крепление стартера МАЗ	335.00	10	t	updated	2
1028	6950	142-3708830	Крышка втягивающего реле в сборе с болтами	556.00	10	t	updated	2
1029	6951	5432.3708110-01	Обмотка стартера  5402-01,5432-10-20	3143.00	10	t	updated	2
1030	6952	СТ142-3708110	Обмотка стартера СТ142-3708110 г.Борисов	4630.00	10	t	updated	2
1031	6953	СТ142Б2-3708800	Реле втягивающее г.Борисов	3844.00	10	t	updated	2
1032	6954	5402-3708800	Реле втягивающее	3208.00	10	t	updated	2
1033	6955	5432-3708800-10	Реле втягивающее (стартер 5432-10, 5402-01) г.Борисов	2893.00	10	t	updated	2
1034	6956	РС-24Д	Реле стартера дополнит. г.Борисов	1316.00	10	t	updated	2
1035	6957	5402.3708-01	Стартер 5402 КАМАЗ Евро 2, 3 , Урал (редукторный с доп. реле)	17417.00	10	t	updated	2
1036	6958	5402-3708	Стартер 5402 ЕВРО редукт (аналог AZF 4554) 24В, 5,4 кВт,10 зуб.  г.Борисов	16218.00	10	t	updated	2
1037	6959	5422.3708 24В 10кВ б/н	Стартер Евро-2 (Аналог БОШ взамен 0001261006) г.Борисов	19052.00	10	t	updated	2
1038	6960	СТ142Б-3708-10	Стартер КАМАЗ ЕВРО-2,3 г.Борисов  (8,2 кВт 24В 10 зуб)	25924.00	10	t	updated	2
1039	6961	СТ142Б2-3708	Стартер КАМАЗ г.Борисов (24В 8,2кВт)	26622.00	10	t	updated	2
1040	6962	5432-3708-10 с доп.реле	Стартер КАМАЗ,Зил-133ГЯ,Урал,ЛиАЗ, редукт.24В 5,5кВт (ан. 3367) г.Борисов	19870.00	10	t	updated	2
1041	6963	5432-3708000 МАЗ	Стартер МАЗ 10 зуб. 24В 9кв.(ан. 4581) г.Борисов	16397.00	10	t	updated	2
1042	6964	5432-3708-01	Стартер МАЗ 10 зуб. 24В 9кв.(ан.4581) с доп. реле	17466.00	10	t	updated	2
1043	6965	СТ142Т-3708	Стартер МАЗ 11зуб. г.Борисов	25959.00	10	t	updated	2
1044	6966	СТ142Т-3708-10	Стартер МАЗ евро 10зуб.г.Борисов	25062.00	10	t	updated	2
1045	6967	СТ142-3708330	Траверза СТ 142Б1	1383.00	10	t	updated	2
1046	6968	СТ142-3708060-10	Щетки стартера СТ 142Б1	62.00	10	t	updated	2
1047	6969	СТ 142-3708200	Якорь стартера г.Борисов	8503.00	10	t	updated	2
1048	6970	СТ 142-3708200-10	Якорь стартера ЕВРО г.Борисов	8503.00	10	t	updated	2
1049	6971	2502.3708.600-10 г.Ржев	Бендикс ( для ст.25.3708 КАМАЗ)	2632.00	10	t	updated	2
1050	6972	2502.3708.600	Бендикс 11 зуб МАЗ (подходит на стартер 142Т) г.Ржев	1224.00	10	t	updated	2
1051	6973	2501.3708.150-10	Катушка (обмотка) КАМАЗ	1184.00	10	t	updated	2
1052	6974	2501.3708.150-01	Катушка (обмотка)  МАЗ г.Ржев	4017.00	10	t	updated	2
1053	6975	42.3708.600 ХН-006	Привод стартера (АТЭ-1)	204.00	10	t	updated	2
1054	6976	42.3708.600-10 ХН-949	Привод стартера (АТЭ-1)	204.00	10	t	updated	2
1055	6977	42.3708.800-01 ХН-3-017	Реле втягивающее (АТЭ-1)	551.00	10	t	updated	2
1056	6978	42.3708.800-11 ХН-3-082	Реле втягивающее (АТЭ-1)	551.00	10	t	updated	2
1057	6979	42-3708-11 Р	Стартер (АТЭ-1) ГАЗ, УАЗ с двиг. ЗМЗ - 406.10, 4061.10, 4062.10	3754.00	10	t	updated	2
1058	6980	42-3708 Р	Стартер (АТЭ-1) ГАЗ, УАЗ с двиг. УМЗ 3151-01, 3303-01, 3741-01	3754.00	10	t	updated	2
1059	6981	422-370800	Стартер (АТЭ-1) ГАЗ с дв.ЗМЗ 402.10,4021.10,4025.10	3754.00	10	t	updated	2
1060	6982	9112 М9Т четыре болта	Стартер КАМАЗ (АТЭ-1) 24В 8,5 кВт редукторный	8364.00	10	t	updated	2
1061	6983	2501.3708-21 МАЗ	Стартер МАЗ 10 зуб. ЕВРО нов/обр. г.Ржев	28553.00	10	t	updated	2
1062	6984	2501.3708-40 МАЗ	Стартер МАЗ 11 зуб. г.Ржев	28451.00	10	t	updated	2
1063	6985	25.3708.320	Траверза высокая г.Ржев	719.00	10	t	updated	2
1064	6986	2502.3708.320-11	Траверза низкая г.Ржев	704.00	10	t	updated	2
1065	6987	2501.3708.200-03	Якорь стартера МАЗ ( для стар. 2501-40) г.Ржев	12795.00	10	t	updated	2
1066	6988	16.904.237	Бендикс на ст. 3367,3436 (Искра) г.Самара	1576.00	10	t	updated	2
1067	6989	16911674  АТЭ	Бендикс на ст.4554 АТЭ	829.00	10	t	updated	2
1068	6990	16904832	Редуктор стартера AZF 4554,4581	2193.00	10	t	updated	2
1069	6991	16.670.421	Реле втягивающее AZJ 3367 г.Самара	1831.00	10	t	updated	2
1070	6992	16.670.546	Реле стартера ст.4554 г.Самара	1933.00	10	t	updated	2
1071	6993	4554 AZF(11131150)	Стартер AZF 4554 КАМАЗ ЕВРО 24V 4kW z10 пр-во ISKRA ( ЕВРО 6520)	17697.00	10	t	updated	2
1072	6994	4594 AZF(11131359)	Стартер AZF 4594 КАМАЗ 4308 с двигателем Cummins 24 V z10 пр-во ISKRA	17850.00	10	t	updated	2
1073	6995	3367 AZJ	Стартер AZJ 3367 КАМАЗ, ДТ 75 (аналог 9112) 24V 6kW пр-во ИСКРА Словения	17833.00	10	t	updated	2
1074	6996	С4929600 kw 6.0	Стартер КАМАЗ 4308 дв. Cammins (Китай) 24V z12	15300.00	10	t	updated	2
1075	6997	16908995	Щетки стартера AZF 4554	834.00	10	t	updated	2
1076	6998	3514 009 013 0	ГТК н/обр. с педалью 100-3514108 SORL	2712.00	10	t	updated	2
1077	6999	3514 009 014 0	ГТК н/обр.(без педали) 100-3514108-10 SORL	2332.00	10	t	updated	2
1078	7000	3533 009 013 0	Клапан двухмагистральный 100-3562010-10 SORL	638.00	10	t	updated	2
1079	7001	3522 001 015 0	КУТП-2 100-3522010 SORL	2250.00	10	t	updated	2
1080	7002	3522 002 038 0	КУТП-2 ЕВРО с глушителем 25-3522210-10 SORL	2614.00	10	t	updated	2
1081	7003	3526 004 201 0	Ручник 2-х выходной WABKO 961 723 038,001,015 SORL	2780.00	10	t	updated	2
1082	7004	3530 010 646 0	Энергоаккумулятор тип 30/24 25-3519301 SORL	3643.00	10	t	updated	2
1083	7005	16-3521110	Головка ПАЛМ Автокомпонент Плюс	138.00	10	t	updated	2
1084	7006	16-3521111	Головка ПАЛМ Автокомпонент Плюс	138.00	10	t	updated	2
1085	7007	16-3514008	ГТК Автокомпонент плюс	1561.00	10	t	updated	2
1086	7008	16-3515010	Клапан защитный одинарный ( Автокомпонент плюс)	146.00	10	t	updated	2
1087	7009	16-3537110	Кран пневматический (авар.растормаж.) Автокомпонент Плюс	276.00	10	t	updated	2
1088	7010	16-3514108	Кран подпедальный ( Автокомпонент плюс)	1561.00	10	t	updated	2
1089	7011	16-3537310	Ручник ЕВРО 4-х Автокомпонент Ппюс	1051.00	10	t	updated	2
1090	7012	11.3521411 ПААЗ	Головка ПАЛМ автомат. г.Полтава	633.00	10	t	updated	2
1091	7013	11.3521410 ПААЗ	Головка ПАЛМ автомат. г.Полтава	633.00	10	t	updated	2
1092	7014	100.3521111 ПААЗ	Головка ПАЛМ г.Полтава	580.00	10	t	updated	2
1093	7015	100.3521110 ПААЗ	Головка ПАЛМ г.Полтава	580.00	10	t	updated	2
1094	7016	64221-3514008 (8000)	ГТК БелОМО	7452.00	10	t	updated	2
1095	7017	6025.3562010	Клапан двухмагистральный ЕВРО Беларусь	605.00	10	t	updated	2
1096	7018	13.3515310 ПААЗ	Клапан контрольного вывода  г.Полтава	361.00	10	t	updated	2
1097	7019	64221-3518010-10 ЕВРО	Клапан ускорительный под глушитель БЕЛОМО	2601.00	10	t	updated	2
1098	7020	11.3515410 ПААЗ	Клапан четырехконтурный  г.Полтава	3111.00	10	t	updated	2
1099	7021	64221-3537110 (8002)	Кран аварийного раст. 64221-3537110 БелОМО	1367.00	10	t	updated	2
1100	7022	100.3537110	Кран аварийного растормаживания г.Полтава	1235.00	10	t	updated	2
1101	7023	8099-3514108	Кран подпедальный КАМАЗ-6520 БелОМО	7691.00	10	t	updated	2
1102	7024	8090-3514100	Кран подпедальный МАЗ (аналог WABKO 4613190080) БелОМО	8931.00	10	t	updated	2
1103	7025	8099-3514108-10	Кран подпедальный Нефаз (снизу сапун кривой) БелОМО	6794.00	10	t	updated	2
1104	7026	12.3520010 ПААЗ	Кран разобщительный 12.3520010 г.Полтава	911.00	10	t	updated	2
1105	7027	14.3520010 ПААЗ	Кран разобщительный МТЗ ПААЗ	696.00	10	t	updated	2
1106	7028	8708-3537310	Кран ручника Беломо ( аналог WABKO 961 723 100)	4142.00	10	t	updated	2
1107	7029	100.3522110	КУТП-1 г.Полтава	4792.00	10	t	updated	2
1108	7030	64221-3522010 (6024)	КУТП-2  Беларусь ЕВРО	5214.00	10	t	updated	2
1109	7031	100.3522010	КУТП-2 г.Полтава	4315.00	10	t	updated	2
1110	7032	11.3522008	КУТП-2 ЕВРО с клапаном обрыва г.Полтава	4760.00	10	t	updated	2
1111	7033	5320-3514012	Педаль ГТК н/о в сборе	204.00	10	t	updated	2
1112	7034	11.3512010 ПААЗ	РДВ 11.3512010 г.Полтава (МАЗ, КРАЗ,УРАЛ)	4871.00	10	t	updated	2
1113	7035	11.3512010-10 ПААЗ	РДВ 11.3512010-10 г.Полтава  (КАМАЗ)	4488.00	10	t	updated	2
1114	7036	11.3537310	Ручник (ЕВРО, 4 отв.) г.Полтава	3280.00	10	t	updated	2
1115	7037	64221-3537310 (6029)-30	Ручник ЕВРО МАЗ БелОМО	2944.00	10	t	updated	2
1116	7038	25-3511110-01	Влагоотделитель с РДВ  г.Рославль	7609.00	10	t	updated	2
1117	7039	100-3521110-10	Головка автоматическая  г.Рославль	785.00	10	t	updated	2
1118	7040	100-3521111-10	Головка автоматическая г.Рославль	785.00	10	t	updated	2
1119	7041	100-3521111	Головка ПАЛМ  г.Рославль	713.00	10	t	updated	2
1120	7042	100-3521110	Головка ПАЛМ  г.Рославль	713.00	10	t	updated	2
1121	7043	100-3514008	ГТК г.Рославль	6581.00	10	t	updated	2
1122	7044	100-3519210	Камера передняя тип 24  г.Рославль	2256.00	10	t	updated	2
1123	7045	100-3519200	Камера тормозная 4310 тип 24х24 г.Рославль	5676.00	10	t	updated	2
1124	7046	100-3519100	Камера тормозная 5320 тип 20х20  г.Рославль	4745.00	10	t	updated	2
1125	7047	100.3519100-10 левые	Камера тормозная  5320 тип 20х20  г.Рославль	4812.00	10	t	updated	2
1126	7048	100-3519100-30 правые	Камера тормозная  5320 тип 20х20  г.Рославль	4812.00	10	t	updated	2
1127	7049	25-3519301	Камера тормозная  6520 тип 30/24 г.Рославль	7364.00	10	t	updated	2
1128	7050	5 435 05 002 1СЕРБИЯ	Камера тормозная 5320 тип 20х20  РРТ	4925.00	10	t	updated	2
1129	7051	100-3519310	Камера тормозная прицепа тип 30 г.Рославль	2227.00	10	t	updated	2
1130	7052	100-3518110	Клапан  быстрого растормаживания РААЗ	1975.00	10	t	updated	2
1131	7053	100-3515010	Клапан  защитный 1-й  г.Рославль	1540.00	10	t	updated	2
1132	7054	100-3515110	Клапан  защитный 2-й  г.Рославль	2559.00	10	t	updated	2
1133	7055	100-3515210	Клапан  защитный 3-й    г.Рославль	2910.00	10	t	updated	2
1134	7056	100-3562010	Клапан 2-х магистральный  г.Рославль	862.00	10	t	updated	2
1135	7057	100-3515510-20	Клапан защитный 4-х контурный РААЗ	3003.00	10	t	updated	2
1136	7058	100-3515310 высок.	Клапан контрольного вывода  г.Рославль	385.00	10	t	updated	2
1137	7059	100-3515310-01 мален.	Клапан контрольного вывода  г.Рославль	385.00	10	t	updated	2
1138	7060	100-3534010	Клапан огран. давления  г.Рославль	2887.00	10	t	updated	2
1139	7061	100-3518010	Клапан ускорительный   г.Рославль	2706.00	10	t	updated	2
1140	7062	100-3518010-10	Клапан ускорительный ЕВРО г.Рославль	2811.00	10	t	updated	2
1141	7063	100-3537110	Кран аварийного раст. 100-3537110 г.Рославль	1428.00	10	t	updated	2
1142	7064	100-3514108-10	Кран подпедальный   100-3514108-10  г.Рославль	6394.00	10	t	updated	2
1143	7065	100-3531008	Кран прицепа 100-3531008 г.Рославль	7019.00	10	t	updated	2
1144	7066	100-3520010	Кран разобщительный 100-3520010  г.Рославль	1550.00	10	t	updated	2
1145	7067	100-3513110	Кран слива  100-3513110 г.Рославль	340.00	10	t	updated	2
1146	7068	100-3522110	КУТП-1 г.Рославль	5479.00	10	t	updated	2
1147	7069	100-3522010	КУТП-2 г.Рославль	6409.00	10	t	updated	2
1148	7070	25.3522210	КУТП-2 с клап. обрыва  г.Рославль	6042.00	10	t	updated	2
1149	7071	100-3536010	ППЗ 100-3536010  г.Рославль	2675.00	10	t	updated	2
1150	7072	100-3512010 упк.2 шт.	РДВ 100-3512010  г.Рославль	5677.00	10	t	updated	2
1151	7073	100-3533010-10	Регулятор тормозных сил 100-3533010-10  г.Рославль	4902.00	10	t	updated	2
1152	7074	100-3537010	Ручник 100-3537010 г.Рославль	4191.00	10	t	updated	2
1153	7075	100-3537310	Ручник ЕВРО 100-3537310 г.Рославль	3366.00	10	t	updated	2
1154	7076	100-3511310	Фильтр магистральный г.Рославль	1280.00	10	t	updated	2
1155	7077	100-3570110	Цилиндр пневматический г.Рославль	1211.00	10	t	updated	2
1156	7078	100-3570210	Цилиндр пневматический г.Рославль	1508.00	10	t	updated	2
1157	7079	Металл	Фитинг MRUC (прямой) 15 мм.	176.00	10	t	updated	2
1158	7079	Металл	Фитинг MRUC (прямой) 15 мм.	85.00	13	t	updated	2
1159	7079	Металл	Фитинг MRUC (прямой) 15 мм.	105.00	13	t	updated	2
1160	7079	Металл	Фитинг MRUC (прямой) 15 мм.	103.00	17	t	updated	2
1161	7080	54115Ш-1301010-01 3-х	"Радиатор водяной ""CuproBraze"""	14000.00	10	t	updated	2
1162	7081	740.21-1118310 длинная	Трубка подвода масла ТКР	160.00	10	t	updated	2
1163	7082	7,5 м.	Шланг желто-красный  к-т.	240.00	10	t	updated	2
1164	7083	5320-2511016	Шланг МОД (кривой) Казань	30.00	10	t	updated	2
1165	7084	4310-3506442-10	Шланг тормозной 4310 задний г/г (пруж.)	82.00	10	t	updated	2
1166	7085	4310-3506060	Шланг тормозной 4310 передний ш/г	76.00	10	t	updated	2
1167	7086	560-1017004	Фильтр очистки масла 560 Штайр Колан	150.00	10	t	updated	2
1168	7087	020-ФТ245-1117010 1/40	ФТОТ ЕВРО-3 Д-245 Д-243 синий г.Гродно	290.00	10	t	updated	2
1169	7088	В 4391	Эл.фильтра воздушного ЕВРО-3 г.Гродно	1070.00	10	t	updated	2
1170	7089	740-1109560	Эл.фильтра воздушный г.Гродно	850.00	10	t	updated	2
1171	7090	7405-1109560	Эл.фильтра воздушный ЕВРО г.Гродно	950.00	10	t	updated	2
1172	7091	В 4313 наружний	Эл.фильтра воздушный ЕВРО-2 г.Гродно	720.00	10	t	updated	2
1173	7092	8421-1109080 МЭ	Эл.фильтра воздушный низкий МАЗ ЕВРО,ТУТАЙ г.Гродно	290.00	10	t	updated	2
1174	7093	238Н-1109080	Эл.фильтра воздушный МАЗ  г.Гродно	358.00	10	t	updated	2
1175	7094	240-1017040 (6 шт)	Эл.фильтра МАЗ масляный  г.Гродно м/с	42.00	10	t	updated	2
1176	7095	740-1012040-10 м/с (6 шт)	Эл.фильтра масляный в метал.сетке г.Гродно	108.00	10	t	updated	2
1177	7096	7405-1012040 м/с (6 шт)	Эл.фильтра масляный ЕВРО в метал.сетке г.Гродно	141.00	10	t	updated	2
1178	7097	М 5334	Эл.фильтра масляный ниточный ЕВРО г.Гродно	126.00	10	t	updated	2
1179	7098	740-1117040-10 м/с (13шт)	Эл.фильтра топливный в метал.сетке г.Гродно	68.00	10	t	updated	2
1180	7099	740-1117040 уп.13шт.	Эл.фильтра топливный  г.Гродно	18.00	10	t	updated	2
1181	7100	7405-1017040 ЭФМ703	Элемент масляного фильтра ЕВРО железный г.Ливны	960.00	10	t	updated	2
1182	7101	21.3759-05(30А)	Конвертер 24/12 V г.Калуга	3598.00	10	t	updated	2
1232	9490	ДГ 25.3913010	Домкрат 25т. г.Барановичи	20061.00	10	t	updated	3
1183	7102	612.3702-08	Регулятор напряжения в сб (7762)  г.Калуга	460.00	10	t	updated	2
1184	7103	612.3702-05	Регулятор напряжения в сборе (3252,7762-02,7762-03)  г.Калуга	316.00	10	t	updated	2
1185	7104	612.3702-06(в сб. с ЩУ)	Регулятор напряжения в сборе со щеточным узлом на ген. 4502  г.Калуга	180.00	10	t	updated	2
1186	7105	621.3702-01(7332.3702)	Регулятор напряжения на генер. 40.3771,Г3000  г.Калуга	111.00	10	t	updated	2
1187	7106	621.3702-02 (7342.3702)	Регулятор напряжения на генер. Г3000А  г.Калуга	105.00	10	t	updated	2
1188	7107	13.3787-01 (7312.3777-02)	Реле блокировки стартера КамАЗ, Евро, Краз, ЗИЛ г.Калуга	120.00	10	t	updated	2
1189	7108	718.3777	Реле поворота РС951А г. Калуга	665.00	10	t	updated	2
1190	7109	ЩСК 2 (МГС5) (12х32х20)	Щетки для стартера с контактами и изолированными выводами г.Калуга	330.00	10	t	updated	2
1191	7110	5320-2205011-03	Вал карданный кв.фланец дл.983 мм.	4300.00	10	t	updated	2
1192	7111	5511-2205011-12	Вал карданный кв.фланец дл.818 мм.	4300.00	10	t	updated	2
1193	6783	15-1772010	Воздухораспределитель делителя КПП	2285.00	20	t	updated	2
1194	7112	53212-3400020	ГУР	4000.00	10	t	updated	2
1195	7113	55111-2912012-02 ЕВРО	Рессора задняя 55111	14500.00	10	t	updated	2
1196	7114	7403-1115050	Прокладка впускного коллектора	29.00	10	t	updated	2
1197	9455	11.2905005-53 (в уп.2шт.)	Амортизатор п/кабину  г.Гродно 90/271	1750.00	10	t	updated	3
1198	9456	11.6809010	Амортизатор п/сиденье  г.Гродно 110/200(шток 12,цилиндр 30)	1721.00	10	t	updated	3
1199	9457	4310-2905006 300/485	Амортизатор передней подвески  г.Гродно	6899.00	10	t	updated	3
1200	9458	53212-2905006-02 Пластм.	Амортизатор передней подвески  г.Гродно 275/460	3670.00	10	t	updated	3
1201	9459	53212-2905006-01 Метал.	Амортизатор передней подвески  г.Гродно 275/460	5623.00	10	t	updated	3
1202	9460	50.4.2905005 245/450	Амортизатор Икарус г. Гродно	5000.00	10	t	updated	3
1203	9461	152-2905006-11(230/450)	Амортизатор ЛИАЗ УКРАИНА	1600.00	10	t	updated	3
1204	9462	50.2.2905005 325/500	Амортизатор МАЗ, КАМАЗ 6520 г. Гродно 325/500	4009.00	10	t	updated	3
1205	9463	50.6.2905005 230/450	Амортизатор НЕФАЗ, ЛИАЗ г.Гродно	4140.00	10	t	updated	3
1206	9464	50.5.2905005   (300/475)	Амортизатор УРАЛ, КРАЗ, (43118)  300/475 г. Гродно	3980.00	10	t	updated	3
1207	9465	100-3519010-01	Камера передняя тип 16 ЗИЛ  (ход штока 58мм)	1050.00	10	t	updated	3
1208	9466	100-3519010-11	Камера передняя тип 16 ЗИЛ длинн. шток г.Гродно (шток 88мм)	1060.00	10	t	updated	3
1209	9467	24.3519010-01 корот. шток	Камера передняя тип 24 г.Гродно L=2.5cм	1070.00	10	t	updated	3
1210	9468	24.3519010-11	Камера передняя тип 24 г.Гродно L=5,5	2879.00	10	t	updated	3
1211	9469	24.3519200-04	Камера тормозная (4310), МАЗ 24/24  г.Гродно	13857.00	10	t	updated	3
1212	9470	20.3519100-02	Камера тормозная (5320) 20/20 г.Гродно	5476.00	10	t	updated	3
1213	9471	12.3519110-01	Камера тормозная тип 12/20 с энергоаккумулятором ЛИАЗ  г. Гродно	5150.00	10	t	updated	3
1214	9472	18.3519110	Камера тормозная тип 20 МАЗ (шток 57 мм)  г. Гродно	2794.00	10	t	updated	3
1215	9473	30.3519010	Камера тормозная тип 30 МАЗ, КРАЗ г. Гродно (шток 58 мм) (19.3519310-02)	1350.00	10	t	updated	3
1216	9474	30.3519200	Камера тормозная тип 30/24 КАМАЗ 6520 г.Гродно	6939.00	10	t	updated	3
1217	9475	30.3519300-10	Камера тормозная тип 30/30 г.Гродно	15183.00	10	t	updated	3
1218	9476	П40.1.2905005  (4310)	Амортизатор п/п КАМАЗ метал. Первоуральск	2811.00	10	t	updated	3
1219	9477	П50.6-2905005 245х450	Амортизатор НЕФАЗ метал. (ПААЗ)	3980.00	10	t	updated	3
1220	9478	А2-245/450.2905006(152)	Амортизатор Икарус, НЕФАЗ г.Барановичи	4500.00	10	t	updated	3
1221	9479	А1-275/460.2905006(22)	Амортизатор КАМАЗ усил., ПАЗ г.Барановичи	4119.00	10	t	updated	3
1222	9480	А1-237/412.2905006-41	Амортизатор п/прицеп МАЗ г.Барановичи	4500.00	10	t	updated	3
1223	9481	А1-275/450.2905006	Амортизатор КАМАЗ 4308 г.Барановичи	4175.00	10	t	updated	3
1224	9482	54327-2915006-10	Амортизатор МАЗ г.Барановичи 315/500	4500.00	10	t	updated	3
1225	9483	54327-2915006-50	Амортизатор МАЗ г. Барановичи 240/425	4500.00	10	t	updated	3
1226	9484	54327-2915006-30	Амортизатор МАЗ г.Барановичи 265/450	4500.00	10	t	updated	3
1227	9485	А2-230/450.2905006(152)	Амортизатор ЕВРО, ЛиАЗ,НЕФАЗ(5460) г.Барановичи	4500.00	10	t	updated	3
1228	9486	54327-2915006-60	Амортизатор МАЗ 190/425	4500.00	10	t	updated	3
1229	9487	А1-325/500.2905006-11	Амортизатор МАЗ, КАМАЗ 6520 г.Барановичи	4100.00	10	t	updated	3
1230	9488	54327-2915006-20	Амортизатор МАЗ (290/475)	3229.00	10	t	updated	3
1231	9489	А1-300/475.2905006-21	Амортизатор УРАЛ,КРАЗ г.Барановичи перед. ушки 5460, пласт.кожух	4001.00	10	t	updated	3
1233	9491	42-3708600	Бендикс Волга, Газель, УАЗ, 402 дв. г.Борисов	775.00	10	t	updated	3
1234	9492	42-3708600-10	Бендикс Волга, Газель 406 дв. г. Борисов	672.00	10	t	updated	3
1235	9493	425-3708600	Бендикс ВАЗ-2101-07, 2121 г. Борисов	590.00	10	t	updated	3
1236	9494	7402.3708600	Бендикс г. Борисов	1060.00	10	t	updated	3
1237	9495	СТ230-3708600-01	Бендикс большой ГАЗ-53, ПАЗ, ГАЗ-66 г.Борисов	819.00	10	t	updated	3
1238	9496	СТ230К-3708600-01	Бендикс ЗИЛ , СТ230К4 г.Борисов	869.00	10	t	updated	3
1239	9497	3242-3771-10	Генератор 28В,110А ,10 руч.ш ев-3 г.Борисов	11466.00	10	t	updated	3
1240	9498	3232.3771000	Генератор 3232 Дв.ЯМЗ-236,-238, КАМАЗ-740 и их модиф.60А г.Борисов	6261.00	10	t	updated	3
1241	9499	3252.3771000	Генератор МАЗ ОАО БАТЭ 28В. 90А	8910.00	10	t	updated	3
1242	9500	3232.3771000-10	Генератор  МАЗ, МТЗ, ММЗ(ЕВРО-2) Д-245(Д-245.30Е-715,-716) 28В 60А г.Борисов	8271.00	10	t	updated	3
1243	9501	СТ 2А-3708150	Обмотка	1436.00	10	t	updated	3
1244	9502	7402-3708120	Обмотка стартера	1723.00	10	t	updated	3
1245	9503	СТ230-3708110	Обмотка стартера (большая)	1898.00	10	t	updated	3
1246	9504	422.3708 (42.3708-10)	Обмотка стартера 402 дв. г.Борисов г.Борисов	1247.00	10	t	updated	3
1247	9505	422.3708800	Реле втягивающее малое в коробке ГАЗ, УАЗ (402, 406 дв)г. Борисов	1543.00	10	t	updated	3
1248	9506	74.3708800 (12В)	Реле втягивающее г. Борисов	2408.00	10	t	updated	3
1249	9507	7402-3708800 (24В)	Реле втягивающее ММЗ Д-243,-245 г.Борисов	2408.00	10	t	updated	3
1250	9508	СТ142М-3708800	Реле втягивающее ММЗ Д-243,-245,-260 (12В) г. Борисов	3038.00	10	t	updated	3
1251	9509	СТ142Н-3708800	Реле втягивающее ММЗ Д245,-260 (24В) г.Борисов	3105.00	10	t	updated	3
1252	9510	СТ230А-3708800	Реле втягивающее ГАЗ-53 в сб.с крышкой г. Борисов	2057.00	10	t	updated	3
1253	9511	СТ230Б-3708800-10	Реле втягивающее большое в коробке  СТ230Б4, СТ230А1 г. Борисов	1965.00	10	t	updated	3
1254	9512	СТ230Б2-3708800-10	Реле втягивающее (СТ230К1, СТ230К4) г. Борисов	1707.00	10	t	updated	3
1255	9513	2107.370810-01	Стартер ВАЗ 2101-07 на магнитах г.Борисов	5385.00	10	t	updated	3
1256	9514	2109.3708010-01	Стартер ВАЗ 2108-09 на магнитах г.Борисов	5385.00	10	t	updated	3
1257	9515	3002.3708000	Стартер 3002.3708000 ГАЗ 3306-3309-66  24В 7,7КВ	21193.00	10	t	updated	3
1258	9516	426.3708000	Стартер 426 ВАЗ 2108-09 с обмоткой г.Борисов	6958.00	10	t	updated	3
1259	9517	5404-3708000 (24В 5,2кВт)	Стартер 5404 редукт. ММЗ-243,245(аналог 230Р0,7402,142Н) г.Борисов	14429.00	10	t	updated	3
1260	9518	5112-3708000 (12В 1,8кВт)	Стартер ГАЗ УАЗ с редуктором  г. Борисов	6983.00	10	t	updated	3
1261	9519	6502.3708000-01(12В1,8кВт	Стартер ГАЗ, УАЗ с редуктором	6403.00	10	t	updated	3
1262	9520	СТ230К4-3708000 (12В)	Стартер СТ230К4 ЗИЛ-130, ЛАЗ, ЛиАЗ г. Борисов	9597.00	10	t	updated	3
1263	9521	СТ230Р-3708200	Якорь стартера ММЗ-Д243,Д245 г.Борисов	3030.00	10	t	updated	3
1264	9522	RS.96640.02.02 L=418 mm	43114-2202011-01 Вал карданный TIRSAN	18248.00	10	t	updated	3
1265	9523	65101-2205010 L=1582	Вал карданный КРАЗ	12310.00	10	t	updated	3
1266	9524	501-2203010-07 L=1688+58	Вал карданный МАЗ	9634.00	10	t	updated	3
1267	9525	503-2201010-15 L=1126	Вал карданный МАЗ	9230.00	10	t	updated	3
1268	9526	4310-2202011-02	Вал карданный кв.фланец L=409mm	22143.00	10	t	updated	3
1269	9527	4310-2203011-01 Н/О	Вал карданный  кв.фл. L=1136mm	22640.00	10	t	updated	3
1270	9528	4310-2205011-04	Вал карданный круг.фланец L=727mm	31449.00	10	t	updated	3
1271	9529	43114-2202011-01	Вал карданный торц.шлицы L=418mm	42562.00	10	t	updated	3
1272	9530	43114-2203011	Вал карданный торц.шлицы L=1127mm	34128.00	10	t	updated	3
1273	9531	43114-2205011	Вал карданный торц.шлицы L=699mm	38691.00	10	t	updated	3
1274	9532	43118-2202011-31	Вал карданный торц.шлицы L=440+34mm	41769.00	10	t	updated	3
1275	9533	43118-2203011-30	Вал карданный торц.шлицы L=1305mm	39783.00	10	t	updated	3
1276	9534	43118-2203011-31	Вал карданный 43118-2203011-31 L=1285 mm	52220.00	10	t	updated	3
1277	9535	5320-2201011-03 М/О	Вал карданный кв.фланец L=724mm	20400.00	10	t	updated	3
1278	9536	5320-2205011-04	Вал карданный кв.фланец L=983mm	28500.00	10	t	updated	3
1279	9537	5320-2205011-33(34)	Вал карданный круг.фланец L=990mm	15000.00	10	t	updated	3
1280	9538	53205-2201011-10 М/О	Вал карданный торц.шлицы L=709mm	33370.00	10	t	updated	3
1281	9539	53205-2205011-10 ОСНОВНОЙ	Вал карданный торц.шлицы L=955mm	38301.00	10	t	updated	3
1282	9540	53212-2205011-03	Вал карданный кв.фланец L=1483mm	25200.00	10	t	updated	3
1283	9541	53212-2205011-95	Вал карданный круг.фланец L=1377mm	15000.00	10	t	updated	3
1284	9542	53213-2205011-02	Вал карданный круг.фланец L=1666mm	15692.00	10	t	updated	3
1285	9543	53215-2205011-10	Вал карданный торц.шлицы L=1450mm	35995.00	10	t	updated	3
1286	9544	53254-2201011-02	Вал карданный круг.фланец L=1057mm	14000.00	10	t	updated	3
1287	9545	5410-2205011-04	Вал карданный кв.фланец L=638mm	28400.00	10	t	updated	3
1288	9546	54105-2205011-10	Вал карданный торц.шлицы L=629mm	37180.00	10	t	updated	3
1289	9547	54112-2205011-02	Вал карданный круг.фланец L=646mm	31641.00	10	t	updated	3
1290	9548	5511-2205011-13	Вал карданный кв.фланец L=818mm	28600.00	10	t	updated	3
1291	9549	55111-2205011-11	Вал карданный круг.фланец L=821mm	21671.00	10	t	updated	3
1292	9550	6520Г-2201011-11	Вал карданный КАМАЗ межосевой БЕЛКАРД L=701mm	47599.00	10	t	updated	3
1293	9551	6520Г-2205011-10	Вал карданный КАМАЗ основной БЕЛКАРД L=1425mm	66000.00	10	t	updated	3
1294	9552	375-2201010-04 L=880+92	Вал карданный УРАЛ межосевой	12946.00	10	t	updated	3
1295	9553	375-2202010-03 L=436+29	Вал карданный УРАЛ основной	26209.00	10	t	updated	3
1296	9554	375-2203010-05 L=1167+90	Вал карданный УРАЛ перед.мост	19278.00	10	t	updated	3
1297	9555	375-2205010-04 L=1262+60	Вал карданный УРАЛ средний мост	21956.00	10	t	updated	3
1298	9556	4320-2201010-03 L=821+92	Вал карданный УРАЛ межосевой	17994.00	10	t	updated	3
1299	9557	4320-2205010-02 L=1192+60	Вал карданный УРАЛ средний мост	23044.00	10	t	updated	3
1300	9558	5320-2201023	Вилка фланец 5320-2201023 межосевая	3441.00	10	t	updated	3
1301	9559	6520-2201023	Вилка фланец 6520-2201023	10345.00	10	t	updated	3
1302	9560	5320-2205023-10 Н/О	Вилка фланец Н/О	4565.00	10	t	updated	3
1303	9561	У 4310-2203011-01	Вал карданный (1136 мм)	13992.00	10	t	updated	3
1304	9562	У 375-2203010-05	Вал карданный (1167 мм)	14027.00	10	t	updated	3
1305	9563	У 43118-2203011-31	Вал карданный (1285мм)	24318.00	10	t	updated	3
1306	9564	У 43118-2203011-30	Вал карданный (1305 мм)	22234.00	10	t	updated	3
1307	9565	У 43118-2205011	Вал карданный (1322мм)	27800.00	10	t	updated	3
1308	9566	У 6520-2205011-10	Вал карданный (1425 мм)	36975.00	10	t	updated	3
1309	9567	У 53215-2205011-10	Вал карданный (1454 мм)	32848.00	10	t	updated	3
1310	9568	У 53212-2205011-03	Вал карданный (1483 мм)	16055.00	10	t	updated	3
1311	9569	У 43118-2202011-10	Вал карданный (585 мм)	33465.00	10	t	updated	3
1312	9570	У 54105-2205011-10	Вал карданный (629 мм)	29842.00	10	t	updated	3
1313	9571	У 5410-2205011-04	Вал карданный (638 мм)	15333.00	10	t	updated	3
1314	9572	У 6520Г-2201011-11	Вал карданный (701 мм)	22999.00	10	t	updated	3
1315	9573	У 53205-2201011-10	Вал карданный (709 мм)	28088.00	10	t	updated	3
1316	9574	У 5511-2205011-13	Вал карданный (818 мм)	15133.00	10	t	updated	3
1317	9575	У 53205-2205011-10	Вал карданный (955 мм)	33580.00	10	t	updated	3
1318	9576	У 5320-2201011-01	Вал карданный межосевой  (724 мм)	12466.00	10	t	updated	3
1319	9577	У 43114-2203011	Вал карданный торц.шл. L=1127mm	27238.00	10	t	updated	3
1320	9578	У 43114-2202011-01	Вал карданный торц.шл. L=418mm	20175.00	10	t	updated	3
1321	9579	У 4320-2201010-03	Вал карданный УРАЛ м/о (821мм)	16704.00	10	t	updated	3
1322	9580	740-1006037	Втулка распредвала	163.00	10	t	updated	3
1323	9581	740-1006026-02 1 шт.	Втулка распредвала	121.00	10	t	updated	3
1324	9582	740.21-1006037	Втулка распредвала ЕВРО	171.00	10	t	updated	3
1325	9583	740-1004052	Втулка шатуна	159.00	10	t	updated	3
1326	9584	5320-6105020-10	Замок двери правый г.Димитровград	849.00	10	t	updated	3
1327	9585	5320-8406010	Замок панели в сборе г.Димитровград	173.00	10	t	updated	3
1328	9586	236-1000102-00	К--т вкладышей коренной Р0 МАЗ 236	2038.00	10	t	updated	3
1329	9587	236-1000102-01	К--т вкладышей коренной Р1 МАЗ 236	2021.00	10	t	updated	3
1330	9588	236-1000102-02	К--т вкладышей коренной Р2 МАЗ 236	2062.00	10	t	updated	3
1331	9589	236-1000102-06	К--т вкладышей коренной Р6 МАЗ 236	1876.00	10	t	updated	3
1332	9590	238-1000102-00 Б2	К--т вкладышей МАЗ 238 коренной Р0	2491.00	10	t	updated	3
1333	9591	238-1000102-01 Б2	К--т вкладышей МАЗ 238 коренной Р1	2599.00	10	t	updated	3
1334	9592	238-1000104-00	К--т вкладышей МАЗ 238 шатунный Р0	2810.00	10	t	updated	3
1335	9593	238-1000104-01	К--т вкладышей МАЗ 238 шатунный Р1	2760.00	10	t	updated	3
1336	9594	238-1000104-02	К--т вкладышей МАЗ 238 шатунный Р2	2879.00	10	t	updated	3
1337	9595	7405-1000102-00 10шт. уп.	К--т вкладышей Р0 коренной	2215.00	10	t	updated	3
1338	9596	7405-1000102-01	К--т вкладышей Р1 коренной	2087.00	10	t	updated	3
1339	9597	7405-1000102-02	К--т вкладышей Р2 коренной	2087.00	10	t	updated	3
1340	9598	7405-1000102-03	К--т вкладышей Р3 коренной	2006.00	10	t	updated	3
1341	9599	7405-1000102-04	К--т вкладышей Р4 коренной	2305.00	10	t	updated	3
1342	9600	7405-1000102-05	К--т вкладышей Р5 коренной	2087.00	10	t	updated	3
1343	9601	7405-1000102-06	К--т вкладышей Р6 коренной	2087.00	10	t	updated	3
1344	9602	7405-1000102-07	К--т вкладышей Р7 коренной	2006.00	10	t	updated	3
1345	9603	7405-1000104-00  9 шт.уп.	К-т вкладышей Р0  шатунный	2979.00	10	t	updated	3
1346	9604	7405-1000104-01	К-т вкладышей Р1  шатунный	2810.00	10	t	updated	3
1347	9605	7405-1000104-02	К-т вкладышей Р2  шатунный	2810.00	10	t	updated	3
1348	9606	7405-1000104-03	К-т вкладышей Р3  шатунный	1050.00	10	t	updated	3
1349	9607	7405-1000104-04	К-т вкладышей Р4  шатунный	970.00	10	t	updated	3
1350	9608	7405-1000104-05	К-т вкладышей Р5  шатунный	888.00	10	t	updated	3
1351	9609	7405-1000104-06	К-т вкладышей Р6  шатунный	3050.00	10	t	updated	3
1352	9610	7405-1000104-07	К-т вкладышей Р7  шатунный	786.00	10	t	updated	3
1353	9611	236-1000104-00 В2	К-т вкладышей шатунный Р0 МАЗ 236	2108.00	10	t	updated	3
1354	9612	236-1000104-01 В2	К-т вкладышей шатунный Р1 МАЗ 236	2097.00	10	t	updated	3
1355	9613	5320-6105081	Привод замка двери лев. г.Димитровград	97.00	10	t	updated	3
1356	9614	5320-6105080	Привод замка двери пр.г.Димитровград	97.00	10	t	updated	3
1357	9615	5320-6105180	Ручка двери внутренняя г.Димитровград	224.00	10	t	updated	3
1358	9616	5320-6105040	Ручка двери наружная к-т г.Димитровград	1122.00	10	t	updated	3
1359	9617	5320-6104060	Ручка стеклоподъемника  г.Димитровград	146.00	10	t	updated	3
1360	9618	53205-6104011-00	Стеклоподъемник двери  ЕВРО левый	1400.00	10	t	updated	3
1361	9619	53205-6104010-00	Стеклоподъемник двери ЕВРО правый	794.00	10	t	updated	3
1362	9620	5320-1108120-12	Тяга руч.управл.акселерат  (трос газа) г.Димитровград	214.00	10	t	updated	3
1363	9621	5320-1108130	Тяга ручной остановки двигателя длинн. г.Димитровград	103.00	10	t	updated	3
1364	9622	5320-6105035-10	Фиксатор замка левый г.Димитровград	351.00	10	t	updated	3
1365	9623	5320-6105034-10	Фиксатор замка правый г.Димитровград	329.00	10	t	updated	3
1366	9624	6562-3701000	Генератор 6562 КАМАЗ 4310 90А г.Самара	9910.00	10	t	updated	3
1367	9625	6582-3701000-02 М	Генератор 6582 КАМАЗ Евро 80А  2-х руч. г.Самара	10628.00	10	t	updated	3
1368	9626	6582-3701000-04 ГЧ	Генератор 6582 с широким шкивом ЕВРО г.Самара	9710.00	10	t	updated	3
1369	9627	6582-3701000-04 М	Генератор 6582 с широким шкивом ЕВРО г.Самара	10361.00	10	t	updated	3
1370	9628	AAN5182 Искра	Генератор Iskra ААN5182 24v80A Евро (аналог7762,4502,3782)	10200.00	10	t	updated	3
1371	9629	Г273В1 НОВЫЙ	Генератор Г 273В1-3701000-03 (28В 50А) г.Самара	6170.00	10	t	updated	3
1372	9630	Г273В1-03М 80А	Генератор Г273В1-03М КАМАЗ, МАЗ 80А г. Самара	6069.00	10	t	updated	3
1373	9631	Г288Е-3701000	Генератор Г288Е 28 В 47А  г.Самара	10960.00	10	t	updated	3
1374	9632	7762-3701-03  (76А)	Генератор МАЗ,Урал с дв. ЯМЗ Евро 2,3 г.Самара	5406.00	10	t	updated	3
1375	9633	БПВ46-65-02Б	Диодный мост Г273В1	408.00	10	t	updated	3
1376	9634	БПВ 7-100-02	Диодный мост генератора 288,6562	459.00	10	t	updated	3
1377	9635	БПВ 17-100-02	Диодный мост генератора 6582 ЕВРО	1155.00	10	t	updated	3
1378	9636	668.3701200-10	Ротор на Г 273В1-03  (50А)	2138.00	10	t	updated	3
1379	9637	Г-40.3771	Ротор ФЭГТ 2000.015	1224.00	10	t	updated	3
1380	9638	Г65.3701100	Статор генератора 6562 (90А), 6582 (80А)	2637.00	10	t	updated	3
1381	9639	Г273-3701100	Статор генератора Г273В1 коопер. Самара (45А)	1408.00	10	t	updated	3
1382	9640	Г288-3701100	Статор генератора Г288 (47А)	2301.00	10	t	updated	3
1383	9641	669.3701100-10	Статор на Г 273В1-03  (на 50А)	1347.00	10	t	updated	3
1384	9642	Г273-3701010 А ЗАВОД	Щеткодержатель генератора	509.00	10	t	updated	3
1385	9643	6582-3701010 ЗАВОД	Щеткодержатель ЕВРО	505.00	10	t	updated	3
1386	9644	4501.3771-53	Генератор ( аналог 4001-53) (АТЭ-1) 28В 80А	10702.00	10	t	updated	3
1387	9645	1312.3771 Т	Генератор 1312.3771 (аналог  Г273В1) 28В 60А КАМАЗ, МАЗ	5631.00	10	t	updated	3
1388	9646	1322.3771 Т	Генератор 1322.3771 (аналог Г273В2) 28В 50А МАЗ	5508.00	10	t	updated	3
1389	9647	1702.3771 Т	Генератор 1702.3771 (аналог Г288Е) 28В 50А КАМАЗ, МАЗ, КРАЗ	7733.00	10	t	updated	3
1390	9648	3112.3771	Генератор 3112.3771  28В 80А МАЗ (7511)  (2-х руч.)	6758.00	10	t	updated	3
1391	9649	3122.3771	Генератор 3122.3771 2-х руч. 28В 80А (аналог 6582-02) КАМАЗ	9180.00	10	t	updated	3
1392	9650	3142.3771	Генератор 3142.3771 (аналог Г4001-53) КАМАЗ Евро широкий шкив	10185.00	10	t	updated	3
1393	9651	4502.3771Т	Генератор 4502.3771 широкий рем. (аналог 7762) 28В 80А КАМАЗ ЕВРО-2,-3	7926.00	10	t	updated	3
1394	9652	4512.3771Т	Генератор 4512.3771 28В 90А МАЗ ЕВРО-3  широкий шкив	8638.00	10	t	updated	3
1395	9653	3142.3771-10	Генератор 740.30, 740.31, креп.10мм.6 руч, 28В 90А	9244.00	10	t	updated	3
1396	9654	3142.3771-20	Генератор 740.30, 740.31, креп.10мм.8 руч, 28В 90А	9007.00	10	t	updated	3
1397	9655	4542.3771-20 28В 120А	Генератор КАМАЗ  Евро-4,5  8 руч ПРАМО	10782.00	10	t	updated	3
1398	9656	4542.3771	Генератор КАМАЗ ЕВРО-3  28В 90А широкий шкив, пятипиновый разъем	9015.00	10	t	updated	3
1399	9657	4522.3771-10 28В 80А	Генератор КАМАЗ ЕВРО-3,4 10-ти ручейковый	8548.00	10	t	updated	3
1400	9658	3112.3771-01 Т 80А	Генератор средний	8303.00	10	t	updated	3
1401	9659	ПРАМО 16 тонн	Домкрат гидр.бут. 16т, 230-465 мм	1505.00	10	t	updated	3
1402	9660	ПРАМО 30 тонн	Домкрат гидр.бут. 30т, 240-370 мм	3887.00	10	t	updated	3
1403	9661	4502.3771.100-01	Статор на 4502,4212(10),4522(10),4532(10),4542	2981.00	10	t	updated	3
1404	9662	4502.3771.060	Щеткодержатель с регулятором	271.00	10	t	updated	3
1405	9663	503-3405010-10	Гидроусилитель МАЗ	52514.00	10	t	updated	3
1406	9664	453198.237 ШНКФ	Гидроцилиндр подъема запасного колеса КАМАЗ г.Борисов	15110.00	10	t	updated	3
1407	9665	4310-3400020-03	ГУР  КАМАЗ г.Борисов	110160.00	10	t	updated	3
1408	9666	4310-3400020-01	ГУР  КАМАЗ г.Борисов	107100.00	10	t	updated	3
1409	9667	453461.425-01 ШНКФ	ГУР КамАЗ 4308, 4326, 6520 (двухосн., трехосные)	120502.00	10	t	updated	3
1410	9668	4310-3407200-21	Насос ГУРа  КАМАЗ (усил.)18*1,5 внутр г.Борисов	18092.00	10	t	updated	3
1411	9669	4310-3407200-01	Насос ГУРа  КАМАЗ г.Борисов	17769.00	10	t	updated	3
1412	9670	130-3407199	Насос ГУРа (без бачка и шкива) г.Борисов	13249.00	10	t	updated	3
1413	9671	130-3407200-а	Насос ГУРа 130-3407200-а ЗИЛ г.Борисов	17004.00	10	t	updated	3
1414	9672	6520-3407200 г.Елец	Насос ГУРа 6520 г.Елец	21719.00	10	t	updated	3
1415	9673	4310-3407200-02 г. Елец	Насос ГУРа КАМАЗ (наружн.резьба)	17850.00	10	t	updated	3
1416	9674	4310-3407200-11	Насос Гура Камаз левого вращения г.Борисов	18576.00	10	t	updated	3
1417	9675	256б-3407199-01	Насос ГУРа КРАЗ, Урал, МАЗ  г.Борисов	15226.00	10	t	updated	3
1418	9676	458662.250 ШНКФ	Насос МОК  в упаковке г.Борисов КАМАЗ, МАЗ (182.5004010-11)	21284.00	10	t	updated	3
1419	9677	5320-3407244	Р/К Насос ГУРа г.Борисов	3570.00	10	t	updated	3
1420	9678	453479.011 ШНКФ	Р/К Насос Гура 453471.021 ШНКФ	2236.00	10	t	updated	3
1421	9679	453198.214 ШНКФ	Цилиндр МОК (с трубкой) 43114-5003014 КАМАЗ г.Борисов	20225.00	10	t	updated	3
1422	9680	453198.210 ШНКФ	Цилиндр МОК КАМАЗ г.Борисов	18527.00	10	t	updated	3
1423	9681	110б-3811010(30А)	Амперметр (30А)	815.00	10	t	updated	3
1424	9682	111б-3811010(50А)	Амперметр (50А) Владимр	535.00	10	t	updated	3
1425	9683	ВК318Б	Выключатель ВК318Б механч. Старый Оскол	281.00	10	t	updated	3
1426	9684	1410.3737 4 шт.	Выключатель массы электр.	2125.00	10	t	updated	3
1427	9685	1400.3737 24В 50А	Выключатель массы КамАз-6520(крышка текстолит)	1759.00	10	t	updated	3
1428	9686	5212.3827	Датчик  бензобака 500л. г.Владимир	740.00	10	t	updated	3
1429	9687	ММ 125Д	Датчик  выкл.пневмат.сигнала торможения г.Пенза	43.00	10	t	updated	3
1430	9688	5320-3829030 ММ 111(2602)	Датчик аварийного давления масла г.Владимир	82.00	10	t	updated	3
1431	9689	5320-3708500-00	Замок зажигания ВК-353 г.Санкт-Петербург	899.00	10	t	updated	3
1432	9690	1902.3704	Замок зажигания ЕВРО (камаз)	497.00	10	t	updated	3
1433	9691	МЭ 307	Привод спидометра г.Самара	1302.00	10	t	updated	3
1434	9692	8602.3777	Реле блокировки стартера РБС г.Пенза	74.00	10	t	updated	3
1435	9693	РС 951А.372610 (37 уп)	Реле поворота  г.Владимир	1216.00	10	t	updated	3
1436	9694	27.5205700-02	Рычаг стеклоочистителя шт	130.00	10	t	updated	3
1437	9695	80С	Термостат ТС 108.1306100-01М ГАЗ 53, ПАЗ	180.00	10	t	updated	3
1438	9696	(30 уп)80С	Термостат ТС 107.1306100-01М набор 2+1 КАМАЗ	578.00	10	t	updated	3
1439	9695	80С	Термостат ТС 108.1306100-01М ГАЗ 53, ПАЗ	210.00	22	t	updated	3
1440	9697	272.5205500	Тяга	392.00	10	t	updated	3
1441	9698	УБ 170	Указатель уровня топлива г. Октябрьский	210.00	10	t	updated	3
1442	9699	27.5205800-02 М	Щетка  г.Ставрово к-т	155.00	10	t	updated	3
1443	9700	740-1029154	Вал ведомой шестерни	760.00	10	t	updated	3
1444	9701	5320-2502201 г.Курган	Вал промежуточный среднего моста	1100.00	10	t	updated	3
1445	9702	14-1702027	Вилка перекл. 2-3 пер.КПП ОАО КАМАЗ	920.00	10	t	updated	3
1446	9703	15-1771094	Вилка перекл.делителя КПП ОАО КАМАЗ	1640.00	10	t	updated	3
1447	9704	5320-2919040	Вкладыш реактивной штанги	34.00	10	t	updated	3
1448	9705	5297-3414066	Вкладыш наконечника верхний	847.00	10	t	updated	3
1449	9706	5320-3414067	Вкладыш наконечника нижний ОАО КАМАЗ	305.00	10	t	updated	3
1450	9707	5511-2919034	Вкладыш реактивного пальца (толстый) ОАО КАМАЗ	499.00	10	t	updated	3
1451	9708	15-1772010	Воздухораспределитель делителя КПП	246.75	10	t	updated	3
1452	9709	740-1005133	Втулка маховика	180.00	10	t	updated	3
1453	9710	5320-2502029	Втулка распорная	463.00	10	t	updated	3
1454	9711	154-1701282	Втулка шестерни 1-ой передачи	1650.00	10	t	updated	3
1455	9712	853550	Гайка конич.шестерни среднего моста	345.00	10	t	updated	3
1456	9713	5425-3101040	Гайка пер. колеса ЕВРО ОАО КАМАЗ	48.00	10	t	updated	3
1457	9714	5320-2502063	Гайка подшипника в сборе ОАО КАМАЗ	330.00	10	t	updated	3
1458	9715	53205-2403040	Гайка подшипника дифер.бугельная ОАО КАМАЗ	630.00	10	t	updated	3
1459	9716	4310-3103076	Гайка подшипника ступицы 4310 ОАО КАМАЗ	320.00	10	t	updated	3
1460	9717	853567	Гайка сошки Гура	215.00	10	t	updated	3
1461	9718	5320-3703058	Гнездо АКБ ОАО КАМАЗ ( без крышки)	3500.00	10	t	updated	3
1462	9719	6520-3501090	Колодка тормозная в сб.ОАО КАМАЗ	3952.00	10	t	updated	3
1463	9720	5320-1109384	Колпак воздухозаборника ОАО КАМАЗ	830.00	10	t	updated	3
1464	9721	55118-1109384	Колпак воздухозаборника в сборе	815.00	10	t	updated	3
1465	9722	14-1701096	Кольцо маслонагнетательное ОАО КАМАЗ	415.00	10	t	updated	3
1466	9723	15-1772132-10	Кран управления делителем(нов.обр.) ОАО КАМАЗ	2040.00	10	t	updated	3
1467	9724	5320-2905535	Кронштейн амортизатора левый	680.00	10	t	updated	3
1468	9725	5320-2905534	Кронштейн амортизатора правый	680.00	10	t	updated	3
1469	9726	5320-2509053	Муфта блокировки МОД ОАО КАМАЗ	810.00	10	t	updated	3
1470	9727	14-1701580	Муфта с втулкой (к-т)	2000.00	10	t	updated	3
1471	9728	5320-3501133	Накладка оси тормозных колодок ОАО КАМАЗ	86.00	10	t	updated	3
1472	9729	740.11-1011014	Насос масляный без шестерни ЕВРО	7365.00	10	t	updated	3
1473	9730	740-1308110	Натяжитель ремня	2355.00	10	t	updated	3
1474	9731	53205-2806117	Палец буксирной вилки ОАО КАМАЗ	705.00	10	t	updated	3
1475	9732	5320-8401012-00	Панель облицовочная верхняя ОАО КАМАЗ	2943.00	10	t	updated	3
1476	9733	5320-8401120	Панель облицовочная нижняя ОАО КАМАЗ	7500.00	10	t	updated	3
1477	9734	53205-8401120-00	Панель облицовочная нижняя ЕВРО ОАО КАМАЗ	6200.00	10	t	updated	3
1478	9735	5320-5301046	Панель передка боковая съемная ОАО КАМАЗ	1620.00	10	t	updated	3
1479	9736	5320-5301047	Панель передка боковая съемная ОАО КАМАЗ	880.00	10	t	updated	3
1480	9737	5320-5399005-00	Панель с обтекателем левая в сборе ОАО КАМАЗ	1570.00	10	t	updated	3
1481	9738	5320-5399004-00	Панель с обтекателем правая в сборе ОАО КАМАЗ	1570.00	10	t	updated	3
1482	9739	740-1000128-1839	Поршневая ч/б с пальцем ОАО КАМАЗ (поршнекомплект)	8000.00	10	t	updated	3
1483	9740	ЕВРО- 3	Р/К водяного насоса в сборе ЕВРО-3 НАШ	1320.00	10	t	updated	3
1484	9741	740-1011014-30	Р/К масляного насоса полный	825.00	10	t	updated	3
1485	9742	5320-3501109	Ролик (тормозмой колодки) ОАО КАМАЗ	105.00	10	t	updated	3
1486	9743	5320-2402046	Стакан подшипников ОАО КАМАЗ	3200.00	10	t	updated	3
1487	9744	14-1601142	Ступица ведомого диска ОАО КАМАЗ	450.00	10	t	updated	3
1488	9745	5320-2918189	Стяжка кронштейнов оси (балансира) ОАО КАМАЗ	4440.00	10	t	updated	3
1489	9746	5320-3414009-00	Тяга продольная рулевая в сборе ОАО КАМАЗ	12000.00	10	t	updated	3
1490	9747	5297-3414009-00	Тяга продольная рулевая в сборе ОАО КАМАЗ	12000.00	10	t	updated	3
1491	9748	152-1701240	Фланец КПП круг. ОАО КАМАЗ	2100.00	10	t	updated	3
1492	9749	53205-2506016	Чашки МОД (к-т) ОАО КАМАЗ	25000.00	10	t	updated	3
1493	9750	5320-3501134	Чека ОАО КАМАЗ	17.00	10	t	updated	3
1494	9751	740-1003216	Экран	24.00	10	t	updated	3
1495	9752	6661.3701	Генератор 6661 М-2141 дв. 412 Уфа ОАО ЗИТ	2590.47	10	t	updated	3
1496	9753	носик	Крышка СТ222-3708400	500.00	10	t	updated	3
1497	9753	носик	Крышка СТ222-3708400	560.00	11	t	updated	3
1498	9754	20.3708600-01	Привод в сборе н/о (на редукт. 20,24 серию)	465.00	10	t	updated	3
1499	9755	24.3708600-01	Привод  МТЗ-80 в сборе	405.00	10	t	updated	3
1500	9756	40000012	Редуктор с валом на стартер 9112	1870.00	10	t	updated	3
1501	9757	60.3708800	Реле втягивающее	700.00	10	t	updated	3
1502	9758	20.3708800 стар.обр.	Реле стартера в сборе МТЗ-80 24В ОАО ЗИТ	1310.00	10	t	updated	3
1503	9759	2002.3708000-01 24В	Стартер взамен 20 Бычок, МТЗ редуктор. (5,9 кВт) ОАО ЗИТ	6100.00	10	t	updated	3
1504	9760	2412.3708000-01 12В 4кВт	Стартер Д-144,Т-40,Т25А2 редукт. (взамен 241 и 222А)  ОАО ЗИТ	6100.00	10	t	updated	3
1505	9761	2402.3708000-01 12В	Стартер МТЗ-50,80,100 редукт. 4 кВт (взамен 24)  ОАО ЗИТ	6100.00	10	t	updated	3
1506	9762	2012.37008000-01 24В	Стартер Т-40М  5,9  кВт (взамен 201)  ОАО ЗИТ	6100.00	10	t	updated	3
1507	9763	20-3708200-02 нов.обр.	Якорь стартера	1695.00	10	t	updated	3
1508	9764	53205-3509015-20 (21)	Компрессор 1-ц. г.Ижевск 16 мм.	12230.00	10	t	updated	3
1509	9765	53205-3509015-02 АЙК	Компрессор 1-ц.( Айк-Мото) г.Ижевск 22 мм. выход сверху	12818.00	10	t	updated	3
1510	9766	ПК 306-01	Компрессор 1-цил. КАМАЗ г.Борисов	28539.00	10	t	updated	3
1511	9767	ПК 214-30	Компрессор  2-х цил. КАМАЗ 201 л/мин г.Борисов	28705.00	10	t	updated	3
1512	9768	5336-3509012  210л/м	Компрессор 5336-3509012 МАЗ, Урал со шкивом 210 л/мин г.Борисов	23460.00	10	t	updated	3
1513	9769	5336-3509012-01 201 л/мин	Компрессор 5336-3509012-01 без шкива ЗИЛ, МАЗ,КРАЗ,Урал, БЕЛАЗ г.Борисов	21805.00	10	t	updated	3
1514	9770	5336-3509012-10	Компрессор 5336-3509012-10 усилин. 270 л/мин г.Борисов	19890.00	10	t	updated	3
1515	9771	ПК 310	Компрессор МАЗ,Лиаз,Урал 320л/мин  г.Борисов	26000.00	10	t	updated	3
1516	9772	18-3509015-20 ( 373л.)	Компрессор 1 цил. Литва выход сверху	18100.00	10	t	updated	3
1517	9773	161-3509012-20	Компрессор 2-х 275 л/м (дв.ЯМЗ) Литва	23460.00	10	t	updated	3
1518	9774	5320-3509015	Р/К компрессора	495.00	10	t	updated	3
1519	9775	5320-3509015-10	Компрессор 2-х цил. Литва Н/О  275 л/мин	24072.00	10	t	updated	3
1520	9776	161-3509012	Компрессор 2-х цил. (дв.ЯМЗ)  201л/мин Литва	23606.00	10	t	updated	3
1521	9777	Р0 1-но цил.	Р/К  1-но цил. компрессора Р0 в сборе НАШ	618.00	10	t	updated	3
1522	9778	без шатуна Р 1	Р/К  2-х цил. компрессора Р1 из 5-ти наим.	371.00	10	t	updated	3
1523	9779	5320-2201025-02 меж.20шт	Крестовина 5320-2201025 межосевая г.Гродно	3104.00	10	t	updated	3
1524	9780	53205-2201025-10 меж.10шт	Крестовина  53205-2201025 м/о г.Гродно	4188.00	10	t	updated	3
1525	9781	4310-2205025 осн.10шт	Крестовина 4310-2205025 основная г.Гродно	4999.00	10	t	updated	3
1526	9782	53205-2205025-12 осн.10шт	Крестовина  53205-2205025 основная г.Гродно	4579.00	10	t	updated	3
1527	9783	130-2201025	Крестовина ЗИЛ 130-2201025 межосевая г.Гродно	459.00	10	t	updated	3
1528	9784	131-2205025	Крестовина ЗИЛ 131-2205025 основная г.Гродно	765.00	10	t	updated	3
1529	9785	голая	Крестовина осн. 53205-2205026-10 голая	1379.00	10	t	updated	3
1530	9786	853858	Тавотница 90	4.00	10	t	updated	3
1531	9787	ПРАМО (118*39 мм)	Крестовина 5320-2201026	567.00	10	t	updated	3
1532	9788	ПРАМО (135*50 мм)	Крестовина 5320-2205025-01	1022.00	10	t	updated	3
1533	9789	ПРАМО (50*135мм) М/О	Крестовина 53205-2201025	1525.00	10	t	updated	3
1534	9790	ПРАМО (155*50 мм) ОСН.	Крестовина 53205-2205025	1093.00	10	t	updated	3
1535	9791	5320-3422039 АЕ	Крестовина в сборе (28*68) рулевого вала КАМАЗ, Агротэк	255.00	10	t	updated	3
1536	9792	5320-2201025 Агротэк	Крестовина в сборе (39*118) м/о Агротэк	688.00	10	t	updated	3
1537	9793	6520-2201025 АЕ	Крестовина в сборе (50*135) евро-2 м/о,Агротэк	1270.00	10	t	updated	3
1538	9794	5320-2205025 АЕ	Крестовина в сборе (50*135) Агротэк	1202.00	10	t	updated	3
1539	9795	53205-2205025 АЕ	Крестовина в сборе (50*155) евро осн, Агротэк	1314.00	10	t	updated	3
1540	9796	4310-2205025 АЕ	Крестовина в сборе (50*155) КАМАЗ,КРАЗ,МАЗ(Агротэк)	1348.00	10	t	updated	3
1541	9797	53205S-2201025 (уп 6)	Крестовина ВЕБЕР (малая) ЕВРО	592.00	10	t	updated	3
1542	9798	УниверсалКарданДеталь	Крестовина У.6520-2201025 межосевая	1751.00	10	t	updated	3
1543	9798	УниверсалКарданДеталь	Крестовина У.6520-2201025 межосевая	1757.00	15	t	updated	3
1544	9799	У 5320-2205025-10	Крестовина У.5320-2205025-10 основная со стопорными кольцами	1551.00	10	t	updated	3
1545	9798	УниверсалКарданДеталь	Крестовина У.6520-2201025 межосевая	845.00	16	t	updated	3
1546	9798	УниверсалКарданДеталь	Крестовина У.6520-2201025 межосевая	1744.00	18	t	updated	3
1547	9798	УниверсалКарданДеталь	Крестовина У.6520-2201025 межосевая	1921.00	17	t	updated	3
1548	9800	УКД ЕВРО-2	Крестовина У.6520-2201025-10  мал. в сб.	1836.00	10	t	updated	3
1549	9801	5511-3502237 ПРАМО	Рычаг регулировочный левый 10 т. трещётка зад.	842.00	10	t	updated	3
1550	9802	5320-3502236 ПРАМО	Рычаг регулировочный правый 8 т. трещётка зад.	725.00	10	t	updated	3
1551	9803	НШ-10	НШ-10 ПРАВЫЙ г.Ставрополь	700.00	10	t	updated	3
1552	9804	НШ-10 У3	Насос НШ-10 У3 (4-х шл.) правый	2700.00	10	t	updated	3
1553	9805	НШ-50А3 правый	Насос НШ-50 А3 правый круглый	12000.00	10	t	updated	3
1554	9806	А 24-21+5	Лампа А 24-21+5 г.Брест 2-х конт.	5.00	10	t	updated	3
1555	9807	УП118-3726010-П	Передний указатель поворота правый г.Киржач	245.00	10	t	updated	3
1556	9808	62 3711201-01	Стекло фары (галоген) ВАЗ-2101,ГАЗ-2410	11.87	10	t	updated	3
1557	9809	ФГ140 3711201	Стекло фары ВАЗ-2101,ГАЗ-2410	10.82	10	t	updated	3
1558	9810	4502.3712	Фонарь УП-1 (4502.3712) ОСВАР	275.00	10	t	updated	3
1559	9811	5320-2902624	Буфер передней рессоры ОАО БРТ	493.00	10	t	updated	3
1560	9812	5320-5130027	Вставка уплотнителя рычага КПП ОАО БРТ	519.00	10	t	updated	3
1561	9813	5320-5002025	Втулка торсиона ОАО БРТ	90.00	10	t	updated	3
1562	9814	5320-1609569	Гофра ПГУ ОАО БРТ	10.00	10	t	updated	3
1563	9815	5320-2509017	Диафрагма механизма блокировки МОД ОАО БРТ	27.00	10	t	updated	3
1564	9816	106005-23	К-т пр-ок блока двигателя КАМАЗ (темпсил) ПРОФИ 7 наименований	48.00	10	t	updated	3
1565	9817	106004-23	К-т пр-ок водяной коробки двигателя КАМАЗ (темпсил) ПРОФИ 4 наименования	10.00	10	t	updated	3
1566	9818	106006-23	К-т пр-ок гидромуфты двигателя КАМАЗ (темпсил) ПРОФИ 6 наименований	22.00	10	t	updated	3
1567	9819	106001-23	К-т пр-ок двигателя КАМАЗ (темпсил) ПРОФИ 24 наименования	95.00	10	t	updated	3
1568	9820	106002-23	К-т пр-ок картера маховика КАМАЗ (темпсил) ПРОФИ 7 наименований	48.00	10	t	updated	3
1569	9821	33.1111069	Кольцо ТНВД ОАО БРТ	5.00	10	t	updated	3
1570	9822	33.1111083	Кольцо ТНВД ОАО БРТ	5.00	10	t	updated	3
1571	9823	740-1105075	Кольцо уплотнительное (ФГОТ, ФЦОМ) ОАО БРТ	10.00	10	t	updated	3
1572	9824	740-1109553	Кольцо уплотн. воздушного фильтра ОАО БРТ	279.00	10	t	updated	3
1573	9825	864117(115х145)	Манжета балансира ОАО БРТ	171.00	10	t	updated	3
1574	9826	740-1318166 (100х125х12)	Манжета гидромуфты ЗАО ВРТ	401.00	10	t	updated	3
1575	9827	740-1318186 (34х50х10)	Манжета гидромуфты ЗАО ВРТ	116.00	10	t	updated	3
1576	9828	864141	Манжета ГУР на сошку (42*58*10)	40.80	10	t	updated	3
1577	9829	864113  (22х34,5х6)	Манжета ГУР на угловой редуктор	29.00	10	t	updated	3
1578	9830	5320-1602517 (29х26х5)	Манжета ГЦС ОАО БРТ	26.00	10	t	updated	3
1579	9831	7405-1005160 (105х130)	Манжета коленвала ЕВРО Резерв	295.00	10	t	updated	3
1580	9832	14-1701230-01	Манжета КПП (45х64) ЗАО ВРТ	165.00	10	t	updated	3
1581	9833	6520-2502280	Манжета с пружиной в сборе	690.00	10	t	updated	3
1582	9834	6520-2402176	Манжета с пружиной в сборе 80*105 наружн.	732.00	10	t	updated	3
1583	9835	6520-2502180	Манжета с пружиной в сборе 80*105 сред. мост	784.00	10	t	updated	3
1584	9836	864129-01(142х168х16)	Манжета ступицы задней  ОАО БРТ	153.00	10	t	updated	3
1585	9837	864135-01	Манжета ступицы передней ОАО БРТ с пружиной	198.00	10	t	updated	3
1586	9838	864195 (70*92*10)	Манжета хвостовика Евро	325.00	10	t	updated	3
1587	9839	864180 (70х92х12х16)	Манжета хвостовика ЗАО ВРТ	296.00	10	t	updated	3
1588	9840	864176 (70х92х12х16)	Манжета хвостовика ЗАО ВРТ	298.00	10	t	updated	3
1589	9841	100-3519250Р	Мембрана тип 24 ОАО БРТ	218.00	10	t	updated	3
1590	9842	100-3519350	Мембрана тип 30 ОАО БРТ	218.00	10	t	updated	3
1591	9843	6520-1303026	Патрубок радиатора 6520 нижний ОАО БРТ	950.00	10	t	updated	3
1592	9844	5320-1303027	Патрубок радиатора Шланг Ф68х120 ОАО БРТ	139.00	10	t	updated	3
1593	9845	5320-1303026	Патрубок радиатора ШЛАНГ Ф68х200 ОАО БРТ	214.00	10	t	updated	3
1594	9846	5320-1311049	Патрубок расширительного бачка ШЛАНГ Ф30Р ОАО БРТ	110.00	10	t	updated	3
1595	9847	740-1014138	Патрубок сапуна переходной ОАО БРТ	87.00	10	t	updated	3
1596	9848	5320-5001021	Подушка переднего крепления кабины нижняя ОАО БРТ	870.00	10	t	updated	3
1597	9849	5320-3513092-01Р	Прокладка баллона (рессивера) ОАО БРТ	51.00	10	t	updated	3
1598	9850	740-1115026-01	Прокладка впускного коллектора (домик)	13.00	10	t	updated	3
1599	9851	7403-1008050 армир.	Прокладка выпускного коллектора	35.00	10	t	updated	3
1600	9852	740-1003213-20	Прокладка ГБЦ ОАО БРТ	108.00	10	t	updated	3
1601	9853	740-1003270-11	Прокладка клапанной крышки ОАО БРТ	73.00	10	t	updated	3
1602	9854	740-1009040	Прокладка поддона ОАО БРТ	261.00	10	t	updated	3
1603	9855	5320-2201043	Пыльник крестовины м/о ОАО БРТ	25.00	10	t	updated	3
1604	9856	5320-2205042	Пыльник крестовины осн. ОАО БРТ	30.00	10	t	updated	3
1605	9857	5320-3509015-10 н/о	Р/К компрессора	1040.00	10	t	updated	3
1606	9774	5320-3509015	Р/К компрессора	20257.00	14	t	updated	3
1607	9858	2-х цил.	Р/К компрессора (6 наименований) паронит	34.00	10	t	updated	3
1608	9859	18-3509015	Р/К компрессора 1-ц	597.00	10	t	updated	3
1609	9860	740-1308020-10	Ремень 1250 зубчатый ОАО БРТ	375.00	10	t	updated	3
1610	9861	740-1307170Р	Ремень 1320 ОАО БРТ	253.00	10	t	updated	3
1611	9862	864158-10Р (864159)	Сальник п/оси КамАЗ-4310	216.00	10	t	updated	3
1612	9863	5320-5130029-01Р	Уплотнитель педали тормоза ОАО БРТ	86.00	10	t	updated	3
1613	9864	5320-6107805	Уплотнитель проема двери УП 805 ОАО БРТ	347.00	10	t	updated	3
1614	9865	5320-5130016-01	Уплотнитель рычага КПП ОАО БРТ	706.00	10	t	updated	3
1615	9866	5320-6103123	Уплотнитель форточки двери лев.	414.00	10	t	updated	3
1616	9867	5320-6103122	Уплотнитель форточки двери ОАО БРТ	431.00	10	t	updated	3
1617	9868	100-3519180Р	Уплотнитель энергоаккумулятора ОАО БРТ	121.00	10	t	updated	3
1618	9869	СТР	Р/К топливного фильтра	198.00	10	t	updated	3
1619	9870	7406-1003270-01 СТР	Прокладка клапанной крышки Евро	220.00	10	t	updated	3
1620	9869	СТР	Р/К топливного фильтра	280.00	13	t	updated	3
1621	9869	СТР	Р/К топливного фильтра	110.00	4	t	updated	3
1622	9871	5402-3708600-01	Бендикс КАМАЗ Евро	1720.00	10	t	updated	3
1623	9872	5432-3708600-01	Бендикс г. Борисов	2254.00	10	t	updated	3
1624	9873	СТ142Б-3708600	Бендикс  г.Борисов 10 зуб.	1834.00	10	t	updated	3
1625	9874	142Т-3708000	Крепление стартера МАЗ	335.00	10	t	updated	3
1626	9875	142-3708830	Крышка втягивающего реле в сборе с болтами	556.00	10	t	updated	3
1627	9876	5432.3708110-01	Обмотка стартера  5402-01,5432-10-20	3143.00	10	t	updated	3
1628	9877	СТ142-3708110	Обмотка стартера СТ142-3708110 г.Борисов	4630.00	10	t	updated	3
1629	9878	СТ142Б2-3708800	Реле втягивающее г.Борисов	3844.00	10	t	updated	3
1630	9879	5402-3708800	Реле втягивающее	3208.00	10	t	updated	3
1631	9880	5432-3708800-10	Реле втягивающее (стартер 5432-10, 5402-01) г.Борисов	2893.00	10	t	updated	3
1632	9881	РС-24Д	Реле стартера дополнит. г.Борисов	1316.00	10	t	updated	3
1633	9882	5402.3708-01	Стартер 5402 КАМАЗ Евро 2, 3 , Урал (редукторный с доп. реле)	17417.00	10	t	updated	3
1634	9883	5402-3708	Стартер 5402 ЕВРО редукт (аналог AZF 4554) 24В, 5,4 кВт,10 зуб.  г.Борисов	16218.00	10	t	updated	3
1635	9884	5422.3708 24В 10кВ б/н	Стартер Евро-2 (Аналог БОШ взамен 0001261006) г.Борисов	19052.00	10	t	updated	3
1636	9885	СТ142Б-3708-10	Стартер КАМАЗ ЕВРО-2,3 г.Борисов  (8,2 кВт 24В 10 зуб)	25924.00	10	t	updated	3
1637	9886	СТ142Б2-3708	Стартер КАМАЗ г.Борисов (24В 8,2кВт)	26622.00	10	t	updated	3
1638	9887	5432-3708-10 с доп.реле	Стартер КАМАЗ,Зил-133ГЯ,Урал,ЛиАЗ, редукт.24В 5,5кВт (ан. 3367) г.Борисов	19870.00	10	t	updated	3
1639	9888	5432-3708000 МАЗ	Стартер МАЗ 10 зуб. 24В 9кв.(ан. 4581) г.Борисов	16397.00	10	t	updated	3
1640	9889	5432-3708-01	Стартер МАЗ 10 зуб. 24В 9кв.(ан.4581) с доп. реле	17466.00	10	t	updated	3
1641	9890	СТ142Т-3708	Стартер МАЗ 11зуб. г.Борисов	25959.00	10	t	updated	3
1642	9891	СТ142Т-3708-10	Стартер МАЗ евро 10зуб.г.Борисов	25062.00	10	t	updated	3
1643	9892	СТ142-3708330	Траверза СТ 142Б1	1383.00	10	t	updated	3
1644	9893	СТ142-3708060-10	Щетки стартера СТ 142Б1	62.00	10	t	updated	3
1645	9894	СТ 142-3708200	Якорь стартера г.Борисов	8503.00	10	t	updated	3
1646	9895	СТ 142-3708200-10	Якорь стартера ЕВРО г.Борисов	8503.00	10	t	updated	3
1647	9896	2502.3708.600-10 г.Ржев	Бендикс ( для ст.25.3708 КАМАЗ)	2632.00	10	t	updated	3
1648	9897	2502.3708.600	Бендикс 11 зуб МАЗ (подходит на стартер 142Т) г.Ржев	1224.00	10	t	updated	3
1649	9898	2501.3708.150-10	Катушка (обмотка) КАМАЗ	1184.00	10	t	updated	3
1650	9899	2501.3708.150-01	Катушка (обмотка)  МАЗ г.Ржев	4017.00	10	t	updated	3
1651	9900	42.3708.600 ХН-006	Привод стартера (АТЭ-1)	204.00	10	t	updated	3
1652	9901	42.3708.600-10 ХН-949	Привод стартера (АТЭ-1)	204.00	10	t	updated	3
1653	9902	42.3708.800-01 ХН-3-017	Реле втягивающее (АТЭ-1)	551.00	10	t	updated	3
1654	9903	42.3708.800-11 ХН-3-082	Реле втягивающее (АТЭ-1)	551.00	10	t	updated	3
1655	9904	42-3708-11 Р	Стартер (АТЭ-1) ГАЗ, УАЗ с двиг. ЗМЗ - 406.10, 4061.10, 4062.10	3754.00	10	t	updated	3
1656	9905	42-3708 Р	Стартер (АТЭ-1) ГАЗ, УАЗ с двиг. УМЗ 3151-01, 3303-01, 3741-01	3754.00	10	t	updated	3
1657	9906	422-370800	Стартер (АТЭ-1) ГАЗ с дв.ЗМЗ 402.10,4021.10,4025.10	3754.00	10	t	updated	3
1658	9907	9112 М9Т четыре болта	Стартер КАМАЗ (АТЭ-1) 24В 8,5 кВт редукторный	8364.00	10	t	updated	3
1659	9908	2501.3708-21 МАЗ	Стартер МАЗ 10 зуб. ЕВРО нов/обр. г.Ржев	28553.00	10	t	updated	3
1660	9909	2501.3708-40 МАЗ	Стартер МАЗ 11 зуб. г.Ржев	28451.00	10	t	updated	3
1661	9910	25.3708.320	Траверза высокая г.Ржев	719.00	10	t	updated	3
1662	9911	2502.3708.320-11	Траверза низкая г.Ржев	704.00	10	t	updated	3
1663	9912	2501.3708.200-03	Якорь стартера МАЗ ( для стар. 2501-40) г.Ржев	12795.00	10	t	updated	3
1664	9913	16.904.237	Бендикс на ст. 3367,3436 (Искра) г.Самара	1576.00	10	t	updated	3
1665	9914	16911674  АТЭ	Бендикс на ст.4554 АТЭ	829.00	10	t	updated	3
1666	9915	16904832	Редуктор стартера AZF 4554,4581	2193.00	10	t	updated	3
1667	9916	16.670.421	Реле втягивающее AZJ 3367 г.Самара	1831.00	10	t	updated	3
1668	9917	16.670.546	Реле стартера ст.4554 г.Самара	1933.00	10	t	updated	3
1669	9918	4554 AZF(11131150)	Стартер AZF 4554 КАМАЗ ЕВРО 24V 4kW z10 пр-во ISKRA ( ЕВРО 6520)	17697.00	10	t	updated	3
1670	9919	4594 AZF(11131359)	Стартер AZF 4594 КАМАЗ 4308 с двигателем Cummins 24 V z10 пр-во ISKRA	17850.00	10	t	updated	3
1671	9920	3367 AZJ	Стартер AZJ 3367 КАМАЗ, ДТ 75 (аналог 9112) 24V 6kW пр-во ИСКРА Словения	17833.00	10	t	updated	3
1672	9921	С4929600 kw 6.0	Стартер КАМАЗ 4308 дв. Cammins (Китай) 24V z12	15300.00	10	t	updated	3
1673	9922	16908995	Щетки стартера AZF 4554	834.00	10	t	updated	3
1674	9923	3514 009 013 0	ГТК н/обр. с педалью 100-3514108 SORL	2712.00	10	t	updated	3
1675	9924	3514 009 014 0	ГТК н/обр.(без педали) 100-3514108-10 SORL	2332.00	10	t	updated	3
1676	9925	3533 009 013 0	Клапан двухмагистральный 100-3562010-10 SORL	638.00	10	t	updated	3
1677	9926	3522 001 015 0	КУТП-2 100-3522010 SORL	2250.00	10	t	updated	3
1678	9927	3522 002 038 0	КУТП-2 ЕВРО с глушителем 25-3522210-10 SORL	2614.00	10	t	updated	3
1679	9928	3526 004 201 0	Ручник 2-х выходной WABKO 961 723 038,001,015 SORL	2780.00	10	t	updated	3
1680	9929	3530 010 646 0	Энергоаккумулятор тип 30/24 25-3519301 SORL	3643.00	10	t	updated	3
1681	9930	16-3521110	Головка ПАЛМ Автокомпонент Плюс	138.00	10	t	updated	3
1682	9931	16-3521111	Головка ПАЛМ Автокомпонент Плюс	138.00	10	t	updated	3
1683	9932	16-3514008	ГТК Автокомпонент плюс	1561.00	10	t	updated	3
1684	9933	16-3515010	Клапан защитный одинарный ( Автокомпонент плюс)	146.00	10	t	updated	3
1685	9934	16-3537110	Кран пневматический (авар.растормаж.) Автокомпонент Плюс	276.00	10	t	updated	3
1686	9935	16-3514108	Кран подпедальный ( Автокомпонент плюс)	1561.00	10	t	updated	3
1687	9936	16-3537310	Ручник ЕВРО 4-х Автокомпонент Ппюс	1051.00	10	t	updated	3
1688	9937	11.3521411 ПААЗ	Головка ПАЛМ автомат. г.Полтава	633.00	10	t	updated	3
1689	9938	11.3521410 ПААЗ	Головка ПАЛМ автомат. г.Полтава	633.00	10	t	updated	3
1690	9939	100.3521111 ПААЗ	Головка ПАЛМ г.Полтава	580.00	10	t	updated	3
1691	9940	100.3521110 ПААЗ	Головка ПАЛМ г.Полтава	580.00	10	t	updated	3
1692	9941	64221-3514008 (8000)	ГТК БелОМО	7452.00	10	t	updated	3
1693	9942	6025.3562010	Клапан двухмагистральный ЕВРО Беларусь	605.00	10	t	updated	3
1694	9943	13.3515310 ПААЗ	Клапан контрольного вывода  г.Полтава	361.00	10	t	updated	3
1695	9944	64221-3518010-10 ЕВРО	Клапан ускорительный под глушитель БЕЛОМО	2601.00	10	t	updated	3
1696	9945	11.3515410 ПААЗ	Клапан четырехконтурный  г.Полтава	3111.00	10	t	updated	3
1697	9946	64221-3537110 (8002)	Кран аварийного раст. 64221-3537110 БелОМО	1367.00	10	t	updated	3
1698	9947	100.3537110	Кран аварийного растормаживания г.Полтава	1235.00	10	t	updated	3
1699	9948	8099-3514108	Кран подпедальный КАМАЗ-6520 БелОМО	7691.00	10	t	updated	3
1700	9949	8090-3514100	Кран подпедальный МАЗ (аналог WABKO 4613190080) БелОМО	8931.00	10	t	updated	3
1701	9950	8099-3514108-10	Кран подпедальный Нефаз (снизу сапун кривой) БелОМО	6794.00	10	t	updated	3
1702	9951	12.3520010 ПААЗ	Кран разобщительный 12.3520010 г.Полтава	911.00	10	t	updated	3
1703	9952	14.3520010 ПААЗ	Кран разобщительный МТЗ ПААЗ	696.00	10	t	updated	3
1704	9953	8708-3537310	Кран ручника Беломо ( аналог WABKO 961 723 100)	4142.00	10	t	updated	3
1705	9954	100.3522110	КУТП-1 г.Полтава	4792.00	10	t	updated	3
1706	9955	64221-3522010 (6024)	КУТП-2  Беларусь ЕВРО	5214.00	10	t	updated	3
1707	9956	100.3522010	КУТП-2 г.Полтава	4315.00	10	t	updated	3
1708	9957	11.3522008	КУТП-2 ЕВРО с клапаном обрыва г.Полтава	4760.00	10	t	updated	3
1709	9958	5320-3514012	Педаль ГТК н/о в сборе	204.00	10	t	updated	3
1710	9959	11.3512010 ПААЗ	РДВ 11.3512010 г.Полтава (МАЗ, КРАЗ,УРАЛ)	4871.00	10	t	updated	3
1711	9960	11.3512010-10 ПААЗ	РДВ 11.3512010-10 г.Полтава  (КАМАЗ)	4488.00	10	t	updated	3
1712	9961	11.3537310	Ручник (ЕВРО, 4 отв.) г.Полтава	3280.00	10	t	updated	3
1713	9962	64221-3537310 (6029)-30	Ручник ЕВРО МАЗ БелОМО	2944.00	10	t	updated	3
1714	9963	25-3511110-01	Влагоотделитель с РДВ  г.Рославль	7609.00	10	t	updated	3
1715	9964	100-3521110-10	Головка автоматическая  г.Рославль	785.00	10	t	updated	3
1716	9965	100-3521111-10	Головка автоматическая г.Рославль	785.00	10	t	updated	3
1717	9966	100-3521111	Головка ПАЛМ  г.Рославль	713.00	10	t	updated	3
1718	9967	100-3521110	Головка ПАЛМ  г.Рославль	713.00	10	t	updated	3
1719	9968	100-3514008	ГТК г.Рославль	6581.00	10	t	updated	3
1720	9969	100-3519210	Камера передняя тип 24  г.Рославль	2256.00	10	t	updated	3
1721	9970	100-3519200	Камера тормозная 4310 тип 24х24 г.Рославль	5676.00	10	t	updated	3
1722	9971	100-3519100	Камера тормозная 5320 тип 20х20  г.Рославль	4745.00	10	t	updated	3
1723	9972	100.3519100-10 левые	Камера тормозная  5320 тип 20х20  г.Рославль	4812.00	10	t	updated	3
1724	9973	100-3519100-30 правые	Камера тормозная  5320 тип 20х20  г.Рославль	4812.00	10	t	updated	3
1725	9974	25-3519301	Камера тормозная  6520 тип 30/24 г.Рославль	7364.00	10	t	updated	3
1726	9975	5 435 05 002 1СЕРБИЯ	Камера тормозная 5320 тип 20х20  РРТ	4925.00	10	t	updated	3
1727	9976	100-3519310	Камера тормозная прицепа тип 30 г.Рославль	2227.00	10	t	updated	3
1728	9977	100-3518110	Клапан  быстрого растормаживания РААЗ	1975.00	10	t	updated	3
1729	9978	100-3515010	Клапан  защитный 1-й  г.Рославль	1540.00	10	t	updated	3
1730	9979	100-3515110	Клапан  защитный 2-й  г.Рославль	2559.00	10	t	updated	3
1731	9980	100-3515210	Клапан  защитный 3-й    г.Рославль	2910.00	10	t	updated	3
1732	9981	100-3562010	Клапан 2-х магистральный  г.Рославль	862.00	10	t	updated	3
1733	9982	100-3515510-20	Клапан защитный 4-х контурный РААЗ	3003.00	10	t	updated	3
1734	9983	100-3515310 высок.	Клапан контрольного вывода  г.Рославль	385.00	10	t	updated	3
1735	9984	100-3515310-01 мален.	Клапан контрольного вывода  г.Рославль	385.00	10	t	updated	3
1736	9985	100-3534010	Клапан огран. давления  г.Рославль	2887.00	10	t	updated	3
1737	9986	100-3518010	Клапан ускорительный   г.Рославль	2706.00	10	t	updated	3
1738	9987	100-3518010-10	Клапан ускорительный ЕВРО г.Рославль	2811.00	10	t	updated	3
1739	9988	100-3537110	Кран аварийного раст. 100-3537110 г.Рославль	1428.00	10	t	updated	3
1740	9989	100-3514108-10	Кран подпедальный   100-3514108-10  г.Рославль	6394.00	10	t	updated	3
1741	9990	100-3531008	Кран прицепа 100-3531008 г.Рославль	7019.00	10	t	updated	3
1742	9991	100-3520010	Кран разобщительный 100-3520010  г.Рославль	1550.00	10	t	updated	3
1743	9992	100-3513110	Кран слива  100-3513110 г.Рославль	340.00	10	t	updated	3
1744	9993	100-3522110	КУТП-1 г.Рославль	5479.00	10	t	updated	3
1745	9994	100-3522010	КУТП-2 г.Рославль	6409.00	10	t	updated	3
1746	9995	25.3522210	КУТП-2 с клап. обрыва  г.Рославль	6042.00	10	t	updated	3
1747	9996	100-3536010	ППЗ 100-3536010  г.Рославль	2675.00	10	t	updated	3
1748	9997	100-3512010 упк.2 шт.	РДВ 100-3512010  г.Рославль	5677.00	10	t	updated	3
1749	9998	100-3533010-10	Регулятор тормозных сил 100-3533010-10  г.Рославль	4902.00	10	t	updated	3
1750	9999	100-3537010	Ручник 100-3537010 г.Рославль	4191.00	10	t	updated	3
1751	10000	100-3537310	Ручник ЕВРО 100-3537310 г.Рославль	3366.00	10	t	updated	3
1752	10001	100-3511310	Фильтр магистральный г.Рославль	1280.00	10	t	updated	3
1753	10002	100-3570110	Цилиндр пневматический г.Рославль	1211.00	10	t	updated	3
1754	10003	100-3570210	Цилиндр пневматический г.Рославль	1508.00	10	t	updated	3
1755	10004	Металл	Фитинг MRUC (прямой) 15 мм.	176.00	10	t	updated	3
1756	10004	Металл	Фитинг MRUC (прямой) 15 мм.	85.00	13	t	updated	3
1757	10004	Металл	Фитинг MRUC (прямой) 15 мм.	105.00	13	t	updated	3
1758	10004	Металл	Фитинг MRUC (прямой) 15 мм.	103.00	17	t	updated	3
1759	10005	54115Ш-1301010-01 3-х	"Радиатор водяной ""CuproBraze"""	14000.00	10	t	updated	3
1760	10006	740.21-1118310 длинная	Трубка подвода масла ТКР	160.00	10	t	updated	3
1761	10007	7,5 м.	Шланг желто-красный  к-т.	240.00	10	t	updated	3
1762	10008	5320-2511016	Шланг МОД (кривой) Казань	30.00	10	t	updated	3
1763	10009	4310-3506442-10	Шланг тормозной 4310 задний г/г (пруж.)	82.00	10	t	updated	3
1764	10010	4310-3506060	Шланг тормозной 4310 передний ш/г	76.00	10	t	updated	3
1765	10011	560-1017004	Фильтр очистки масла 560 Штайр Колан	150.00	10	t	updated	3
1766	10012	020-ФТ245-1117010 1/40	ФТОТ ЕВРО-3 Д-245 Д-243 синий г.Гродно	290.00	10	t	updated	3
1767	10013	В 4391	Эл.фильтра воздушного ЕВРО-3 г.Гродно	1070.00	10	t	updated	3
1768	10014	740-1109560	Эл.фильтра воздушный г.Гродно	850.00	10	t	updated	3
1769	10015	7405-1109560	Эл.фильтра воздушный ЕВРО г.Гродно	950.00	10	t	updated	3
1770	10016	В 4313 наружний	Эл.фильтра воздушный ЕВРО-2 г.Гродно	720.00	10	t	updated	3
1771	10017	8421-1109080 МЭ	Эл.фильтра воздушный низкий МАЗ ЕВРО,ТУТАЙ г.Гродно	290.00	10	t	updated	3
1772	10018	238Н-1109080	Эл.фильтра воздушный МАЗ  г.Гродно	358.00	10	t	updated	3
1773	10019	240-1017040 (6 шт)	Эл.фильтра МАЗ масляный  г.Гродно м/с	42.00	10	t	updated	3
1774	10020	740-1012040-10 м/с (6 шт)	Эл.фильтра масляный в метал.сетке г.Гродно	108.00	10	t	updated	3
1775	10021	7405-1012040 м/с (6 шт)	Эл.фильтра масляный ЕВРО в метал.сетке г.Гродно	141.00	10	t	updated	3
1776	10022	М 5334	Эл.фильтра масляный ниточный ЕВРО г.Гродно	126.00	10	t	updated	3
1777	10023	740-1117040-10 м/с (13шт)	Эл.фильтра топливный в метал.сетке г.Гродно	68.00	10	t	updated	3
1778	10024	740-1117040 уп.13шт.	Эл.фильтра топливный  г.Гродно	18.00	10	t	updated	3
1779	10025	7405-1017040 ЭФМ703	Элемент масляного фильтра ЕВРО железный г.Ливны	960.00	10	t	updated	3
1780	10026	21.3759-05(30А)	Конвертер 24/12 V г.Калуга	3598.00	10	t	updated	3
1781	10027	612.3702-08	Регулятор напряжения в сб (7762)  г.Калуга	460.00	10	t	updated	3
1782	10028	612.3702-05	Регулятор напряжения в сборе (3252,7762-02,7762-03)  г.Калуга	316.00	10	t	updated	3
1783	10029	612.3702-06(в сб. с ЩУ)	Регулятор напряжения в сборе со щеточным узлом на ген. 4502  г.Калуга	180.00	10	t	updated	3
1784	10030	621.3702-01(7332.3702)	Регулятор напряжения на генер. 40.3771,Г3000  г.Калуга	111.00	10	t	updated	3
1785	10031	621.3702-02 (7342.3702)	Регулятор напряжения на генер. Г3000А  г.Калуга	105.00	10	t	updated	3
1786	10032	13.3787-01 (7312.3777-02)	Реле блокировки стартера КамАЗ, Евро, Краз, ЗИЛ г.Калуга	120.00	10	t	updated	3
1787	10033	718.3777	Реле поворота РС951А г. Калуга	665.00	10	t	updated	3
1788	10034	ЩСК 2 (МГС5) (12х32х20)	Щетки для стартера с контактами и изолированными выводами г.Калуга	330.00	10	t	updated	3
1789	10035	5320-2205011-03	Вал карданный кв.фланец дл.983 мм.	4300.00	10	t	updated	3
1790	10036	5511-2205011-12	Вал карданный кв.фланец дл.818 мм.	4300.00	10	t	updated	3
1791	9708	15-1772010	Воздухораспределитель делителя КПП	2285.00	20	t	updated	3
1792	10037	53212-3400020	ГУР	4000.00	10	t	updated	3
1793	10038	55111-2912012-02 ЕВРО	Рессора задняя 55111	14500.00	10	t	updated	3
1794	10039	7403-1115050	Прокладка впускного коллектора	29.00	10	t	updated	3
\.


--
-- Data for Name: main_advantage; Type: TABLE DATA; Schema: public; Owner: kameks_user
--

COPY public.main_advantage (id, icon, title, description, "order") FROM stdin;
\.


--
-- Data for Name: main_banner; Type: TABLE DATA; Schema: public; Owner: kameks_user
--

COPY public.main_banner (id, title, subtitle, image, button_text, button_url, is_active, "order") FROM stdin;
\.


--
-- Data for Name: main_partner; Type: TABLE DATA; Schema: public; Owner: kameks_user
--

COPY public.main_partner (id, name, logo, website, "order", is_active) FROM stdin;
\.


--
-- Data for Name: main_review; Type: TABLE DATA; Schema: public; Owner: kameks_user
--

COPY public.main_review (id, author_name, author_company, text, rating, is_active, created_at) FROM stdin;
\.


--
-- Data for Name: orders_order; Type: TABLE DATA; Schema: public; Owner: kameks_user
--

COPY public.orders_order (id, first_name, last_name, phone, email, company, delivery_type, delivery_address, delivery_city, payment_type, status, comment, total_price, created_at, updated_at, user_id, exported_at, exported_to_1c, stock_deducted) FROM stdin;
\.


--
-- Data for Name: orders_orderitem; Type: TABLE DATA; Schema: public; Owner: kameks_user
--

COPY public.orders_orderitem (id, price, quantity, order_id, product_id) FROM stdin;
\.


--
-- Name: accounts_userprofile_id_seq; Type: SEQUENCE SET; Schema: public; Owner: kameks_user
--

SELECT pg_catalog.setval('public.accounts_userprofile_id_seq', 7, true);


--
-- Name: auth_group_id_seq; Type: SEQUENCE SET; Schema: public; Owner: kameks_user
--

SELECT pg_catalog.setval('public.auth_group_id_seq', 1, false);


--
-- Name: auth_group_permissions_id_seq; Type: SEQUENCE SET; Schema: public; Owner: kameks_user
--

SELECT pg_catalog.setval('public.auth_group_permissions_id_seq', 1, false);


--
-- Name: auth_permission_id_seq; Type: SEQUENCE SET; Schema: public; Owner: kameks_user
--

SELECT pg_catalog.setval('public.auth_permission_id_seq', 88, true);


--
-- Name: auth_user_groups_id_seq; Type: SEQUENCE SET; Schema: public; Owner: kameks_user
--

SELECT pg_catalog.setval('public.auth_user_groups_id_seq', 1, false);


--
-- Name: auth_user_id_seq; Type: SEQUENCE SET; Schema: public; Owner: kameks_user
--

SELECT pg_catalog.setval('public.auth_user_id_seq', 7, true);


--
-- Name: auth_user_user_permissions_id_seq; Type: SEQUENCE SET; Schema: public; Owner: kameks_user
--

SELECT pg_catalog.setval('public.auth_user_user_permissions_id_seq', 1, false);


--
-- Name: catalog_analogue_id_seq; Type: SEQUENCE SET; Schema: public; Owner: kameks_user
--

SELECT pg_catalog.setval('public.catalog_analogue_id_seq', 10, true);


--
-- Name: catalog_brand_id_seq; Type: SEQUENCE SET; Schema: public; Owner: kameks_user
--

SELECT pg_catalog.setval('public.catalog_brand_id_seq', 12, true);


--
-- Name: catalog_carmodel_id_seq; Type: SEQUENCE SET; Schema: public; Owner: kameks_user
--

SELECT pg_catalog.setval('public.catalog_carmodel_id_seq', 14, true);


--
-- Name: catalog_category_id_seq; Type: SEQUENCE SET; Schema: public; Owner: kameks_user
--

SELECT pg_catalog.setval('public.catalog_category_id_seq', 7448, true);


--
-- Name: catalog_product_brands_id_seq; Type: SEQUENCE SET; Schema: public; Owner: kameks_user
--

SELECT pg_catalog.setval('public.catalog_product_brands_id_seq', 7898, true);


--
-- Name: catalog_product_car_models_id_seq; Type: SEQUENCE SET; Schema: public; Owner: kameks_user
--

SELECT pg_catalog.setval('public.catalog_product_car_models_id_seq', 1, false);


--
-- Name: catalog_product_id_seq; Type: SEQUENCE SET; Schema: public; Owner: kameks_user
--

SELECT pg_catalog.setval('public.catalog_product_id_seq', 10039, true);


--
-- Name: catalog_productattribute_id_seq; Type: SEQUENCE SET; Schema: public; Owner: kameks_user
--

SELECT pg_catalog.setval('public.catalog_productattribute_id_seq', 1, false);


--
-- Name: catalog_productimage_id_seq; Type: SEQUENCE SET; Schema: public; Owner: kameks_user
--

SELECT pg_catalog.setval('public.catalog_productimage_id_seq', 3, true);


--
-- Name: django_admin_log_id_seq; Type: SEQUENCE SET; Schema: public; Owner: kameks_user
--

SELECT pg_catalog.setval('public.django_admin_log_id_seq', 12, true);


--
-- Name: django_content_type_id_seq; Type: SEQUENCE SET; Schema: public; Owner: kameks_user
--

SELECT pg_catalog.setval('public.django_content_type_id_seq', 22, true);


--
-- Name: django_migrations_id_seq; Type: SEQUENCE SET; Schema: public; Owner: kameks_user
--

SELECT pg_catalog.setval('public.django_migrations_id_seq', 27, true);


--
-- Name: integration_exchange1clog_id_seq; Type: SEQUENCE SET; Schema: public; Owner: kameks_user
--

SELECT pg_catalog.setval('public.integration_exchange1clog_id_seq', 3, true);


--
-- Name: integration_productbackup_id_seq; Type: SEQUENCE SET; Schema: public; Owner: kameks_user
--

SELECT pg_catalog.setval('public.integration_productbackup_id_seq', 1794, true);


--
-- Name: main_advantage_id_seq; Type: SEQUENCE SET; Schema: public; Owner: kameks_user
--

SELECT pg_catalog.setval('public.main_advantage_id_seq', 1, false);


--
-- Name: main_banner_id_seq; Type: SEQUENCE SET; Schema: public; Owner: kameks_user
--

SELECT pg_catalog.setval('public.main_banner_id_seq', 1, false);


--
-- Name: main_partner_id_seq; Type: SEQUENCE SET; Schema: public; Owner: kameks_user
--

SELECT pg_catalog.setval('public.main_partner_id_seq', 1, false);


--
-- Name: main_review_id_seq; Type: SEQUENCE SET; Schema: public; Owner: kameks_user
--

SELECT pg_catalog.setval('public.main_review_id_seq', 1, false);


--
-- Name: orders_order_id_seq; Type: SEQUENCE SET; Schema: public; Owner: kameks_user
--

SELECT pg_catalog.setval('public.orders_order_id_seq', 3, true);


--
-- Name: orders_orderitem_id_seq; Type: SEQUENCE SET; Schema: public; Owner: kameks_user
--

SELECT pg_catalog.setval('public.orders_orderitem_id_seq', 4, true);


--
-- Name: accounts_userprofile accounts_userprofile_pkey; Type: CONSTRAINT; Schema: public; Owner: kameks_user
--

ALTER TABLE ONLY public.accounts_userprofile
    ADD CONSTRAINT accounts_userprofile_pkey PRIMARY KEY (id);


--
-- Name: accounts_userprofile accounts_userprofile_user_id_key; Type: CONSTRAINT; Schema: public; Owner: kameks_user
--

ALTER TABLE ONLY public.accounts_userprofile
    ADD CONSTRAINT accounts_userprofile_user_id_key UNIQUE (user_id);


--
-- Name: auth_group auth_group_name_key; Type: CONSTRAINT; Schema: public; Owner: kameks_user
--

ALTER TABLE ONLY public.auth_group
    ADD CONSTRAINT auth_group_name_key UNIQUE (name);


--
-- Name: auth_group_permissions auth_group_permissions_group_id_permission_id_0cd325b0_uniq; Type: CONSTRAINT; Schema: public; Owner: kameks_user
--

ALTER TABLE ONLY public.auth_group_permissions
    ADD CONSTRAINT auth_group_permissions_group_id_permission_id_0cd325b0_uniq UNIQUE (group_id, permission_id);


--
-- Name: auth_group_permissions auth_group_permissions_pkey; Type: CONSTRAINT; Schema: public; Owner: kameks_user
--

ALTER TABLE ONLY public.auth_group_permissions
    ADD CONSTRAINT auth_group_permissions_pkey PRIMARY KEY (id);


--
-- Name: auth_group auth_group_pkey; Type: CONSTRAINT; Schema: public; Owner: kameks_user
--

ALTER TABLE ONLY public.auth_group
    ADD CONSTRAINT auth_group_pkey PRIMARY KEY (id);


--
-- Name: auth_permission auth_permission_content_type_id_codename_01ab375a_uniq; Type: CONSTRAINT; Schema: public; Owner: kameks_user
--

ALTER TABLE ONLY public.auth_permission
    ADD CONSTRAINT auth_permission_content_type_id_codename_01ab375a_uniq UNIQUE (content_type_id, codename);


--
-- Name: auth_permission auth_permission_pkey; Type: CONSTRAINT; Schema: public; Owner: kameks_user
--

ALTER TABLE ONLY public.auth_permission
    ADD CONSTRAINT auth_permission_pkey PRIMARY KEY (id);


--
-- Name: auth_user_groups auth_user_groups_pkey; Type: CONSTRAINT; Schema: public; Owner: kameks_user
--

ALTER TABLE ONLY public.auth_user_groups
    ADD CONSTRAINT auth_user_groups_pkey PRIMARY KEY (id);


--
-- Name: auth_user_groups auth_user_groups_user_id_group_id_94350c0c_uniq; Type: CONSTRAINT; Schema: public; Owner: kameks_user
--

ALTER TABLE ONLY public.auth_user_groups
    ADD CONSTRAINT auth_user_groups_user_id_group_id_94350c0c_uniq UNIQUE (user_id, group_id);


--
-- Name: auth_user auth_user_pkey; Type: CONSTRAINT; Schema: public; Owner: kameks_user
--

ALTER TABLE ONLY public.auth_user
    ADD CONSTRAINT auth_user_pkey PRIMARY KEY (id);


--
-- Name: auth_user_user_permissions auth_user_user_permissions_pkey; Type: CONSTRAINT; Schema: public; Owner: kameks_user
--

ALTER TABLE ONLY public.auth_user_user_permissions
    ADD CONSTRAINT auth_user_user_permissions_pkey PRIMARY KEY (id);


--
-- Name: auth_user_user_permissions auth_user_user_permissions_user_id_permission_id_14a6b632_uniq; Type: CONSTRAINT; Schema: public; Owner: kameks_user
--

ALTER TABLE ONLY public.auth_user_user_permissions
    ADD CONSTRAINT auth_user_user_permissions_user_id_permission_id_14a6b632_uniq UNIQUE (user_id, permission_id);


--
-- Name: auth_user auth_user_username_key; Type: CONSTRAINT; Schema: public; Owner: kameks_user
--

ALTER TABLE ONLY public.auth_user
    ADD CONSTRAINT auth_user_username_key UNIQUE (username);


--
-- Name: catalog_analogue catalog_analogue_pkey; Type: CONSTRAINT; Schema: public; Owner: kameks_user
--

ALTER TABLE ONLY public.catalog_analogue
    ADD CONSTRAINT catalog_analogue_pkey PRIMARY KEY (id);


--
-- Name: catalog_brand catalog_brand_pkey; Type: CONSTRAINT; Schema: public; Owner: kameks_user
--

ALTER TABLE ONLY public.catalog_brand
    ADD CONSTRAINT catalog_brand_pkey PRIMARY KEY (id);


--
-- Name: catalog_brand catalog_brand_slug_key; Type: CONSTRAINT; Schema: public; Owner: kameks_user
--

ALTER TABLE ONLY public.catalog_brand
    ADD CONSTRAINT catalog_brand_slug_key UNIQUE (slug);


--
-- Name: catalog_carmodel catalog_carmodel_brand_id_slug_f9d3106e_uniq; Type: CONSTRAINT; Schema: public; Owner: kameks_user
--

ALTER TABLE ONLY public.catalog_carmodel
    ADD CONSTRAINT catalog_carmodel_brand_id_slug_f9d3106e_uniq UNIQUE (brand_id, slug);


--
-- Name: catalog_carmodel catalog_carmodel_pkey; Type: CONSTRAINT; Schema: public; Owner: kameks_user
--

ALTER TABLE ONLY public.catalog_carmodel
    ADD CONSTRAINT catalog_carmodel_pkey PRIMARY KEY (id);


--
-- Name: catalog_category catalog_category_pkey; Type: CONSTRAINT; Schema: public; Owner: kameks_user
--

ALTER TABLE ONLY public.catalog_category
    ADD CONSTRAINT catalog_category_pkey PRIMARY KEY (id);


--
-- Name: catalog_category catalog_category_slug_key; Type: CONSTRAINT; Schema: public; Owner: kameks_user
--

ALTER TABLE ONLY public.catalog_category
    ADD CONSTRAINT catalog_category_slug_key UNIQUE (slug);


--
-- Name: catalog_product_brands catalog_product_brands_pkey; Type: CONSTRAINT; Schema: public; Owner: kameks_user
--

ALTER TABLE ONLY public.catalog_product_brands
    ADD CONSTRAINT catalog_product_brands_pkey PRIMARY KEY (id);


--
-- Name: catalog_product_brands catalog_product_brands_product_id_brand_id_114c68a0_uniq; Type: CONSTRAINT; Schema: public; Owner: kameks_user
--

ALTER TABLE ONLY public.catalog_product_brands
    ADD CONSTRAINT catalog_product_brands_product_id_brand_id_114c68a0_uniq UNIQUE (product_id, brand_id);


--
-- Name: catalog_product_car_models catalog_product_car_models_pkey; Type: CONSTRAINT; Schema: public; Owner: kameks_user
--

ALTER TABLE ONLY public.catalog_product_car_models
    ADD CONSTRAINT catalog_product_car_models_pkey PRIMARY KEY (id);


--
-- Name: catalog_product_car_models catalog_product_car_models_product_id_carmodel_id_f0b14802_uniq; Type: CONSTRAINT; Schema: public; Owner: kameks_user
--

ALTER TABLE ONLY public.catalog_product_car_models
    ADD CONSTRAINT catalog_product_car_models_product_id_carmodel_id_f0b14802_uniq UNIQUE (product_id, carmodel_id);


--
-- Name: catalog_product catalog_product_pkey; Type: CONSTRAINT; Schema: public; Owner: kameks_user
--

ALTER TABLE ONLY public.catalog_product
    ADD CONSTRAINT catalog_product_pkey PRIMARY KEY (id);


--
-- Name: catalog_product catalog_product_sku_key; Type: CONSTRAINT; Schema: public; Owner: kameks_user
--

ALTER TABLE ONLY public.catalog_product
    ADD CONSTRAINT catalog_product_sku_key UNIQUE (sku);


--
-- Name: catalog_product catalog_product_slug_key; Type: CONSTRAINT; Schema: public; Owner: kameks_user
--

ALTER TABLE ONLY public.catalog_product
    ADD CONSTRAINT catalog_product_slug_key UNIQUE (slug);


--
-- Name: catalog_productattribute catalog_productattribute_pkey; Type: CONSTRAINT; Schema: public; Owner: kameks_user
--

ALTER TABLE ONLY public.catalog_productattribute
    ADD CONSTRAINT catalog_productattribute_pkey PRIMARY KEY (id);


--
-- Name: catalog_productimage catalog_productimage_pkey; Type: CONSTRAINT; Schema: public; Owner: kameks_user
--

ALTER TABLE ONLY public.catalog_productimage
    ADD CONSTRAINT catalog_productimage_pkey PRIMARY KEY (id);


--
-- Name: django_admin_log django_admin_log_pkey; Type: CONSTRAINT; Schema: public; Owner: kameks_user
--

ALTER TABLE ONLY public.django_admin_log
    ADD CONSTRAINT django_admin_log_pkey PRIMARY KEY (id);


--
-- Name: django_content_type django_content_type_app_label_model_76bd3d3b_uniq; Type: CONSTRAINT; Schema: public; Owner: kameks_user
--

ALTER TABLE ONLY public.django_content_type
    ADD CONSTRAINT django_content_type_app_label_model_76bd3d3b_uniq UNIQUE (app_label, model);


--
-- Name: django_content_type django_content_type_pkey; Type: CONSTRAINT; Schema: public; Owner: kameks_user
--

ALTER TABLE ONLY public.django_content_type
    ADD CONSTRAINT django_content_type_pkey PRIMARY KEY (id);


--
-- Name: django_migrations django_migrations_pkey; Type: CONSTRAINT; Schema: public; Owner: kameks_user
--

ALTER TABLE ONLY public.django_migrations
    ADD CONSTRAINT django_migrations_pkey PRIMARY KEY (id);


--
-- Name: django_session django_session_pkey; Type: CONSTRAINT; Schema: public; Owner: kameks_user
--

ALTER TABLE ONLY public.django_session
    ADD CONSTRAINT django_session_pkey PRIMARY KEY (session_key);


--
-- Name: integration_exchange1clog integration_exchange1clog_pkey; Type: CONSTRAINT; Schema: public; Owner: kameks_user
--

ALTER TABLE ONLY public.integration_exchange1clog
    ADD CONSTRAINT integration_exchange1clog_pkey PRIMARY KEY (id);


--
-- Name: integration_productbackup integration_productbackup_pkey; Type: CONSTRAINT; Schema: public; Owner: kameks_user
--

ALTER TABLE ONLY public.integration_productbackup
    ADD CONSTRAINT integration_productbackup_pkey PRIMARY KEY (id);


--
-- Name: main_advantage main_advantage_pkey; Type: CONSTRAINT; Schema: public; Owner: kameks_user
--

ALTER TABLE ONLY public.main_advantage
    ADD CONSTRAINT main_advantage_pkey PRIMARY KEY (id);


--
-- Name: main_banner main_banner_pkey; Type: CONSTRAINT; Schema: public; Owner: kameks_user
--

ALTER TABLE ONLY public.main_banner
    ADD CONSTRAINT main_banner_pkey PRIMARY KEY (id);


--
-- Name: main_partner main_partner_pkey; Type: CONSTRAINT; Schema: public; Owner: kameks_user
--

ALTER TABLE ONLY public.main_partner
    ADD CONSTRAINT main_partner_pkey PRIMARY KEY (id);


--
-- Name: main_review main_review_pkey; Type: CONSTRAINT; Schema: public; Owner: kameks_user
--

ALTER TABLE ONLY public.main_review
    ADD CONSTRAINT main_review_pkey PRIMARY KEY (id);


--
-- Name: orders_order orders_order_pkey; Type: CONSTRAINT; Schema: public; Owner: kameks_user
--

ALTER TABLE ONLY public.orders_order
    ADD CONSTRAINT orders_order_pkey PRIMARY KEY (id);


--
-- Name: orders_orderitem orders_orderitem_pkey; Type: CONSTRAINT; Schema: public; Owner: kameks_user
--

ALTER TABLE ONLY public.orders_orderitem
    ADD CONSTRAINT orders_orderitem_pkey PRIMARY KEY (id);


--
-- Name: auth_group_name_a6ea08ec_like; Type: INDEX; Schema: public; Owner: kameks_user
--

CREATE INDEX auth_group_name_a6ea08ec_like ON public.auth_group USING btree (name varchar_pattern_ops);


--
-- Name: auth_group_permissions_group_id_b120cbf9; Type: INDEX; Schema: public; Owner: kameks_user
--

CREATE INDEX auth_group_permissions_group_id_b120cbf9 ON public.auth_group_permissions USING btree (group_id);


--
-- Name: auth_group_permissions_permission_id_84c5c92e; Type: INDEX; Schema: public; Owner: kameks_user
--

CREATE INDEX auth_group_permissions_permission_id_84c5c92e ON public.auth_group_permissions USING btree (permission_id);


--
-- Name: auth_permission_content_type_id_2f476e4b; Type: INDEX; Schema: public; Owner: kameks_user
--

CREATE INDEX auth_permission_content_type_id_2f476e4b ON public.auth_permission USING btree (content_type_id);


--
-- Name: auth_user_groups_group_id_97559544; Type: INDEX; Schema: public; Owner: kameks_user
--

CREATE INDEX auth_user_groups_group_id_97559544 ON public.auth_user_groups USING btree (group_id);


--
-- Name: auth_user_groups_user_id_6a12ed8b; Type: INDEX; Schema: public; Owner: kameks_user
--

CREATE INDEX auth_user_groups_user_id_6a12ed8b ON public.auth_user_groups USING btree (user_id);


--
-- Name: auth_user_user_permissions_permission_id_1fbb5f2c; Type: INDEX; Schema: public; Owner: kameks_user
--

CREATE INDEX auth_user_user_permissions_permission_id_1fbb5f2c ON public.auth_user_user_permissions USING btree (permission_id);


--
-- Name: auth_user_user_permissions_user_id_a95ead1b; Type: INDEX; Schema: public; Owner: kameks_user
--

CREATE INDEX auth_user_user_permissions_user_id_a95ead1b ON public.auth_user_user_permissions USING btree (user_id);


--
-- Name: auth_user_username_6821ab7c_like; Type: INDEX; Schema: public; Owner: kameks_user
--

CREATE INDEX auth_user_username_6821ab7c_like ON public.auth_user USING btree (username varchar_pattern_ops);


--
-- Name: catalog_analogue_part_number_1f542b37; Type: INDEX; Schema: public; Owner: kameks_user
--

CREATE INDEX catalog_analogue_part_number_1f542b37 ON public.catalog_analogue USING btree (part_number);


--
-- Name: catalog_analogue_part_number_1f542b37_like; Type: INDEX; Schema: public; Owner: kameks_user
--

CREATE INDEX catalog_analogue_part_number_1f542b37_like ON public.catalog_analogue USING btree (part_number varchar_pattern_ops);


--
-- Name: catalog_analogue_product_id_d2ebccc0; Type: INDEX; Schema: public; Owner: kameks_user
--

CREATE INDEX catalog_analogue_product_id_d2ebccc0 ON public.catalog_analogue USING btree (product_id);


--
-- Name: catalog_brand_slug_988c8dbc_like; Type: INDEX; Schema: public; Owner: kameks_user
--

CREATE INDEX catalog_brand_slug_988c8dbc_like ON public.catalog_brand USING btree (slug varchar_pattern_ops);


--
-- Name: catalog_carmodel_brand_id_c44915da; Type: INDEX; Schema: public; Owner: kameks_user
--

CREATE INDEX catalog_carmodel_brand_id_c44915da ON public.catalog_carmodel USING btree (brand_id);


--
-- Name: catalog_carmodel_slug_eeb76c2a; Type: INDEX; Schema: public; Owner: kameks_user
--

CREATE INDEX catalog_carmodel_slug_eeb76c2a ON public.catalog_carmodel USING btree (slug);


--
-- Name: catalog_carmodel_slug_eeb76c2a_like; Type: INDEX; Schema: public; Owner: kameks_user
--

CREATE INDEX catalog_carmodel_slug_eeb76c2a_like ON public.catalog_carmodel USING btree (slug varchar_pattern_ops);


--
-- Name: catalog_category_parent_id_f61bd017; Type: INDEX; Schema: public; Owner: kameks_user
--

CREATE INDEX catalog_category_parent_id_f61bd017 ON public.catalog_category USING btree (parent_id);


--
-- Name: catalog_category_slug_dbf63ad0_like; Type: INDEX; Schema: public; Owner: kameks_user
--

CREATE INDEX catalog_category_slug_dbf63ad0_like ON public.catalog_category USING btree (slug varchar_pattern_ops);


--
-- Name: catalog_product_brands_brand_id_19331722; Type: INDEX; Schema: public; Owner: kameks_user
--

CREATE INDEX catalog_product_brands_brand_id_19331722 ON public.catalog_product_brands USING btree (brand_id);


--
-- Name: catalog_product_brands_product_id_fd757728; Type: INDEX; Schema: public; Owner: kameks_user
--

CREATE INDEX catalog_product_brands_product_id_fd757728 ON public.catalog_product_brands USING btree (product_id);


--
-- Name: catalog_product_car_models_carmodel_id_d63b0a26; Type: INDEX; Schema: public; Owner: kameks_user
--

CREATE INDEX catalog_product_car_models_carmodel_id_d63b0a26 ON public.catalog_product_car_models USING btree (carmodel_id);


--
-- Name: catalog_product_car_models_product_id_1eacacb7; Type: INDEX; Schema: public; Owner: kameks_user
--

CREATE INDEX catalog_product_car_models_product_id_1eacacb7 ON public.catalog_product_car_models USING btree (product_id);


--
-- Name: catalog_product_category_id_35bf920b; Type: INDEX; Schema: public; Owner: kameks_user
--

CREATE INDEX catalog_product_category_id_35bf920b ON public.catalog_product USING btree (category_id);


--
-- Name: catalog_product_no_sku_5f1733bd; Type: INDEX; Schema: public; Owner: kameks_user
--

CREATE INDEX catalog_product_no_sku_5f1733bd ON public.catalog_product USING btree (no_sku);


--
-- Name: catalog_product_oem_number_7ff1f00f; Type: INDEX; Schema: public; Owner: kameks_user
--

CREATE INDEX catalog_product_oem_number_7ff1f00f ON public.catalog_product USING btree (oem_number);


--
-- Name: catalog_product_oem_number_7ff1f00f_like; Type: INDEX; Schema: public; Owner: kameks_user
--

CREATE INDEX catalog_product_oem_number_7ff1f00f_like ON public.catalog_product USING btree (oem_number varchar_pattern_ops);


--
-- Name: catalog_product_sku_5c54c070_like; Type: INDEX; Schema: public; Owner: kameks_user
--

CREATE INDEX catalog_product_sku_5c54c070_like ON public.catalog_product USING btree (sku varchar_pattern_ops);


--
-- Name: catalog_product_slug_f37848b0_like; Type: INDEX; Schema: public; Owner: kameks_user
--

CREATE INDEX catalog_product_slug_f37848b0_like ON public.catalog_product USING btree (slug varchar_pattern_ops);


--
-- Name: catalog_productattribute_product_id_7ea24d8b; Type: INDEX; Schema: public; Owner: kameks_user
--

CREATE INDEX catalog_productattribute_product_id_7ea24d8b ON public.catalog_productattribute USING btree (product_id);


--
-- Name: catalog_productimage_product_id_1f42dd8c; Type: INDEX; Schema: public; Owner: kameks_user
--

CREATE INDEX catalog_productimage_product_id_1f42dd8c ON public.catalog_productimage USING btree (product_id);


--
-- Name: django_admin_log_content_type_id_c4bce8eb; Type: INDEX; Schema: public; Owner: kameks_user
--

CREATE INDEX django_admin_log_content_type_id_c4bce8eb ON public.django_admin_log USING btree (content_type_id);


--
-- Name: django_admin_log_user_id_c564eba6; Type: INDEX; Schema: public; Owner: kameks_user
--

CREATE INDEX django_admin_log_user_id_c564eba6 ON public.django_admin_log USING btree (user_id);


--
-- Name: django_session_expire_date_a5c62663; Type: INDEX; Schema: public; Owner: kameks_user
--

CREATE INDEX django_session_expire_date_a5c62663 ON public.django_session USING btree (expire_date);


--
-- Name: django_session_session_key_c0390e0f_like; Type: INDEX; Schema: public; Owner: kameks_user
--

CREATE INDEX django_session_session_key_c0390e0f_like ON public.django_session USING btree (session_key varchar_pattern_ops);


--
-- Name: integration_productbackup_log_id_5716cf4c; Type: INDEX; Schema: public; Owner: kameks_user
--

CREATE INDEX integration_productbackup_log_id_5716cf4c ON public.integration_productbackup USING btree (log_id);


--
-- Name: orders_order_user_id_e9b59eb1; Type: INDEX; Schema: public; Owner: kameks_user
--

CREATE INDEX orders_order_user_id_e9b59eb1 ON public.orders_order USING btree (user_id);


--
-- Name: orders_orderitem_order_id_fe61a34d; Type: INDEX; Schema: public; Owner: kameks_user
--

CREATE INDEX orders_orderitem_order_id_fe61a34d ON public.orders_orderitem USING btree (order_id);


--
-- Name: orders_orderitem_product_id_afe4254a; Type: INDEX; Schema: public; Owner: kameks_user
--

CREATE INDEX orders_orderitem_product_id_afe4254a ON public.orders_orderitem USING btree (product_id);


--
-- Name: accounts_userprofile accounts_userprofile_user_id_92240672_fk_auth_user_id; Type: FK CONSTRAINT; Schema: public; Owner: kameks_user
--

ALTER TABLE ONLY public.accounts_userprofile
    ADD CONSTRAINT accounts_userprofile_user_id_92240672_fk_auth_user_id FOREIGN KEY (user_id) REFERENCES public.auth_user(id) DEFERRABLE INITIALLY DEFERRED;


--
-- Name: auth_group_permissions auth_group_permissio_permission_id_84c5c92e_fk_auth_perm; Type: FK CONSTRAINT; Schema: public; Owner: kameks_user
--

ALTER TABLE ONLY public.auth_group_permissions
    ADD CONSTRAINT auth_group_permissio_permission_id_84c5c92e_fk_auth_perm FOREIGN KEY (permission_id) REFERENCES public.auth_permission(id) DEFERRABLE INITIALLY DEFERRED;


--
-- Name: auth_group_permissions auth_group_permissions_group_id_b120cbf9_fk_auth_group_id; Type: FK CONSTRAINT; Schema: public; Owner: kameks_user
--

ALTER TABLE ONLY public.auth_group_permissions
    ADD CONSTRAINT auth_group_permissions_group_id_b120cbf9_fk_auth_group_id FOREIGN KEY (group_id) REFERENCES public.auth_group(id) DEFERRABLE INITIALLY DEFERRED;


--
-- Name: auth_permission auth_permission_content_type_id_2f476e4b_fk_django_co; Type: FK CONSTRAINT; Schema: public; Owner: kameks_user
--

ALTER TABLE ONLY public.auth_permission
    ADD CONSTRAINT auth_permission_content_type_id_2f476e4b_fk_django_co FOREIGN KEY (content_type_id) REFERENCES public.django_content_type(id) DEFERRABLE INITIALLY DEFERRED;


--
-- Name: auth_user_groups auth_user_groups_group_id_97559544_fk_auth_group_id; Type: FK CONSTRAINT; Schema: public; Owner: kameks_user
--

ALTER TABLE ONLY public.auth_user_groups
    ADD CONSTRAINT auth_user_groups_group_id_97559544_fk_auth_group_id FOREIGN KEY (group_id) REFERENCES public.auth_group(id) DEFERRABLE INITIALLY DEFERRED;


--
-- Name: auth_user_groups auth_user_groups_user_id_6a12ed8b_fk_auth_user_id; Type: FK CONSTRAINT; Schema: public; Owner: kameks_user
--

ALTER TABLE ONLY public.auth_user_groups
    ADD CONSTRAINT auth_user_groups_user_id_6a12ed8b_fk_auth_user_id FOREIGN KEY (user_id) REFERENCES public.auth_user(id) DEFERRABLE INITIALLY DEFERRED;


--
-- Name: auth_user_user_permissions auth_user_user_permi_permission_id_1fbb5f2c_fk_auth_perm; Type: FK CONSTRAINT; Schema: public; Owner: kameks_user
--

ALTER TABLE ONLY public.auth_user_user_permissions
    ADD CONSTRAINT auth_user_user_permi_permission_id_1fbb5f2c_fk_auth_perm FOREIGN KEY (permission_id) REFERENCES public.auth_permission(id) DEFERRABLE INITIALLY DEFERRED;


--
-- Name: auth_user_user_permissions auth_user_user_permissions_user_id_a95ead1b_fk_auth_user_id; Type: FK CONSTRAINT; Schema: public; Owner: kameks_user
--

ALTER TABLE ONLY public.auth_user_user_permissions
    ADD CONSTRAINT auth_user_user_permissions_user_id_a95ead1b_fk_auth_user_id FOREIGN KEY (user_id) REFERENCES public.auth_user(id) DEFERRABLE INITIALLY DEFERRED;


--
-- Name: catalog_analogue catalog_analogue_product_id_d2ebccc0_fk_catalog_product_id; Type: FK CONSTRAINT; Schema: public; Owner: kameks_user
--

ALTER TABLE ONLY public.catalog_analogue
    ADD CONSTRAINT catalog_analogue_product_id_d2ebccc0_fk_catalog_product_id FOREIGN KEY (product_id) REFERENCES public.catalog_product(id) DEFERRABLE INITIALLY DEFERRED;


--
-- Name: catalog_carmodel catalog_carmodel_brand_id_c44915da_fk_catalog_brand_id; Type: FK CONSTRAINT; Schema: public; Owner: kameks_user
--

ALTER TABLE ONLY public.catalog_carmodel
    ADD CONSTRAINT catalog_carmodel_brand_id_c44915da_fk_catalog_brand_id FOREIGN KEY (brand_id) REFERENCES public.catalog_brand(id) DEFERRABLE INITIALLY DEFERRED;


--
-- Name: catalog_category catalog_category_parent_id_f61bd017_fk_catalog_category_id; Type: FK CONSTRAINT; Schema: public; Owner: kameks_user
--

ALTER TABLE ONLY public.catalog_category
    ADD CONSTRAINT catalog_category_parent_id_f61bd017_fk_catalog_category_id FOREIGN KEY (parent_id) REFERENCES public.catalog_category(id) DEFERRABLE INITIALLY DEFERRED;


--
-- Name: catalog_product_brands catalog_product_bran_product_id_fd757728_fk_catalog_p; Type: FK CONSTRAINT; Schema: public; Owner: kameks_user
--

ALTER TABLE ONLY public.catalog_product_brands
    ADD CONSTRAINT catalog_product_bran_product_id_fd757728_fk_catalog_p FOREIGN KEY (product_id) REFERENCES public.catalog_product(id) DEFERRABLE INITIALLY DEFERRED;


--
-- Name: catalog_product_brands catalog_product_brands_brand_id_19331722_fk_catalog_brand_id; Type: FK CONSTRAINT; Schema: public; Owner: kameks_user
--

ALTER TABLE ONLY public.catalog_product_brands
    ADD CONSTRAINT catalog_product_brands_brand_id_19331722_fk_catalog_brand_id FOREIGN KEY (brand_id) REFERENCES public.catalog_brand(id) DEFERRABLE INITIALLY DEFERRED;


--
-- Name: catalog_product_car_models catalog_product_car__carmodel_id_d63b0a26_fk_catalog_c; Type: FK CONSTRAINT; Schema: public; Owner: kameks_user
--

ALTER TABLE ONLY public.catalog_product_car_models
    ADD CONSTRAINT catalog_product_car__carmodel_id_d63b0a26_fk_catalog_c FOREIGN KEY (carmodel_id) REFERENCES public.catalog_carmodel(id) DEFERRABLE INITIALLY DEFERRED;


--
-- Name: catalog_product_car_models catalog_product_car__product_id_1eacacb7_fk_catalog_p; Type: FK CONSTRAINT; Schema: public; Owner: kameks_user
--

ALTER TABLE ONLY public.catalog_product_car_models
    ADD CONSTRAINT catalog_product_car__product_id_1eacacb7_fk_catalog_p FOREIGN KEY (product_id) REFERENCES public.catalog_product(id) DEFERRABLE INITIALLY DEFERRED;


--
-- Name: catalog_product catalog_product_category_id_35bf920b_fk_catalog_category_id; Type: FK CONSTRAINT; Schema: public; Owner: kameks_user
--

ALTER TABLE ONLY public.catalog_product
    ADD CONSTRAINT catalog_product_category_id_35bf920b_fk_catalog_category_id FOREIGN KEY (category_id) REFERENCES public.catalog_category(id) DEFERRABLE INITIALLY DEFERRED;


--
-- Name: catalog_productattribute catalog_productattri_product_id_7ea24d8b_fk_catalog_p; Type: FK CONSTRAINT; Schema: public; Owner: kameks_user
--

ALTER TABLE ONLY public.catalog_productattribute
    ADD CONSTRAINT catalog_productattri_product_id_7ea24d8b_fk_catalog_p FOREIGN KEY (product_id) REFERENCES public.catalog_product(id) DEFERRABLE INITIALLY DEFERRED;


--
-- Name: catalog_productimage catalog_productimage_product_id_1f42dd8c_fk_catalog_product_id; Type: FK CONSTRAINT; Schema: public; Owner: kameks_user
--

ALTER TABLE ONLY public.catalog_productimage
    ADD CONSTRAINT catalog_productimage_product_id_1f42dd8c_fk_catalog_product_id FOREIGN KEY (product_id) REFERENCES public.catalog_product(id) DEFERRABLE INITIALLY DEFERRED;


--
-- Name: django_admin_log django_admin_log_content_type_id_c4bce8eb_fk_django_co; Type: FK CONSTRAINT; Schema: public; Owner: kameks_user
--

ALTER TABLE ONLY public.django_admin_log
    ADD CONSTRAINT django_admin_log_content_type_id_c4bce8eb_fk_django_co FOREIGN KEY (content_type_id) REFERENCES public.django_content_type(id) DEFERRABLE INITIALLY DEFERRED;


--
-- Name: django_admin_log django_admin_log_user_id_c564eba6_fk_auth_user_id; Type: FK CONSTRAINT; Schema: public; Owner: kameks_user
--

ALTER TABLE ONLY public.django_admin_log
    ADD CONSTRAINT django_admin_log_user_id_c564eba6_fk_auth_user_id FOREIGN KEY (user_id) REFERENCES public.auth_user(id) DEFERRABLE INITIALLY DEFERRED;


--
-- Name: integration_productbackup integration_productb_log_id_5716cf4c_fk_integrati; Type: FK CONSTRAINT; Schema: public; Owner: kameks_user
--

ALTER TABLE ONLY public.integration_productbackup
    ADD CONSTRAINT integration_productb_log_id_5716cf4c_fk_integrati FOREIGN KEY (log_id) REFERENCES public.integration_exchange1clog(id) DEFERRABLE INITIALLY DEFERRED;


--
-- Name: orders_order orders_order_user_id_e9b59eb1_fk_auth_user_id; Type: FK CONSTRAINT; Schema: public; Owner: kameks_user
--

ALTER TABLE ONLY public.orders_order
    ADD CONSTRAINT orders_order_user_id_e9b59eb1_fk_auth_user_id FOREIGN KEY (user_id) REFERENCES public.auth_user(id) DEFERRABLE INITIALLY DEFERRED;


--
-- Name: orders_orderitem orders_orderitem_order_id_fe61a34d_fk_orders_order_id; Type: FK CONSTRAINT; Schema: public; Owner: kameks_user
--

ALTER TABLE ONLY public.orders_orderitem
    ADD CONSTRAINT orders_orderitem_order_id_fe61a34d_fk_orders_order_id FOREIGN KEY (order_id) REFERENCES public.orders_order(id) DEFERRABLE INITIALLY DEFERRED;


--
-- Name: orders_orderitem orders_orderitem_product_id_afe4254a_fk_catalog_product_id; Type: FK CONSTRAINT; Schema: public; Owner: kameks_user
--

ALTER TABLE ONLY public.orders_orderitem
    ADD CONSTRAINT orders_orderitem_product_id_afe4254a_fk_catalog_product_id FOREIGN KEY (product_id) REFERENCES public.catalog_product(id) DEFERRABLE INITIALLY DEFERRED;


--
-- PostgreSQL database dump complete
--

\unrestrict d74ObLO5JxrpD7JRpglK8lny64PAaeskGfLbVNgE815An8bEX6VF3G2dwrdJNrd

