--
-- PostgreSQL database dump
--

\restrict vDKrbAMN7HERhSRLpeIJpmFzs4VfBIarmoeZpNJhAZBS6zSpPGHf4Askz0lCgnM

-- Dumped from database version 16.14
-- Dumped by pg_dump version 16.14

SET statement_timeout = 0;
SET lock_timeout = 0;
SET idle_in_transaction_session_timeout = 0;
SET client_encoding = 'UTF8';
SET standard_conforming_strings = on;
SELECT pg_catalog.set_config('search_path', '', false);
SET check_function_bodies = false;
SET xmloption = content;
SET client_min_messages = warning;
SET row_security = off;

SET default_tablespace = '';

SET default_table_access_method = heap;

--
-- Name: accounts_userprofile; Type: TABLE; Schema: public; Owner: kameks_user
--

CREATE TABLE public.accounts_userprofile (
    id bigint NOT NULL,
    phone character varying(20) NOT NULL,
    company_name character varying(200) NOT NULL,
    inn character varying(12) NOT NULL,
    address text NOT NULL,
    avatar character varying(100) NOT NULL,
    user_id integer NOT NULL
);


ALTER TABLE public.accounts_userprofile OWNER TO kameks_user;

--
-- Name: accounts_userprofile_id_seq; Type: SEQUENCE; Schema: public; Owner: kameks_user
--

ALTER TABLE public.accounts_userprofile ALTER COLUMN id ADD GENERATED BY DEFAULT AS IDENTITY (
    SEQUENCE NAME public.accounts_userprofile_id_seq
    START WITH 1
    INCREMENT BY 1
    NO MINVALUE
    NO MAXVALUE
    CACHE 1
);


--
-- Name: auth_group; Type: TABLE; Schema: public; Owner: kameks_user
--

CREATE TABLE public.auth_group (
    id integer NOT NULL,
    name character varying(150) NOT NULL
);


ALTER TABLE public.auth_group OWNER TO kameks_user;

--
-- Name: auth_group_id_seq; Type: SEQUENCE; Schema: public; Owner: kameks_user
--

ALTER TABLE public.auth_group ALTER COLUMN id ADD GENERATED BY DEFAULT AS IDENTITY (
    SEQUENCE NAME public.auth_group_id_seq
    START WITH 1
    INCREMENT BY 1
    NO MINVALUE
    NO MAXVALUE
    CACHE 1
);


--
-- Name: auth_group_permissions; Type: TABLE; Schema: public; Owner: kameks_user
--

CREATE TABLE public.auth_group_permissions (
    id bigint NOT NULL,
    group_id integer NOT NULL,
    permission_id integer NOT NULL
);


ALTER TABLE public.auth_group_permissions OWNER TO kameks_user;

--
-- Name: auth_group_permissions_id_seq; Type: SEQUENCE; Schema: public; Owner: kameks_user
--

ALTER TABLE public.auth_group_permissions ALTER COLUMN id ADD GENERATED BY DEFAULT AS IDENTITY (
    SEQUENCE NAME public.auth_group_permissions_id_seq
    START WITH 1
    INCREMENT BY 1
    NO MINVALUE
    NO MAXVALUE
    CACHE 1
);


--
-- Name: auth_permission; Type: TABLE; Schema: public; Owner: kameks_user
--

CREATE TABLE public.auth_permission (
    id integer NOT NULL,
    name character varying(255) NOT NULL,
    content_type_id integer NOT NULL,
    codename character varying(100) NOT NULL
);


ALTER TABLE public.auth_permission OWNER TO kameks_user;

--
-- Name: auth_permission_id_seq; Type: SEQUENCE; Schema: public; Owner: kameks_user
--

ALTER TABLE public.auth_permission ALTER COLUMN id ADD GENERATED BY DEFAULT AS IDENTITY (
    SEQUENCE NAME public.auth_permission_id_seq
    START WITH 1
    INCREMENT BY 1
    NO MINVALUE
    NO MAXVALUE
    CACHE 1
);


--
-- Name: auth_user; Type: TABLE; Schema: public; Owner: kameks_user
--

CREATE TABLE public.auth_user (
    id integer NOT NULL,
    password character varying(128) NOT NULL,
    last_login timestamp with time zone,
    is_superuser boolean NOT NULL,
    username character varying(150) NOT NULL,
    first_name character varying(150) NOT NULL,
    last_name character varying(150) NOT NULL,
    email character varying(254) NOT NULL,
    is_staff boolean NOT NULL,
    is_active boolean NOT NULL,
    date_joined timestamp with time zone NOT NULL
);


ALTER TABLE public.auth_user OWNER TO kameks_user;

--
-- Name: auth_user_groups; Type: TABLE; Schema: public; Owner: kameks_user
--

CREATE TABLE public.auth_user_groups (
    id bigint NOT NULL,
    user_id integer NOT NULL,
    group_id integer NOT NULL
);


ALTER TABLE public.auth_user_groups OWNER TO kameks_user;

--
-- Name: auth_user_groups_id_seq; Type: SEQUENCE; Schema: public; Owner: kameks_user
--

ALTER TABLE public.auth_user_groups ALTER COLUMN id ADD GENERATED BY DEFAULT AS IDENTITY (
    SEQUENCE NAME public.auth_user_groups_id_seq
    START WITH 1
    INCREMENT BY 1
    NO MINVALUE
    NO MAXVALUE
    CACHE 1
);


--
-- Name: auth_user_id_seq; Type: SEQUENCE; Schema: public; Owner: kameks_user
--

ALTER TABLE public.auth_user ALTER COLUMN id ADD GENERATED BY DEFAULT AS IDENTITY (
    SEQUENCE NAME public.auth_user_id_seq
    START WITH 1
    INCREMENT BY 1
    NO MINVALUE
    NO MAXVALUE
    CACHE 1
);


--
-- Name: auth_user_user_permissions; Type: TABLE; Schema: public; Owner: kameks_user
--

CREATE TABLE public.auth_user_user_permissions (
    id bigint NOT NULL,
    user_id integer NOT NULL,
    permission_id integer NOT NULL
);


ALTER TABLE public.auth_user_user_permissions OWNER TO kameks_user;

--
-- Name: auth_user_user_permissions_id_seq; Type: SEQUENCE; Schema: public; Owner: kameks_user
--

ALTER TABLE public.auth_user_user_permissions ALTER COLUMN id ADD GENERATED BY DEFAULT AS IDENTITY (
    SEQUENCE NAME public.auth_user_user_permissions_id_seq
    START WITH 1
    INCREMENT BY 1
    NO MINVALUE
    NO MAXVALUE
    CACHE 1
);


--
-- Name: catalog_analogue; Type: TABLE; Schema: public; Owner: kameks_user
--

CREATE TABLE public.catalog_analogue (
    id bigint NOT NULL,
    brand_name character varying(100) NOT NULL,
    part_number character varying(100) NOT NULL,
    product_id bigint NOT NULL
);


ALTER TABLE public.catalog_analogue OWNER TO kameks_user;

--
-- Name: catalog_analogue_id_seq; Type: SEQUENCE; Schema: public; Owner: kameks_user
--

ALTER TABLE public.catalog_analogue ALTER COLUMN id ADD GENERATED BY DEFAULT AS IDENTITY (
    SEQUENCE NAME public.catalog_analogue_id_seq
    START WITH 1
    INCREMENT BY 1
    NO MINVALUE
    NO MAXVALUE
    CACHE 1
);


--
-- Name: catalog_brand; Type: TABLE; Schema: public; Owner: kameks_user
--

CREATE TABLE public.catalog_brand (
    id bigint NOT NULL,
    name character varying(100) NOT NULL,
    slug character varying(50) NOT NULL,
    logo character varying(100) NOT NULL,
    description text NOT NULL,
    is_active boolean NOT NULL,
    "order" smallint NOT NULL,
    CONSTRAINT catalog_brand_order_check CHECK (("order" >= 0))
);


ALTER TABLE public.catalog_brand OWNER TO kameks_user;

--
-- Name: catalog_brand_id_seq; Type: SEQUENCE; Schema: public; Owner: kameks_user
--

ALTER TABLE public.catalog_brand ALTER COLUMN id ADD GENERATED BY DEFAULT AS IDENTITY (
    SEQUENCE NAME public.catalog_brand_id_seq
    START WITH 1
    INCREMENT BY 1
    NO MINVALUE
    NO MAXVALUE
    CACHE 1
);


--
-- Name: catalog_carmodel; Type: TABLE; Schema: public; Owner: kameks_user
--

CREATE TABLE public.catalog_carmodel (
    id bigint NOT NULL,
    name character varying(150) NOT NULL,
    slug character varying(50) NOT NULL,
    year_from smallint,
    year_to smallint,
    is_active boolean NOT NULL,
    brand_id bigint NOT NULL,
    CONSTRAINT catalog_carmodel_year_from_check CHECK ((year_from >= 0)),
    CONSTRAINT catalog_carmodel_year_to_check CHECK ((year_to >= 0))
);


ALTER TABLE public.catalog_carmodel OWNER TO kameks_user;

--
-- Name: catalog_carmodel_id_seq; Type: SEQUENCE; Schema: public; Owner: kameks_user
--

ALTER TABLE public.catalog_carmodel ALTER COLUMN id ADD GENERATED BY DEFAULT AS IDENTITY (
    SEQUENCE NAME public.catalog_carmodel_id_seq
    START WITH 1
    INCREMENT BY 1
    NO MINVALUE
    NO MAXVALUE
    CACHE 1
);


--
-- Name: catalog_category; Type: TABLE; Schema: public; Owner: kameks_user
--

CREATE TABLE public.catalog_category (
    id bigint NOT NULL,
    name character varying(150) NOT NULL,
    slug character varying(50) NOT NULL,
    image character varying(100) NOT NULL,
    icon character varying(50) NOT NULL,
    description text NOT NULL,
    is_active boolean NOT NULL,
    "order" smallint NOT NULL,
    parent_id bigint,
    CONSTRAINT catalog_category_order_check CHECK (("order" >= 0))
);


ALTER TABLE public.catalog_category OWNER TO kameks_user;

--
-- Name: catalog_category_id_seq; Type: SEQUENCE; Schema: public; Owner: kameks_user
--

ALTER TABLE public.catalog_category ALTER COLUMN id ADD GENERATED BY DEFAULT AS IDENTITY (
    SEQUENCE NAME public.catalog_category_id_seq
    START WITH 1
    INCREMENT BY 1
    NO MINVALUE
    NO MAXVALUE
    CACHE 1
);


--
-- Name: catalog_product; Type: TABLE; Schema: public; Owner: kameks_user
--

CREATE TABLE public.catalog_product (
    id bigint NOT NULL,
    name character varying(300) NOT NULL,
    slug character varying(350) NOT NULL,
    sku character varying(100) NOT NULL,
    oem_number character varying(100) NOT NULL,
    description text NOT NULL,
    price numeric(10,2) NOT NULL,
    discount_price numeric(10,2),
    stock integer NOT NULL,
    weight numeric(7,3),
    is_original boolean NOT NULL,
    is_active boolean NOT NULL,
    is_bestseller boolean NOT NULL,
    is_new boolean NOT NULL,
    created_at timestamp with time zone NOT NULL,
    updated_at timestamp with time zone NOT NULL,
    category_id bigint NOT NULL,
    no_sku boolean NOT NULL,
    CONSTRAINT catalog_product_stock_check CHECK ((stock >= 0))
);


ALTER TABLE public.catalog_product OWNER TO kameks_user;

--
-- Name: catalog_product_brands; Type: TABLE; Schema: public; Owner: kameks_user
--

CREATE TABLE public.catalog_product_brands (
    id bigint NOT NULL,
    product_id bigint NOT NULL,
    brand_id bigint NOT NULL
);


ALTER TABLE public.catalog_product_brands OWNER TO kameks_user;

--
-- Name: catalog_product_brands_id_seq; Type: SEQUENCE; Schema: public; Owner: kameks_user
--

ALTER TABLE public.catalog_product_brands ALTER COLUMN id ADD GENERATED BY DEFAULT AS IDENTITY (
    SEQUENCE NAME public.catalog_product_brands_id_seq
    START WITH 1
    INCREMENT BY 1
    NO MINVALUE
    NO MAXVALUE
    CACHE 1
);


--
-- Name: catalog_product_car_models; Type: TABLE; Schema: public; Owner: kameks_user
--

CREATE TABLE public.catalog_product_car_models (
    id bigint NOT NULL,
    product_id bigint NOT NULL,
    carmodel_id bigint NOT NULL
);


ALTER TABLE public.catalog_product_car_models OWNER TO kameks_user;

--
-- Name: catalog_product_car_models_id_seq; Type: SEQUENCE; Schema: public; Owner: kameks_user
--

ALTER TABLE public.catalog_product_car_models ALTER COLUMN id ADD GENERATED BY DEFAULT AS IDENTITY (
    SEQUENCE NAME public.catalog_product_car_models_id_seq
    START WITH 1
    INCREMENT BY 1
    NO MINVALUE
    NO MAXVALUE
    CACHE 1
);


--
-- Name: catalog_product_id_seq; Type: SEQUENCE; Schema: public; Owner: kameks_user
--

ALTER TABLE public.catalog_product ALTER COLUMN id ADD GENERATED BY DEFAULT AS IDENTITY (
    SEQUENCE NAME public.catalog_product_id_seq
    START WITH 1
    INCREMENT BY 1
    NO MINVALUE
    NO MAXVALUE
    CACHE 1
);


--
-- Name: catalog_productattribute; Type: TABLE; Schema: public; Owner: kameks_user
--

CREATE TABLE public.catalog_productattribute (
    id bigint NOT NULL,
    name character varying(150) NOT NULL,
    value character varying(300) NOT NULL,
    "order" smallint NOT NULL,
    product_id bigint NOT NULL,
    CONSTRAINT catalog_productattribute_order_check CHECK (("order" >= 0))
);


ALTER TABLE public.catalog_productattribute OWNER TO kameks_user;

--
-- Name: catalog_productattribute_id_seq; Type: SEQUENCE; Schema: public; Owner: kameks_user
--

ALTER TABLE public.catalog_productattribute ALTER COLUMN id ADD GENERATED BY DEFAULT AS IDENTITY (
    SEQUENCE NAME public.catalog_productattribute_id_seq
    START WITH 1
    INCREMENT BY 1
    NO MINVALUE
    NO MAXVALUE
    CACHE 1
);


--
-- Name: catalog_productimage; Type: TABLE; Schema: public; Owner: kameks_user
--

CREATE TABLE public.catalog_productimage (
    id bigint NOT NULL,
    image character varying(100) NOT NULL,
    is_main boolean NOT NULL,
    "order" smallint NOT NULL,
    product_id bigint NOT NULL,
    CONSTRAINT catalog_productimage_order_check CHECK (("order" >= 0))
);


ALTER TABLE public.catalog_productimage OWNER TO kameks_user;

--
-- Name: catalog_productimage_id_seq; Type: SEQUENCE; Schema: public; Owner: kameks_user
--

ALTER TABLE public.catalog_productimage ALTER COLUMN id ADD GENERATED BY DEFAULT AS IDENTITY (
    SEQUENCE NAME public.catalog_productimage_id_seq
    START WITH 1
    INCREMENT BY 1
    NO MINVALUE
    NO MAXVALUE
    CACHE 1
);


--
-- Name: django_admin_log; Type: TABLE; Schema: public; Owner: kameks_user
--

CREATE TABLE public.django_admin_log (
    id integer NOT NULL,
    action_time timestamp with time zone NOT NULL,
    object_id text,
    object_repr character varying(200) NOT NULL,
    action_flag smallint NOT NULL,
    change_message text NOT NULL,
    content_type_id integer,
    user_id integer NOT NULL,
    CONSTRAINT django_admin_log_action_flag_check CHECK ((action_flag >= 0))
);


ALTER TABLE public.django_admin_log OWNER TO kameks_user;

--
-- Name: django_admin_log_id_seq; Type: SEQUENCE; Schema: public; Owner: kameks_user
--

ALTER TABLE public.django_admin_log ALTER COLUMN id ADD GENERATED BY DEFAULT AS IDENTITY (
    SEQUENCE NAME public.django_admin_log_id_seq
    START WITH 1
    INCREMENT BY 1
    NO MINVALUE
    NO MAXVALUE
    CACHE 1
);


--
-- Name: django_content_type; Type: TABLE; Schema: public; Owner: kameks_user
--

CREATE TABLE public.django_content_type (
    id integer NOT NULL,
    app_label character varying(100) NOT NULL,
    model character varying(100) NOT NULL
);


ALTER TABLE public.django_content_type OWNER TO kameks_user;

--
-- Name: django_content_type_id_seq; Type: SEQUENCE; Schema: public; Owner: kameks_user
--

ALTER TABLE public.django_content_type ALTER COLUMN id ADD GENERATED BY DEFAULT AS IDENTITY (
    SEQUENCE NAME public.django_content_type_id_seq
    START WITH 1
    INCREMENT BY 1
    NO MINVALUE
    NO MAXVALUE
    CACHE 1
);


--
-- Name: django_migrations; Type: TABLE; Schema: public; Owner: kameks_user
--

CREATE TABLE public.django_migrations (
    id bigint NOT NULL,
    app character varying(255) NOT NULL,
    name character varying(255) NOT NULL,
    applied timestamp with time zone NOT NULL
);


ALTER TABLE public.django_migrations OWNER TO kameks_user;

--
-- Name: django_migrations_id_seq; Type: SEQUENCE; Schema: public; Owner: kameks_user
--

ALTER TABLE public.django_migrations ALTER COLUMN id ADD GENERATED BY DEFAULT AS IDENTITY (
    SEQUENCE NAME public.django_migrations_id_seq
    START WITH 1
    INCREMENT BY 1
    NO MINVALUE
    NO MAXVALUE
    CACHE 1
);


--
-- Name: django_session; Type: TABLE; Schema: public; Owner: kameks_user
--

CREATE TABLE public.django_session (
    session_key character varying(40) NOT NULL,
    session_data text NOT NULL,
    expire_date timestamp with time zone NOT NULL
);


ALTER TABLE public.django_session OWNER TO kameks_user;

--
-- Name: integration_exchange1clog; Type: TABLE; Schema: public; Owner: kameks_user
--

CREATE TABLE public.integration_exchange1clog (
    id bigint NOT NULL,
    filename character varying(255) NOT NULL,
    status character varying(20) NOT NULL,
    created_at timestamp with time zone NOT NULL,
    count_processed integer NOT NULL,
    count_created integer NOT NULL,
    count_price_updated integer NOT NULL,
    count_stock_updated integer NOT NULL,
    count_no_sku integer NOT NULL,
    count_errors integer NOT NULL,
    error_text text NOT NULL,
    details text NOT NULL,
    CONSTRAINT integration_exchange1clog_count_created_check CHECK ((count_created >= 0)),
    CONSTRAINT integration_exchange1clog_count_errors_check CHECK ((count_errors >= 0)),
    CONSTRAINT integration_exchange1clog_count_no_sku_check CHECK ((count_no_sku >= 0)),
    CONSTRAINT integration_exchange1clog_count_price_updated_check CHECK ((count_price_updated >= 0)),
    CONSTRAINT integration_exchange1clog_count_processed_check CHECK ((count_processed >= 0)),
    CONSTRAINT integration_exchange1clog_count_stock_updated_check CHECK ((count_stock_updated >= 0))
);


ALTER TABLE public.integration_exchange1clog OWNER TO kameks_user;

--
-- Name: integration_exchange1clog_id_seq; Type: SEQUENCE; Schema: public; Owner: kameks_user
--

ALTER TABLE public.integration_exchange1clog ALTER COLUMN id ADD GENERATED BY DEFAULT AS IDENTITY (
    SEQUENCE NAME public.integration_exchange1clog_id_seq
    START WITH 1
    INCREMENT BY 1
    NO MINVALUE
    NO MAXVALUE
    CACHE 1
);


--
-- Name: integration_productbackup; Type: TABLE; Schema: public; Owner: kameks_user
--

CREATE TABLE public.integration_productbackup (
    id bigint NOT NULL,
    product_id integer NOT NULL,
    sku character varying(100) NOT NULL,
    name character varying(300) NOT NULL,
    price numeric(10,2) NOT NULL,
    stock integer NOT NULL,
    is_active boolean NOT NULL,
    action character varying(20) NOT NULL,
    log_id bigint NOT NULL,
    CONSTRAINT integration_productbackup_product_id_check CHECK ((product_id >= 0)),
    CONSTRAINT integration_productbackup_stock_check CHECK ((stock >= 0))
);


ALTER TABLE public.integration_productbackup OWNER TO kameks_user;

--
-- Name: integration_productbackup_id_seq; Type: SEQUENCE; Schema: public; Owner: kameks_user
--

ALTER TABLE public.integration_productbackup ALTER COLUMN id ADD GENERATED BY DEFAULT AS IDENTITY (
    SEQUENCE NAME public.integration_productbackup_id_seq
    START WITH 1
    INCREMENT BY 1
    NO MINVALUE
    NO MAXVALUE
    CACHE 1
);


--
-- Name: main_advantage; Type: TABLE; Schema: public; Owner: kameks_user
--

CREATE TABLE public.main_advantage (
    id bigint NOT NULL,
    icon character varying(50) NOT NULL,
    title character varying(100) NOT NULL,
    description text NOT NULL,
    "order" smallint NOT NULL,
    CONSTRAINT main_advantage_order_check CHECK (("order" >= 0))
);


ALTER TABLE public.main_advantage OWNER TO kameks_user;

--
-- Name: main_advantage_id_seq; Type: SEQUENCE; Schema: public; Owner: kameks_user
--

ALTER TABLE public.main_advantage ALTER COLUMN id ADD GENERATED BY DEFAULT AS IDENTITY (
    SEQUENCE NAME public.main_advantage_id_seq
    START WITH 1
    INCREMENT BY 1
    NO MINVALUE
    NO MAXVALUE
    CACHE 1
);


--
-- Name: main_banner; Type: TABLE; Schema: public; Owner: kameks_user
--

CREATE TABLE public.main_banner (
    id bigint NOT NULL,
    title character varying(200) NOT NULL,
    subtitle character varying(300) NOT NULL,
    image character varying(100) NOT NULL,
    button_text character varying(50) NOT NULL,
    button_url character varying(200) NOT NULL,
    is_active boolean NOT NULL,
    "order" smallint NOT NULL,
    CONSTRAINT main_banner_order_check CHECK (("order" >= 0))
);


ALTER TABLE public.main_banner OWNER TO kameks_user;

--
-- Name: main_banner_id_seq; Type: SEQUENCE; Schema: public; Owner: kameks_user
--

ALTER TABLE public.main_banner ALTER COLUMN id ADD GENERATED BY DEFAULT AS IDENTITY (
    SEQUENCE NAME public.main_banner_id_seq
    START WITH 1
    INCREMENT BY 1
    NO MINVALUE
    NO MAXVALUE
    CACHE 1
);


--
-- Name: main_partner; Type: TABLE; Schema: public; Owner: kameks_user
--

CREATE TABLE public.main_partner (
    id bigint NOT NULL,
    name character varying(100) NOT NULL,
    logo character varying(100) NOT NULL,
    website character varying(200) NOT NULL,
    "order" smallint NOT NULL,
    is_active boolean NOT NULL,
    CONSTRAINT main_partner_order_check CHECK (("order" >= 0))
);


ALTER TABLE public.main_partner OWNER TO kameks_user;

--
-- Name: main_partner_id_seq; Type: SEQUENCE; Schema: public; Owner: kameks_user
--

ALTER TABLE public.main_partner ALTER COLUMN id ADD GENERATED BY DEFAULT AS IDENTITY (
    SEQUENCE NAME public.main_partner_id_seq
    START WITH 1
    INCREMENT BY 1
    NO MINVALUE
    NO MAXVALUE
    CACHE 1
);


--
-- Name: main_review; Type: TABLE; Schema: public; Owner: kameks_user
--

CREATE TABLE public.main_review (
    id bigint NOT NULL,
    author_name character varying(100) NOT NULL,
    author_company character varying(150) NOT NULL,
    text text NOT NULL,
    rating smallint NOT NULL,
    is_active boolean NOT NULL,
    created_at date NOT NULL,
    CONSTRAINT main_review_rating_check CHECK ((rating >= 0))
);


ALTER TABLE public.main_review OWNER TO kameks_user;

--
-- Name: main_review_id_seq; Type: SEQUENCE; Schema: public; Owner: kameks_user
--

ALTER TABLE public.main_review ALTER COLUMN id ADD GENERATED BY DEFAULT AS IDENTITY (
    SEQUENCE NAME public.main_review_id_seq
    START WITH 1
    INCREMENT BY 1
    NO MINVALUE
    NO MAXVALUE
    CACHE 1
);


--
-- Name: orders_order; Type: TABLE; Schema: public; Owner: kameks_user
--

CREATE TABLE public.orders_order (
    id bigint NOT NULL,
    first_name character varying(100) NOT NULL,
    last_name character varying(100) NOT NULL,
    phone character varying(20) NOT NULL,
    email character varying(254) NOT NULL,
    company character varying(200) NOT NULL,
    delivery_type character varying(30) NOT NULL,
    delivery_address text NOT NULL,
    delivery_city character varying(100) NOT NULL,
    payment_type character varying(20) NOT NULL,
    status character varying(20) NOT NULL,
    comment text NOT NULL,
    total_price numeric(12,2) NOT NULL,
    created_at timestamp with time zone NOT NULL,
    updated_at timestamp with time zone NOT NULL,
    user_id integer,
    exported_at timestamp with time zone,
    exported_to_1c boolean NOT NULL,
    stock_deducted boolean NOT NULL
);


ALTER TABLE public.orders_order OWNER TO kameks_user;

--
-- Name: orders_order_id_seq; Type: SEQUENCE; Schema: public; Owner: kameks_user
--

ALTER TABLE public.orders_order ALTER COLUMN id ADD GENERATED BY DEFAULT AS IDENTITY (
    SEQUENCE NAME public.orders_order_id_seq
    START WITH 1
    INCREMENT BY 1
    NO MINVALUE
    NO MAXVALUE
    CACHE 1
);


--
-- Name: orders_orderitem; Type: TABLE; Schema: public; Owner: kameks_user
--

CREATE TABLE public.orders_orderitem (
    id bigint NOT NULL,
    price numeric(10,2) NOT NULL,
    quantity integer NOT NULL,
    order_id bigint NOT NULL,
    product_id bigint NOT NULL,
    CONSTRAINT orders_orderitem_quantity_check CHECK ((quantity >= 0))
);


ALTER TABLE public.orders_orderitem OWNER TO kameks_user;

--
-- Name: orders_orderitem_id_seq; Type: SEQUENCE; Schema: public; Owner: kameks_user
--

ALTER TABLE public.orders_orderitem ALTER COLUMN id ADD GENERATED BY DEFAULT AS IDENTITY (
    SEQUENCE NAME public.orders_orderitem_id_seq
    START WITH 1
    INCREMENT BY 1
    NO MINVALUE
    NO MAXVALUE
    CACHE 1
);


--
-- Data for Name: accounts_userprofile; Type: TABLE DATA; Schema: public; Owner: kameks_user
--

COPY public.accounts_userprofile (id, phone, company_name, inn, address, avatar, user_id) FROM stdin;
1						1
2						2
3						3
4						4
5						5
6	+79600627002					6
\.


--
-- Data for Name: auth_group; Type: TABLE DATA; Schema: public; Owner: kameks_user
--

COPY public.auth_group (id, name) FROM stdin;
\.


--
-- Data for Name: auth_group_permissions; Type: TABLE DATA; Schema: public; Owner: kameks_user
--

COPY public.auth_group_permissions (id, group_id, permission_id) FROM stdin;
\.


--
-- Data for Name: auth_permission; Type: TABLE DATA; Schema: public; Owner: kameks_user
--

COPY public.auth_permission (id, name, content_type_id, codename) FROM stdin;
1	Can add log entry	1	add_logentry
2	Can change log entry	1	change_logentry
3	Can delete log entry	1	delete_logentry
4	Can view log entry	1	view_logentry
5	Can add permission	2	add_permission
6	Can change permission	2	change_permission
7	Can delete permission	2	delete_permission
8	Can view permission	2	view_permission
9	Can add group	3	add_group
10	Can change group	3	change_group
11	Can delete group	3	delete_group
12	Can view group	3	view_group
13	Can add user	4	add_user
14	Can change user	4	change_user
15	Can delete user	4	delete_user
16	Can view user	4	view_user
17	Can add content type	5	add_contenttype
18	Can change content type	5	change_contenttype
19	Can delete content type	5	delete_contenttype
20	Can view content type	5	view_contenttype
21	Can add session	6	add_session
22	Can change session	6	change_session
23	Can delete session	6	delete_session
24	Can view session	6	view_session
25	Can add Преимущество	7	add_advantage
26	Can change Преимущество	7	change_advantage
27	Can delete Преимущество	7	delete_advantage
28	Can view Преимущество	7	view_advantage
29	Can add Баннер	8	add_banner
30	Can change Баннер	8	change_banner
31	Can delete Баннер	8	delete_banner
32	Can view Баннер	8	view_banner
33	Can add Партнёр	9	add_partner
34	Can change Партнёр	9	change_partner
35	Can delete Партнёр	9	delete_partner
36	Can view Партнёр	9	view_partner
37	Can add Отзыв	10	add_review
38	Can change Отзыв	10	change_review
39	Can delete Отзыв	10	delete_review
40	Can view Отзыв	10	view_review
41	Can add Марка автомобиля	11	add_brand
42	Can change Марка автомобиля	11	change_brand
43	Can delete Марка автомобиля	11	delete_brand
44	Can view Марка автомобиля	11	view_brand
45	Can add Модель автомобиля	12	add_carmodel
46	Can change Модель автомобиля	12	change_carmodel
47	Can delete Модель автомобиля	12	delete_carmodel
48	Can view Модель автомобиля	12	view_carmodel
49	Can add Категория	13	add_category
50	Can change Категория	13	change_category
51	Can delete Категория	13	delete_category
52	Can view Категория	13	view_category
53	Can add Товар	14	add_product
54	Can change Товар	14	change_product
55	Can delete Товар	14	delete_product
56	Can view Товар	14	view_product
57	Can add Аналог	15	add_analogue
58	Can change Аналог	15	change_analogue
59	Can delete Аналог	15	delete_analogue
60	Can view Аналог	15	view_analogue
61	Can add Фото товара	16	add_productimage
62	Can change Фото товара	16	change_productimage
63	Can delete Фото товара	16	delete_productimage
64	Can view Фото товара	16	view_productimage
65	Can add Заказ	17	add_order
66	Can change Заказ	17	change_order
67	Can delete Заказ	17	delete_order
68	Can view Заказ	17	view_order
69	Can add Позиция заказа	18	add_orderitem
70	Can change Позиция заказа	18	change_orderitem
71	Can delete Позиция заказа	18	delete_orderitem
72	Can view Позиция заказа	18	view_orderitem
73	Can add Профиль пользователя	19	add_userprofile
74	Can change Профиль пользователя	19	change_userprofile
75	Can delete Профиль пользователя	19	delete_userprofile
76	Can view Профиль пользователя	19	view_userprofile
77	Can add Характеристика товара	20	add_productattribute
78	Can change Характеристика товара	20	change_productattribute
79	Can delete Характеристика товара	20	delete_productattribute
80	Can view Характеристика товара	20	view_productattribute
81	Can add Лог обмена с 1С	21	add_exchange1clog
82	Can change Лог обмена с 1С	21	change_exchange1clog
83	Can delete Лог обмена с 1С	21	delete_exchange1clog
84	Can view Лог обмена с 1С	21	view_exchange1clog
85	Can add Бэкап товара	22	add_productbackup
86	Can change Бэкап товара	22	change_productbackup
87	Can delete Бэкап товара	22	delete_productbackup
88	Can view Бэкап товара	22	view_productbackup
\.


--
-- Data for Name: auth_user; Type: TABLE DATA; Schema: public; Owner: kameks_user
--

COPY public.auth_user (id, password, last_login, is_superuser, username, first_name, last_name, email, is_staff, is_active, date_joined) FROM stdin;
1	pbkdf2_sha256$720000$6hbnhlDByUdM3Ajr6dvuPs$ca745ap7ZvStfojNbS/992c7DVFUwemhXHLE7qZYDRQ=	2026-05-27 11:52:43.00119+00	f	фыв	фыыы	фяяя	mail@mail.ru	f	t	2026-05-27 11:52:42.848887+00
2	pbkdf2_sha256$720000$I3veGV8jHLj265CtkouGga$UfxkD8+RgYTH7Fz7fl7/gmywF9q8kkPOPaq0nE97/ss=	2026-05-27 13:08:22.12272+00	f	Overboss	Андрей	Семенович	111171@mail.ru	f	t	2026-05-27 13:08:21.965283+00
4	pbkdf2_sha256$720000$EQdXDOcvBm1ZivGbOgec1U$vNq+hP8ZM2MoyE5NRX1ASwHaDTsUh2xPg7Pkjjc1+dg=	2026-05-31 02:17:21.470288+00	f	huntekroks	Андрей	Настин	andryusha.ezh@mail.ru	f	t	2026-05-31 02:17:21.318795+00
5	pbkdf2_sha256$720000$cauGIPPUfXfsa4KBIpVi6C$61IdEd/pCQoqVv/IJfvkvgyPnpvIln3Y46HdDswGfyI=	2026-05-31 02:18:02.966968+00	f	plysh_katya	катя	плюш	smelaya_katya00@mail.ru	f	t	2026-05-31 02:18:02.822264+00
6	pbkdf2_sha256$720000$DmWargFRvSsujCNYxacis9$IRd1wOHFsfJzUXQP78uHtEm49AMTzZt0QCEks8o/98s=	2026-05-31 02:38:28.393581+00	f	andryusha.nastin04	Андрей		andryusha.nastin04@mail.ru	f	t	2026-05-31 02:37:39.618291+00
3	pbkdf2_sha256$720000$Rzp33WpXancV8tsDFj3iCl$1oWepncRh99GTdD58rDfIppzKKLZQs+SrgCyp7D6tIg=	2026-05-31 03:32:28.680833+00	t	admin			andryusha.ezh@mail.ru	t	t	2026-05-28 22:22:23.07862+00
\.


--
-- Data for Name: auth_user_groups; Type: TABLE DATA; Schema: public; Owner: kameks_user
--

COPY public.auth_user_groups (id, user_id, group_id) FROM stdin;
\.


--
-- Data for Name: auth_user_user_permissions; Type: TABLE DATA; Schema: public; Owner: kameks_user
--

COPY public.auth_user_user_permissions (id, user_id, permission_id) FROM stdin;
\.


--
-- Data for Name: catalog_analogue; Type: TABLE DATA; Schema: public; Owner: kameks_user
--

COPY public.catalog_analogue (id, brand_name, part_number, product_id) FROM stdin;
\.


--
-- Data for Name: catalog_brand; Type: TABLE DATA; Schema: public; Owner: kameks_user
--

COPY public.catalog_brand (id, name, slug, logo, description, is_active, "order") FROM stdin;
1	КАМАЗ	kamaz		Камский автомобильный завод	t	1
2	МАЗ	maz		Минский автомобильный завод	t	2
3	Урал	ural		Автомобильный завод Урал	t	3
4	КрАЗ	kraz		Кременчугский автозавод	t	4
6	ЗИЛ	zil			t	10
7	ЛиАЗ	liaz			t	11
8	НЕФАЗ	nefaz			t	12
9	Икарус	ikarus			t	13
10	ГАЗ	gaz			t	14
11	МТЗ	mtz			t	15
5	ЯМЗ	yamz		Ярославский моторный завод	t	5
12	ПАЗ	paz			t	0
\.


--
-- Data for Name: catalog_carmodel; Type: TABLE DATA; Schema: public; Owner: kameks_user
--

COPY public.catalog_carmodel (id, name, slug, year_from, year_to, is_active, brand_id) FROM stdin;
1	65115	65115	2003	\N	t	1
2	65117	65117	2007	\N	t	1
3	6520	6520	2002	\N	t	1
4	5490	5490	2013	\N	t	1
5	43118	43118	1996	\N	t	1
6	5440	5440	2002	\N	t	2
7	6501	6501	2005	\N	t	2
8	5550	5550	1995	\N	t	2
9	4320	4320	1977	\N	t	3
10	6370	6370	2007	\N	t	3
11	255	255	1967	1994	t	4
12	6510	6510	1994	\N	t	4
13	238	238	1965	\N	t	5
14	536	536	2010	\N	t	5
\.


--
-- Data for Name: catalog_category; Type: TABLE DATA; Schema: public; Owner: kameks_user
--

COPY public.catalog_category (id, name, slug, image, icon, description, is_active, "order", parent_id) FROM stdin;
6705	Ходовая часть	hodovaya		bi-car-front		t	1	\N
6706	Амортизаторы	amortizatory				t	1	6705
6707	Амортизаторы подвески	amort-podveski				t	0	6706
6708	Амортизаторы кабины	amort-kabiny				t	1	6706
6709	Амортизаторы сиденья	amort-sidenya				t	2	6706
6710	Рессоры и детали	ressory				t	2	6705
6711	Рессоры	ressory-list				t	0	6710
6712	Стремянки	stremyanki				t	1	6710
6713	Реактивные штанги	reaktivnye-shtangi				t	3	6705
6714	Вкладыши штанг	vkladyshi-shtang				t	0	6713
6715	Домкраты	domkraty				t	4	6705
6716	Домкраты	domkraty-list				t	0	6715
6717	Трансмиссия	transmissiya		bi-gear		t	2	\N
6718	Валы карданные	valy-kardannye				t	1	6717
6719	Валы карданные КАМАЗ	valy-kamaz				t	0	6718
6720	Валы карданные МАЗ	valy-maz				t	1	6718
6721	Валы карданные КрАЗ	valy-kraz				t	2	6718
6722	Валы карданные Урал	valy-ural				t	3	6718
6723	Крестовины	krestoviny				t	2	6717
6724	Крестовины карданные	krestoviny-list				t	0	6723
6725	Вкладыши и втулки	vkladyshi				t	3	6717
6726	Вкладыши коренные	vkladyshi-korennye				t	0	6725
6727	Вкладыши шатунные	vkladyshi-shatunnye				t	1	6725
6728	Втулки распредвала	vtulki-raspredvala				t	2	6725
6729	КПП и сцепление	kpp				t	4	6717
6730	Детали КПП	detali-kpp				t	0	6729
6731	Мосты и балансиры	mosty				t	5	6717
6732	Детали мостов	detali-mostov				t	0	6731
6733	Шланги МОД	shlangi-mod				t	1	6731
6734	Тормозная система	tormoza		bi-record-circle		t	3	\N
6735	Тормозная аппаратура	torm-apparatura				t	1	6734
6736	Головки соединительные	golovki-palm				t	0	6735
6737	Клапаны	klapany				t	1	6735
6738	Влагоотделители	vlagootdeliteli				t	2	6735
6739	Энергоаккумуляторы	energoakkumulyatory				t	3	6735
6740	Регуляторы тормозных сил	regulyatory-torm				t	4	6735
6741	Тормозная аппаратура прочее	torm-apparatura-prochee				t	5	6735
6742	Тормозные камеры	torm-kamery				t	2	6734
6743	Камеры тормозные	kamery-list				t	0	6742
6744	Компрессоры	kompressory				t	3	6734
6745	Компрессоры тормозные	komp-list				t	0	6744
6746	Тормозные колодки	torm-kolodki				t	4	6734
6747	Колодки и накладки	kolodki-list				t	0	6746
6748	Двигатель	dvigatel		bi-engine		t	4	\N
6749	Прокладки и уплотнения	prokladki				t	1	6748
6750	Прокладки головки блока	prokladki-gbts				t	0	6749
6751	Прокладки клапанной крышки	prokladki-klapan				t	1	6749
6752	Прокладки коллектора	prokladki-kollektor				t	2	6749
6753	Манжеты и сальники	manzhety				t	3	6749
6754	РТИ и уплотнения	rti				t	4	6749
6755	Прокладки прочие	prokladki-prochie				t	5	6749
6756	Фильтры	filtry				t	2	6748
6757	Фильтры масляные	filtry-maslo				t	0	6756
6758	Фильтры топливные	filtry-toplivo				t	1	6756
6759	Фильтры воздушные	filtry-vozdukh				t	2	6756
6760	Воздухозаборники	vozdukhozaborniki				t	3	6756
6761	Детали ЦПГ	tspg				t	3	6748
6762	Поршневые кольца	porshnevye-kolca				t	0	6761
6763	Гильзы цилиндров	gilzy				t	1	6761
6764	Поршневая группа	porshnevaya				t	2	6761
6765	Детали маховика	makhodik				t	3	6761
6766	Система охлаждения	okhlazhdenie				t	4	6748
6767	Радиаторы	radiatory				t	0	6766
6768	Патрубки и шланги охлаждения	patrubki				t	1	6766
6769	Ремни и натяжители	remni				t	2	6766
6770	Водяной насос и ремкомплекты	vodyanoy-nasos				t	3	6766
6771	Система смазки	smazka				t	5	6748
6772	Масляный насос и ремкомплекты	maslyany-nasos				t	0	6771
6773	Турбокомпрессор	turbokompressor				t	6	6748
6774	ТКР и запчасти	tkr				t	0	6773
6775	Рулевое управление	rulevoe		bi-steering		t	5	\N
6776	ГУР и насосы	gur				t	1	6775
6777	Гидроусилители	gidroupraviteli				t	0	6776
6778	Насосы ГУРа	nasosy-gur				t	1	6776
6779	Ремкомплекты ГУРа	remk-gur				t	2	6776
6780	Гидроцилиндры	gidrotsilindry				t	3	6776
6781	Насосы шестерённые НШ	nsh				t	2	6775
6782	НШ	nsh-list				t	0	6781
6783	Рулевые тяги	rulevye-tyagi				t	3	6775
6784	Тяги рулевые	tyagi-list				t	0	6783
6785	Электрооборудование	elektro		bi-lightning		t	6	\N
6786	Генераторы	generatory				t	1	6785
6787	Генераторы	generatory-list				t	0	6786
6788	Регуляторы напряжения	regulyatory-napryazheniya				t	1	6786
6789	Стартеры	startery				t	2	6785
6790	Стартеры	startery-list				t	0	6789
6791	Бендиксы	bendiksy				t	1	6789
6792	Реле втягивающее	rele-vtyagivayushchee				t	2	6789
6793	Запчасти стартера	zapchasti-startera				t	3	6789
6794	Датчики и реле	datchiki				t	3	6785
6795	Датчики	datchiki-list				t	0	6794
6796	Реле	rele-list				t	1	6794
6797	Амперметры	ampmetry				t	2	6794
6798	Выключатели	vyklyuchateli				t	3	6794
6799	Реле поворота	rele-povorota				t	4	6794
6800	Оптика	optika				t	4	6785
6801	Лампы	lampy				t	0	6800
6802	Фонари	fonari				t	1	6800
6803	Фары	fary				t	2	6800
6804	Указатели поворота	ukazateli-povorota				t	3	6800
6805	Стёкла фар	stekla-far				t	4	6800
6806	Щётки электрических машин	shchetki				t	5	6785
6807	Щётки генератора	shchetki-generatora				t	0	6806
6808	Щётки стартера	shchetki-startera				t	1	6806
6809	Электрооборудование прочее	elektro-prochee				t	6	6785
6810	Конвертеры 24/12В	konvertery				t	0	6809
6811	Аккумуляторные узлы	akb				t	1	6809
6812	Пневмосистема	pnevmo		bi-wind		t	7	\N
6813	Шланги и трубки	shlangi-pnevmo				t	1	6812
6814	Шланги пневматические	shlangi-list				t	0	6813
6815	Фитинги и хомуты	fitingi				t	2	6812
6816	Фитинги	fitingi-list				t	0	6815
6817	Хомуты	khomut				t	1	6815
6818	Кузов и кабина	kuzov		bi-truck		t	8	\N
6819	Замки и ручки дверей	zamki				t	1	6818
6820	Замки дверей	zamki-list				t	0	6819
6821	Ручки дверей	ruchki				t	1	6819
6822	Стеклоподъёмники	steklopodyomniki				t	2	6819
6823	Тяги управления	tyagi-upravleniya				t	3	6819
6824	Облицовка и панели	oblitsovka				t	2	6818
6825	Панели кабины	paneli				t	0	6824
6826	Запасные части прочие	prochee		bi-box		t	9	\N
6827	Прочие детали	prochie-detali				t	1	6826
6828	Прочие детали	prochie-list				t	0	6827
\.


--
-- Data for Name: catalog_product; Type: TABLE DATA; Schema: public; Owner: kameks_user
--

COPY public.catalog_product (id, name, slug, sku, oem_number, description, price, discount_price, stock, weight, is_original, is_active, is_bestseller, is_new, created_at, updated_at, category_id, no_sku) FROM stdin;
6532	Амортизатор передней подвески  г.Гродно	4310-2905006-300485	4310-2905006 300/485			6899.00	\N	20	\N	t	t	f	f	2026-05-31 07:18:32.884506+00	2026-05-31 07:31:59.124551+00	6707	f
6533	Амортизатор передней подвески  г.Гродно 275/460	53212-2905006-02	53212-2905006-02 Пластм.			3670.00	\N	18	\N	t	t	f	f	2026-05-31 07:18:32.889365+00	2026-05-31 07:31:59.126057+00	6707	f
6534	Амортизатор передней подвески  г.Гродно 275/460	53212-2905006-01	53212-2905006-01 Метал.			5623.00	\N	26	\N	t	t	f	f	2026-05-31 07:18:32.892369+00	2026-05-31 07:31:59.127463+00	6707	f
6535	Амортизатор Икарус г. Гродно	5042905005-245450	50.4.2905005 245/450			5000.00	\N	12	\N	t	t	f	f	2026-05-31 07:18:32.895312+00	2026-05-31 07:31:59.128867+00	6707	f
6536	Амортизатор ЛИАЗ УКРАИНА	152-2905006-11230450	152-2905006-11(230/450)			1600.00	\N	16	\N	t	t	f	f	2026-05-31 07:18:32.898367+00	2026-05-31 07:31:59.130236+00	6707	f
6537	Амортизатор МАЗ, КАМАЗ 6520 г. Гродно 325/500	5022905005-325500	50.2.2905005 325/500			4009.00	\N	15	\N	t	t	f	f	2026-05-31 07:18:32.901548+00	2026-05-31 07:31:59.131671+00	6707	f
6538	Амортизатор НЕФАЗ, ЛИАЗ г.Гродно	5062905005-230450	50.6.2905005 230/450			4140.00	\N	16	\N	t	t	f	f	2026-05-31 07:18:32.904531+00	2026-05-31 07:31:59.133035+00	6707	f
6539	Амортизатор УРАЛ, КРАЗ, (43118)  300/475 г. Гродно	5052905005-300475	50.5.2905005   (300/475)			3980.00	\N	20	\N	t	t	f	f	2026-05-31 07:18:32.907547+00	2026-05-31 07:31:59.134488+00	6707	f
6540	Камера передняя тип 16 ЗИЛ  (ход штока 58мм)	100-3519010-01	100-3519010-01			1050.00	\N	29	\N	t	t	f	f	2026-05-31 07:18:32.910671+00	2026-05-31 07:31:59.13624+00	6707	f
6541	Камера передняя тип 16 ЗИЛ длинн. шток г.Гродно (шток 88мм)	100-3519010-11	100-3519010-11			1060.00	\N	14	\N	t	t	f	f	2026-05-31 07:18:32.913696+00	2026-05-31 07:31:59.138118+00	6707	f
6542	Камера передняя тип 24 г.Гродно L=2.5cм	243519010-01	24.3519010-01 корот. шток			1070.00	\N	16	\N	t	t	f	f	2026-05-31 07:18:32.917082+00	2026-05-31 07:31:59.13996+00	6707	f
6543	Камера передняя тип 24 г.Гродно L=5,5	243519010-11	24.3519010-11			2879.00	\N	18	\N	t	t	f	f	2026-05-31 07:18:32.91917+00	2026-05-31 07:31:59.141795+00	6707	f
6544	Камера тормозная (4310), МАЗ 24/24  г.Гродно	243519200-04	24.3519200-04			13857.00	\N	20	\N	t	t	f	f	2026-05-31 07:18:32.920885+00	2026-05-31 07:31:59.143586+00	6707	f
6545	Камера тормозная (5320) 20/20 г.Гродно	203519100-02	20.3519100-02			5476.00	\N	19	\N	t	t	f	f	2026-05-31 07:18:32.923907+00	2026-05-31 07:31:59.145334+00	6707	f
6546	Камера тормозная тип 12/20 с энергоаккумулятором ЛИАЗ  г. Гродно	123519110-01	12.3519110-01			5150.00	\N	13	\N	t	t	f	f	2026-05-31 07:18:32.926777+00	2026-05-31 07:31:59.147152+00	6707	f
6547	Камера тормозная тип 20 МАЗ (шток 57 мм)  г. Гродно	183519110	18.3519110			2794.00	\N	12	\N	t	t	f	f	2026-05-31 07:18:32.929891+00	2026-05-31 07:31:59.148961+00	6707	f
6548	Камера тормозная тип 30 МАЗ, КРАЗ г. Гродно (шток 58 мм) (19.3519310-02)	303519010	30.3519010			1350.00	\N	10	\N	t	t	f	f	2026-05-31 07:18:32.933206+00	2026-05-31 07:31:59.150783+00	6707	f
6549	Камера тормозная тип 30/24 КАМАЗ 6520 г.Гродно	303519200	30.3519200			6939.00	\N	7	\N	t	t	f	f	2026-05-31 07:18:32.936199+00	2026-05-31 07:31:59.15262+00	6707	f
6550	Камера тормозная тип 30/30 г.Гродно	303519300-10	30.3519300-10			15183.00	\N	12	\N	t	t	f	f	2026-05-31 07:18:32.939167+00	2026-05-31 07:31:59.154454+00	6707	f
6551	Амортизатор п/п КАМАЗ метал. Первоуральск	4012905005-4310	П40.1.2905005  (4310)			2811.00	\N	22	\N	t	t	f	f	2026-05-31 07:18:32.94077+00	2026-05-31 07:31:59.156243+00	6707	f
6552	Амортизатор НЕФАЗ метал. (ПААЗ)	506-2905005-245450	П50.6-2905005 245х450			3980.00	\N	20	\N	t	t	f	f	2026-05-31 07:18:32.943854+00	2026-05-31 07:31:59.158091+00	6707	f
6553	Амортизатор Икарус, НЕФАЗ г.Барановичи	2-2454502905006152	А2-245/450.2905006(152)			4500.00	\N	27	\N	t	t	f	f	2026-05-31 07:18:32.946693+00	2026-05-31 07:31:59.159906+00	6707	f
6554	Амортизатор КАМАЗ усил., ПАЗ г.Барановичи	1-275460290500622	А1-275/460.2905006(22)			4119.00	\N	19	\N	t	t	f	f	2026-05-31 07:18:32.949672+00	2026-05-31 07:31:59.161794+00	6707	f
6555	Амортизатор п/прицеп МАЗ г.Барановичи	1-2374122905006-41	А1-237/412.2905006-41			4500.00	\N	19	\N	t	t	f	f	2026-05-31 07:18:32.952672+00	2026-05-31 07:31:59.163655+00	6707	f
7071	ППЗ 100-3536010  г.Рославль	100-3536010	100-3536010			2675.00	\N	18	\N	t	t	t	f	2026-05-31 07:18:34.224571+00	2026-05-31 07:31:59.948924+00	6741	f
6530	Амортизатор п/кабину  г.Гродно 90/271	112905005-53-2	11.2905005-53 (в уп.2шт.)			1750.00	\N	14	\N	t	t	f	f	2026-05-31 07:18:32.88031+00	2026-05-31 07:31:59.12107+00	6708	f
6531	Амортизатор п/сиденье  г.Гродно 110/200(шток 12,цилиндр 30)	116809010	11.6809010			1721.00	\N	11	\N	t	t	f	f	2026-05-31 07:18:32.882536+00	2026-05-31 07:31:59.123074+00	6708	f
6556	Амортизатор КАМАЗ 4308 г.Барановичи	1-2754502905006	А1-275/450.2905006			4175.00	\N	15	\N	t	t	f	f	2026-05-31 07:18:32.955675+00	2026-05-31 07:31:59.165446+00	6707	f
6557	Амортизатор МАЗ г.Барановичи 315/500	54327-2915006-10	54327-2915006-10			4500.00	\N	6	\N	t	t	f	f	2026-05-31 07:18:32.958739+00	2026-05-31 07:31:59.167244+00	6707	f
6558	Амортизатор МАЗ г. Барановичи 240/425	54327-2915006-50	54327-2915006-50			4500.00	\N	11	\N	t	t	f	f	2026-05-31 07:18:32.961659+00	2026-05-31 07:31:59.169099+00	6707	f
6559	Амортизатор МАЗ г.Барановичи 265/450	54327-2915006-30	54327-2915006-30			4500.00	\N	19	\N	t	t	f	f	2026-05-31 07:18:32.964621+00	2026-05-31 07:31:59.170957+00	6707	f
6560	Амортизатор ЕВРО, ЛиАЗ,НЕФАЗ(5460) г.Барановичи	2-2304502905006152	А2-230/450.2905006(152)			4500.00	\N	22	\N	t	t	f	f	2026-05-31 07:18:32.967786+00	2026-05-31 07:31:59.172809+00	6707	f
6561	Амортизатор МАЗ 190/425	54327-2915006-60	54327-2915006-60			4500.00	\N	19	\N	t	t	f	f	2026-05-31 07:18:32.970991+00	2026-05-31 07:31:59.174733+00	6707	f
6562	Амортизатор МАЗ, КАМАЗ 6520 г.Барановичи	1-3255002905006-11	А1-325/500.2905006-11			4100.00	\N	15	\N	t	t	f	f	2026-05-31 07:18:32.973859+00	2026-05-31 07:31:59.176581+00	6707	f
6563	Амортизатор МАЗ (290/475)	54327-2915006-20	54327-2915006-20			3229.00	\N	11	\N	t	t	f	f	2026-05-31 07:18:32.977086+00	2026-05-31 07:31:59.178473+00	6707	f
6564	Амортизатор УРАЛ,КРАЗ г.Барановичи перед. ушки 5460, пласт.кожух	1-3004752905006-21	А1-300/475.2905006-21			4001.00	\N	17	\N	t	t	f	f	2026-05-31 07:18:32.979886+00	2026-05-31 07:31:59.18012+00	6707	f
6565	Домкрат 25т. г.Барановичи	253913010	ДГ 25.3913010			20061.00	\N	14	\N	t	t	f	f	2026-05-31 07:18:32.982756+00	2026-05-31 07:31:59.181611+00	6716	f
6566	Бендикс Волга, Газель, УАЗ, 402 дв. г.Борисов	42-3708600	42-3708600			775.00	\N	30	\N	t	t	f	f	2026-05-31 07:18:32.985573+00	2026-05-31 07:31:59.183003+00	6791	f
6567	Бендикс Волга, Газель 406 дв. г. Борисов	42-3708600-10	42-3708600-10			672.00	\N	7	\N	t	t	f	f	2026-05-31 07:18:32.988608+00	2026-05-31 07:31:59.184459+00	6791	f
6568	Бендикс ВАЗ-2101-07, 2121 г. Борисов	425-3708600	425-3708600			590.00	\N	17	\N	t	t	f	f	2026-05-31 07:18:32.991868+00	2026-05-31 07:31:59.185897+00	6791	f
6569	Бендикс г. Борисов	74023708600	7402.3708600			1060.00	\N	11	\N	t	t	f	f	2026-05-31 07:18:32.993747+00	2026-05-31 07:31:59.187419+00	6791	f
6570	Бендикс большой ГАЗ-53, ПАЗ, ГАЗ-66 г.Борисов	230-3708600-01	СТ230-3708600-01			819.00	\N	11	\N	t	t	f	f	2026-05-31 07:18:32.995299+00	2026-05-31 07:31:59.188872+00	6791	f
6571	Бендикс ЗИЛ , СТ230К4 г.Борисов	230-3708600-01-2	СТ230К-3708600-01			869.00	\N	14	\N	t	t	f	f	2026-05-31 07:18:32.9983+00	2026-05-31 07:31:59.19029+00	6791	f
6572	Генератор 28В,110А ,10 руч.ш ев-3 г.Борисов	3242-3771-10	3242-3771-10			11466.00	\N	12	\N	t	t	f	f	2026-05-31 07:18:33.001184+00	2026-05-31 07:31:59.191752+00	6787	f
6573	Генератор 3232 Дв.ЯМЗ-236,-238, КАМАЗ-740 и их модиф.60А г.Борисов	32323771000	3232.3771000			6261.00	\N	18	\N	t	t	f	f	2026-05-31 07:18:33.002919+00	2026-05-31 07:31:59.193311+00	6787	f
6574	Генератор МАЗ ОАО БАТЭ 28В. 90А	32523771000	3252.3771000			8910.00	\N	24	\N	t	t	f	f	2026-05-31 07:18:33.006108+00	2026-05-31 07:31:59.19489+00	6787	f
6575	Генератор  МАЗ, МТЗ, ММЗ(ЕВРО-2) Д-245(Д-245.30Е-715,-716) 28В 60А г.Борисов	32323771000-10	3232.3771000-10			8271.00	\N	6	\N	t	t	f	f	2026-05-31 07:18:33.009158+00	2026-05-31 07:31:59.196243+00	6787	f
6576	Обмотка	2-3708150	СТ 2А-3708150			1436.00	\N	17	\N	t	t	f	f	2026-05-31 07:18:33.012161+00	2026-05-31 07:31:59.197667+00	6793	f
6577	Обмотка стартера	7402-3708120	7402-3708120			1723.00	\N	13	\N	t	t	f	f	2026-05-31 07:18:33.013897+00	2026-05-31 07:31:59.199038+00	6790	f
6578	Обмотка стартера (большая)	230-3708110	СТ230-3708110			1898.00	\N	14	\N	t	t	f	f	2026-05-31 07:18:33.015587+00	2026-05-31 07:31:59.200467+00	6790	f
6579	Обмотка стартера 402 дв. г.Борисов г.Борисов	4223708-423708-10	422.3708 (42.3708-10)			1247.00	\N	13	\N	t	t	f	f	2026-05-31 07:18:33.017157+00	2026-05-31 07:31:59.201852+00	6790	f
6580	Реле втягивающее малое в коробке ГАЗ, УАЗ (402, 406 дв)г. Борисов	4223708800	422.3708800			1543.00	\N	10	\N	t	t	f	f	2026-05-31 07:18:33.018723+00	2026-05-31 07:31:59.203212+00	6792	f
6581	Реле втягивающее г. Борисов	743708800-12	74.3708800 (12В)			2408.00	\N	10	\N	t	t	f	f	2026-05-31 07:18:33.021797+00	2026-05-31 07:31:59.204639+00	6792	f
6582	Реле втягивающее ММЗ Д-243,-245 г.Борисов	7402-3708800-24	7402-3708800 (24В)			2408.00	\N	19	\N	t	t	f	f	2026-05-31 07:18:33.023548+00	2026-05-31 07:31:59.206034+00	6792	f
6583	Реле втягивающее ММЗ Д-243,-245,-260 (12В) г. Борисов	142-3708800	СТ142М-3708800			3038.00	\N	2	\N	t	t	f	f	2026-05-31 07:18:33.025202+00	2026-05-31 07:31:59.207418+00	6792	f
6584	Реле втягивающее ММЗ Д245,-260 (24В) г.Борисов	142-3708800-2	СТ142Н-3708800			3105.00	\N	13	\N	t	t	f	f	2026-05-31 07:18:33.026765+00	2026-05-31 07:31:59.208805+00	6792	f
6585	Реле втягивающее ГАЗ-53 в сб.с крышкой г. Борисов	230-3708800	СТ230А-3708800			2057.00	\N	12	\N	t	t	f	f	2026-05-31 07:18:33.028336+00	2026-05-31 07:31:59.210156+00	6792	f
6586	Реле втягивающее большое в коробке  СТ230Б4, СТ230А1 г. Борисов	230-3708800-10	СТ230Б-3708800-10			1965.00	\N	20	\N	t	t	f	f	2026-05-31 07:18:33.031242+00	2026-05-31 07:31:59.211569+00	6792	f
6587	Реле втягивающее (СТ230К1, СТ230К4) г. Борисов	2302-3708800-10	СТ230Б2-3708800-10			1707.00	\N	28	\N	t	t	f	f	2026-05-31 07:18:33.032796+00	2026-05-31 07:31:59.21295+00	6792	f
6588	Стартер ВАЗ 2101-07 на магнитах г.Борисов	2107370810-01	2107.370810-01			5385.00	\N	17	\N	t	t	f	f	2026-05-31 07:18:33.034298+00	2026-05-31 07:31:59.214301+00	6790	f
6589	Стартер ВАЗ 2108-09 на магнитах г.Борисов	21093708010-01	2109.3708010-01			5385.00	\N	15	\N	t	t	f	f	2026-05-31 07:18:33.035841+00	2026-05-31 07:31:59.215711+00	6790	f
6590	Стартер 3002.3708000 ГАЗ 3306-3309-66  24В 7,7КВ	30023708000	3002.3708000			21193.00	\N	12	\N	t	t	f	f	2026-05-31 07:18:33.03749+00	2026-05-31 07:31:59.217089+00	6790	f
6591	Стартер 426 ВАЗ 2108-09 с обмоткой г.Борисов	4263708000	426.3708000			6958.00	\N	6	\N	t	t	f	f	2026-05-31 07:18:33.040601+00	2026-05-31 07:31:59.218508+00	6790	f
6592	Стартер 5404 редукт. ММЗ-243,245(аналог 230Р0,7402,142Н) г.Борисов	5404-3708000-24-52	5404-3708000 (24В 5,2кВт)			14429.00	\N	15	\N	t	t	f	f	2026-05-31 07:18:33.042154+00	2026-05-31 07:31:59.21989+00	6790	f
6593	Стартер ГАЗ УАЗ с редуктором  г. Борисов	5112-3708000-12-18	5112-3708000 (12В 1,8кВт)			6983.00	\N	21	\N	t	t	f	f	2026-05-31 07:18:33.043841+00	2026-05-31 07:31:59.22132+00	6790	f
6712	Ротор ФЭГТ 2000.015	403771	Г-40.3771			1224.00	\N	10	\N	t	t	f	f	2026-05-31 07:18:33.343347+00	2026-05-31 07:31:59.398914+00	6787	f
6594	Стартер ГАЗ, УАЗ с редуктором	65023708000-011218	6502.3708000-01(12В1,8кВт			6403.00	\N	10	\N	t	t	f	f	2026-05-31 07:18:33.046722+00	2026-05-31 07:31:59.222754+00	6790	f
6595	Стартер СТ230К4 ЗИЛ-130, ЛАЗ, ЛиАЗ г. Борисов	2304-3708000-12	СТ230К4-3708000 (12В)			9597.00	\N	12	\N	t	t	f	f	2026-05-31 07:18:33.049665+00	2026-05-31 07:31:59.22419+00	6790	f
6596	Якорь стартера ММЗ-Д243,Д245 г.Борисов	230-3708200	СТ230Р-3708200			3030.00	\N	17	\N	t	t	f	f	2026-05-31 07:18:33.052912+00	2026-05-31 07:31:59.225583+00	6790	f
6597	43114-2202011-01 Вал карданный TIRSAN	rs966400202-l418-mm	RS.96640.02.02 L=418 mm			18248.00	\N	11	\N	t	t	f	f	2026-05-31 07:18:33.05448+00	2026-05-31 07:31:59.226949+00	6719	f
6598	Вал карданный КРАЗ	65101-2205010-l1582	65101-2205010 L=1582			12310.00	\N	12	\N	t	t	f	f	2026-05-31 07:18:33.057248+00	2026-05-31 07:31:59.228489+00	6721	f
6599	Вал карданный МАЗ	501-2203010-07-l168858	501-2203010-07 L=1688+58			9634.00	\N	16	\N	t	t	f	f	2026-05-31 07:18:33.060142+00	2026-05-31 07:31:59.229983+00	6720	f
6600	Вал карданный МАЗ	503-2201010-15-l1126	503-2201010-15 L=1126			9230.00	\N	18	\N	t	t	f	f	2026-05-31 07:18:33.06301+00	2026-05-31 07:31:59.231748+00	6720	f
6601	Вал карданный кв.фланец L=409mm	4310-2202011-02	4310-2202011-02			22143.00	\N	10	\N	t	t	f	f	2026-05-31 07:18:33.06594+00	2026-05-31 07:31:59.233312+00	6719	f
6602	Вал карданный  кв.фл. L=1136mm	4310-2203011-01	4310-2203011-01 Н/О			22640.00	\N	1	\N	t	t	f	f	2026-05-31 07:18:33.068729+00	2026-05-31 07:31:59.234862+00	6719	f
6603	Вал карданный круг.фланец L=727mm	4310-2205011-04	4310-2205011-04			31449.00	\N	14	\N	t	t	f	f	2026-05-31 07:18:33.071733+00	2026-05-31 07:31:59.236328+00	6719	f
6604	Вал карданный торц.шлицы L=418mm	43114-2202011-01	43114-2202011-01			42562.00	\N	13	\N	t	t	f	f	2026-05-31 07:18:33.07454+00	2026-05-31 07:31:59.237797+00	6719	f
6605	Вал карданный торц.шлицы L=1127mm	43114-2203011	43114-2203011			34128.00	\N	11	\N	t	t	f	f	2026-05-31 07:18:33.077328+00	2026-05-31 07:31:59.239157+00	6719	f
6606	Вал карданный торц.шлицы L=699mm	43114-2205011	43114-2205011			38691.00	\N	25	\N	t	t	f	f	2026-05-31 07:18:33.080359+00	2026-05-31 07:31:59.240563+00	6719	f
6788	Гайка пер. колеса ЕВРО ОАО КАМАЗ	5425-3101040	5425-3101040			48.00	\N	30	\N	t	t	f	f	2026-05-31 07:18:33.533307+00	2026-05-31 07:31:59.511594+00	6828	f
6607	Вал карданный торц.шлицы L=440+34mm	43118-2202011-31	43118-2202011-31			41769.00	\N	12	\N	t	t	f	f	2026-05-31 07:18:33.083417+00	2026-05-31 07:31:59.241913+00	6719	f
6608	Вал карданный торц.шлицы L=1305mm	43118-2203011-30	43118-2203011-30			39783.00	\N	16	\N	t	t	f	f	2026-05-31 07:18:33.08628+00	2026-05-31 07:31:59.243365+00	6719	f
6609	Вал карданный 43118-2203011-31 L=1285 mm	43118-2203011-31	43118-2203011-31			52220.00	\N	24	\N	t	t	f	f	2026-05-31 07:18:33.089729+00	2026-05-31 07:31:59.244904+00	6719	f
6610	Вал карданный кв.фланец L=724mm	5320-2201011-03	5320-2201011-03 М/О			20400.00	\N	20	\N	t	t	f	f	2026-05-31 07:18:33.093116+00	2026-05-31 07:31:59.246324+00	6719	f
6611	Вал карданный кв.фланец L=983mm	5320-2205011-04	5320-2205011-04			28500.00	\N	11	\N	t	t	f	f	2026-05-31 07:18:33.096037+00	2026-05-31 07:31:59.247805+00	6719	f
6612	Вал карданный круг.фланец L=990mm	5320-2205011-3334	5320-2205011-33(34)			15000.00	\N	29	\N	t	t	f	f	2026-05-31 07:18:33.098849+00	2026-05-31 07:31:59.249227+00	6719	f
6613	Вал карданный торц.шлицы L=709mm	53205-2201011-10	53205-2201011-10 М/О			33370.00	\N	19	\N	t	t	f	f	2026-05-31 07:18:33.101896+00	2026-05-31 07:31:59.25068+00	6719	f
6614	Вал карданный торц.шлицы L=955mm	53205-2205011-10	53205-2205011-10 ОСНОВНОЙ			38301.00	\N	10	\N	t	t	f	f	2026-05-31 07:18:33.105482+00	2026-05-31 07:31:59.252133+00	6719	f
6615	Вал карданный кв.фланец L=1483mm	53212-2205011-03	53212-2205011-03			25200.00	\N	9	\N	t	t	f	f	2026-05-31 07:18:33.108284+00	2026-05-31 07:31:59.253569+00	6719	f
6616	Вал карданный круг.фланец L=1377mm	53212-2205011-95	53212-2205011-95			15000.00	\N	15	\N	t	t	f	f	2026-05-31 07:18:33.111193+00	2026-05-31 07:31:59.254974+00	6719	f
6617	Вал карданный круг.фланец L=1666mm	53213-2205011-02	53213-2205011-02			15692.00	\N	7	\N	t	t	f	f	2026-05-31 07:18:33.11408+00	2026-05-31 07:31:59.256368+00	6719	f
6618	Вал карданный торц.шлицы L=1450mm	53215-2205011-10	53215-2205011-10			35995.00	\N	19	\N	t	t	f	f	2026-05-31 07:18:33.115779+00	2026-05-31 07:31:59.257867+00	6719	f
6619	Вал карданный круг.фланец L=1057mm	53254-2201011-02	53254-2201011-02			14000.00	\N	12	\N	t	t	f	f	2026-05-31 07:18:33.117697+00	2026-05-31 07:31:59.259458+00	6719	f
6620	Вал карданный кв.фланец L=638mm	5410-2205011-04	5410-2205011-04			28400.00	\N	19	\N	t	t	f	f	2026-05-31 07:18:33.1192+00	2026-05-31 07:31:59.260927+00	6719	f
6621	Вал карданный торц.шлицы L=629mm	54105-2205011-10	54105-2205011-10			37180.00	\N	15	\N	t	t	f	f	2026-05-31 07:18:33.120846+00	2026-05-31 07:31:59.26233+00	6719	f
6622	Вал карданный круг.фланец L=646mm	54112-2205011-02	54112-2205011-02			31641.00	\N	14	\N	t	t	f	f	2026-05-31 07:18:33.122351+00	2026-05-31 07:31:59.263797+00	6719	f
6825	Чека ОАО КАМАЗ	5320-3501134	5320-3501134			17.00	\N	12	\N	t	t	f	f	2026-05-31 07:18:33.642952+00	2026-05-31 07:31:59.567976+00	6828	f
6623	Вал карданный кв.фланец L=818mm	5511-2205011-13	5511-2205011-13			28600.00	\N	20	\N	t	t	f	f	2026-05-31 07:18:33.123893+00	2026-05-31 07:31:59.26534+00	6719	f
6624	Вал карданный круг.фланец L=821mm	55111-2205011-11	55111-2205011-11			21671.00	\N	13	\N	t	t	f	f	2026-05-31 07:18:33.126694+00	2026-05-31 07:31:59.266853+00	6719	f
6625	Вал карданный КАМАЗ межосевой БЕЛКАРД L=701mm	6520-2201011-11	6520Г-2201011-11			47599.00	\N	20	\N	t	t	f	f	2026-05-31 07:18:33.129616+00	2026-05-31 07:31:59.268349+00	6720	f
6626	Вал карданный КАМАЗ основной БЕЛКАРД L=1425mm	6520-2205011-10	6520Г-2205011-10			66000.00	\N	14	\N	t	t	f	f	2026-05-31 07:18:33.132532+00	2026-05-31 07:31:59.270086+00	6720	f
6627	Вал карданный УРАЛ межосевой	375-2201010-04-l88092	375-2201010-04 L=880+92			12946.00	\N	17	\N	t	t	f	f	2026-05-31 07:18:33.135438+00	2026-05-31 07:31:59.271523+00	6722	f
6628	Вал карданный УРАЛ основной	375-2202010-03-l43629	375-2202010-03 L=436+29			26209.00	\N	15	\N	t	t	f	f	2026-05-31 07:18:33.138192+00	2026-05-31 07:31:59.272976+00	6722	f
6629	Вал карданный УРАЛ перед.мост	375-2203010-05-l116790	375-2203010-05 L=1167+90			19278.00	\N	10	\N	t	t	f	f	2026-05-31 07:18:33.140996+00	2026-05-31 07:31:59.274461+00	6722	f
6630	Вал карданный УРАЛ средний мост	375-2205010-04-l126260	375-2205010-04 L=1262+60			21956.00	\N	18	\N	t	t	f	f	2026-05-31 07:18:33.143788+00	2026-05-31 07:31:59.275932+00	6722	f
6631	Вал карданный УРАЛ межосевой	4320-2201010-03-l82192	4320-2201010-03 L=821+92			17994.00	\N	25	\N	t	t	f	f	2026-05-31 07:18:33.146579+00	2026-05-31 07:31:59.277441+00	6722	f
6632	Вал карданный УРАЛ средний мост	4320-2205010-02-l119260	4320-2205010-02 L=1192+60			23044.00	\N	14	\N	t	t	f	f	2026-05-31 07:18:33.149451+00	2026-05-31 07:31:59.278835+00	6722	f
6633	Вилка фланец 5320-2201023 межосевая	5320-2201023	5320-2201023			3441.00	\N	16	\N	t	t	f	f	2026-05-31 07:18:33.152267+00	2026-05-31 07:31:59.280242+00	6719	f
6634	Вилка фланец 6520-2201023	6520-2201023	6520-2201023			10345.00	\N	17	\N	t	t	f	f	2026-05-31 07:18:33.155067+00	2026-05-31 07:31:59.281731+00	6719	f
6635	Вилка фланец Н/О	5320-2205023-10	5320-2205023-10 Н/О			4565.00	\N	14	\N	t	t	f	f	2026-05-31 07:18:33.157904+00	2026-05-31 07:31:59.283124+00	6719	f
6636	Вал карданный (1136 мм)	4310-2203011-01-2	У 4310-2203011-01			13992.00	\N	20	\N	t	t	f	f	2026-05-31 07:18:33.160956+00	2026-05-31 07:31:59.284682+00	6719	f
6637	Вал карданный (1167 мм)	375-2203010-05	У 375-2203010-05			14027.00	\N	18	\N	t	t	f	f	2026-05-31 07:18:33.163896+00	2026-05-31 07:31:59.286129+00	6722	f
6638	Вал карданный (1285мм)	43118-2203011-31-2	У 43118-2203011-31			24318.00	\N	12	\N	t	t	f	f	2026-05-31 07:18:33.166873+00	2026-05-31 07:31:59.287583+00	6719	f
6639	Вал карданный (1305 мм)	43118-2203011-30-2	У 43118-2203011-30			22234.00	\N	11	\N	t	t	f	f	2026-05-31 07:18:33.169702+00	2026-05-31 07:31:59.28898+00	6719	f
6640	Вал карданный (1322мм)	43118-2205011	У 43118-2205011			27800.00	\N	20	\N	t	t	f	f	2026-05-31 07:18:33.172802+00	2026-05-31 07:31:59.290614+00	6719	f
6641	Вал карданный (1425 мм)	6520-2205011-10-2	У 6520-2205011-10			36975.00	\N	18	\N	t	t	f	f	2026-05-31 07:18:33.175604+00	2026-05-31 07:31:59.292246+00	6719	f
6642	Вал карданный (1454 мм)	53215-2205011-10-2	У 53215-2205011-10			32848.00	\N	12	\N	t	t	f	f	2026-05-31 07:18:33.178453+00	2026-05-31 07:31:59.293724+00	6719	f
6643	Вал карданный (1483 мм)	53212-2205011-03-2	У 53212-2205011-03			16055.00	\N	2	\N	t	t	f	f	2026-05-31 07:18:33.180098+00	2026-05-31 07:31:59.29517+00	6719	f
6644	Вал карданный (585 мм)	43118-2202011-10	У 43118-2202011-10			33465.00	\N	17	\N	t	t	f	f	2026-05-31 07:18:33.183071+00	2026-05-31 07:31:59.296611+00	6719	f
6645	Вал карданный (629 мм)	54105-2205011-10-2	У 54105-2205011-10			29842.00	\N	10	\N	t	t	f	f	2026-05-31 07:18:33.18617+00	2026-05-31 07:31:59.298064+00	6719	f
6646	Вал карданный (638 мм)	5410-2205011-04-2	У 5410-2205011-04			15333.00	\N	12	\N	t	t	f	f	2026-05-31 07:18:33.187712+00	2026-05-31 07:31:59.299518+00	6719	f
6647	Вал карданный (701 мм)	6520-2201011-11-2	У 6520Г-2201011-11			22999.00	\N	5	\N	t	t	f	f	2026-05-31 07:18:33.1895+00	2026-05-31 07:31:59.300967+00	6719	f
6648	Вал карданный (709 мм)	53205-2201011-10-2	У 53205-2201011-10			28088.00	\N	16	\N	t	t	f	f	2026-05-31 07:18:33.192709+00	2026-05-31 07:31:59.30244+00	6719	f
6649	Вал карданный (818 мм)	5511-2205011-13-2	У 5511-2205011-13			15133.00	\N	29	\N	t	t	f	f	2026-05-31 07:18:33.195797+00	2026-05-31 07:31:59.303856+00	6719	f
6650	Вал карданный (955 мм)	53205-2205011-10-2	У 53205-2205011-10			33580.00	\N	27	\N	t	t	f	t	2026-05-31 07:18:33.198826+00	2026-05-31 07:31:59.305317+00	6719	f
6651	Вал карданный межосевой  (724 мм)	5320-2201011-01	У 5320-2201011-01			12466.00	\N	18	\N	t	t	f	t	2026-05-31 07:18:33.201975+00	2026-05-31 07:31:59.306839+00	6719	f
6652	Вал карданный торц.шл. L=1127mm	43114-2203011-2	У 43114-2203011			27238.00	\N	10	\N	t	t	f	t	2026-05-31 07:18:33.20486+00	2026-05-31 07:31:59.308219+00	6719	f
6653	Вал карданный торц.шл. L=418mm	43114-2202011-01-2	У 43114-2202011-01			20175.00	\N	7	\N	t	t	f	t	2026-05-31 07:18:33.207737+00	2026-05-31 07:31:59.309648+00	6719	f
6654	Вал карданный УРАЛ м/о (821мм)	4320-2201010-03	У 4320-2201010-03			16704.00	\N	15	\N	t	t	f	t	2026-05-31 07:18:33.210601+00	2026-05-31 07:31:59.311092+00	6722	f
6655	Втулка распредвала	740-1006037	740-1006037			163.00	\N	14	\N	t	t	f	f	2026-05-31 07:18:33.213452+00	2026-05-31 07:31:59.312558+00	6728	f
6656	Втулка распредвала	740-1006026-02-1	740-1006026-02 1 шт.			121.00	\N	2	\N	t	t	f	f	2026-05-31 07:18:33.214974+00	2026-05-31 07:31:59.314048+00	6728	f
6657	Втулка распредвала ЕВРО	74021-1006037	740.21-1006037			171.00	\N	22	\N	t	t	f	f	2026-05-31 07:18:33.216644+00	2026-05-31 07:31:59.31549+00	6728	f
6658	Втулка шатуна	740-1004052	740-1004052			159.00	\N	11	\N	t	t	f	f	2026-05-31 07:18:33.218153+00	2026-05-31 07:31:59.316918+00	6727	f
6659	Замок двери правый г.Димитровград	5320-6105020-10	5320-6105020-10			849.00	\N	17	\N	t	t	f	f	2026-05-31 07:18:33.219771+00	2026-05-31 07:31:59.318349+00	6820	f
6660	Замок панели в сборе г.Димитровград	5320-8406010	5320-8406010			173.00	\N	22	\N	t	t	f	f	2026-05-31 07:18:33.222856+00	2026-05-31 07:31:59.319819+00	6820	f
6661	К--т вкладышей коренной Р0 МАЗ 236	236-1000102-00	236-1000102-00			2038.00	\N	2	\N	t	t	f	f	2026-05-31 07:18:33.225962+00	2026-05-31 07:31:59.321259+00	6726	f
6662	К--т вкладышей коренной Р1 МАЗ 236	236-1000102-01	236-1000102-01			2021.00	\N	14	\N	t	t	f	f	2026-05-31 07:18:33.228782+00	2026-05-31 07:31:59.32277+00	6726	f
6663	К--т вкладышей коренной Р2 МАЗ 236	236-1000102-02	236-1000102-02			2062.00	\N	11	\N	t	t	f	f	2026-05-31 07:18:33.231666+00	2026-05-31 07:31:59.324196+00	6726	f
6664	К--т вкладышей коренной Р6 МАЗ 236	236-1000102-06	236-1000102-06			1876.00	\N	17	\N	t	t	f	f	2026-05-31 07:18:33.234733+00	2026-05-31 07:31:59.325676+00	6726	f
6665	К--т вкладышей МАЗ 238 коренной Р0	238-1000102-00-2	238-1000102-00 Б2			2491.00	\N	30	\N	t	t	f	f	2026-05-31 07:18:33.237558+00	2026-05-31 07:31:59.327116+00	6726	f
6666	К--т вкладышей МАЗ 238 коренной Р1	238-1000102-01-2	238-1000102-01 Б2			2599.00	\N	13	\N	t	t	f	f	2026-05-31 07:18:33.240435+00	2026-05-31 07:31:59.328561+00	6726	f
6667	К--т вкладышей МАЗ 238 шатунный Р0	238-1000104-00	238-1000104-00			2810.00	\N	15	\N	t	t	f	f	2026-05-31 07:18:33.243339+00	2026-05-31 07:31:59.329947+00	6727	f
6668	К--т вкладышей МАЗ 238 шатунный Р1	238-1000104-01	238-1000104-01			2760.00	\N	10	\N	t	t	f	f	2026-05-31 07:18:33.246474+00	2026-05-31 07:31:59.331329+00	6727	f
6669	К--т вкладышей МАЗ 238 шатунный Р2	238-1000104-02	238-1000104-02			2879.00	\N	29	\N	t	t	f	f	2026-05-31 07:18:33.249476+00	2026-05-31 07:31:59.332799+00	6727	f
6670	К--т вкладышей Р0 коренной	7405-1000102-00-10	7405-1000102-00 10шт. уп.			2215.00	\N	10	\N	t	t	f	f	2026-05-31 07:18:33.252364+00	2026-05-31 07:31:59.334301+00	6726	f
6671	К--т вкладышей Р1 коренной	7405-1000102-01	7405-1000102-01			2087.00	\N	16	\N	t	t	f	f	2026-05-31 07:18:33.253966+00	2026-05-31 07:31:59.335788+00	6726	f
6672	К--т вкладышей Р2 коренной	7405-1000102-02	7405-1000102-02			2087.00	\N	29	\N	t	t	f	f	2026-05-31 07:18:33.255512+00	2026-05-31 07:31:59.337233+00	6726	f
6673	К--т вкладышей Р3 коренной	7405-1000102-03	7405-1000102-03			2006.00	\N	11	\N	t	t	f	f	2026-05-31 07:18:33.257022+00	2026-05-31 07:31:59.338688+00	6726	f
6674	К--т вкладышей Р4 коренной	7405-1000102-04	7405-1000102-04			2305.00	\N	15	\N	t	t	f	f	2026-05-31 07:18:33.258604+00	2026-05-31 07:31:59.340137+00	6726	f
6675	К--т вкладышей Р5 коренной	7405-1000102-05	7405-1000102-05			2087.00	\N	19	\N	t	t	f	f	2026-05-31 07:18:33.260211+00	2026-05-31 07:31:59.341643+00	6726	f
6676	К--т вкладышей Р6 коренной	7405-1000102-06	7405-1000102-06			2087.00	\N	16	\N	t	t	f	f	2026-05-31 07:18:33.261829+00	2026-05-31 07:31:59.343038+00	6726	f
6677	К--т вкладышей Р7 коренной	7405-1000102-07	7405-1000102-07			2006.00	\N	20	\N	t	t	f	f	2026-05-31 07:18:33.263532+00	2026-05-31 07:31:59.344602+00	6726	f
6678	К-т вкладышей Р0  шатунный	7405-1000104-00-9	7405-1000104-00  9 шт.уп.			2979.00	\N	18	\N	t	t	f	f	2026-05-31 07:18:33.265208+00	2026-05-31 07:31:59.34605+00	6727	f
6679	К-т вкладышей Р1  шатунный	7405-1000104-01	7405-1000104-01			2810.00	\N	14	\N	t	t	f	f	2026-05-31 07:18:33.266938+00	2026-05-31 07:31:59.347514+00	6727	f
6680	К-т вкладышей Р2  шатунный	7405-1000104-02	7405-1000104-02			2810.00	\N	12	\N	t	t	f	f	2026-05-31 07:18:33.268544+00	2026-05-31 07:31:59.348913+00	6727	f
6681	К-т вкладышей Р3  шатунный	7405-1000104-03	7405-1000104-03			1050.00	\N	26	\N	t	t	f	f	2026-05-31 07:18:33.270048+00	2026-05-31 07:31:59.350336+00	6727	f
6682	К-т вкладышей Р4  шатунный	7405-1000104-04	7405-1000104-04			970.00	\N	12	\N	t	t	f	f	2026-05-31 07:18:33.271564+00	2026-05-31 07:31:59.351814+00	6727	f
6683	К-т вкладышей Р5  шатунный	7405-1000104-05	7405-1000104-05			888.00	\N	11	\N	t	t	f	f	2026-05-31 07:18:33.273074+00	2026-05-31 07:31:59.353229+00	6727	f
6684	К-т вкладышей Р6  шатунный	7405-1000104-06	7405-1000104-06			3050.00	\N	11	\N	t	t	f	f	2026-05-31 07:18:33.274583+00	2026-05-31 07:31:59.354866+00	6727	f
6685	К-т вкладышей Р7  шатунный	7405-1000104-07	7405-1000104-07			786.00	\N	30	\N	t	t	f	f	2026-05-31 07:18:33.276113+00	2026-05-31 07:31:59.356313+00	6727	f
6686	К-т вкладышей шатунный Р0 МАЗ 236	236-1000104-00-2	236-1000104-00 В2			2108.00	\N	18	\N	t	t	f	f	2026-05-31 07:18:33.277674+00	2026-05-31 07:31:59.357789+00	6727	f
6687	К-т вкладышей шатунный Р1 МАЗ 236	236-1000104-01-2	236-1000104-01 В2			2097.00	\N	4	\N	t	t	f	f	2026-05-31 07:18:33.280761+00	2026-05-31 07:31:59.359267+00	6727	f
6688	Привод замка двери лев. г.Димитровград	5320-6105081	5320-6105081			97.00	\N	5	\N	t	t	f	f	2026-05-31 07:18:33.28368+00	2026-05-31 07:31:59.360803+00	6820	f
6689	Привод замка двери пр.г.Димитровград	5320-6105080	5320-6105080			97.00	\N	18	\N	t	t	f	f	2026-05-31 07:18:33.28661+00	2026-05-31 07:31:59.36223+00	6820	f
6690	Ручка двери внутренняя г.Димитровград	5320-6105180	5320-6105180			224.00	\N	19	\N	t	t	f	f	2026-05-31 07:18:33.289756+00	2026-05-31 07:31:59.363815+00	6821	f
6691	Ручка двери наружная к-т г.Димитровград	5320-6105040	5320-6105040			1122.00	\N	21	\N	t	t	f	f	2026-05-31 07:18:33.292711+00	2026-05-31 07:31:59.365288+00	6821	f
6692	Ручка стеклоподъемника  г.Димитровград	5320-6104060	5320-6104060			146.00	\N	19	\N	t	t	f	f	2026-05-31 07:18:33.295645+00	2026-05-31 07:31:59.366782+00	6822	f
6693	Стеклоподъемник двери  ЕВРО левый	53205-6104011-00	53205-6104011-00			1400.00	\N	12	\N	t	t	f	f	2026-05-31 07:18:33.298503+00	2026-05-31 07:31:59.369694+00	6822	f
6694	Стеклоподъемник двери ЕВРО правый	53205-6104010-00	53205-6104010-00			794.00	\N	10	\N	t	t	f	f	2026-05-31 07:18:33.301499+00	2026-05-31 07:31:59.371134+00	6822	f
6695	Тяга руч.управл.акселерат  (трос газа) г.Димитровград	5320-1108120-12	5320-1108120-12			214.00	\N	12	\N	t	t	f	f	2026-05-31 07:18:33.304652+00	2026-05-31 07:31:59.372711+00	6823	f
6696	Тяга ручной остановки двигателя длинн. г.Димитровград	5320-1108130	5320-1108130			103.00	\N	17	\N	t	t	f	f	2026-05-31 07:18:33.307849+00	2026-05-31 07:31:59.374279+00	6823	f
6697	Фиксатор замка левый г.Димитровград	5320-6105035-10	5320-6105035-10			351.00	\N	12	\N	t	t	f	f	2026-05-31 07:18:33.310888+00	2026-05-31 07:31:59.376162+00	6820	f
6698	Фиксатор замка правый г.Димитровград	5320-6105034-10	5320-6105034-10			329.00	\N	3	\N	t	t	f	f	2026-05-31 07:18:33.313724+00	2026-05-31 07:31:59.377816+00	6820	f
6699	Генератор 6562 КАМАЗ 4310 90А г.Самара	6562-3701000	6562-3701000			9910.00	\N	19	\N	t	t	f	f	2026-05-31 07:18:33.316588+00	2026-05-31 07:31:59.379269+00	6787	f
6700	Генератор 6582 КАМАЗ Евро 80А  2-х руч. г.Самара	6582-3701000-02	6582-3701000-02 М			10628.00	\N	18	\N	t	t	f	f	2026-05-31 07:18:33.319494+00	2026-05-31 07:31:59.380954+00	6787	f
6701	Генератор 6582 с широким шкивом ЕВРО г.Самара	6582-3701000-04	6582-3701000-04 ГЧ			9710.00	\N	12	\N	t	t	f	f	2026-05-31 07:18:33.322456+00	2026-05-31 07:31:59.382621+00	6787	f
6702	Генератор 6582 с широким шкивом ЕВРО г.Самара	6582-3701000-04-2	6582-3701000-04 М			10361.00	\N	17	\N	t	t	f	f	2026-05-31 07:18:33.324062+00	2026-05-31 07:31:59.384217+00	6787	f
6703	Генератор Iskra ААN5182 24v80A Евро (аналог7762,4502,3782)	aan5182	AAN5182 Искра			10200.00	\N	29	\N	t	t	f	f	2026-05-31 07:18:33.325922+00	2026-05-31 07:31:59.385713+00	6787	f
6704	Генератор Г 273В1-3701000-03 (28В 50А) г.Самара	2731	Г273В1 НОВЫЙ			6170.00	\N	12	\N	t	t	f	f	2026-05-31 07:18:33.327545+00	2026-05-31 07:31:59.387213+00	6787	f
6705	Генератор Г273В1-03М КАМАЗ, МАЗ 80А г. Самара	2731-03-80	Г273В1-03М 80А			6069.00	\N	16	\N	t	t	f	f	2026-05-31 07:18:33.329079+00	2026-05-31 07:31:59.388814+00	6787	f
6706	Генератор Г288Е 28 В 47А  г.Самара	288-3701000	Г288Е-3701000			10960.00	\N	16	\N	t	t	f	f	2026-05-31 07:18:33.332241+00	2026-05-31 07:31:59.390233+00	6787	f
6707	Генератор МАЗ,Урал с дв. ЯМЗ Евро 2,3 г.Самара	7762-3701-03-76	7762-3701-03  (76А)			5406.00	\N	10	\N	t	t	f	f	2026-05-31 07:18:33.333872+00	2026-05-31 07:31:59.391695+00	6787	f
6708	Диодный мост Г273В1	46-65-02	БПВ46-65-02Б			408.00	\N	20	\N	t	t	f	f	2026-05-31 07:18:33.337264+00	2026-05-31 07:31:59.393117+00	6787	f
6709	Диодный мост генератора 288,6562	7-100-02	БПВ 7-100-02			459.00	\N	12	\N	t	t	f	f	2026-05-31 07:18:33.338798+00	2026-05-31 07:31:59.39461+00	6787	f
6710	Диодный мост генератора 6582 ЕВРО	17-100-02	БПВ 17-100-02			1155.00	\N	21	\N	t	t	f	f	2026-05-31 07:18:33.340303+00	2026-05-31 07:31:59.396053+00	6787	f
6711	Ротор на Г 273В1-03  (50А)	6683701200-10	668.3701200-10			2138.00	\N	3	\N	t	t	f	f	2026-05-31 07:18:33.341844+00	2026-05-31 07:31:59.397482+00	6787	f
6713	Статор генератора 6562 (90А), 6582 (80А)	653701100	Г65.3701100			2637.00	\N	17	\N	t	t	f	f	2026-05-31 07:18:33.344891+00	2026-05-31 07:31:59.400298+00	6787	f
6714	Статор генератора Г273В1 коопер. Самара (45А)	273-3701100	Г273-3701100			1408.00	\N	12	\N	t	t	f	f	2026-05-31 07:18:33.346485+00	2026-05-31 07:31:59.401741+00	6787	f
6715	Статор генератора Г288 (47А)	288-3701100	Г288-3701100			2301.00	\N	14	\N	t	t	f	f	2026-05-31 07:18:33.348087+00	2026-05-31 07:31:59.403123+00	6787	f
6716	Статор на Г 273В1-03  (на 50А)	6693701100-10	669.3701100-10			1347.00	\N	16	\N	t	t	f	f	2026-05-31 07:18:33.349645+00	2026-05-31 07:31:59.404565+00	6787	f
6717	Щеткодержатель генератора	273-3701010	Г273-3701010 А ЗАВОД			509.00	\N	13	\N	t	t	f	f	2026-05-31 07:18:33.351181+00	2026-05-31 07:31:59.405984+00	6787	f
6718	Щеткодержатель ЕВРО	6582-3701010	6582-3701010 ЗАВОД			505.00	\N	11	\N	t	t	f	f	2026-05-31 07:18:33.352706+00	2026-05-31 07:31:59.4075+00	6787	f
6719	Генератор ( аналог 4001-53) (АТЭ-1) 28В 80А	45013771-53	4501.3771-53			10702.00	\N	2	\N	t	t	f	f	2026-05-31 07:18:33.354242+00	2026-05-31 07:31:59.408903+00	6787	f
6720	Генератор 1312.3771 (аналог  Г273В1) 28В 60А КАМАЗ, МАЗ	13123771	1312.3771 Т			5631.00	\N	14	\N	t	t	f	f	2026-05-31 07:18:33.355835+00	2026-05-31 07:31:59.410357+00	6787	f
6721	Генератор 1322.3771 (аналог Г273В2) 28В 50А МАЗ	13223771	1322.3771 Т			5508.00	\N	12	\N	t	t	f	f	2026-05-31 07:18:33.359275+00	2026-05-31 07:31:59.411828+00	6787	f
6722	Генератор 1702.3771 (аналог Г288Е) 28В 50А КАМАЗ, МАЗ, КРАЗ	17023771	1702.3771 Т			7733.00	\N	10	\N	t	t	f	f	2026-05-31 07:18:33.362347+00	2026-05-31 07:31:59.413242+00	6787	f
6723	Генератор 3112.3771  28В 80А МАЗ (7511)  (2-х руч.)	31123771	3112.3771			6758.00	\N	17	\N	t	t	f	f	2026-05-31 07:18:33.365461+00	2026-05-31 07:31:59.414702+00	6787	f
7038	Влагоотделитель с РДВ  г.Рославль	25-3511110-01	25-3511110-01			7609.00	\N	11	\N	t	t	f	f	2026-05-31 07:18:34.159938+00	2026-05-31 07:31:59.898223+00	6738	f
6724	Генератор 3122.3771 2-х руч. 28В 80А (аналог 6582-02) КАМАЗ	31223771	3122.3771			9180.00	\N	11	\N	t	t	f	f	2026-05-31 07:18:33.368339+00	2026-05-31 07:31:59.416093+00	6787	f
6725	Генератор 3142.3771 (аналог Г4001-53) КАМАЗ Евро широкий шкив	31423771	3142.3771			10185.00	\N	20	\N	t	t	f	f	2026-05-31 07:18:33.371261+00	2026-05-31 07:31:59.417534+00	6787	f
6726	Генератор 4502.3771 широкий рем. (аналог 7762) 28В 80А КАМАЗ ЕВРО-2,-3	45023771	4502.3771Т			7926.00	\N	15	\N	t	t	f	f	2026-05-31 07:18:33.374353+00	2026-05-31 07:31:59.418936+00	6787	f
6727	Генератор 4512.3771 28В 90А МАЗ ЕВРО-3  широкий шкив	45123771	4512.3771Т			8638.00	\N	29	\N	t	t	f	f	2026-05-31 07:18:33.377619+00	2026-05-31 07:31:59.420347+00	6787	f
6728	Генератор 740.30, 740.31, креп.10мм.6 руч, 28В 90А	31423771-10	3142.3771-10			9244.00	\N	8	\N	t	t	f	f	2026-05-31 07:18:33.380444+00	2026-05-31 07:31:59.421811+00	6787	f
6729	Генератор 740.30, 740.31, креп.10мм.8 руч, 28В 90А	31423771-20	3142.3771-20			9007.00	\N	20	\N	t	t	f	f	2026-05-31 07:18:33.381992+00	2026-05-31 07:31:59.423231+00	6787	f
6730	Генератор КАМАЗ  Евро-4,5  8 руч ПРАМО	45423771-20-28-120	4542.3771-20 28В 120А			10782.00	\N	18	\N	t	t	f	f	2026-05-31 07:18:33.383618+00	2026-05-31 07:31:59.424662+00	6787	f
6731	Генератор КАМАЗ ЕВРО-3  28В 90А широкий шкив, пятипиновый разъем	45423771	4542.3771			9015.00	\N	17	\N	t	t	f	f	2026-05-31 07:18:33.386617+00	2026-05-31 07:31:59.426089+00	6787	f
6732	Генератор КАМАЗ ЕВРО-3,4 10-ти ручейковый	45223771-10-28-80	4522.3771-10 28В 80А			8548.00	\N	16	\N	t	t	f	f	2026-05-31 07:18:33.389858+00	2026-05-31 07:31:59.427523+00	6787	f
6733	Генератор средний	31123771-01-80	3112.3771-01 Т 80А			8303.00	\N	15	\N	t	t	f	f	2026-05-31 07:18:33.392954+00	2026-05-31 07:31:59.428972+00	6787	f
6734	Домкрат гидр.бут. 16т, 230-465 мм	16	ПРАМО 16 тонн			1505.00	\N	18	\N	t	t	f	f	2026-05-31 07:18:33.394616+00	2026-05-31 07:31:59.430413+00	6716	f
6735	Домкрат гидр.бут. 30т, 240-370 мм	30	ПРАМО 30 тонн			3887.00	\N	17	\N	t	t	f	f	2026-05-31 07:18:33.396293+00	2026-05-31 07:31:59.431858+00	6716	f
6736	Статор на 4502,4212(10),4522(10),4532(10),4542	45023771100-01	4502.3771.100-01			2981.00	\N	20	\N	t	t	f	f	2026-05-31 07:18:33.398125+00	2026-05-31 07:31:59.433789+00	6787	f
6737	Щеткодержатель с регулятором	45023771060	4502.3771.060			271.00	\N	12	\N	t	t	f	f	2026-05-31 07:18:33.399688+00	2026-05-31 07:31:59.43523+00	6787	f
6738	Гидроусилитель МАЗ	503-3405010-10	503-3405010-10			52514.00	\N	13	\N	t	t	f	f	2026-05-31 07:18:33.401286+00	2026-05-31 07:31:59.436727+00	6778	f
6739	Гидроцилиндр подъема запасного колеса КАМАЗ г.Борисов	453198237	453198.237 ШНКФ			15110.00	\N	15	\N	t	t	f	f	2026-05-31 07:18:33.40428+00	2026-05-31 07:31:59.438134+00	6778	f
6740	ГУР  КАМАЗ г.Борисов	4310-3400020-03	4310-3400020-03			110160.00	\N	15	\N	t	t	f	f	2026-05-31 07:18:33.4073+00	2026-05-31 07:31:59.439586+00	6778	f
6741	ГУР  КАМАЗ г.Борисов	4310-3400020-01	4310-3400020-01			107100.00	\N	16	\N	t	t	f	f	2026-05-31 07:18:33.410268+00	2026-05-31 07:31:59.440987+00	6778	f
6742	ГУР КамАЗ 4308, 4326, 6520 (двухосн., трехосные)	453461425-01	453461.425-01 ШНКФ			120502.00	\N	22	\N	t	t	f	f	2026-05-31 07:18:33.413346+00	2026-05-31 07:31:59.44249+00	6778	f
6743	Насос ГУРа  КАМАЗ (усил.)18*1,5 внутр г.Борисов	4310-3407200-21	4310-3407200-21			18092.00	\N	16	\N	t	t	f	f	2026-05-31 07:18:33.416447+00	2026-05-31 07:31:59.44393+00	6778	f
6744	Насос ГУРа  КАМАЗ г.Борисов	4310-3407200-01	4310-3407200-01			17769.00	\N	7	\N	t	t	f	f	2026-05-31 07:18:33.419448+00	2026-05-31 07:31:59.445417+00	6778	f
6745	Насос ГУРа (без бачка и шкива) г.Борисов	130-3407199	130-3407199			13249.00	\N	12	\N	t	t	f	f	2026-05-31 07:18:33.42242+00	2026-05-31 07:31:59.446919+00	6778	f
6746	Насос ГУРа 130-3407200-а ЗИЛ г.Борисов	130-3407200	130-3407200-а			17004.00	\N	16	\N	t	t	f	f	2026-05-31 07:18:33.425282+00	2026-05-31 07:31:59.448364+00	6778	f
6747	Насос ГУРа 6520 г.Елец	6520-3407200	6520-3407200 г.Елец			21719.00	\N	23	\N	t	t	f	f	2026-05-31 07:18:33.428192+00	2026-05-31 07:31:59.449833+00	6778	f
6748	Насос ГУРа КАМАЗ (наружн.резьба)	4310-3407200-02	4310-3407200-02 г. Елец			17850.00	\N	27	\N	t	t	f	f	2026-05-31 07:18:33.431508+00	2026-05-31 07:31:59.451256+00	6778	f
6749	Насос Гура Камаз левого вращения г.Борисов	4310-3407200-11	4310-3407200-11			18576.00	\N	27	\N	t	t	f	f	2026-05-31 07:18:33.435524+00	2026-05-31 07:31:59.452705+00	6778	f
6750	Насос ГУРа КРАЗ, Урал, МАЗ  г.Борисов	256-3407199-01	256б-3407199-01			15226.00	\N	20	\N	t	t	f	f	2026-05-31 07:18:33.439062+00	2026-05-31 07:31:59.454139+00	6778	f
6751	Насос МОК  в упаковке г.Борисов КАМАЗ, МАЗ (182.5004010-11)	458662250	458662.250 ШНКФ			21284.00	\N	27	\N	t	t	f	f	2026-05-31 07:18:33.442364+00	2026-05-31 07:31:59.455753+00	6778	f
6752	Р/К Насос ГУРа г.Борисов	5320-3407244	5320-3407244			3570.00	\N	15	\N	t	t	f	f	2026-05-31 07:18:33.445514+00	2026-05-31 07:31:59.45721+00	6778	f
6753	Р/К Насос Гура 453471.021 ШНКФ	453479011	453479.011 ШНКФ			2236.00	\N	12	\N	t	t	f	f	2026-05-31 07:18:33.448498+00	2026-05-31 07:31:59.458648+00	6778	f
6754	Цилиндр МОК (с трубкой) 43114-5003014 КАМАЗ г.Борисов	453198214	453198.214 ШНКФ			20225.00	\N	15	\N	t	t	f	f	2026-05-31 07:18:33.450033+00	2026-05-31 07:31:59.460066+00	6778	f
6755	Цилиндр МОК КАМАЗ г.Борисов	453198210	453198.210 ШНКФ			18527.00	\N	16	\N	t	t	f	f	2026-05-31 07:18:33.452947+00	2026-05-31 07:31:59.461567+00	6778	f
6756	Амперметр (30А)	110-381101030	110б-3811010(30А)			815.00	\N	18	\N	t	t	f	f	2026-05-31 07:18:33.456035+00	2026-05-31 07:31:59.46304+00	6797	f
6757	Амперметр (50А) Владимр	111-381101050	111б-3811010(50А)			535.00	\N	24	\N	t	t	f	f	2026-05-31 07:18:33.457698+00	2026-05-31 07:31:59.464484+00	6797	f
6758	Выключатель ВК318Б механч. Старый Оскол	318	ВК318Б			281.00	\N	20	\N	t	t	f	f	2026-05-31 07:18:33.459252+00	2026-05-31 07:31:59.465931+00	6795	f
6759	Выключатель массы электр.	14103737-4	1410.3737 4 шт.			2125.00	\N	4	\N	t	t	f	f	2026-05-31 07:18:33.46079+00	2026-05-31 07:31:59.467369+00	6795	f
6760	Выключатель массы КамАз-6520(крышка текстолит)	14003737-24-50	1400.3737 24В 50А			1759.00	\N	12	\N	t	t	f	f	2026-05-31 07:18:33.462292+00	2026-05-31 07:31:59.468864+00	6795	f
6761	Датчик  бензобака 500л. г.Владимир	52123827	5212.3827			740.00	\N	3	\N	t	t	f	f	2026-05-31 07:18:33.465233+00	2026-05-31 07:31:59.470291+00	6795	f
6762	Датчик  выкл.пневмат.сигнала торможения г.Пенза	125	ММ 125Д			43.00	\N	11	\N	t	t	f	f	2026-05-31 07:18:33.466833+00	2026-05-31 07:31:59.471827+00	6795	f
6763	Датчик аварийного давления масла г.Владимир	5320-3829030-1112602	5320-3829030 ММ 111(2602)			82.00	\N	4	\N	t	t	f	f	2026-05-31 07:18:33.468439+00	2026-05-31 07:31:59.473355+00	6795	f
6764	Замок зажигания ВК-353 г.Санкт-Петербург	5320-3708500-00	5320-3708500-00			899.00	\N	14	\N	t	t	f	f	2026-05-31 07:18:33.471571+00	2026-05-31 07:31:59.474842+00	6795	f
6765	Замок зажигания ЕВРО (камаз)	19023704	1902.3704			497.00	\N	24	\N	t	t	f	f	2026-05-31 07:18:33.474519+00	2026-05-31 07:31:59.476356+00	6795	f
6766	Привод спидометра г.Самара	307	МЭ 307			1302.00	\N	13	\N	t	t	f	f	2026-05-31 07:18:33.477555+00	2026-05-31 07:31:59.477895+00	6795	f
6767	Реле блокировки стартера РБС г.Пенза	86023777	8602.3777			74.00	\N	25	\N	t	t	f	f	2026-05-31 07:18:33.479277+00	2026-05-31 07:31:59.479314+00	6790	f
6768	Реле поворота  г.Владимир	951372610-37	РС 951А.372610 (37 уп)			1216.00	\N	21	\N	t	t	f	f	2026-05-31 07:18:33.48121+00	2026-05-31 07:31:59.481003+00	6795	f
6769	Рычаг стеклоочистителя шт	275205700-02	27.5205700-02			130.00	\N	11	\N	t	t	f	f	2026-05-31 07:18:33.482952+00	2026-05-31 07:31:59.482485+00	6795	f
6771	Термостат ТС 107.1306100-01М набор 2+1 КАМАЗ	30-80	(30 уп)80С			578.00	\N	13	\N	t	t	f	f	2026-05-31 07:18:33.487868+00	2026-05-31 07:31:59.485411+00	6795	f
6770	Термостат ТС 108.1306100-01М ГАЗ 53, ПАЗ	80-2	80С			180.00	\N	21	\N	t	t	f	f	2026-05-31 07:18:33.484662+00	2026-05-31 07:31:59.486884+00	6795	f
6772	Тяга	2725205500	272.5205500			392.00	\N	15	\N	t	t	f	f	2026-05-31 07:18:33.495249+00	2026-05-31 07:31:59.488275+00	6795	f
6773	Указатель уровня топлива г. Октябрьский	170	УБ 170			210.00	\N	13	\N	t	t	f	f	2026-05-31 07:18:33.496883+00	2026-05-31 07:31:59.489783+00	6795	f
6774	Щетка  г.Ставрово к-т	275205800-02	27.5205800-02 М			155.00	\N	7	\N	t	t	f	f	2026-05-31 07:18:33.498678+00	2026-05-31 07:31:59.491171+00	6795	f
6775	Вал ведомой шестерни	740-1029154	740-1029154			760.00	\N	27	\N	t	t	f	f	2026-05-31 07:18:33.50024+00	2026-05-31 07:31:59.492571+00	6732	f
6776	Вал промежуточный среднего моста	5320-2502201	5320-2502201 г.Курган			1100.00	\N	26	\N	t	t	f	f	2026-05-31 07:18:33.501796+00	2026-05-31 07:31:59.493967+00	6732	f
6777	Вилка перекл. 2-3 пер.КПП ОАО КАМАЗ	14-1702027	14-1702027			920.00	\N	17	\N	t	t	f	f	2026-05-31 07:18:33.505024+00	2026-05-31 07:31:59.495408+00	6730	f
6778	Вилка перекл.делителя КПП ОАО КАМАЗ	15-1771094	15-1771094			1640.00	\N	11	\N	t	t	f	f	2026-05-31 07:18:33.508375+00	2026-05-31 07:31:59.496857+00	6730	f
6779	Вкладыш реактивной штанги	5320-2919040	5320-2919040			34.00	\N	13	\N	t	t	f	f	2026-05-31 07:18:33.511426+00	2026-05-31 07:31:59.498472+00	6714	f
6780	Вкладыш наконечника верхний	5297-3414066	5297-3414066			847.00	\N	18	\N	t	t	f	f	2026-05-31 07:18:33.514353+00	2026-05-31 07:31:59.500006+00	6828	f
6781	Вкладыш наконечника нижний ОАО КАМАЗ	5320-3414067	5320-3414067			305.00	\N	12	\N	t	t	f	f	2026-05-31 07:18:33.515953+00	2026-05-31 07:31:59.501491+00	6828	f
6782	Вкладыш реактивного пальца (толстый) ОАО КАМАЗ	5511-2919034	5511-2919034			499.00	\N	14	\N	t	t	f	f	2026-05-31 07:18:33.519089+00	2026-05-31 07:31:59.502904+00	6714	f
6784	Втулка маховика	740-1005133	740-1005133			180.00	\N	17	\N	t	t	f	f	2026-05-31 07:18:33.525432+00	2026-05-31 07:31:59.505783+00	6765	f
6785	Втулка распорная	5320-2502029	5320-2502029			463.00	\N	30	\N	t	t	f	f	2026-05-31 07:18:33.526974+00	2026-05-31 07:31:59.507225+00	6732	f
6786	Втулка шестерни 1-ой передачи	154-1701282	154-1701282			1650.00	\N	18	\N	t	t	f	f	2026-05-31 07:18:33.53007+00	2026-05-31 07:31:59.508698+00	6730	f
6787	Гайка конич.шестерни среднего моста	853550	853550			345.00	\N	15	\N	t	t	f	f	2026-05-31 07:18:33.531607+00	2026-05-31 07:31:59.510149+00	6732	f
6789	Гайка подшипника в сборе ОАО КАМАЗ	5320-2502063	5320-2502063			330.00	\N	28	\N	t	t	f	f	2026-05-31 07:18:33.536645+00	2026-05-31 07:31:59.513073+00	6732	f
6790	Гайка подшипника дифер.бугельная ОАО КАМАЗ	53205-2403040	53205-2403040			630.00	\N	19	\N	t	t	f	f	2026-05-31 07:18:33.539668+00	2026-05-31 07:31:59.51468+00	6732	f
6791	Гайка подшипника ступицы 4310 ОАО КАМАЗ	4310-3103076	4310-3103076			320.00	\N	17	\N	t	t	f	f	2026-05-31 07:18:33.54266+00	2026-05-31 07:31:59.516091+00	6732	f
6792	Гайка сошки Гура	853567	853567			215.00	\N	12	\N	t	t	f	f	2026-05-31 07:18:33.545635+00	2026-05-31 07:31:59.517551+00	6777	f
6793	Гнездо АКБ ОАО КАМАЗ ( без крышки)	5320-3703058	5320-3703058			3500.00	\N	18	\N	t	t	f	f	2026-05-31 07:18:33.547316+00	2026-05-31 07:31:59.518971+00	6811	f
6794	Колодка тормозная в сб.ОАО КАМАЗ	6520-3501090	6520-3501090			3952.00	\N	1	\N	t	t	f	f	2026-05-31 07:18:33.550496+00	2026-05-31 07:31:59.520405+00	6747	f
6795	Колпак воздухозаборника ОАО КАМАЗ	5320-1109384	5320-1109384			830.00	\N	22	\N	t	t	f	f	2026-05-31 07:18:33.553753+00	2026-05-31 07:31:59.521877+00	6760	f
6796	Колпак воздухозаборника в сборе	55118-1109384	55118-1109384			815.00	\N	10	\N	t	t	f	f	2026-05-31 07:18:33.557077+00	2026-05-31 07:31:59.523482+00	6760	f
6797	Кольцо маслонагнетательное ОАО КАМАЗ	14-1701096	14-1701096			415.00	\N	11	\N	t	t	f	f	2026-05-31 07:18:33.560116+00	2026-05-31 07:31:59.524965+00	6828	f
6798	Кран управления делителем(нов.обр.) ОАО КАМАЗ	15-1772132-10	15-1772132-10			2040.00	\N	15	\N	t	t	f	f	2026-05-31 07:18:33.563267+00	2026-05-31 07:31:59.526526+00	6730	f
6799	Кронштейн амортизатора левый	5320-2905535	5320-2905535			680.00	\N	10	\N	t	t	f	f	2026-05-31 07:18:33.566568+00	2026-05-31 07:31:59.528109+00	6707	f
6800	Кронштейн амортизатора правый	5320-2905534	5320-2905534			680.00	\N	16	\N	t	t	f	f	2026-05-31 07:18:33.570014+00	2026-05-31 07:31:59.530017+00	6707	f
6801	Муфта блокировки МОД ОАО КАМАЗ	5320-2509053	5320-2509053			810.00	\N	12	\N	t	t	f	f	2026-05-31 07:18:33.573299+00	2026-05-31 07:31:59.531641+00	6730	f
6802	Муфта с втулкой (к-т)	14-1701580	14-1701580			2000.00	\N	16	\N	t	t	f	f	2026-05-31 07:18:33.576939+00	2026-05-31 07:31:59.533462+00	6730	f
6803	Накладка оси тормозных колодок ОАО КАМАЗ	5320-3501133	5320-3501133			86.00	\N	14	\N	t	t	f	f	2026-05-31 07:18:33.578525+00	2026-05-31 07:31:59.535079+00	6747	f
6804	Насос масляный без шестерни ЕВРО	74011-1011014	740.11-1011014			7365.00	\N	27	\N	t	t	f	f	2026-05-31 07:18:33.581494+00	2026-05-31 07:31:59.536681+00	6772	f
6805	Натяжитель ремня	740-1308110	740-1308110			2355.00	\N	28	\N	t	t	f	f	2026-05-31 07:18:33.583124+00	2026-05-31 07:31:59.538134+00	6769	f
6806	Палец буксирной вилки ОАО КАМАЗ	53205-2806117	53205-2806117			705.00	\N	29	\N	t	t	f	f	2026-05-31 07:18:33.585986+00	2026-05-31 07:31:59.539656+00	6764	f
6807	Панель облицовочная верхняя ОАО КАМАЗ	5320-8401012-00	5320-8401012-00			2943.00	\N	13	\N	t	t	f	f	2026-05-31 07:18:33.588891+00	2026-05-31 07:31:59.541103+00	6825	f
6808	Панель облицовочная нижняя ОАО КАМАЗ	5320-8401120	5320-8401120			7500.00	\N	17	\N	t	t	f	f	2026-05-31 07:18:33.591762+00	2026-05-31 07:31:59.542605+00	6825	f
6809	Панель облицовочная нижняя ЕВРО ОАО КАМАЗ	53205-8401120-00	53205-8401120-00			6200.00	\N	11	\N	t	t	f	f	2026-05-31 07:18:33.595193+00	2026-05-31 07:31:59.54405+00	6825	f
6810	Панель передка боковая съемная ОАО КАМАЗ	5320-5301046	5320-5301046			1620.00	\N	14	\N	t	t	f	f	2026-05-31 07:18:33.598249+00	2026-05-31 07:31:59.545565+00	6825	f
6811	Панель передка боковая съемная ОАО КАМАЗ	5320-5301047	5320-5301047			880.00	\N	20	\N	t	t	f	f	2026-05-31 07:18:33.60131+00	2026-05-31 07:31:59.547028+00	6825	f
6812	Панель с обтекателем левая в сборе ОАО КАМАЗ	5320-5399005-00	5320-5399005-00			1570.00	\N	20	\N	t	t	f	f	2026-05-31 07:18:33.604315+00	2026-05-31 07:31:59.548485+00	6825	f
6813	Панель с обтекателем правая в сборе ОАО КАМАЗ	5320-5399004-00	5320-5399004-00			1570.00	\N	10	\N	t	t	f	f	2026-05-31 07:18:33.60737+00	2026-05-31 07:31:59.550032+00	6825	f
6814	Поршневая ч/б с пальцем ОАО КАМАЗ (поршнекомплект)	740-1000128-1839	740-1000128-1839			8000.00	\N	17	\N	t	t	f	f	2026-05-31 07:18:33.610771+00	2026-05-31 07:31:59.55157+00	6764	f
6815	Р/К водяного насоса в сборе ЕВРО-3 НАШ	3	ЕВРО- 3			1320.00	\N	17	\N	t	t	f	f	2026-05-31 07:18:33.614073+00	2026-05-31 07:31:59.553108+00	6770	f
6816	Р/К масляного насоса полный	740-1011014-30	740-1011014-30			825.00	\N	12	\N	t	t	f	f	2026-05-31 07:18:33.615968+00	2026-05-31 07:31:59.554617+00	6772	f
6817	Ролик (тормозмой колодки) ОАО КАМАЗ	5320-3501109	5320-3501109			105.00	\N	22	\N	t	t	f	f	2026-05-31 07:18:33.617513+00	2026-05-31 07:31:59.556059+00	6747	f
6818	Стакан подшипников ОАО КАМАЗ	5320-2402046	5320-2402046			3200.00	\N	16	\N	t	t	f	f	2026-05-31 07:18:33.620733+00	2026-05-31 07:31:59.557644+00	6828	f
6819	Ступица ведомого диска ОАО КАМАЗ	14-1601142	14-1601142			450.00	\N	15	\N	t	t	f	f	2026-05-31 07:18:33.623938+00	2026-05-31 07:31:59.559138+00	6730	f
6820	Стяжка кронштейнов оси (балансира) ОАО КАМАЗ	5320-2918189	5320-2918189			4440.00	\N	17	\N	t	t	f	f	2026-05-31 07:18:33.627339+00	2026-05-31 07:31:59.560647+00	6732	f
6821	Тяга продольная рулевая в сборе ОАО КАМАЗ	5320-3414009-00	5320-3414009-00			12000.00	\N	13	\N	t	t	f	f	2026-05-31 07:18:33.630565+00	2026-05-31 07:31:59.562091+00	6784	f
6822	Тяга продольная рулевая в сборе ОАО КАМАЗ	5297-3414009-00	5297-3414009-00			12000.00	\N	16	\N	t	t	f	f	2026-05-31 07:18:33.633762+00	2026-05-31 07:31:59.563563+00	6784	f
6823	Фланец КПП круг. ОАО КАМАЗ	152-1701240	152-1701240			2100.00	\N	13	\N	t	t	f	f	2026-05-31 07:18:33.636861+00	2026-05-31 07:31:59.565046+00	6730	f
6824	Чашки МОД (к-т) ОАО КАМАЗ	53205-2506016	53205-2506016			25000.00	\N	16	\N	t	t	f	f	2026-05-31 07:18:33.639888+00	2026-05-31 07:31:59.566544+00	6732	f
6826	Экран	740-1003216	740-1003216			24.00	\N	19	\N	t	t	f	f	2026-05-31 07:18:33.646137+00	2026-05-31 07:31:59.569375+00	6828	f
6827	Генератор 6661 М-2141 дв. 412 Уфа ОАО ЗИТ	66613701	6661.3701			2590.47	\N	21	\N	t	t	f	f	2026-05-31 07:18:33.647753+00	2026-05-31 07:31:59.570834+00	6787	f
6828	Крышка СТ222-3708400	222-3708400	носик			500.00	\N	11	\N	t	t	f	f	2026-05-31 07:18:33.649458+00	2026-05-31 07:31:59.573771+00	6793	f
6829	Привод в сборе н/о (на редукт. 20,24 серию)	203708600-01	20.3708600-01			465.00	\N	1	\N	t	t	f	f	2026-05-31 07:18:33.65261+00	2026-05-31 07:31:59.575189+00	6793	f
6830	Привод  МТЗ-80 в сборе	243708600-01	24.3708600-01			405.00	\N	25	\N	t	t	f	f	2026-05-31 07:18:33.65457+00	2026-05-31 07:31:59.576633+00	6793	f
6831	Редуктор с валом на стартер 9112	40000012	40000012			1870.00	\N	20	\N	t	t	f	f	2026-05-31 07:18:33.658024+00	2026-05-31 07:31:59.578077+00	6790	f
6832	Реле втягивающее	603708800	60.3708800			700.00	\N	7	\N	t	t	f	f	2026-05-31 07:18:33.660038+00	2026-05-31 07:31:59.579657+00	6792	f
6833	Реле стартера в сборе МТЗ-80 24В ОАО ЗИТ	203708800	20.3708800 стар.обр.			1310.00	\N	14	\N	t	t	f	f	2026-05-31 07:18:33.661656+00	2026-05-31 07:31:59.581137+00	6790	f
6834	Стартер взамен 20 Бычок, МТЗ редуктор. (5,9 кВт) ОАО ЗИТ	20023708000-01-24	2002.3708000-01 24В			6100.00	\N	16	\N	t	t	f	f	2026-05-31 07:18:33.664779+00	2026-05-31 07:31:59.582596+00	6790	f
6835	Стартер Д-144,Т-40,Т25А2 редукт. (взамен 241 и 222А)  ОАО ЗИТ	24123708000-01-12-4	2412.3708000-01 12В 4кВт			6100.00	\N	14	\N	t	t	f	f	2026-05-31 07:18:33.667963+00	2026-05-31 07:31:59.58401+00	6790	f
6836	Стартер МТЗ-50,80,100 редукт. 4 кВт (взамен 24)  ОАО ЗИТ	24023708000-01-12	2402.3708000-01 12В			6100.00	\N	17	\N	t	t	f	f	2026-05-31 07:18:33.669579+00	2026-05-31 07:31:59.585516+00	6790	f
6837	Стартер Т-40М  5,9  кВт (взамен 201)  ОАО ЗИТ	201237008000-01-24	2012.37008000-01 24В			6100.00	\N	9	\N	t	t	f	f	2026-05-31 07:18:33.67247+00	2026-05-31 07:31:59.586994+00	6790	f
6838	Якорь стартера	20-3708200-02	20-3708200-02 нов.обр.			1695.00	\N	11	\N	t	t	f	f	2026-05-31 07:18:33.67399+00	2026-05-31 07:31:59.588511+00	6790	f
6839	Компрессор 1-ц. г.Ижевск 16 мм.	53205-3509015-20-21	53205-3509015-20 (21)			12230.00	\N	23	\N	t	t	f	f	2026-05-31 07:18:33.675713+00	2026-05-31 07:31:59.589968+00	6745	f
6840	Компрессор 1-ц.( Айк-Мото) г.Ижевск 22 мм. выход сверху	53205-3509015-02	53205-3509015-02 АЙК			12818.00	\N	12	\N	t	t	f	f	2026-05-31 07:18:33.678974+00	2026-05-31 07:31:59.591443+00	6745	f
6841	Компрессор 1-цил. КАМАЗ г.Борисов	306-01	ПК 306-01			28539.00	\N	20	\N	t	t	f	f	2026-05-31 07:18:33.682016+00	2026-05-31 07:31:59.592857+00	6745	f
6842	Компрессор  2-х цил. КАМАЗ 201 л/мин г.Борисов	214-30	ПК 214-30			28705.00	\N	11	\N	t	t	f	f	2026-05-31 07:18:33.685086+00	2026-05-31 07:31:59.594638+00	6745	f
6843	Компрессор 5336-3509012 МАЗ, Урал со шкивом 210 л/мин г.Борисов	5336-3509012-210	5336-3509012  210л/м			23460.00	\N	12	\N	t	t	f	f	2026-05-31 07:18:33.688242+00	2026-05-31 07:31:59.596099+00	6745	f
6844	Компрессор 5336-3509012-01 без шкива ЗИЛ, МАЗ,КРАЗ,Урал, БЕЛАЗ г.Борисов	5336-3509012-01-201	5336-3509012-01 201 л/мин			21805.00	\N	4	\N	t	t	f	f	2026-05-31 07:18:33.691641+00	2026-05-31 07:31:59.597798+00	6745	f
6845	Компрессор 5336-3509012-10 усилин. 270 л/мин г.Борисов	5336-3509012-10	5336-3509012-10			19890.00	\N	24	\N	t	t	f	f	2026-05-31 07:18:33.695024+00	2026-05-31 07:31:59.599262+00	6745	f
6846	Компрессор МАЗ,Лиаз,Урал 320л/мин  г.Борисов	310	ПК 310			26000.00	\N	15	\N	t	t	f	f	2026-05-31 07:18:33.696837+00	2026-05-31 07:31:59.600762+00	6745	f
6847	Компрессор 1 цил. Литва выход сверху	18-3509015-20-373	18-3509015-20 ( 373л.)			18100.00	\N	16	\N	t	t	f	f	2026-05-31 07:18:33.700451+00	2026-05-31 07:31:59.602175+00	6745	f
6848	Компрессор 2-х 275 л/м (дв.ЯМЗ) Литва	161-3509012-20	161-3509012-20			23460.00	\N	18	\N	t	t	f	f	2026-05-31 07:18:33.702167+00	2026-05-31 07:31:59.603682+00	6745	f
6850	Компрессор 2-х цил. Литва Н/О  275 л/мин	5320-3509015-10	5320-3509015-10			24072.00	\N	15	\N	t	t	f	f	2026-05-31 07:18:33.708322+00	2026-05-31 07:31:59.606579+00	6745	f
6851	Компрессор 2-х цил. (дв.ЯМЗ)  201л/мин Литва	161-3509012	161-3509012			23606.00	\N	14	\N	t	t	f	f	2026-05-31 07:18:33.711423+00	2026-05-31 07:31:59.608002+00	6745	f
6852	Р/К  1-но цил. компрессора Р0 в сборе НАШ	0-1	Р0 1-но цил.			618.00	\N	23	\N	t	t	f	f	2026-05-31 07:18:33.714255+00	2026-05-31 07:31:59.6095+00	6711	f
6853	Р/К  2-х цил. компрессора Р1 из 5-ти наим.	1	без шатуна Р 1			371.00	\N	17	\N	t	t	f	f	2026-05-31 07:18:33.715828+00	2026-05-31 07:31:59.610926+00	6711	f
6854	Крестовина 5320-2201025 межосевая г.Гродно	5320-2201025-02-20	5320-2201025-02 меж.20шт			3104.00	\N	16	\N	t	t	f	f	2026-05-31 07:18:33.71745+00	2026-05-31 07:31:59.612352+00	6724	f
6855	Крестовина  53205-2201025 м/о г.Гродно	53205-2201025-10-10	53205-2201025-10 меж.10шт			4188.00	\N	13	\N	t	t	f	f	2026-05-31 07:18:33.720266+00	2026-05-31 07:31:59.6138+00	6724	f
6856	Крестовина 4310-2205025 основная г.Гродно	4310-2205025-10	4310-2205025 осн.10шт			4999.00	\N	29	\N	t	t	f	f	2026-05-31 07:18:33.723498+00	2026-05-31 07:31:59.615225+00	6724	f
6857	Крестовина  53205-2205025 основная г.Гродно	53205-2205025-12-10	53205-2205025-12 осн.10шт			4579.00	\N	16	\N	t	t	f	f	2026-05-31 07:18:33.727043+00	2026-05-31 07:31:59.616659+00	6724	f
6858	Крестовина ЗИЛ 130-2201025 межосевая г.Гродно	130-2201025	130-2201025			459.00	\N	22	\N	t	t	f	f	2026-05-31 07:18:33.730049+00	2026-05-31 07:31:59.618098+00	6724	f
6859	Крестовина ЗИЛ 131-2205025 основная г.Гродно	131-2205025	131-2205025			765.00	\N	27	\N	t	t	f	f	2026-05-31 07:18:33.733291+00	2026-05-31 07:31:59.619578+00	6724	f
6860	Крестовина осн. 53205-2205026-10 голая	53205-2205026-10	голая			1379.00	\N	19	\N	t	t	f	f	2026-05-31 07:18:33.736236+00	2026-05-31 07:31:59.621004+00	6724	f
6861	Тавотница 90	853858	853858			4.00	\N	24	\N	t	t	f	f	2026-05-31 07:18:33.739268+00	2026-05-31 07:31:59.622537+00	6724	f
6862	Крестовина 5320-2201026	11839	ПРАМО (118*39 мм)			567.00	\N	10	\N	t	t	f	f	2026-05-31 07:18:33.741034+00	2026-05-31 07:31:59.623948+00	6724	f
6863	Крестовина 5320-2205025-01	13550	ПРАМО (135*50 мм)			1022.00	\N	27	\N	t	t	f	f	2026-05-31 07:18:33.743988+00	2026-05-31 07:31:59.625447+00	6724	f
6864	Крестовина 53205-2201025	50135	ПРАМО (50*135мм) М/О			1525.00	\N	18	\N	t	t	f	f	2026-05-31 07:18:33.747178+00	2026-05-31 07:31:59.626874+00	6724	f
6865	Крестовина 53205-2205025	15550	ПРАМО (155*50 мм) ОСН.			1093.00	\N	11	\N	t	t	f	f	2026-05-31 07:18:33.750523+00	2026-05-31 07:31:59.628307+00	6724	f
6866	Крестовина в сборе (28*68) рулевого вала КАМАЗ, Агротэк	5320-3422039	5320-3422039 АЕ			255.00	\N	20	\N	t	t	f	f	2026-05-31 07:18:33.753551+00	2026-05-31 07:31:59.629779+00	6724	f
6867	Крестовина в сборе (39*118) м/о Агротэк	5320-2201025	5320-2201025 Агротэк			688.00	\N	13	\N	t	t	f	f	2026-05-31 07:18:33.757436+00	2026-05-31 07:31:59.631207+00	6724	f
6868	Крестовина в сборе (50*135) евро-2 м/о,Агротэк	6520-2201025	6520-2201025 АЕ			1270.00	\N	16	\N	t	t	f	f	2026-05-31 07:18:33.761051+00	2026-05-31 07:31:59.632727+00	6724	f
6869	Крестовина в сборе (50*135) Агротэк	5320-2205025	5320-2205025 АЕ			1202.00	\N	18	\N	t	t	f	f	2026-05-31 07:18:33.764089+00	2026-05-31 07:31:59.634479+00	6724	f
6870	Крестовина в сборе (50*155) евро осн, Агротэк	53205-2205025	53205-2205025 АЕ			1314.00	\N	12	\N	t	t	f	f	2026-05-31 07:18:33.767063+00	2026-05-31 07:31:59.635961+00	6724	f
6871	Крестовина в сборе (50*155) КАМАЗ,КРАЗ,МАЗ(Агротэк)	4310-2205025	4310-2205025 АЕ			1348.00	\N	8	\N	t	t	f	f	2026-05-31 07:18:33.770011+00	2026-05-31 07:31:59.637572+00	6724	f
6872	Крестовина ВЕБЕР (малая) ЕВРО	53205s-2201025-6	53205S-2201025 (уп 6)			592.00	\N	11	\N	t	t	f	f	2026-05-31 07:18:33.773055+00	2026-05-31 07:31:59.638984+00	6724	f
6874	Крестовина У.5320-2205025-10 основная со стопорными кольцами	5320-2205025-10	У 5320-2205025-10			1551.00	\N	11	\N	t	t	f	f	2026-05-31 07:18:33.781132+00	2026-05-31 07:31:59.643331+00	6724	f
6873	Крестовина У.6520-2201025 межосевая	6520-2201025-2	УниверсалКарданДеталь			1751.00	\N	27	\N	t	t	f	t	2026-05-31 07:18:33.775893+00	2026-05-31 07:31:59.64781+00	6719	f
6875	Крестовина У.6520-2201025-10  мал. в сб.	2	УКД ЕВРО-2			1836.00	\N	17	\N	t	t	f	f	2026-05-31 07:18:33.791599+00	2026-05-31 07:31:59.64923+00	6724	f
6876	Рычаг регулировочный левый 10 т. трещётка зад.	5511-3502237	5511-3502237 ПРАМО			842.00	\N	12	\N	t	t	f	f	2026-05-31 07:18:33.794467+00	2026-05-31 07:31:59.650699+00	6724	f
6877	Рычаг регулировочный правый 8 т. трещётка зад.	5320-3502236	5320-3502236 ПРАМО			725.00	\N	2	\N	t	t	f	f	2026-05-31 07:18:33.797269+00	2026-05-31 07:31:59.652106+00	6724	f
6878	НШ-10 ПРАВЫЙ г.Ставрополь	10	НШ-10			700.00	\N	16	\N	t	t	f	f	2026-05-31 07:18:33.800089+00	2026-05-31 07:31:59.653558+00	6782	f
6879	Насос НШ-10 У3 (4-х шл.) правый	10-3	НШ-10 У3			2700.00	\N	19	\N	t	t	f	f	2026-05-31 07:18:33.801661+00	2026-05-31 07:31:59.655126+00	6782	f
6880	Насос НШ-50 А3 правый круглый	503	НШ-50А3 правый			12000.00	\N	19	\N	t	t	f	f	2026-05-31 07:18:33.803191+00	2026-05-31 07:31:59.656607+00	6782	f
6881	Лампа А 24-21+5 г.Брест 2-х конт.	24-215	А 24-21+5			5.00	\N	20	\N	t	t	f	f	2026-05-31 07:18:33.804745+00	2026-05-31 07:31:59.658109+00	6801	f
6882	Передний указатель поворота правый г.Киржач	118-3726010	УП118-3726010-П			245.00	\N	9	\N	t	t	f	f	2026-05-31 07:18:33.806289+00	2026-05-31 07:31:59.659601+00	6804	f
6883	Стекло фары (галоген) ВАЗ-2101,ГАЗ-2410	62-3711201-01	62 3711201-01			11.87	\N	11	\N	t	t	f	f	2026-05-31 07:18:33.807855+00	2026-05-31 07:31:59.661078+00	6805	f
6884	Стекло фары ВАЗ-2101,ГАЗ-2410	140-3711201	ФГ140 3711201			10.82	\N	10	\N	t	t	f	f	2026-05-31 07:18:33.810665+00	2026-05-31 07:31:59.662553+00	6805	f
6885	Фонарь УП-1 (4502.3712) ОСВАР	45023712	4502.3712			275.00	\N	18	\N	t	t	f	f	2026-05-31 07:18:33.813511+00	2026-05-31 07:31:59.663988+00	6802	f
6886	Буфер передней рессоры ОАО БРТ	5320-2902624	5320-2902624			493.00	\N	18	\N	t	t	f	f	2026-05-31 07:18:33.815045+00	2026-05-31 07:31:59.66548+00	6754	f
6887	Вставка уплотнителя рычага КПП ОАО БРТ	5320-5130027	5320-5130027			519.00	\N	27	\N	t	t	f	f	2026-05-31 07:18:33.818012+00	2026-05-31 07:31:59.666947+00	6754	f
6888	Втулка торсиона ОАО БРТ	5320-5002025	5320-5002025			90.00	\N	18	\N	t	t	f	f	2026-05-31 07:18:33.821448+00	2026-05-31 07:31:59.668444+00	6754	f
6889	Гофра ПГУ ОАО БРТ	5320-1609569	5320-1609569			10.00	\N	20	\N	t	t	f	f	2026-05-31 07:18:33.824313+00	2026-05-31 07:31:59.669845+00	6754	f
6890	Диафрагма механизма блокировки МОД ОАО БРТ	5320-2509017	5320-2509017			27.00	\N	16	\N	t	t	f	f	2026-05-31 07:18:33.82715+00	2026-05-31 07:31:59.671289+00	6754	f
6891	К-т пр-ок блока двигателя КАМАЗ (темпсил) ПРОФИ 7 наименований	106005-23	106005-23			48.00	\N	18	\N	t	t	f	f	2026-05-31 07:18:33.830001+00	2026-05-31 07:31:59.672836+00	6754	f
6892	К-т пр-ок водяной коробки двигателя КАМАЗ (темпсил) ПРОФИ 4 наименования	106004-23	106004-23			10.00	\N	14	\N	t	t	f	f	2026-05-31 07:18:33.832947+00	2026-05-31 07:31:59.674295+00	6754	f
6893	К-т пр-ок гидромуфты двигателя КАМАЗ (темпсил) ПРОФИ 6 наименований	106006-23	106006-23			22.00	\N	20	\N	t	t	f	f	2026-05-31 07:18:33.835945+00	2026-05-31 07:31:59.675799+00	6754	f
6894	К-т пр-ок двигателя КАМАЗ (темпсил) ПРОФИ 24 наименования	106001-23	106001-23			95.00	\N	17	\N	t	t	f	f	2026-05-31 07:18:33.838855+00	2026-05-31 07:31:59.677327+00	6754	f
6895	К-т пр-ок картера маховика КАМАЗ (темпсил) ПРОФИ 7 наименований	106002-23	106002-23			48.00	\N	11	\N	t	t	f	f	2026-05-31 07:18:33.841767+00	2026-05-31 07:31:59.678845+00	6754	f
6896	Кольцо ТНВД ОАО БРТ	331111069	33.1111069			5.00	\N	16	\N	t	t	f	f	2026-05-31 07:18:33.844685+00	2026-05-31 07:31:59.680577+00	6754	f
6897	Кольцо ТНВД ОАО БРТ	331111083	33.1111083			5.00	\N	14	\N	t	t	f	f	2026-05-31 07:18:33.846333+00	2026-05-31 07:31:59.682049+00	6754	f
6898	Кольцо уплотнительное (ФГОТ, ФЦОМ) ОАО БРТ	740-1105075	740-1105075			10.00	\N	12	\N	t	t	f	f	2026-05-31 07:18:33.847957+00	2026-05-31 07:31:59.6835+00	6754	f
6899	Кольцо уплотн. воздушного фильтра ОАО БРТ	740-1109553	740-1109553			279.00	\N	26	\N	t	t	f	f	2026-05-31 07:18:33.849529+00	2026-05-31 07:31:59.684937+00	6754	f
6900	Манжета балансира ОАО БРТ	864117115145	864117(115х145)			171.00	\N	10	\N	t	t	f	f	2026-05-31 07:18:33.85118+00	2026-05-31 07:31:59.68646+00	6753	f
6901	Манжета гидромуфты ЗАО ВРТ	740-1318166-10012512	740-1318166 (100х125х12)			401.00	\N	11	\N	t	t	f	f	2026-05-31 07:18:33.852772+00	2026-05-31 07:31:59.687943+00	6753	f
6902	Манжета гидромуфты ЗАО ВРТ	740-1318186-345010	740-1318186 (34х50х10)			116.00	\N	28	\N	t	t	f	f	2026-05-31 07:18:33.855885+00	2026-05-31 07:31:59.689439+00	6753	f
6903	Манжета ГУР на сошку (42*58*10)	864141	864141			40.80	\N	3	\N	t	t	f	f	2026-05-31 07:18:33.858743+00	2026-05-31 07:31:59.690849+00	6753	f
6904	Манжета ГУР на угловой редуктор	864113-223456	864113  (22х34,5х6)			29.00	\N	26	\N	t	t	f	f	2026-05-31 07:18:33.860314+00	2026-05-31 07:31:59.692309+00	6753	f
6905	Манжета ГЦС ОАО БРТ	5320-1602517-29265	5320-1602517 (29х26х5)			26.00	\N	29	\N	t	t	f	f	2026-05-31 07:18:33.861923+00	2026-05-31 07:31:59.693846+00	6753	f
6906	Манжета коленвала ЕВРО Резерв	7405-1005160-105130	7405-1005160 (105х130)			295.00	\N	16	\N	t	t	f	f	2026-05-31 07:18:33.864767+00	2026-05-31 07:31:59.695258+00	6753	f
6907	Манжета КПП (45х64) ЗАО ВРТ	14-1701230-01	14-1701230-01			165.00	\N	23	\N	t	t	f	f	2026-05-31 07:18:33.867698+00	2026-05-31 07:31:59.696693+00	6753	f
6908	Манжета с пружиной в сборе	6520-2502280	6520-2502280			690.00	\N	17	\N	t	t	f	f	2026-05-31 07:18:33.869238+00	2026-05-31 07:31:59.698145+00	6753	f
6909	Манжета с пружиной в сборе 80*105 наружн.	6520-2402176	6520-2402176			732.00	\N	19	\N	t	t	f	f	2026-05-31 07:18:33.872081+00	2026-05-31 07:31:59.69962+00	6753	f
6910	Манжета с пружиной в сборе 80*105 сред. мост	6520-2502180	6520-2502180			784.00	\N	14	\N	t	t	f	f	2026-05-31 07:18:33.874902+00	2026-05-31 07:31:59.701047+00	6753	f
6911	Манжета ступицы задней  ОАО БРТ	864129-0114216816	864129-01(142х168х16)			153.00	\N	12	\N	t	t	f	f	2026-05-31 07:18:33.877744+00	2026-05-31 07:31:59.702486+00	6753	f
6912	Манжета ступицы передней ОАО БРТ с пружиной	864135-01	864135-01			198.00	\N	14	\N	t	t	f	f	2026-05-31 07:18:33.879333+00	2026-05-31 07:31:59.703936+00	6753	f
6913	Манжета хвостовика Евро	864195-709210	864195 (70*92*10)			325.00	\N	29	\N	t	t	f	f	2026-05-31 07:18:33.880942+00	2026-05-31 07:31:59.705567+00	6753	f
6914	Манжета хвостовика ЗАО ВРТ	864180-70921216	864180 (70х92х12х16)			296.00	\N	3	\N	t	t	f	f	2026-05-31 07:18:33.88249+00	2026-05-31 07:31:59.707037+00	6753	f
6915	Манжета хвостовика ЗАО ВРТ	864176-70921216	864176 (70х92х12х16)			298.00	\N	19	\N	t	t	f	f	2026-05-31 07:18:33.884111+00	2026-05-31 07:31:59.708701+00	6753	f
6916	Мембрана тип 24 ОАО БРТ	100-3519250	100-3519250Р			218.00	\N	15	\N	t	t	f	f	2026-05-31 07:18:33.885803+00	2026-05-31 07:31:59.710163+00	6754	f
6917	Мембрана тип 30 ОАО БРТ	100-3519350	100-3519350			218.00	\N	17	\N	t	t	f	f	2026-05-31 07:18:33.887479+00	2026-05-31 07:31:59.711622+00	6754	f
6918	Патрубок радиатора 6520 нижний ОАО БРТ	6520-1303026	6520-1303026			950.00	\N	15	\N	t	t	f	f	2026-05-31 07:18:33.889094+00	2026-05-31 07:31:59.713129+00	6767	f
6919	Патрубок радиатора Шланг Ф68х120 ОАО БРТ	5320-1303027	5320-1303027			139.00	\N	4	\N	t	t	f	f	2026-05-31 07:18:33.892078+00	2026-05-31 07:31:59.714724+00	6767	f
6920	Патрубок радиатора ШЛАНГ Ф68х200 ОАО БРТ	5320-1303026	5320-1303026			214.00	\N	19	\N	t	t	f	f	2026-05-31 07:18:33.895051+00	2026-05-31 07:31:59.716239+00	6767	f
6921	Патрубок расширительного бачка ШЛАНГ Ф30Р ОАО БРТ	5320-1311049	5320-1311049			110.00	\N	18	\N	t	t	f	f	2026-05-31 07:18:33.898201+00	2026-05-31 07:31:59.717728+00	6768	f
6922	Патрубок сапуна переходной ОАО БРТ	740-1014138	740-1014138			87.00	\N	13	\N	t	t	f	f	2026-05-31 07:18:33.901305+00	2026-05-31 07:31:59.719173+00	6768	f
6923	Подушка переднего крепления кабины нижняя ОАО БРТ	5320-5001021	5320-5001021			870.00	\N	11	\N	t	t	f	f	2026-05-31 07:18:33.902894+00	2026-05-31 07:31:59.72063+00	6754	f
6924	Прокладка баллона (рессивера) ОАО БРТ	5320-3513092-01	5320-3513092-01Р			51.00	\N	13	\N	t	t	f	f	2026-05-31 07:18:33.90573+00	2026-05-31 07:31:59.722162+00	6755	f
6925	Прокладка впускного коллектора (домик)	740-1115026-01	740-1115026-01			13.00	\N	14	\N	t	t	f	f	2026-05-31 07:18:33.908676+00	2026-05-31 07:31:59.723621+00	6752	f
6926	Прокладка выпускного коллектора	7403-1008050	7403-1008050 армир.			35.00	\N	12	\N	t	t	f	f	2026-05-31 07:18:33.910209+00	2026-05-31 07:31:59.725089+00	6752	f
6927	Прокладка ГБЦ ОАО БРТ	740-1003213-20	740-1003213-20			108.00	\N	13	\N	t	t	f	f	2026-05-31 07:18:33.911788+00	2026-05-31 07:31:59.726613+00	6750	f
6928	Прокладка клапанной крышки ОАО БРТ	740-1003270-11	740-1003270-11			73.00	\N	4	\N	t	t	f	f	2026-05-31 07:18:33.913524+00	2026-05-31 07:31:59.728046+00	6737	f
6929	Прокладка поддона ОАО БРТ	740-1009040	740-1009040			261.00	\N	20	\N	t	t	f	f	2026-05-31 07:18:33.915155+00	2026-05-31 07:31:59.729535+00	6755	f
6930	Пыльник крестовины м/о ОАО БРТ	5320-2201043	5320-2201043			25.00	\N	14	\N	t	t	f	f	2026-05-31 07:18:33.916737+00	2026-05-31 07:31:59.730951+00	6724	f
6931	Пыльник крестовины осн. ОАО БРТ	5320-2205042	5320-2205042			30.00	\N	12	\N	t	t	f	f	2026-05-31 07:18:33.919592+00	2026-05-31 07:31:59.732447+00	6724	f
6932	Р/К компрессора	5320-3509015-10-2	5320-3509015-10 н/о			1040.00	\N	24	\N	t	t	f	f	2026-05-31 07:18:33.922466+00	2026-05-31 07:31:59.734011+00	6711	f
6849	Р/К компрессора	5320-3509015-2	5320-3509015			495.00	\N	18	\N	t	t	f	f	2026-05-31 07:18:33.705136+00	2026-05-31 07:31:59.735497+00	6711	f
6933	Р/К компрессора (6 наименований) паронит	2-2	2-х цил.			34.00	\N	24	\N	t	t	f	f	2026-05-31 07:18:33.927981+00	2026-05-31 07:31:59.737002+00	6711	f
6934	Р/К компрессора 1-ц	18-3509015	18-3509015			597.00	\N	19	\N	t	t	f	f	2026-05-31 07:18:33.929536+00	2026-05-31 07:31:59.738512+00	6711	f
6935	Ремень 1250 зубчатый ОАО БРТ	740-1308020-10	740-1308020-10			375.00	\N	15	\N	t	t	f	f	2026-05-31 07:18:33.931176+00	2026-05-31 07:31:59.740138+00	6754	f
6936	Ремень 1320 ОАО БРТ	740-1307170	740-1307170Р			253.00	\N	17	\N	t	t	f	f	2026-05-31 07:18:33.934041+00	2026-05-31 07:31:59.741746+00	6754	f
6937	Сальник п/оси КамАЗ-4310	864158-10-864159	864158-10Р (864159)			216.00	\N	17	\N	t	t	f	f	2026-05-31 07:18:33.936902+00	2026-05-31 07:31:59.743166+00	6753	f
6938	Уплотнитель педали тормоза ОАО БРТ	5320-5130029-01	5320-5130029-01Р			86.00	\N	21	\N	t	t	f	f	2026-05-31 07:18:33.940286+00	2026-05-31 07:31:59.744656+00	6754	f
6939	Уплотнитель проема двери УП 805 ОАО БРТ	5320-6107805	5320-6107805			347.00	\N	13	\N	t	t	f	f	2026-05-31 07:18:33.943282+00	2026-05-31 07:31:59.74611+00	6754	f
6940	Уплотнитель рычага КПП ОАО БРТ	5320-5130016-01	5320-5130016-01			706.00	\N	19	\N	t	t	f	f	2026-05-31 07:18:33.946104+00	2026-05-31 07:31:59.747622+00	6754	f
6941	Уплотнитель форточки двери лев.	5320-6103123	5320-6103123			414.00	\N	25	\N	t	t	f	f	2026-05-31 07:18:33.949047+00	2026-05-31 07:31:59.749142+00	6754	f
6942	Уплотнитель форточки двери ОАО БРТ	5320-6103122	5320-6103122			431.00	\N	17	\N	t	t	f	f	2026-05-31 07:18:33.951933+00	2026-05-31 07:31:59.750584+00	6754	f
6943	Уплотнитель энергоаккумулятора ОАО БРТ	100-3519180	100-3519180Р			121.00	\N	11	\N	t	t	f	f	2026-05-31 07:18:33.954805+00	2026-05-31 07:31:59.752004+00	6739	f
6945	Прокладка клапанной крышки Евро	7406-1003270-01	7406-1003270-01 СТР			220.00	\N	22	\N	t	t	f	f	2026-05-31 07:18:33.95797+00	2026-05-31 07:31:59.755006+00	6737	f
6944	Р/К топливного фильтра	item-426	СТР			198.00	\N	12	\N	t	t	f	f	2026-05-31 07:18:33.956348+00	2026-05-31 07:31:59.758104+00	6754	f
6946	Бендикс КАМАЗ Евро	5402-3708600-01	5402-3708600-01			1720.00	\N	17	\N	t	t	f	f	2026-05-31 07:18:33.962507+00	2026-05-31 07:31:59.759715+00	6790	f
6947	Бендикс г. Борисов	5432-3708600-01	5432-3708600-01			2254.00	\N	16	\N	t	t	f	f	2026-05-31 07:18:33.965465+00	2026-05-31 07:31:59.761167+00	6790	f
6948	Бендикс  г.Борисов 10 зуб.	142-3708600	СТ142Б-3708600			1834.00	\N	10	\N	t	t	f	f	2026-05-31 07:18:33.967046+00	2026-05-31 07:31:59.762666+00	6790	f
6949	Крепление стартера МАЗ	142-3708000	142Т-3708000			335.00	\N	18	\N	t	t	f	f	2026-05-31 07:18:33.968602+00	2026-05-31 07:31:59.764106+00	6790	f
6950	Крышка втягивающего реле в сборе с болтами	142-3708830	142-3708830			556.00	\N	17	\N	t	t	f	f	2026-05-31 07:18:33.971436+00	2026-05-31 07:31:59.76562+00	6790	f
6951	Обмотка стартера  5402-01,5432-10-20	54323708110-01	5432.3708110-01			3143.00	\N	2	\N	t	t	f	f	2026-05-31 07:18:33.972969+00	2026-05-31 07:31:59.767075+00	6790	f
6952	Обмотка стартера СТ142-3708110 г.Борисов	142-3708110	СТ142-3708110			4630.00	\N	17	\N	t	t	f	f	2026-05-31 07:18:33.974849+00	2026-05-31 07:31:59.768542+00	6790	f
6953	Реле втягивающее г.Борисов	1422-3708800	СТ142Б2-3708800			3844.00	\N	12	\N	t	t	f	f	2026-05-31 07:18:33.977001+00	2026-05-31 07:31:59.769975+00	6790	f
6954	Реле втягивающее	5402-3708800	5402-3708800			3208.00	\N	19	\N	t	t	f	f	2026-05-31 07:18:33.979132+00	2026-05-31 07:31:59.771437+00	6790	f
6955	Реле втягивающее (стартер 5432-10, 5402-01) г.Борисов	5432-3708800-10	5432-3708800-10			2893.00	\N	16	\N	t	t	f	f	2026-05-31 07:18:33.981101+00	2026-05-31 07:31:59.772913+00	6790	f
6956	Реле стартера дополнит. г.Борисов	24	РС-24Д			1316.00	\N	11	\N	t	t	f	f	2026-05-31 07:18:33.982761+00	2026-05-31 07:31:59.774518+00	6790	f
6957	Стартер 5402 КАМАЗ Евро 2, 3 , Урал (редукторный с доп. реле)	54023708-01	5402.3708-01			17417.00	\N	15	\N	t	t	f	f	2026-05-31 07:18:33.984337+00	2026-05-31 07:31:59.77615+00	6790	f
6958	Стартер 5402 ЕВРО редукт (аналог AZF 4554) 24В, 5,4 кВт,10 зуб.  г.Борисов	5402-3708	5402-3708			16218.00	\N	15	\N	t	t	f	f	2026-05-31 07:18:33.987463+00	2026-05-31 07:31:59.777688+00	6790	f
6959	Стартер Евро-2 (Аналог БОШ взамен 0001261006) г.Борисов	54223708-24-10	5422.3708 24В 10кВ б/н			19052.00	\N	15	\N	t	t	f	f	2026-05-31 07:18:33.989369+00	2026-05-31 07:31:59.779097+00	6790	f
6960	Стартер КАМАЗ ЕВРО-2,3 г.Борисов  (8,2 кВт 24В 10 зуб)	142-3708-10	СТ142Б-3708-10			25924.00	\N	19	\N	t	t	f	f	2026-05-31 07:18:33.99097+00	2026-05-31 07:31:59.78055+00	6790	f
6961	Стартер КАМАЗ г.Борисов (24В 8,2кВт)	1422-3708	СТ142Б2-3708			26622.00	\N	18	\N	t	t	f	f	2026-05-31 07:18:33.994005+00	2026-05-31 07:31:59.782183+00	6790	f
6962	Стартер КАМАЗ,Зил-133ГЯ,Урал,ЛиАЗ, редукт.24В 5,5кВт (ан. 3367) г.Борисов	5432-3708-10	5432-3708-10 с доп.реле			19870.00	\N	16	\N	t	t	f	f	2026-05-31 07:18:33.997361+00	2026-05-31 07:31:59.783663+00	6790	f
6963	Стартер МАЗ 10 зуб. 24В 9кв.(ан. 4581) г.Борисов	5432-3708000	5432-3708000 МАЗ			16397.00	\N	18	\N	t	t	f	f	2026-05-31 07:18:34.000589+00	2026-05-31 07:31:59.785126+00	6790	f
6964	Стартер МАЗ 10 зуб. 24В 9кв.(ан.4581) с доп. реле	5432-3708-01	5432-3708-01			17466.00	\N	19	\N	t	t	f	f	2026-05-31 07:18:34.003655+00	2026-05-31 07:31:59.786635+00	6790	f
6965	Стартер МАЗ 11зуб. г.Борисов	142-3708	СТ142Т-3708			25959.00	\N	25	\N	t	t	f	f	2026-05-31 07:18:34.006711+00	2026-05-31 07:31:59.788072+00	6790	f
6966	Стартер МАЗ евро 10зуб.г.Борисов	142-3708-10-2	СТ142Т-3708-10			25062.00	\N	16	\N	t	t	f	f	2026-05-31 07:18:34.009605+00	2026-05-31 07:31:59.78951+00	6790	f
6967	Траверза СТ 142Б1	142-3708330	СТ142-3708330			1383.00	\N	12	\N	t	t	f	f	2026-05-31 07:18:34.012512+00	2026-05-31 07:31:59.790931+00	6790	f
6968	Щетки стартера СТ 142Б1	142-3708060-10	СТ142-3708060-10			62.00	\N	15	\N	t	t	f	f	2026-05-31 07:18:34.014047+00	2026-05-31 07:31:59.792326+00	6790	f
6969	Якорь стартера г.Борисов	142-3708200	СТ 142-3708200			8503.00	\N	20	\N	t	t	f	f	2026-05-31 07:18:34.015607+00	2026-05-31 07:31:59.793799+00	6790	f
6970	Якорь стартера ЕВРО г.Борисов	142-3708200-10	СТ 142-3708200-10			8503.00	\N	11	\N	t	t	f	f	2026-05-31 07:18:34.017125+00	2026-05-31 07:31:59.795286+00	6790	f
6971	Бендикс ( для ст.25.3708 КАМАЗ)	25023708600-10	2502.3708.600-10 г.Ржев			2632.00	\N	5	\N	t	t	f	f	2026-05-31 07:18:34.018682+00	2026-05-31 07:31:59.796831+00	6790	f
6972	Бендикс 11 зуб МАЗ (подходит на стартер 142Т) г.Ржев	25023708600	2502.3708.600			1224.00	\N	25	\N	t	t	f	f	2026-05-31 07:18:34.021741+00	2026-05-31 07:31:59.798309+00	6790	f
6973	Катушка (обмотка) КАМАЗ	25013708150-10	2501.3708.150-10			1184.00	\N	20	\N	t	t	f	f	2026-05-31 07:18:34.024661+00	2026-05-31 07:31:59.799903+00	6790	f
6974	Катушка (обмотка)  МАЗ г.Ржев	25013708150-01	2501.3708.150-01			4017.00	\N	15	\N	t	t	f	f	2026-05-31 07:18:34.027661+00	2026-05-31 07:31:59.801332+00	6790	f
6975	Привод стартера (АТЭ-1)	423708600-006	42.3708.600 ХН-006			204.00	\N	16	\N	t	t	f	f	2026-05-31 07:18:34.030464+00	2026-05-31 07:31:59.802835+00	6790	f
6976	Привод стартера (АТЭ-1)	423708600-10-949	42.3708.600-10 ХН-949			204.00	\N	12	\N	t	t	f	f	2026-05-31 07:18:34.032005+00	2026-05-31 07:31:59.804326+00	6790	f
6977	Реле втягивающее (АТЭ-1)	423708800-01-3-017	42.3708.800-01 ХН-3-017			551.00	\N	18	\N	t	t	f	f	2026-05-31 07:18:34.03355+00	2026-05-31 07:31:59.805836+00	6790	f
6978	Реле втягивающее (АТЭ-1)	423708800-11-3-082	42.3708.800-11 ХН-3-082			551.00	\N	11	\N	t	t	f	f	2026-05-31 07:18:34.035076+00	2026-05-31 07:31:59.80732+00	6790	f
6979	Стартер (АТЭ-1) ГАЗ, УАЗ с двиг. ЗМЗ - 406.10, 4061.10, 4062.10	42-3708-11	42-3708-11 Р			3754.00	\N	12	\N	t	t	f	f	2026-05-31 07:18:34.036624+00	2026-05-31 07:31:59.808787+00	6790	f
6980	Стартер (АТЭ-1) ГАЗ, УАЗ с двиг. УМЗ 3151-01, 3303-01, 3741-01	42-3708	42-3708 Р			3754.00	\N	16	\N	t	t	f	f	2026-05-31 07:18:34.039495+00	2026-05-31 07:31:59.810282+00	6790	f
6981	Стартер (АТЭ-1) ГАЗ с дв.ЗМЗ 402.10,4021.10,4025.10	422-370800	422-370800			3754.00	\N	10	\N	t	t	f	f	2026-05-31 07:18:34.042324+00	2026-05-31 07:31:59.811815+00	6790	f
6982	Стартер КАМАЗ (АТЭ-1) 24В 8,5 кВт редукторный	9112-9	9112 М9Т четыре болта			8364.00	\N	26	\N	t	t	f	f	2026-05-31 07:18:34.045177+00	2026-05-31 07:31:59.81325+00	6790	f
6983	Стартер МАЗ 10 зуб. ЕВРО нов/обр. г.Ржев	25013708-21	2501.3708-21 МАЗ			28553.00	\N	15	\N	t	t	f	f	2026-05-31 07:18:34.048091+00	2026-05-31 07:31:59.81476+00	6790	f
6984	Стартер МАЗ 11 зуб. г.Ржев	25013708-40	2501.3708-40 МАЗ			28451.00	\N	20	\N	t	t	f	f	2026-05-31 07:18:34.050989+00	2026-05-31 07:31:59.816205+00	6790	f
6985	Траверза высокая г.Ржев	253708320	25.3708.320			719.00	\N	16	\N	t	t	f	f	2026-05-31 07:18:34.053826+00	2026-05-31 07:31:59.817683+00	6790	f
6986	Траверза низкая г.Ржев	25023708320-11	2502.3708.320-11			704.00	\N	10	\N	t	t	f	f	2026-05-31 07:18:34.055374+00	2026-05-31 07:31:59.819108+00	6790	f
6987	Якорь стартера МАЗ ( для стар. 2501-40) г.Ржев	25013708200-03	2501.3708.200-03			12795.00	\N	15	\N	t	t	f	f	2026-05-31 07:18:34.057059+00	2026-05-31 07:31:59.820788+00	6790	f
6988	Бендикс на ст. 3367,3436 (Искра) г.Самара	16904237	16.904.237			1576.00	\N	20	\N	t	t	f	f	2026-05-31 07:18:34.059914+00	2026-05-31 07:31:59.822231+00	6790	f
6989	Бендикс на ст.4554 АТЭ	16911674	16911674  АТЭ			829.00	\N	8	\N	t	t	f	f	2026-05-31 07:18:34.061466+00	2026-05-31 07:31:59.823705+00	6790	f
6990	Редуктор стартера AZF 4554,4581	16904832	16904832			2193.00	\N	27	\N	t	t	f	f	2026-05-31 07:18:34.062984+00	2026-05-31 07:31:59.825133+00	6790	f
6991	Реле втягивающее AZJ 3367 г.Самара	16670421	16.670.421			1831.00	\N	15	\N	t	t	f	f	2026-05-31 07:18:34.064558+00	2026-05-31 07:31:59.826581+00	6790	f
6992	Реле стартера ст.4554 г.Самара	16670546	16.670.546			1933.00	\N	1	\N	t	t	f	f	2026-05-31 07:18:34.066085+00	2026-05-31 07:31:59.827982+00	6790	f
6993	Стартер AZF 4554 КАМАЗ ЕВРО 24V 4kW z10 пр-во ISKRA ( ЕВРО 6520)	4554-azf11131150	4554 AZF(11131150)			17697.00	\N	20	\N	t	t	f	f	2026-05-31 07:18:34.067609+00	2026-05-31 07:31:59.829566+00	6790	f
6994	Стартер AZF 4594 КАМАЗ 4308 с двигателем Cummins 24 V z10 пр-во ISKRA	4594-azf11131359	4594 AZF(11131359)			17850.00	\N	20	\N	t	t	f	f	2026-05-31 07:18:34.070654+00	2026-05-31 07:31:59.831018+00	6790	f
6995	Стартер AZJ 3367 КАМАЗ, ДТ 75 (аналог 9112) 24V 6kW пр-во ИСКРА Словения	3367-azj	3367 AZJ			17833.00	\N	27	\N	t	t	f	f	2026-05-31 07:18:34.073879+00	2026-05-31 07:31:59.832455+00	6790	f
6996	Стартер КАМАЗ 4308 дв. Cammins (Китай) 24V z12	4929600-kw-60	С4929600 kw 6.0			15300.00	\N	14	\N	t	t	f	f	2026-05-31 07:18:34.076793+00	2026-05-31 07:31:59.833969+00	6790	f
6997	Щетки стартера AZF 4554	16908995	16908995			834.00	\N	4	\N	t	t	f	f	2026-05-31 07:18:34.079765+00	2026-05-31 07:31:59.835736+00	6790	f
6998	ГТК н/обр. с педалью 100-3514108 SORL	3514-009-013-0	3514 009 013 0			2712.00	\N	11	\N	t	t	f	f	2026-05-31 07:18:34.081335+00	2026-05-31 07:31:59.837262+00	6828	f
6999	ГТК н/обр.(без педали) 100-3514108-10 SORL	3514-009-014-0	3514 009 014 0			2332.00	\N	17	\N	t	t	f	f	2026-05-31 07:18:34.083054+00	2026-05-31 07:31:59.838934+00	6828	f
7000	Клапан двухмагистральный 100-3562010-10 SORL	3533-009-013-0	3533 009 013 0			638.00	\N	20	\N	t	t	f	f	2026-05-31 07:18:34.084615+00	2026-05-31 07:31:59.840399+00	6737	f
7001	КУТП-2 100-3522010 SORL	3522-001-015-0	3522 001 015 0			2250.00	\N	16	\N	t	t	f	f	2026-05-31 07:18:34.086145+00	2026-05-31 07:31:59.841856+00	6741	f
7002	КУТП-2 ЕВРО с глушителем 25-3522210-10 SORL	3522-002-038-0	3522 002 038 0			2614.00	\N	19	\N	t	t	f	f	2026-05-31 07:18:34.087666+00	2026-05-31 07:31:59.843311+00	6741	f
7003	Ручник 2-х выходной WABKO 961 723 038,001,015 SORL	3526-004-201-0	3526 004 201 0			2780.00	\N	12	\N	t	t	f	f	2026-05-31 07:18:34.089174+00	2026-05-31 07:31:59.844807+00	6741	f
7004	Энергоаккумулятор тип 30/24 25-3519301 SORL	3530-010-646-0	3530 010 646 0			3643.00	\N	17	\N	t	t	f	f	2026-05-31 07:18:34.090709+00	2026-05-31 07:31:59.846283+00	6739	f
7005	Головка ПАЛМ Автокомпонент Плюс	16-3521110	16-3521110			138.00	\N	14	\N	t	t	f	f	2026-05-31 07:18:34.092304+00	2026-05-31 07:31:59.847705+00	6736	f
7006	Головка ПАЛМ Автокомпонент Плюс	16-3521111	16-3521111			138.00	\N	20	\N	t	t	f	f	2026-05-31 07:18:34.093866+00	2026-05-31 07:31:59.849065+00	6736	f
7007	ГТК Автокомпонент плюс	16-3514008	16-3514008			1561.00	\N	1	\N	t	t	f	f	2026-05-31 07:18:34.095448+00	2026-05-31 07:31:59.850515+00	6828	f
7008	Клапан защитный одинарный ( Автокомпонент плюс)	16-3515010	16-3515010			146.00	\N	29	\N	t	t	f	f	2026-05-31 07:18:34.097321+00	2026-05-31 07:31:59.851901+00	6737	f
7009	Кран пневматический (авар.растормаж.) Автокомпонент Плюс	16-3537110	16-3537110			276.00	\N	16	\N	t	t	f	f	2026-05-31 07:18:34.099199+00	2026-05-31 07:31:59.853414+00	6741	f
7010	Кран подпедальный ( Автокомпонент плюс)	16-3514108	16-3514108			1561.00	\N	18	\N	t	t	f	f	2026-05-31 07:18:34.100747+00	2026-05-31 07:31:59.854908+00	6741	f
7011	Ручник ЕВРО 4-х Автокомпонент Ппюс	16-3537310	16-3537310			1051.00	\N	19	\N	t	t	f	f	2026-05-31 07:18:34.102282+00	2026-05-31 07:31:59.856477+00	6741	f
7012	Головка ПАЛМ автомат. г.Полтава	113521411	11.3521411 ПААЗ			633.00	\N	28	\N	t	t	f	f	2026-05-31 07:18:34.103919+00	2026-05-31 07:31:59.857958+00	6736	f
7013	Головка ПАЛМ автомат. г.Полтава	113521410	11.3521410 ПААЗ			633.00	\N	20	\N	t	t	f	f	2026-05-31 07:18:34.105697+00	2026-05-31 07:31:59.859494+00	6736	f
7014	Головка ПАЛМ г.Полтава	1003521111	100.3521111 ПААЗ			580.00	\N	23	\N	t	t	f	f	2026-05-31 07:18:34.107326+00	2026-05-31 07:31:59.86097+00	6736	f
7015	Головка ПАЛМ г.Полтава	1003521110	100.3521110 ПААЗ			580.00	\N	19	\N	t	t	f	f	2026-05-31 07:18:34.109023+00	2026-05-31 07:31:59.862458+00	6736	f
7016	ГТК БелОМО	64221-3514008-8000	64221-3514008 (8000)			7452.00	\N	17	\N	t	t	f	f	2026-05-31 07:18:34.110622+00	2026-05-31 07:31:59.863884+00	6828	f
7017	Клапан двухмагистральный ЕВРО Беларусь	60253562010	6025.3562010			605.00	\N	8	\N	t	t	f	f	2026-05-31 07:18:34.112184+00	2026-05-31 07:31:59.865621+00	6737	f
7018	Клапан контрольного вывода  г.Полтава	133515310	13.3515310 ПААЗ			361.00	\N	24	\N	t	t	f	f	2026-05-31 07:18:34.11525+00	2026-05-31 07:31:59.867113+00	6737	f
7019	Клапан ускорительный под глушитель БЕЛОМО	64221-3518010-10	64221-3518010-10 ЕВРО			2601.00	\N	8	\N	t	t	f	f	2026-05-31 07:18:34.116826+00	2026-05-31 07:31:59.868625+00	6737	f
7020	Клапан четырехконтурный  г.Полтава	113515410	11.3515410 ПААЗ			3111.00	\N	14	\N	t	t	f	f	2026-05-31 07:18:34.118334+00	2026-05-31 07:31:59.870073+00	6737	f
7021	Кран аварийного раст. 64221-3537110 БелОМО	64221-3537110-8002	64221-3537110 (8002)			1367.00	\N	23	\N	t	t	f	f	2026-05-31 07:18:34.119885+00	2026-05-31 07:31:59.871592+00	6741	f
7022	Кран аварийного растормаживания г.Полтава	1003537110	100.3537110			1235.00	\N	19	\N	t	t	f	f	2026-05-31 07:18:34.121719+00	2026-05-31 07:31:59.87314+00	6741	f
7023	Кран подпедальный КАМАЗ-6520 БелОМО	8099-3514108	8099-3514108			7691.00	\N	19	\N	t	t	f	f	2026-05-31 07:18:34.123474+00	2026-05-31 07:31:59.874813+00	6741	f
7024	Кран подпедальный МАЗ (аналог WABKO 4613190080) БелОМО	8090-3514100	8090-3514100			8931.00	\N	12	\N	t	t	f	f	2026-05-31 07:18:34.126752+00	2026-05-31 07:31:59.876278+00	6741	f
7025	Кран подпедальный Нефаз (снизу сапун кривой) БелОМО	8099-3514108-10	8099-3514108-10			6794.00	\N	15	\N	t	t	f	f	2026-05-31 07:18:34.129866+00	2026-05-31 07:31:59.877885+00	6741	f
7026	Кран разобщительный 12.3520010 г.Полтава	123520010	12.3520010 ПААЗ			911.00	\N	29	\N	t	t	f	f	2026-05-31 07:18:34.132901+00	2026-05-31 07:31:59.879367+00	6741	f
7027	Кран разобщительный МТЗ ПААЗ	143520010	14.3520010 ПААЗ			696.00	\N	17	\N	t	t	f	f	2026-05-31 07:18:34.134477+00	2026-05-31 07:31:59.881101+00	6741	f
7028	Кран ручника Беломо ( аналог WABKO 961 723 100)	8708-3537310	8708-3537310			4142.00	\N	11	\N	t	t	f	f	2026-05-31 07:18:34.137286+00	2026-05-31 07:31:59.882695+00	6741	f
7029	КУТП-1 г.Полтава	1003522110	100.3522110			4792.00	\N	13	\N	t	t	f	f	2026-05-31 07:18:34.138854+00	2026-05-31 07:31:59.88466+00	6741	f
7030	КУТП-2  Беларусь ЕВРО	64221-3522010-6024	64221-3522010 (6024)			5214.00	\N	10	\N	t	t	f	f	2026-05-31 07:18:34.140371+00	2026-05-31 07:31:59.886166+00	6741	f
7031	КУТП-2 г.Полтава	1003522010	100.3522010			4315.00	\N	12	\N	t	t	f	f	2026-05-31 07:18:34.143222+00	2026-05-31 07:31:59.887779+00	6741	f
7032	КУТП-2 ЕВРО с клапаном обрыва г.Полтава	113522008	11.3522008			4760.00	\N	8	\N	t	t	f	f	2026-05-31 07:18:34.144761+00	2026-05-31 07:31:59.889333+00	6737	f
7033	Педаль ГТК н/о в сборе	5320-3514012	5320-3514012			204.00	\N	11	\N	t	t	f	f	2026-05-31 07:18:34.146349+00	2026-05-31 07:31:59.890808+00	6828	f
7034	РДВ 11.3512010 г.Полтава (МАЗ, КРАЗ,УРАЛ)	113512010	11.3512010 ПААЗ			4871.00	\N	18	\N	t	t	f	f	2026-05-31 07:18:34.149272+00	2026-05-31 07:31:59.892283+00	6741	f
7035	РДВ 11.3512010-10 г.Полтава  (КАМАЗ)	113512010-10	11.3512010-10 ПААЗ			4488.00	\N	12	\N	t	t	f	f	2026-05-31 07:18:34.152337+00	2026-05-31 07:31:59.893824+00	6741	f
7036	Ручник (ЕВРО, 4 отв.) г.Полтава	113537310	11.3537310			3280.00	\N	14	\N	t	t	f	f	2026-05-31 07:18:34.155365+00	2026-05-31 07:31:59.895276+00	6741	f
7037	Ручник ЕВРО МАЗ БелОМО	64221-3537310-6029-30	64221-3537310 (6029)-30			2944.00	\N	17	\N	t	t	f	f	2026-05-31 07:18:34.156977+00	2026-05-31 07:31:59.896774+00	6741	f
7039	Головка автоматическая  г.Рославль	100-3521110-10	100-3521110-10			785.00	\N	17	\N	t	t	f	f	2026-05-31 07:18:34.161636+00	2026-05-31 07:31:59.899687+00	6741	f
7040	Головка автоматическая г.Рославль	100-3521111-10	100-3521111-10			785.00	\N	18	\N	t	t	f	f	2026-05-31 07:18:34.163173+00	2026-05-31 07:31:59.901115+00	6741	f
7041	Головка ПАЛМ  г.Рославль	100-3521111	100-3521111			713.00	\N	13	\N	t	t	f	f	2026-05-31 07:18:34.164723+00	2026-05-31 07:31:59.902764+00	6736	f
7042	Головка ПАЛМ  г.Рославль	100-3521110	100-3521110			713.00	\N	9	\N	t	t	f	f	2026-05-31 07:18:34.166299+00	2026-05-31 07:31:59.904206+00	6736	f
7043	ГТК г.Рославль	100-3514008	100-3514008			6581.00	\N	11	\N	t	t	f	f	2026-05-31 07:18:34.167928+00	2026-05-31 07:31:59.905687+00	6828	f
7044	Камера передняя тип 24  г.Рославль	100-3519210	100-3519210			2256.00	\N	8	\N	t	t	f	f	2026-05-31 07:18:34.169532+00	2026-05-31 07:31:59.907166+00	6743	f
7045	Камера тормозная 4310 тип 24х24 г.Рославль	100-3519200	100-3519200			5676.00	\N	30	\N	t	t	f	f	2026-05-31 07:18:34.171052+00	2026-05-31 07:31:59.908634+00	6743	f
7046	Камера тормозная 5320 тип 20х20  г.Рославль	100-3519100	100-3519100			4745.00	\N	14	\N	t	t	f	f	2026-05-31 07:18:34.174039+00	2026-05-31 07:31:59.91012+00	6743	f
7047	Камера тормозная  5320 тип 20х20  г.Рославль	1003519100-10	100.3519100-10 левые			4812.00	\N	16	\N	t	t	f	f	2026-05-31 07:18:34.176967+00	2026-05-31 07:31:59.911773+00	6743	f
7048	Камера тормозная  5320 тип 20х20  г.Рославль	100-3519100-30	100-3519100-30 правые			4812.00	\N	17	\N	t	t	f	f	2026-05-31 07:18:34.180797+00	2026-05-31 07:31:59.913249+00	6743	f
7049	Камера тормозная  6520 тип 30/24 г.Рославль	25-3519301	25-3519301			7364.00	\N	12	\N	t	t	f	f	2026-05-31 07:18:34.184441+00	2026-05-31 07:31:59.914928+00	6743	f
7050	Камера тормозная 5320 тип 20х20  РРТ	5-435-05-002-1	5 435 05 002 1СЕРБИЯ			4925.00	\N	1	\N	t	t	f	f	2026-05-31 07:18:34.187355+00	2026-05-31 07:31:59.916373+00	6743	f
7051	Камера тормозная прицепа тип 30 г.Рославль	100-3519310	100-3519310			2227.00	\N	18	\N	t	t	f	f	2026-05-31 07:18:34.190577+00	2026-05-31 07:31:59.917901+00	6743	f
7052	Клапан  быстрого растормаживания РААЗ	100-3518110	100-3518110			1975.00	\N	27	\N	t	t	f	f	2026-05-31 07:18:34.192219+00	2026-05-31 07:31:59.919507+00	6737	f
7053	Клапан  защитный 1-й  г.Рославль	100-3515010	100-3515010			1540.00	\N	12	\N	t	t	f	f	2026-05-31 07:18:34.193742+00	2026-05-31 07:31:59.920922+00	6737	f
7054	Клапан  защитный 2-й  г.Рославль	100-3515110	100-3515110			2559.00	\N	10	\N	t	t	f	f	2026-05-31 07:18:34.195258+00	2026-05-31 07:31:59.922418+00	6737	f
7055	Клапан  защитный 3-й    г.Рославль	100-3515210	100-3515210			2910.00	\N	13	\N	t	t	f	f	2026-05-31 07:18:34.196889+00	2026-05-31 07:31:59.924023+00	6737	f
7056	Клапан 2-х магистральный  г.Рославль	100-3562010	100-3562010			862.00	\N	19	\N	t	t	f	f	2026-05-31 07:18:34.19892+00	2026-05-31 07:31:59.925498+00	6737	f
7057	Клапан защитный 4-х контурный РААЗ	100-3515510-20	100-3515510-20			3003.00	\N	17	\N	t	t	f	f	2026-05-31 07:18:34.200482+00	2026-05-31 07:31:59.927151+00	6737	f
7058	Клапан контрольного вывода  г.Рославль	100-3515310	100-3515310 высок.			385.00	\N	10	\N	t	t	f	f	2026-05-31 07:18:34.202252+00	2026-05-31 07:31:59.928639+00	6737	f
7059	Клапан контрольного вывода  г.Рославль	100-3515310-01	100-3515310-01 мален.			385.00	\N	3	\N	t	t	f	f	2026-05-31 07:18:34.204028+00	2026-05-31 07:31:59.930352+00	6737	f
7060	Клапан огран. давления  г.Рославль	100-3534010	100-3534010			2887.00	\N	28	\N	t	t	f	f	2026-05-31 07:18:34.205699+00	2026-05-31 07:31:59.932004+00	6737	f
7061	Клапан ускорительный   г.Рославль	100-3518010	100-3518010			2706.00	\N	17	\N	t	t	f	f	2026-05-31 07:18:34.207292+00	2026-05-31 07:31:59.933664+00	6737	f
7062	Клапан ускорительный ЕВРО г.Рославль	100-3518010-10	100-3518010-10			2811.00	\N	28	\N	t	t	f	f	2026-05-31 07:18:34.208948+00	2026-05-31 07:31:59.935455+00	6737	f
7063	Кран аварийного раст. 100-3537110 г.Рославль	100-3537110	100-3537110			1428.00	\N	18	\N	t	t	f	f	2026-05-31 07:18:34.210521+00	2026-05-31 07:31:59.936939+00	6741	f
7064	Кран подпедальный   100-3514108-10  г.Рославль	100-3514108-10	100-3514108-10			6394.00	\N	18	\N	t	t	f	f	2026-05-31 07:18:34.212087+00	2026-05-31 07:31:59.938434+00	6741	f
7065	Кран прицепа 100-3531008 г.Рославль	100-3531008	100-3531008			7019.00	\N	22	\N	t	t	f	f	2026-05-31 07:18:34.21363+00	2026-05-31 07:31:59.939887+00	6741	f
7066	Кран разобщительный 100-3520010  г.Рославль	100-3520010	100-3520010			1550.00	\N	10	\N	t	t	f	f	2026-05-31 07:18:34.215171+00	2026-05-31 07:31:59.941354+00	6741	f
7067	Кран слива  100-3513110 г.Рославль	100-3513110	100-3513110			340.00	\N	12	\N	t	t	f	f	2026-05-31 07:18:34.216725+00	2026-05-31 07:31:59.942977+00	6741	f
7068	КУТП-1 г.Рославль	100-3522110	100-3522110			5479.00	\N	19	\N	t	t	f	f	2026-05-31 07:18:34.21974+00	2026-05-31 07:31:59.944493+00	6741	f
7069	КУТП-2 г.Рославль	100-3522010	100-3522010			6409.00	\N	11	\N	t	t	f	f	2026-05-31 07:18:34.221341+00	2026-05-31 07:31:59.945942+00	6741	f
7070	КУТП-2 с клап. обрыва  г.Рославль	253522210	25.3522210			6042.00	\N	13	\N	t	t	f	f	2026-05-31 07:18:34.222981+00	2026-05-31 07:31:59.947483+00	6741	f
7072	РДВ 100-3512010  г.Рославль	100-3512010-2	100-3512010 упк.2 шт.			5677.00	\N	13	\N	t	t	t	f	2026-05-31 07:18:34.226142+00	2026-05-31 07:31:59.950332+00	6741	f
7073	Регулятор тормозных сил 100-3533010-10  г.Рославль	100-3533010-10	100-3533010-10			4902.00	\N	29	\N	t	t	t	f	2026-05-31 07:18:34.227687+00	2026-05-31 07:31:59.951801+00	6740	f
7074	Ручник 100-3537010 г.Рославль	100-3537010	100-3537010			4191.00	\N	20	\N	t	t	t	f	2026-05-31 07:18:34.229264+00	2026-05-31 07:31:59.953249+00	6741	f
7075	Ручник ЕВРО 100-3537310 г.Рославль	100-3537310	100-3537310			3366.00	\N	21	\N	t	t	t	f	2026-05-31 07:18:34.23094+00	2026-05-31 07:31:59.954701+00	6741	f
7076	Фильтр магистральный г.Рославль	100-3511310	100-3511310			1280.00	\N	11	\N	t	t	t	f	2026-05-31 07:18:34.232622+00	2026-05-31 07:31:59.956178+00	6741	f
7077	Цилиндр пневматический г.Рославль	100-3570110	100-3570110			1211.00	\N	10	\N	t	t	t	f	2026-05-31 07:18:34.235966+00	2026-05-31 07:31:59.957612+00	6741	f
7078	Цилиндр пневматический г.Рославль	100-3570210	100-3570210			1508.00	\N	17	\N	t	t	t	f	2026-05-31 07:18:34.237874+00	2026-05-31 07:31:59.959058+00	6741	f
7079	Фитинг MRUC (прямой) 15 мм.	mruc-15	Металл			176.00	\N	20	\N	t	t	f	f	2026-05-31 07:18:34.239616+00	2026-05-31 07:31:59.964875+00	6816	f
7080	"Радиатор водяной ""CuproBraze"""	54115-1301010-01-3	54115Ш-1301010-01 3-х			14000.00	\N	18	\N	t	t	f	f	2026-05-31 07:18:34.245633+00	2026-05-31 07:31:59.966558+00	6767	f
7081	Трубка подвода масла ТКР	74021-1118310	740.21-1118310 длинная			160.00	\N	17	\N	t	t	f	f	2026-05-31 07:18:34.248655+00	2026-05-31 07:31:59.968017+00	6774	f
7082	Шланг желто-красный  к-т.	75	7,5 м.			240.00	\N	18	\N	t	t	f	f	2026-05-31 07:18:34.250264+00	2026-05-31 07:31:59.969452+00	6814	f
7083	Шланг МОД (кривой) Казань	5320-2511016	5320-2511016			30.00	\N	24	\N	t	t	f	f	2026-05-31 07:18:34.251899+00	2026-05-31 07:31:59.970846+00	6732	f
7100	Элемент масляного фильтра ЕВРО железный г.Ливны	7405-1017040-703	7405-1017040 ЭФМ703			960.00	\N	24	\N	t	t	f	f	2026-05-31 07:18:34.286535+00	2026-05-31 07:31:59.995675+00	6757	f
7102	Регулятор напряжения в сб (7762)  г.Калуга	6123702-08	612.3702-08			460.00	\N	13	\N	t	t	f	f	2026-05-31 07:18:34.289799+00	2026-05-31 07:31:59.998645+00	6788	f
7103	Регулятор напряжения в сборе (3252,7762-02,7762-03)  г.Калуга	6123702-05	612.3702-05			316.00	\N	15	\N	t	t	f	f	2026-05-31 07:18:34.291315+00	2026-05-31 07:32:00.000068+00	6788	f
7104	Регулятор напряжения в сборе со щеточным узлом на ген. 4502  г.Калуга	6123702-06	612.3702-06(в сб. с ЩУ)			180.00	\N	13	\N	t	t	f	f	2026-05-31 07:18:34.292856+00	2026-05-31 07:32:00.00153+00	6788	f
7105	Регулятор напряжения на генер. 40.3771,Г3000  г.Калуга	6213702-0173323702	621.3702-01(7332.3702)			111.00	\N	19	\N	t	t	f	f	2026-05-31 07:18:34.294348+00	2026-05-31 07:32:00.003025+00	6788	f
7106	Регулятор напряжения на генер. Г3000А  г.Калуга	6213702-02-73423702	621.3702-02 (7342.3702)			105.00	\N	18	\N	t	t	f	f	2026-05-31 07:18:34.29599+00	2026-05-31 07:32:00.00449+00	6788	f
7084	Шланг тормозной 4310 задний г/г (пруж.)	4310-3506442-10	4310-3506442-10			82.00	\N	12	\N	t	t	f	f	2026-05-31 07:18:34.254897+00	2026-05-31 07:31:59.972228+00	6814	f
7085	Шланг тормозной 4310 передний ш/г	4310-3506060	4310-3506060			76.00	\N	12	\N	t	t	f	f	2026-05-31 07:18:34.257765+00	2026-05-31 07:31:59.973644+00	6814	f
7086	Фильтр очистки масла 560 Штайр Колан	560-1017004	560-1017004			150.00	\N	6	\N	t	t	f	f	2026-05-31 07:18:34.260631+00	2026-05-31 07:31:59.97507+00	6757	f
7107	Реле блокировки стартера КамАЗ, Евро, Краз, ЗИЛ г.Калуга	133787-01-73123777-02	13.3787-01 (7312.3777-02)			120.00	\N	19	\N	t	t	f	f	2026-05-31 07:18:34.297581+00	2026-05-31 07:32:00.006204+00	6790	f
7108	Реле поворота РС951А г. Калуга	7183777	718.3777			665.00	\N	4	\N	t	t	f	f	2026-05-31 07:18:34.300695+00	2026-05-31 07:32:00.008122+00	6799	f
7109	Щетки для стартера с контактами и изолированными выводами г.Калуга	2-5-123220	ЩСК 2 (МГС5) (12х32х20)			330.00	\N	14	\N	t	t	f	f	2026-05-31 07:18:34.302242+00	2026-05-31 07:32:00.009615+00	6790	f
7110	Вал карданный кв.фланец дл.983 мм.	5320-2205011-03	5320-2205011-03			4300.00	\N	9	\N	t	t	f	t	2026-05-31 07:18:34.303777+00	2026-05-31 07:32:00.011059+00	6719	f
7111	Вал карданный кв.фланец дл.818 мм.	5511-2205011-12	5511-2205011-12			4300.00	\N	14	\N	t	t	f	t	2026-05-31 07:18:34.306715+00	2026-05-31 07:32:00.012563+00	6719	f
6783	Воздухораспределитель делителя КПП	15-1772010-2	15-1772010			246.75	\N	16	\N	t	t	f	f	2026-05-31 07:18:33.522328+00	2026-05-31 07:32:00.014036+00	6730	f
7112	ГУР	53212-3400020	53212-3400020			4000.00	\N	13	\N	t	t	f	f	2026-05-31 07:18:34.31123+00	2026-05-31 07:32:00.015623+00	6777	f
7113	Рессора задняя 55111	55111-2912012-02	55111-2912012-02 ЕВРО			14500.00	\N	4	\N	t	t	f	f	2026-05-31 07:18:34.3141+00	2026-05-31 07:32:00.017026+00	6711	f
7114	Прокладка впускного коллектора	7403-1115050	7403-1115050			29.00	\N	10	\N	t	t	f	f	2026-05-31 07:18:34.316926+00	2026-05-31 07:32:19.392408+00	6752	f
7087	ФТОТ ЕВРО-3 Д-245 Д-243 синий г.Гродно	020-245-1117010-140	020-ФТ245-1117010 1/40			290.00	\N	17	\N	t	t	f	f	2026-05-31 07:18:34.262181+00	2026-05-31 07:31:59.976509+00	6758	f
7088	Эл.фильтра воздушного ЕВРО-3 г.Гродно	4391	В 4391			1070.00	\N	20	\N	t	t	f	f	2026-05-31 07:18:34.263715+00	2026-05-31 07:31:59.977968+00	6759	f
7089	Эл.фильтра воздушный г.Гродно	740-1109560	740-1109560			850.00	\N	19	\N	t	t	f	f	2026-05-31 07:18:34.265258+00	2026-05-31 07:31:59.979355+00	6759	f
7090	Эл.фильтра воздушный ЕВРО г.Гродно	7405-1109560	7405-1109560			950.00	\N	20	\N	t	t	f	f	2026-05-31 07:18:34.266768+00	2026-05-31 07:31:59.980831+00	6759	f
7091	Эл.фильтра воздушный ЕВРО-2 г.Гродно	4313	В 4313 наружний			720.00	\N	14	\N	t	t	f	f	2026-05-31 07:18:34.268286+00	2026-05-31 07:31:59.982243+00	6759	f
7092	Эл.фильтра воздушный низкий МАЗ ЕВРО,ТУТАЙ г.Гродно	8421-1109080	8421-1109080 МЭ			290.00	\N	17	\N	t	t	f	f	2026-05-31 07:18:34.269877+00	2026-05-31 07:31:59.983994+00	6759	f
7093	Эл.фильтра воздушный МАЗ  г.Гродно	238-1109080	238Н-1109080			358.00	\N	12	\N	t	t	f	f	2026-05-31 07:18:34.272721+00	2026-05-31 07:31:59.98559+00	6759	f
7094	Эл.фильтра МАЗ масляный  г.Гродно м/с	240-1017040-6	240-1017040 (6 шт)			42.00	\N	13	\N	t	t	f	f	2026-05-31 07:18:34.275775+00	2026-05-31 07:31:59.987001+00	6757	f
7095	Эл.фильтра масляный в метал.сетке г.Гродно	740-1012040-10-6	740-1012040-10 м/с (6 шт)			108.00	\N	18	\N	t	t	f	f	2026-05-31 07:18:34.27871+00	2026-05-31 07:31:59.98844+00	6757	f
7096	Эл.фильтра масляный ЕВРО в метал.сетке г.Гродно	7405-1012040-6	7405-1012040 м/с (6 шт)			141.00	\N	14	\N	t	t	f	f	2026-05-31 07:18:34.28026+00	2026-05-31 07:31:59.989855+00	6757	f
7097	Эл.фильтра масляный ниточный ЕВРО г.Гродно	5334	М 5334			126.00	\N	16	\N	t	t	f	f	2026-05-31 07:18:34.281907+00	2026-05-31 07:31:59.991265+00	6757	f
7098	Эл.фильтра топливный в метал.сетке г.Гродно	740-1117040-10-13	740-1117040-10 м/с (13шт)			68.00	\N	18	\N	t	t	f	f	2026-05-31 07:18:34.283451+00	2026-05-31 07:31:59.992775+00	6758	f
7099	Эл.фильтра топливный  г.Гродно	740-1117040-13	740-1117040 уп.13шт.			18.00	\N	8	\N	t	t	f	f	2026-05-31 07:18:34.285001+00	2026-05-31 07:31:59.994214+00	6758	f
7101	Конвертер 24/12 V г.Калуга	213759-0530	21.3759-05(30А)			3598.00	\N	13	\N	t	t	f	f	2026-05-31 07:18:34.28813+00	2026-05-31 07:31:59.997117+00	6810	f
\.


--
-- Data for Name: catalog_product_brands; Type: TABLE DATA; Schema: public; Owner: kameks_user
--

COPY public.catalog_product_brands (id, product_id, brand_id) FROM stdin;
5061	6532	1
5062	6533	1
5063	6534	1
5064	6535	9
5065	6536	7
5066	6537	1
5067	6537	2
5068	6538	8
5069	6538	7
5070	6539	1
5071	6539	3
5072	6539	4
5073	6540	6
5074	6541	6
5075	6544	1
5076	6544	2
5077	6545	1
5078	6546	7
5079	6547	2
5080	6548	2
5081	6548	4
5082	6549	1
5083	6549	2
5084	6551	1
5085	6551	2
5086	6551	3
5087	6552	8
5088	6553	8
5089	6553	9
5090	6554	1
5091	6554	2
5092	6554	12
5093	6555	2
5094	6556	1
5095	6556	2
5096	6557	2
5097	6558	2
5098	6559	2
5099	6560	8
5100	6560	7
5101	6561	2
5102	6562	1
5103	6562	2
5104	6563	2
5105	6564	3
5106	6564	4
5107	6565	6
5108	6566	10
5109	6567	10
5110	6570	10
5111	6570	12
5112	6571	6
5113	6573	1
5114	6573	2
5115	6573	5
5116	6574	2
5117	6575	2
5118	6575	11
5119	6580	10
5120	6585	10
5121	6590	10
5122	6593	10
5123	6594	10
5124	6595	6
5125	6595	7
5126	6597	1
5127	6598	4
5128	6599	2
5129	6600	2
5130	6601	1
5131	6602	1
5132	6603	1
5133	6604	1
5134	6605	1
5135	6606	1
5136	6607	1
5137	6608	1
5138	6608	6
5139	6609	1
5140	6610	1
5141	6611	1
5142	6612	1
5143	6613	1
5144	6614	1
5145	6615	1
5146	6616	1
5147	6623	1
5148	6624	1
5149	6625	1
5150	6625	2
5151	6626	1
5152	6626	2
5153	6627	3
5154	6628	3
5155	6629	3
5156	6630	3
5157	6631	3
5158	6632	3
5159	6633	1
5160	6634	1
5161	6635	1
5162	6636	1
5163	6637	3
5164	6638	1
5165	6639	1
5166	6639	6
5167	6640	1
5168	6641	1
5169	6643	1
5170	6644	1
5171	6647	1
5172	6648	1
5173	6649	1
5174	6650	1
5175	6651	1
5176	6652	1
5177	6653	1
5178	6654	3
5179	6659	1
5180	6660	1
5181	6661	2
5182	6662	2
5183	6663	2
5184	6664	2
5185	6665	2
5186	6666	2
5187	6667	2
5188	6668	2
5189	6669	2
5190	6686	2
5191	6687	2
5192	6688	1
5193	6689	1
5194	6690	1
5195	6691	1
5196	6692	1
5197	6693	1
5198	6694	1
5199	6695	1
5200	6695	10
5201	6696	1
5202	6696	6
5203	6697	1
5204	6698	1
5205	6699	1
5206	6699	2
5207	6700	1
5208	6700	2
5209	6705	1
5210	6705	2
5211	6707	2
5212	6707	3
5213	6707	5
5214	6720	1
5215	6720	2
5216	6720	6
5217	6721	2
5218	6722	1
5219	6722	2
5220	6722	4
5221	6723	2
5222	6724	1
5223	6724	2
5224	6725	1
5225	6725	2
5226	6726	1
5227	6726	2
5228	6727	2
5229	6730	1
5230	6730	2
5231	6731	1
5232	6731	2
5233	6732	1
5234	6732	2
5235	6738	2
5236	6739	1
5237	6739	2
5238	6740	1
5239	6740	2
5240	6741	1
5241	6741	2
5242	6742	1
5243	6742	2
5244	6743	1
5245	6743	2
5246	6744	1
5247	6744	2
5248	6745	6
5249	6746	6
5250	6747	1
5251	6748	1
5252	6748	2
5253	6749	1
5254	6749	2
5255	6750	2
5256	6750	3
5257	6750	4
5258	6751	1
5259	6751	2
5260	6752	1
5261	6754	1
5262	6754	2
5263	6755	1
5264	6755	2
5265	6760	1
5266	6760	2
5267	6763	1
5268	6764	1
5269	6765	1
5270	6765	2
5273	6770	6
5274	6771	1
5275	6771	2
5276	6771	6
5277	6770	10
5278	6770	12
5279	6776	1
5280	6777	1
5281	6777	2
5282	6778	1
5283	6778	2
5284	6779	1
5285	6781	1
5286	6781	2
5287	6782	1
5288	6782	2
5289	6783	1
5290	6783	2
5291	6785	1
5292	6788	1
5293	6788	2
5294	6789	1
5295	6789	2
5296	6790	1
5297	6790	2
5298	6791	1
5299	6791	2
5300	6793	1
5301	6793	2
5302	6794	1
5303	6794	2
5304	6795	1
5305	6795	2
5306	6796	1
5307	6797	1
5308	6797	2
5309	6798	1
5310	6798	2
5311	6799	1
5312	6800	1
5313	6801	1
5314	6801	2
5315	6803	1
5316	6803	2
5317	6805	6
5318	6806	1
5319	6806	2
5320	6807	1
5321	6807	2
5322	6808	1
5323	6808	2
5324	6809	1
5325	6809	2
5326	6810	1
5327	6810	2
5328	6811	1
5329	6811	2
5330	6812	1
5331	6812	2
5332	6813	1
5333	6813	2
5334	6814	1
5335	6814	2
5336	6817	1
5337	6817	2
5338	6818	1
5339	6818	2
5340	6819	1
5341	6819	2
5342	6820	1
5343	6820	2
5344	6821	1
5345	6821	2
5346	6822	1
5347	6822	2
5348	6823	1
5349	6823	2
5350	6824	1
5351	6824	2
5352	6825	1
5353	6825	2
5354	6830	11
5355	6833	11
5356	6834	11
5357	6836	11
5358	6839	1
5359	6840	1
5360	6841	1
5361	6841	2
5362	6842	1
5363	6842	2
5364	6843	2
5365	6843	3
5366	6844	2
5367	6844	3
5368	6844	4
5369	6844	6
5370	6846	2
5371	6846	3
5372	6846	7
5373	6848	5
5374	6849	1
5375	6850	1
5376	6851	5
5377	6854	1
5378	6855	1
5379	6856	1
5380	6857	1
5381	6858	6
5382	6859	6
5383	6860	1
5384	6862	1
5385	6863	1
5386	6864	1
5387	6865	1
5388	6866	1
5389	6866	2
5390	6867	1
5391	6868	1
5392	6869	1
5393	6870	1
5394	6871	1
5395	6871	2
5396	6871	4
5397	6872	1
5398	6873	1
5399	6874	1
5400	6875	1
5401	6876	1
5402	6877	1
5403	6883	10
5404	6884	10
5405	6886	1
5406	6887	1
5407	6887	6
5408	6888	1
5409	6889	1
5410	6890	1
5411	6891	1
5412	6891	2
5413	6892	1
5414	6892	2
5415	6893	1
5416	6893	2
5417	6894	1
5418	6894	2
5419	6895	1
5420	6895	2
5421	6901	6
5422	6902	6
5423	6905	1
5424	6906	6
5425	6908	1
5426	6909	1
5427	6910	1
5428	6918	1
5429	6918	6
5430	6919	1
5431	6919	6
5432	6920	1
5433	6920	6
5434	6921	1
5435	6921	6
5436	6923	1
5437	6924	1
5438	6924	6
5439	6930	1
5440	6931	1
5441	6932	1
5442	6935	6
5443	6936	6
5444	6937	1
5445	6937	2
5446	6938	1
5447	6938	6
5448	6939	1
5449	6940	1
5450	6940	6
5451	6941	1
5452	6942	1
5453	6946	1
5454	6946	2
5455	6949	2
5456	6957	1
5457	6957	2
5458	6957	3
5459	6960	1
5460	6960	2
5461	6961	1
5462	6961	2
5463	6962	1
5464	6962	2
5465	6962	3
5466	6962	6
5467	6962	7
5468	6963	2
5469	6964	2
5470	6965	2
5471	6966	2
5472	6971	1
5473	6971	2
5474	6972	2
5475	6973	1
5476	6973	2
5477	6974	2
5478	6979	10
5479	6980	10
5480	6981	10
5481	6982	1
5482	6982	2
5483	6983	2
5484	6984	2
5485	6987	2
5486	6993	1
5487	6993	2
5488	6993	6
5489	6994	1
5490	6994	2
5491	6994	6
5492	6995	1
5493	6995	2
5494	6996	1
5495	6996	2
5496	7017	11
5497	7023	1
5498	7023	2
5499	7024	2
5500	7024	6
5501	7025	8
5502	7027	11
5503	7030	11
5504	7033	1
5505	7034	2
5506	7034	3
5507	7034	4
5508	7035	1
5509	7035	2
5510	7037	2
5511	7045	1
5512	7046	1
5513	7047	1
5514	7048	1
5515	7049	1
5516	7050	1
5517	7067	6
5518	7076	6
5519	7080	6
5520	7083	1
5521	7084	1
5522	7085	1
5523	7092	2
5524	7093	2
5525	7094	2
5526	7107	1
5527	7107	2
5528	7107	4
5529	7107	6
5530	7110	1
5531	7111	1
5532	7112	1
5533	7113	1
\.


--
-- Data for Name: catalog_product_car_models; Type: TABLE DATA; Schema: public; Owner: kameks_user
--

COPY public.catalog_product_car_models (id, product_id, carmodel_id) FROM stdin;
\.


--
-- Data for Name: catalog_productattribute; Type: TABLE DATA; Schema: public; Owner: kameks_user
--

COPY public.catalog_productattribute (id, name, value, "order", product_id) FROM stdin;
\.


--
-- Data for Name: catalog_productimage; Type: TABLE DATA; Schema: public; Owner: kameks_user
--

COPY public.catalog_productimage (id, image, is_main, "order", product_id) FROM stdin;
3	products/cb592370f90a9f78f03ed9173dffbd8c_7a8a51b9-be7c-476e-a75a-4777501789ff.jpg	f	0	7114
\.


--
-- Data for Name: django_admin_log; Type: TABLE DATA; Schema: public; Owner: kameks_user
--

COPY public.django_admin_log (id, action_time, object_id, object_repr, action_flag, change_message, content_type_id, user_id) FROM stdin;
1	2026-05-31 03:35:31.559297+00	5943	7403-1115050 — Прокладка впускного коллектора	2	[{"changed": {"fields": ["\\u0425\\u0438\\u0442 \\u043f\\u0440\\u043e\\u0434\\u0430\\u0436", "\\u041d\\u043e\\u0432\\u0438\\u043d\\u043a\\u0430"]}}]	14	3
2	2026-05-31 07:06:28.528636+00	6528	7403-1115050 — Прокладка впускного коллектора	2	[{"added": {"name": "\\u0424\\u043e\\u0442\\u043e \\u0442\\u043e\\u0432\\u0430\\u0440\\u0430", "object": "\\u0424\\u043e\\u0442\\u043e #1 \\u2192 7403-1115050"}}]	14	3
3	2026-05-31 07:12:14.60253+00	6529	228 — КОЛЯ	1	[{"added": {}}]	14	3
4	2026-05-31 07:12:29.779351+00	6529	228 — КОЛЯ	2	[{"added": {"name": "\\u0424\\u043e\\u0442\\u043e \\u0442\\u043e\\u0432\\u0430\\u0440\\u0430", "object": "\\u0424\\u043e\\u0442\\u043e #2 \\u2192 228"}}]	14	3
5	2026-05-31 07:13:59.861706+00	6528	7403-1115050 — Прокладка впускного коллектора	2	[{"deleted": {"name": "\\u0424\\u043e\\u0442\\u043e \\u0442\\u043e\\u0432\\u0430\\u0440\\u0430", "object": "\\u0424\\u043e\\u0442\\u043e #None \\u2192 7403-1115050"}}]	14	3
6	2026-05-31 07:32:19.403369+00	7114	7403-1115050 — Прокладка впускного коллектора	2	[{"added": {"name": "\\u0424\\u043e\\u0442\\u043e \\u0442\\u043e\\u0432\\u0430\\u0440\\u0430", "object": "\\u0424\\u043e\\u0442\\u043e #3 \\u2192 7403-1115050"}}]	14	3
\.


--
-- Data for Name: django_content_type; Type: TABLE DATA; Schema: public; Owner: kameks_user
--

COPY public.django_content_type (id, app_label, model) FROM stdin;
1	admin	logentry
2	auth	permission
3	auth	group
4	auth	user
5	contenttypes	contenttype
6	sessions	session
7	main	advantage
8	main	banner
9	main	partner
10	main	review
11	catalog	brand
12	catalog	carmodel
13	catalog	category
14	catalog	product
15	catalog	analogue
16	catalog	productimage
17	orders	order
18	orders	orderitem
19	accounts	userprofile
20	catalog	productattribute
21	integration	exchange1clog
22	integration	productbackup
\.


--
-- Data for Name: django_migrations; Type: TABLE DATA; Schema: public; Owner: kameks_user
--

COPY public.django_migrations (id, app, name, applied) FROM stdin;
1	contenttypes	0001_initial	2026-05-26 17:54:58.749125+00
2	auth	0001_initial	2026-05-26 17:54:58.809123+00
3	accounts	0001_initial	2026-05-26 17:54:58.822793+00
4	admin	0001_initial	2026-05-26 17:54:58.840352+00
5	admin	0002_logentry_remove_auto_add	2026-05-26 17:54:58.86326+00
6	admin	0003_logentry_add_action_flag_choices	2026-05-26 17:54:58.869224+00
7	contenttypes	0002_remove_content_type_name	2026-05-26 17:54:58.880964+00
8	auth	0002_alter_permission_name_max_length	2026-05-26 17:54:58.886734+00
9	auth	0003_alter_user_email_max_length	2026-05-26 17:54:58.892461+00
10	auth	0004_alter_user_username_opts	2026-05-26 17:54:58.8976+00
11	auth	0005_alter_user_last_login_null	2026-05-26 17:54:58.904354+00
12	auth	0006_require_contenttypes_0002	2026-05-26 17:54:58.905252+00
13	auth	0007_alter_validators_add_error_messages	2026-05-26 17:54:58.910334+00
14	auth	0008_alter_user_username_max_length	2026-05-26 17:54:58.919823+00
15	auth	0009_alter_user_last_name_max_length	2026-05-26 17:54:58.925499+00
16	auth	0010_alter_group_name_max_length	2026-05-26 17:54:58.933344+00
17	auth	0011_update_proxy_permissions	2026-05-26 17:54:58.938552+00
18	auth	0012_alter_user_first_name_max_length	2026-05-26 17:54:58.944389+00
19	catalog	0001_initial	2026-05-26 17:54:59.045521+00
20	main	0001_initial	2026-05-26 17:54:59.067101+00
21	orders	0001_initial	2026-05-26 17:54:59.103702+00
22	sessions	0001_initial	2026-05-26 17:54:59.113563+00
23	catalog	0002_remove_product_specifications_product_no_sku_and_more	2026-05-31 06:41:18.70748+00
24	integration	0001_initial	2026-05-31 06:41:18.726213+00
25	orders	0002_order_exported_at_order_exported_to_1c	2026-05-31 06:41:18.741693+00
26	orders	0003_order_stock_deducted	2026-05-31 06:48:53.937474+00
27	integration	0002_alter_exchange1clog_status	2026-05-31 07:02:47.081715+00
\.


--
-- Data for Name: django_session; Type: TABLE DATA; Schema: public; Owner: kameks_user
--

COPY public.django_session (session_key, session_data, expire_date) FROM stdin;
cqlp9ut04bs9crv9ysouyq492fsjveb4	eyJjYXJ0Ijp7fX0:1wRw2s:ugrtBwtBfjCKLoJ1ZfU9E_Ct3jVJDKvA-qFzpLKDRI4	2026-06-09 17:58:26.827082+00
04fsw6rxjqkuwrg48haioryem6wb7bc4	eyJjYXJ0Ijp7fX0:1wRw4o:c0opzEyuksfDDdrJOFGDli_Hj9sBimRn5d45n0k909Y	2026-06-09 18:00:26.812887+00
oufoza2z973h0qzxk77vy24gwyvbvdjm	eyJjYXJ0Ijp7fX0:1wRw4q:HN6pACBvCT75WO5tX1jJIsmm8E8aYZ4bewO1zyZkzV0	2026-06-09 18:00:28.49285+00
b3sacqgqmk71ndbymdbyeuqzf30e13gy	eyJjYXJ0Ijp7fX0:1wRw4s:cxl997yr5cpnQPaSAIwH5puiVrtANpa1Cq6JqfzFeWs	2026-06-09 18:00:30.370623+00
l1z9issagk51ay9vjv11qw154q1apt76	eyJjYXJ0Ijp7fX0:1wRw4x:H11Vq3AXXKT0Xci6Lev29PgRi-1tMkUgq4TDozIs3mM	2026-06-09 18:00:35.203545+00
q9yvy79tqjffl44xkpzn2fxxdqnk3qx2	eyJjYXJ0Ijp7fX0:1wRw5K:dq1Hw8PG7vK1TH4xXTeygduAQUZWaPdiryKMmihfAsI	2026-06-09 18:00:58.009878+00
1eko69xv0xln4olbp4mgf8sswewlgguy	eyJjYXJ0Ijp7fX0:1wRw5K:dq1Hw8PG7vK1TH4xXTeygduAQUZWaPdiryKMmihfAsI	2026-06-09 18:00:58.726624+00
bsddfydp1rjhnsk3wllodwk5n77ri5ze	eyJjYXJ0Ijp7fX0:1wRw5R:YsB9qAyfvmvMil9JV2tF2d4Ik3Xwxdaf9V1p_QzlFbA	2026-06-09 18:01:05.173886+00
h8ju1y3lfptaffyyt2n8i64vuol5kxsq	eyJjYXJ0Ijp7fX0:1wRw5Z:G9q8m5pwiOVpJrlhREOjJA5iFUwLm4i_2iQOKtBypd0	2026-06-09 18:01:13.767781+00
moewfq3n8kfsqg05v2qmge7n72eet4b2	eyJjYXJ0Ijp7fX0:1wRw5f:S8FAo5mJmna7lXzIx6-BB8epXgfWg2iJ4c-Rx8ETp5Y	2026-06-09 18:01:19.230512+00
rfiyys6s3vf0b0hm6ydz115uqu22xnm1	eyJjYXJ0Ijp7fX0:1wRw5g:qL1SBcvG7SKP2M650mjjSZwwyCjm8H13ZpoGtx8JN7o	2026-06-09 18:01:20.423749+00
h7zvtaf6z0koo09uqjx1isdjblasr2mx	eyJjYXJ0Ijp7fX0:1wRw5h:k3lz25-eIabUS0Q_dfUaWEf9h9--iXF_cxDnHtc6GyQ	2026-06-09 18:01:21.516646+00
9a5x244yre39h555wq2d5py26d9zlrwq	eyJjYXJ0Ijp7fX0:1wRw5i:rRlVa2ZSL5_zLoAFIHyygKF_HYXNO-LWNl5XUJ310Ow	2026-06-09 18:01:22.473489+00
9jckyyhi3n5rtbdbec0gu25vubakzkyj	eyJjYXJ0Ijp7fX0:1wRw5j:RwcKJqExFDgBYc2U5oopbFbHq2VHqtCbEbam0kXBfzw	2026-06-09 18:01:23.015012+00
qjmxme88a79ghi34kwt7gszsptpmue1p	eyJjYXJ0Ijp7fX0:1wRw5l:YX-mJm2B87nhV7eaDay7223VpBWbpvay37o0oHnlBtE	2026-06-09 18:01:25.132168+00
dd85omka1on5i014t9fnjb29mof1a28k	eyJjYXJ0Ijp7fX0:1wRw5o:vUWb-bt4EM07l-9daJogaNQ_FHo-3Iqm9AL1Y4CIh_Y	2026-06-09 18:01:28.67312+00
tca1yoo6dnichph90qp2inr6ytzf8umg	eyJjYXJ0Ijp7fX0:1wRw9Z:VToTn79Al0rC9zAMOpXBUjxRiUhCKVMOYtipOk_r_EE	2026-06-09 18:05:21.644841+00
l29oodkw6knsqgoih75celjdtdll4106	eyJjYXJ0Ijp7fX0:1wRw9p:6GV7WG_8Y4ld5SUUuNMQOV_zA5DHf8rAjewgTBs-He4	2026-06-09 18:05:37.743574+00
nrqixp2hwdio1ir9p2cexbbiwac2ifd1	eyJjYXJ0Ijp7fX0:1wRwAJ:tP2Y7W1AZ63bTfmcf-SgGe4pJWuIcVnMQcAmAqn_3kI	2026-06-09 18:06:07.701253+00
uztnjgen96jwuyglo731q3djq2f7mred	eyJjYXJ0Ijp7fX0:1wRwB9:xUt3YunCl05HWnC-tG7ETdRKG0BQl2UTqoulz6Qdy28	2026-06-09 18:06:59.060615+00
95ej4uceyotlflaboodyfj2w1h61am1q	eyJjYXJ0Ijp7fX0:1wRwBJ:H0lfbPdzHuoaAGvlFzMmdZ-kEZfTGBuEtROJSeL5m64	2026-06-09 18:07:09.016113+00
rgt53p9mc6n74s4uauahubk8o8bznbjq	eyJjYXJ0Ijp7fX0:1wRwBN:-BbdMc_ft4YHHkIoOdsL2UxyZK1k1lgorMyogDamNBo	2026-06-09 18:07:13.031257+00
2bce7f96oewoxbqp7bwzn2ez122t6eea	eyJjYXJ0Ijp7fX0:1wRwBv:4ywTwsMUDsE7fpjzANiylT7D2ZLimUH-hwX1ZPPbiRk	2026-06-09 18:07:47.780825+00
1utf7kbusja1x1z4vshdy3e5a9ej8mvm	eyJjYXJ0Ijp7fX0:1wRwC5:dFOeAntNe02Gr7QOAxQohLJ6APc3whulUj9lG4mXXMQ	2026-06-09 18:07:57.323743+00
65gsz5au7ufgaog3lss34j21v5l4z8jv	eyJjYXJ0Ijp7fX0:1wRwDL:TfmXy51GV5A-E5Wy13-62sfQ5_Rpi0B0W2SRIeossRc	2026-06-09 18:09:15.241036+00
psmd002t05wjc6odded7o890edogs2t5	eyJjYXJ0Ijp7fX0:1wRwDM:dETfnafk9z2pvHTIwy_gGRJ80mwPruhVwqtqM19A7y0	2026-06-09 18:09:16.655469+00
xxchw9ia9xzjx6lc5kb6y7o18pppibhp	eyJjYXJ0Ijp7fX0:1wRwDz:XtLsT8DhjyispJ8AzsImd86Bzao2Kb1Sel1v8-2V2rg	2026-06-09 18:09:55.921541+00
n33etzh24exdko49aowtwsr0kzxdwam0	eyJjYXJ0Ijp7fX0:1wRwIc:WUqASZOmzcHjJUiN-HKTgK_miE5_68rGSzCnTt-IRVs	2026-06-09 18:14:42.540448+00
zqi9i2rpw682ufoipq1rjq4cs393bw3r	eyJjYXJ0Ijp7fX0:1wRwP7:6slkw4Yp2JLa6RUb497sU-5goT1KA1kZZZ6NVeYcXbE	2026-06-09 18:21:25.168897+00
837u4s7j1ez4s4zge89udjkomh7sux4z	eyJjYXJ0Ijp7fX0:1wRwPp:pugcXNqRGcIJ2r5n9r68efmKCQUOVGuQ6pO3yrYDRq8	2026-06-09 18:22:09.321505+00
kupbd56bkikcamq7ewm97mua7banab66	eyJjYXJ0Ijp7fX0:1wRwPp:pugcXNqRGcIJ2r5n9r68efmKCQUOVGuQ6pO3yrYDRq8	2026-06-09 18:22:09.946325+00
wb5d79atvqxekifrhuhgx3vz4p8fqcnd	eyJjYXJ0Ijp7fX0:1wRwPs:jGnOiEELZnnKnZvQ0I63iZ5_BO3UXlOkDUQxohXO3uE	2026-06-09 18:22:12.380772+00
65ng61kygx4bue81xg8iouga25wq4h4b	eyJjYXJ0Ijp7fX0:1wRwPt:rh3x-wrnafQmqMvrRJ-kihHSNZ9U3reaUV8wDdlWcG0	2026-06-09 18:22:13.356175+00
qxkta339yq54jfwj64v63tnvc1rlzbhc	eyJjYXJ0Ijp7fX0:1wRwPw:d9ujyHC1Z-IXLzbYCJrFRWi3A8c5fohk6kKRJbgjTe4	2026-06-09 18:22:16.553741+00
7g94jawlchvvwp66q9yjaewralkv8ifx	eyJjYXJ0Ijp7fX0:1wRwSs:mBRi5rFKsVvRnKpP92xpVPmHFOnhx5RWm--X16qmPD8	2026-06-09 18:25:18.056983+00
89zvwl1ga8ew7qdqmxijqswp4d1r3w14	eyJjYXJ0Ijp7fX0:1wRwT8:3W6Kv8M_upxR3LwpF9nY7ZaBLk-oM8Qy2jFzkWVLgDc	2026-06-09 18:25:34.263252+00
1g4szxw7d1ublsqr025f2aurenoc6cid	eyJjYXJ0Ijp7fX0:1wRwjs:nukHR-Hbx8yr67POzcuG5ZD-7trVgjxHPTN7frq-Mgs	2026-06-09 18:42:52.954433+00
aw749tecr9v9sxkm2p7a5zpfxh3bu30y	eyJjYXJ0Ijp7fX0:1wRwwW:G_xRNmlxYnaQXVZtYUom9Dl_3Hbo59cI-Wn2glvzVQo	2026-06-09 18:55:56.737496+00
ns4a8rubgzgru2ffwhsl0yxk02dzh4v0	eyJjYXJ0Ijp7fX0:1wRx0q:eCPpLHF4QsGSe_aJ363moFhewC8KWNQEPEFjh8UJPEI	2026-06-09 19:00:24.722672+00
uxwi70hqvzhijhtx76kioisgwdgq3l0t	eyJjYXJ0Ijp7fX0:1wRx1O:mcOvBB6eyH7rjfAI58pQNes1zf3dJ8KJ2HaddfCRXes	2026-06-09 19:00:58.189661+00
pjagt3zpn9uzmrje6tnx5ik4pfxvyiar	eyJjYXJ0Ijp7fX0:1wRx2d:MMpoBKDdGDH0C4eiyZh0191WAQ9lzSuPJqR1ldOvBP0	2026-06-09 19:02:15.532714+00
r6gic9cexucsvsi5xxyf1f2iunu98xhc	eyJjYXJ0Ijp7fX0:1wRxwC:_w2sfoH4k3OnaeRzd47J4wA5WzrN7GML_bFEN99AP0M	2026-06-09 19:59:40.592232+00
gua1emanb76011imjznf15xa2z1eyrfc	eyJjYXJ0Ijp7fX0:1wRxwx:7Yxlny0ahIZ4u7m9veQxqdNro942ZgrwT-seHh9e-w4	2026-06-09 20:00:27.891932+00
zfh11jjtyfuztfkhnzsok31gowvqmb5d	eyJjYXJ0Ijp7fX0:1wRyRd:Y_2zp5P7oOGwi8lfnKWMJ0pvb_USjEYci3lKEuEzgXI	2026-06-09 20:32:09.307147+00
cumnrofedg6vlqhpzg0p7i4nbnk7gg8j	eyJjYXJ0Ijp7fX0:1wRyRl:AP6Ic28ahJc0d0lnRVtZ5fQVcm73ff0Lg6riZbtl2cE	2026-06-09 20:32:17.163669+00
jcaewzmogsvgdn5lbzbuyozz2vumvddq	eyJjYXJ0Ijp7fX0:1wRyS7:DpAG0vkEZxcUrgYDAsUwd0fspPvoDzV5-sB1FPqtMo0	2026-06-09 20:32:39.193165+00
zug3ruewai5e2hrj8whx7mtqacbdbqsv	eyJjYXJ0Ijp7fX0:1wRyZO:32d66IsqkZiHY9fsMOZajgBswuW_SGmxpk6fAygLPQg	2026-06-09 20:40:10.473931+00
2n4koo4cu7mc1znujzaxoa645a3ymk6r	eyJjYXJ0Ijp7fX0:1wRyxc:u9y-0s5tKBD2fZ1WBcHBvh-k__ZrBuj9U_d_OmgPLOs	2026-06-09 21:05:12.159333+00
tqn22bj36f7pb6397k5kslrpjgtv7r4m	eyJjYXJ0Ijp7fX0:1wRyxh:KMnB6BsdaHg6KNxfSmuLoMhEB7EyAyPnBP7NIFZGdg0	2026-06-09 21:05:17.670333+00
bcg0ho5xdooozr0xsebtyrs5dduib6au	eyJjYXJ0Ijp7fX0:1wRyyB:BUwaRV-exCiejzl9b6F5D0orBpcY2Dc5rxPHa0guoBA	2026-06-09 21:05:47.790989+00
yac4ys60f3zdkbc696gcvi4cflpoe601	eyJjYXJ0Ijp7fX0:1wRyyT:-AEf2kfwYUl0jOPWHuGCkJQVQ_asjUHtJPMvqE4pxuo	2026-06-09 21:06:05.508536+00
ck0dyzwrtn8w4qzixkq2gxeojv6k44gr	eyJjYXJ0Ijp7fX0:1wRyyZ:BzFLP6H1O7yzhhkfPyW6SAZX4ikKFPaRumGNiy628Gs	2026-06-09 21:06:11.086311+00
l2foogtj2rgkehumxapc7yr1kyx66udv	eyJjYXJ0Ijp7fX0:1wRzN4:9h27K2WC3QSrdp8So67lBv5OJpPnJ4lW6V6t8pUcG5E	2026-06-09 21:31:30.161075+00
ze4kwxf706bncfh33twp5anpeiiawths	eyJjYXJ0Ijp7fX0:1wRzUH:xqZHUkJcaT8lPYV-09FULTrDJGZ9m9Ph0-fb14zYP4w	2026-06-09 21:38:57.908052+00
1oi8vxbs3jjmdb3su0dpcplqq2bxd3om	eyJjYXJ0Ijp7fX0:1wRzYm:WJW7N7WouTIQbrmhPj6zmKd9GXl7aSLDLNnRHTd9w-E	2026-06-09 21:43:36.360434+00
23p1bgkf74revuhbq7qybdviu0lvkgpo	eyJjYXJ0Ijp7fX0:1wRzYt:AGdY0gaLg8os82cdK-ucLKmlQpFUnBofbXpDMtchwJU	2026-06-09 21:43:43.567564+00
7xcyu6cr2qvymjhyn5q8igj7bhkdv3qv	eyJjYXJ0Ijp7fX0:1wRzbo:D5gVGgX-n4TTbx9sFN4zbWBxhJxWG50bn_GGL4Dsv_Q	2026-06-09 21:46:44.98699+00
68bol6c5h3qcwxvana14n36leihvz8pc	eyJjYXJ0Ijp7fX0:1wRzep:U4Lt0ZwvSt8i71Lcux4JvyARd-uoMTUR17-Uq9tG_Vo	2026-06-09 21:49:51.144866+00
bswgacu7me6emzf2pf0rf4ivaris1ksk	eyJjYXJ0Ijp7fX0:1wRzoD:2z-G92Ra8qa-H-5igXMF6IzsHRNhFoVG2xyV-WpmavQ	2026-06-09 21:59:33.315787+00
g3zgihbgp18dwhvxuomk4kkq9hrr8dj1	eyJjYXJ0Ijp7fX0:1wRzoN:HKhRkWDGS98YOO1xQ1rNeT42bcWIg7dNm33tnzL5wi0	2026-06-09 21:59:43.320842+00
ctveo7r5ujg65fn9umxrh0uxg8w9ctsf	eyJjYXJ0Ijp7fX0:1wRzy7:mGth8pxTYgfnPpHiTIvGaGiBuWipBcTvzyG5y89h3-0	2026-06-09 22:09:47.486506+00
rggxmbs7iwtk35w8f2dd9p5omdw4z3or	eyJjYXJ0Ijp7fX0:1wS069:xTg07a3_RTxyzoXtUXCaIbVWIpDgiW6mylXS3kQKeys	2026-06-09 22:18:05.180967+00
gyeef3i2b9szb4joresc7c1k5ypec700	eyJjYXJ0Ijp7fX0:1wS07r:zCcZo0n99JPc_Ym6gwHdpBS4VJ1dLjCicb5ybtt-0Z4	2026-06-09 22:19:51.558696+00
57ahdezr020oi6j65kge6nvdvr8eqyxu	eyJjYXJ0Ijp7fX0:1wS08J:EAL7btEyZuyLw1dpmlXgKAokxQ16S0FkCt2dVQZeicQ	2026-06-09 22:20:19.004486+00
35vguum2fduma8ax2qu8fkw1y3kb958u	eyJjYXJ0Ijp7fX0:1wS0D4:VwxPgK-2xRpsNgjDg_2yCu44GvYXIZCTco-G27X5ImI	2026-06-09 22:25:14.655364+00
wo210kknapj0zv4yjtv92d9le0z1110m	eyJjYXJ0Ijp7fX0:1wS0H3:PiJWrHPvEp255Ut-DZ-2XOEalMOBP24gAKXTKZ3UnQo	2026-06-09 22:29:21.192503+00
pxexrsxqg34c1k6yv4yi82g3bwv0xnx0	eyJjYXJ0Ijp7fX0:1wS0Ri:RR3FlG_RjrQ-WXZW4xEt2UhG3mX3LX2nQlQjy_nlUr0	2026-06-09 22:40:22.892702+00
sejbeqzd7fjl2ko9x1mx6c5px0fdr56h	eyJjYXJ0Ijp7fX0:1wS0ae:m8cIO3sS7qPavsBLzVdfqdJL48iP7nHz_3srOJtTxDg	2026-06-09 22:49:36.148867+00
ltjc7vn2360qel7qkacgut6roeab7ipv	eyJjYXJ0Ijp7fX0:1wS0gD:SuqLnX8EisRRzEF9Mh0ZWX2_v-scY8xAF5CiV6zoBC4	2026-06-09 22:55:21.378227+00
cx4zxh2m9a13jo4d62ngi8ckajnpruya	eyJjYXJ0Ijp7fX0:1wS0jW:9bK6WxVsSyeHt87vwhtjv5EXKXHlLwO5mdLB5-l6o7I	2026-06-09 22:58:46.181863+00
sf2i3tsarghknvyivzufyih0hj49flcg	eyJjYXJ0Ijp7fX0:1wS0ja:t4S__yv-EtZ7Ro5NdQ9tKYYOYGGzg0TB_sygP-Np9Sk	2026-06-09 22:58:50.449464+00
g99dsfuskue4ysxolurof3phbim1zrry	eyJjYXJ0Ijp7fX0:1wS0om:6Qe1H3qb5I5lC5ix0I_tc9lZZOJVJ6kN0OufBXtef-o	2026-06-09 23:04:12.624252+00
cb5hk3iilltu78xhgaekap2n7qzaqsov	eyJjYXJ0Ijp7fX0:1wS0ss:REEEvul4--PdSfjZ39aElDJszeV2SFneABlhAohl54c	2026-06-09 23:08:26.752737+00
3o1fqhi3kg79ox9ezuszqgipp2pl2alu	eyJjYXJ0Ijp7fX0:1wS0wp:0N0rD-JXueU69TmmRvw1CFfGHJcUxFMdl99CVrUWqXo	2026-06-09 23:12:31.075537+00
dp970oi3imdimxe5k72wn60u55syc4gv	eyJjYXJ0Ijp7fX0:1wS13c:mRo1WAnNKSBJy-mYaOj2la9_PqDYPImMP_AMogSstHw	2026-06-09 23:19:32.957686+00
ctzphajvoh2niumanto7bwa2npeqats0	eyJjYXJ0Ijp7fX0:1wS1Cj:3fsoKLaEgLdvnQNBZXDR-AXlWIhlO-217yZqe3OWNY4	2026-06-09 23:28:57.171563+00
5c22s9zqg9ehi1sberke84q238okgft4	eyJjYXJ0Ijp7fX0:1wS1Cy:cwVEMopLh17oPX0q7KmO_QRbJ9QNpG52qf0oiIRlVmY	2026-06-09 23:29:12.490776+00
24ewglsrc1oolncd9h4hdehqafj5q4bw	eyJjYXJ0Ijp7fX0:1wS1NR:vJrImHnaV9WW-SleaN0sCwHgdSrAkjEJAF0_-G7IJUc	2026-06-09 23:40:01.262346+00
dovnpekem85m05jvecm9b6ad2rxti3ce	eyJjYXJ0Ijp7fX0:1wS1Vv:zBClM5cE5wB5cSvryIGYxTkZjv4NAFSLD74CSAdWq70	2026-06-09 23:48:47.069339+00
uw0np1xrova0zlvmq2b8wuj0a5hvsksm	eyJjYXJ0Ijp7fX0:1wS1WZ:AB-QdpWwk24rSNP532VRYzp9K5Z-YJt5x013zEaM5Mk	2026-06-09 23:49:27.939977+00
rtix1nq1hqw92ijtgp47q7wj1vuc5h1r	eyJjYXJ0Ijp7fX0:1wS1e0:f7Z5vFiOCAl8E2Pre7XAAwM92yJm_FJoz6jTvB1FaVE	2026-06-09 23:57:08.631121+00
lzcargo3knl0xrxsxi50pvol2ergxd36	eyJjYXJ0Ijp7fX0:1wS1n8:ZpdG2XhL80A21aI5ID513dGfMazqf6TnvTohYKk7xUQ	2026-06-10 00:06:34.24377+00
brlm2iawsg0zvxlc5pgxff8w4t0h38po	eyJjYXJ0Ijp7fX0:1wS1sM:QyDD7aMk_bLK7mMCYGcJlLH3F8WZX1jWN3p7GqyXE2U	2026-06-10 00:11:58.606231+00
r8s9fo3qzs7ouoix3veyeurof61nhhki	eyJjYXJ0Ijp7fX0:1wS1zo:VZ_aMZz4z5N7LOde2RmC4K8H6-zbNF8azjbEzhIPzZc	2026-06-10 00:19:40.416179+00
050g2t5cppsvbe8to4tle25cdlogi1f6	eyJjYXJ0Ijp7fX0:1wS20b:bMa180nEMYeaqFivr_vDk4quYc5GRed9V-HWbngEiwU	2026-06-10 00:20:29.204857+00
rmahekkq4mukfiljsya5f1s7bfjdydrp	eyJjYXJ0Ijp7fX0:1wS291:pmAraktH4OJeeFgTM4sdl4bmwSL20EmMwNtPhVBTTwQ	2026-06-10 00:29:11.583327+00
4o6jxbjemm825viccvvcwbinstztnnnn	eyJjYXJ0Ijp7fX0:1wS2FL:sW8Ca9lsdLavqW3U5JVt_4UYF_i-H-POrRYj6dKRvpI	2026-06-10 00:35:43.300219+00
fqgpcvtz90n0t6kqy8jdh6p2r72vype0	eyJjYXJ0Ijp7fX0:1wS2FY:Nvdv6rqJjITemURbBrfJn_q2dNCaUMQ3aPbOycwgnSw	2026-06-10 00:35:56.251301+00
cbuimiu0blv0l9uvp15q3dpc58p8ju9h	eyJjYXJ0Ijp7fX0:1wS2IP:HZZCkEHJhSCldO9PSc-jbiqCliTWOUWsSAM21O1rSmA	2026-06-10 00:38:53.268175+00
qjoijg9eevstdznnnzjnodmisd7ib8tv	eyJjYXJ0Ijp7fX0:1wS2T0:k2jVfHtE48yq_1iRigAeQFttp-rrhyVgyq-Px2Rrvmk	2026-06-10 00:49:50.755147+00
ejxo48sglwulh0b9eh5c8ixa0ysrwmcp	eyJjYXJ0Ijp7fX0:1wS2Wk:CU17_aW3k32_p9zqdTsIJwjH0HDp7rvUVuclzRe9BJU	2026-06-10 00:53:42.567258+00
xdu1hf1pq1qvo4atkgkmuswmcslqk1ea	eyJjYXJ0Ijp7fX0:1wS2c1:qxV5ZT9e5FRNbsvRfdWsbLQVc3yCvuWsTMmVEpkYMkw	2026-06-10 00:59:09.574193+00
33b9nfi2nmxijeixhwwdajhyyb8551mq	eyJjYXJ0Ijp7fX0:1wS2lF:DkGWOd2kxiPkPua47ELcIWEs0ukcl-No-D-iHQWb9HI	2026-06-10 01:08:41.30307+00
j6iq62sdbnn49k10ogk22l9qfk5lki4j	eyJjYXJ0Ijp7fX0:1wS2qy:lrZc_OTgwd3tdKCP7JQnK0VxeLsV9b_BPsYs9BvN4vM	2026-06-10 01:14:36.367282+00
dy014dmddm9by75arpn99ch6zfo44oqd	eyJjYXJ0Ijp7fX0:1wS2r6:Jxnb59Zm2uKwCiTLWAjBYA2HdxdSjxxuCC5etO6CCNE	2026-06-10 01:14:44.482859+00
fgz33p10pzjfy7iyv3vuhp2j9sv7z4rf	eyJjYXJ0Ijp7fX0:1wS2vA:jGNaPlXYTq-nniAy8lglsGZ8GGS_mjH1JNkZqs7oHJM	2026-06-10 01:18:56.197525+00
jrs7lcu8kxt7dsrffeikluzoc03k8neq	eyJjYXJ0Ijp7fX0:1wS32t:RlaXUxuaRa4hrBRQr4UEhkNDu3nm-2UEV8iSohzvI10	2026-06-10 01:26:55.669939+00
a9rbj83t4av58hyy16gy1ggrf4db1k5u	eyJjYXJ0Ijp7fX0:1wS3LM:o6887sscRHtXqaxuauWUMWtMmcmDnOt9zoysqZqyXWw	2026-06-10 01:46:00.055292+00
a7jq90cyqwnui2slbl6lhe16bip40f9f	eyJjYXJ0Ijp7fX0:1wS3aB:szDMgUIVFr9DwfCYKxJptVx5CJIlcdQZXs-kkJBm6pU	2026-06-10 02:01:19.739158+00
d3zybcma5c0w4m6w9ydn1wxojc9866vq	eyJjYXJ0Ijp7fX0:1wS3at:bOEtUfw9B9HBx1PgZ9hM4tW-4QXbANcT5LUwSfO1bqQ	2026-06-10 02:02:03.850128+00
rnc7c8ojvwcea2dsfg8nrtd6qwf2ig7o	eyJjYXJ0Ijp7fX0:1wS3q0:vDnoSfzk_euwLKqwBAUGaviIdXFIHX27-HdfIsO0ycY	2026-06-10 02:17:40.312886+00
ou4fa1rbts4pj10ivgm6byefqzs0t5kn	eyJjYXJ0Ijp7fX0:1wS3yF:W04SX2vaIws-oxa5iWu3do-0GLqLDF-JZjN0pI4zJ4E	2026-06-10 02:26:11.27672+00
51ght3pxiaxhqmdajnf30i5pim3099a3	eyJjYXJ0Ijp7fX0:1wS44z:F8r2Pnh6sS0F9sqkhJK2rLQrGl9wVqN_ha-sY7azWqM	2026-06-10 02:33:09.873319+00
itvdyrh9s20t1fcja3hyglgz7fmt3guu	eyJjYXJ0Ijp7fX0:1wS49Q:M-hnKV2Tqs7aM35OjjGZKxH-10DQkeqcG1YqDLYnhBA	2026-06-10 02:37:44.256285+00
qbood83q8exscgoepyl9052y7z4zjje0	eyJjYXJ0Ijp7fX0:1wS4Am:1XwyATbyIN02OPqgjY-VOibmxUlxCsQZszCsnhR06Ig	2026-06-10 02:39:08.324208+00
1aqayojlu9fzl68vfhv2yivoevdtebtu	eyJjYXJ0Ijp7fX0:1wS4Hs:qmJsERadnfNH1xNAO2y9p4iGGxJl8pNAteNiGm30Vx8	2026-06-10 02:46:28.767743+00
gqtll7daig4amr9dymfpxwftoyknx35f	eyJjYXJ0Ijp7fX0:1wS4Kv:hQoerM1YyXtyWYFGuONDQjB-xlSSXXM804BV2f9rYPQ	2026-06-10 02:49:37.411958+00
tm8hqaezey9klvq5wa2l75001c3um1y4	eyJjYXJ0Ijp7fX0:1wS4Ls:itvNVg1rDatj3pYkq5P-vEm_rmz0pC6JKSBKEL6Pq10	2026-06-10 02:50:36.797155+00
53va723en1sr5tgtqah90b4z92qq4879	eyJjYXJ0Ijp7fX0:1wS4RR:65ArBJPHbvuNtS2SoGkFi2ctklWgDM-nJGC4rCl8JrI	2026-06-10 02:56:21.215007+00
xct8kkc6y8n3kauaezr96ermwu1tz64n	eyJjYXJ0Ijp7fX0:1wS4Uw:8dyrEjhFpYNyCn1Q8CX01g4d5P2QLZ3jskw8e0pMtqA	2026-06-10 02:59:58.352189+00
kuiws1sxeza4cwh3c9swknng1y54u3kw	eyJjYXJ0Ijp7fX0:1wS4eM:ECWty-FTur3kWDn7LLyTR3s9rjJLLmEF3-6drB8vOxM	2026-06-10 03:09:42.187632+00
g578f14xlia52fyuaeub367xxfs66vb1	eyJjYXJ0Ijp7fX0:1wS4eX:b6O_6NxX-TB2ROrt3mz1l_nGhRemmwBR92KUmQORB8A	2026-06-10 03:09:53.053081+00
v67ugy1xa2m6bs5mzvlutowq58lxbevn	eyJjYXJ0Ijp7fX0:1wS4pO:yZim6u_zbZN_FQLLMrdninC8ncBn5FV7-9KxBxrDSp4	2026-06-10 03:21:06.450427+00
zdoqor7gy6b1fo0qo12427epggvlv7uz	eyJjYXJ0Ijp7fX0:1wS4s2:Yc3l1Buu13DZcKvRsGqdBrIYBD8RP5MlmbN2oHk2GpE	2026-06-10 03:23:50.21884+00
g3o60o4u9nmr7qyuwrzzu4043163xagy	eyJjYXJ0Ijp7fX0:1wS54B:pu1rrpyFmyukvS6FuPEJMB5fkeCb9Y9g_p-MfA1wpOM	2026-06-10 03:36:23.879808+00
87mt6v4dpw7aaynav3sclx0hl3n5veyg	eyJjYXJ0Ijp7fX0:1wS59s:kkAHAil-wfsISVGRXq6Fd1BYvHvur00SJNkzznjWlbs	2026-06-10 03:42:16.927882+00
nocqbmzufxxj4gdwpm3kkqjryw6gn928	eyJjYXJ0Ijp7fX0:1wS5AF:3ZVKxscm-gNc6wR0dQzf5AXBy3fR1TDiFxQBin59Y1c	2026-06-10 03:42:39.902375+00
usdycb4jc2v53jimpyzcq4h4ku4bcpmx	eyJjYXJ0Ijp7fX0:1wS5KJ:yp574ScR9ZB_ROZu-2yWpyVtHjn76EED2z35o8kus08	2026-06-10 03:53:03.750859+00
3c7d0sna02r58ykbv54l287xigfrynos	eyJjYXJ0Ijp7fX0:1wS5MH:WZyIKDHTn2wGKicnjpobTGdFveN5-Z7fxpC00PKx0Cg	2026-06-10 03:55:05.842638+00
fiu74hraa147f3g3nftcs6mwbclk45mf	eyJjYXJ0Ijp7fX0:1wS5Nj:FPJXf3FVrw3EV04eZFc8PZl2IYUFWGSR2kVhsfHLrZ4	2026-06-10 03:56:35.259372+00
2upoa1avea21gu70ubwxk2yfxsdehz5w	eyJjYXJ0Ijp7fX0:1wS5V1:wK61hSoFGOY5--CAaJhhAqFk2aoHJJIXVxbZ6cBukPA	2026-06-10 04:04:07.763606+00
s5cx8jrvhlmivi2uhnor8etk5kjdol4p	eyJjYXJ0Ijp7fX0:1wS5fQ:Caw9Nhix-EqiLlKMR1ePeuQsGDSoTvEQ5Oo0sbiEt7Q	2026-06-10 04:14:52.798955+00
6ox7jbum3kbmsugkw1ymu45030ipuclu	eyJjYXJ0Ijp7fX0:1wS5fx:V1A6zfKHM5WIUKjDsEjTp11sbBSSnM_YcZljGQwWM4U	2026-06-10 04:15:25.610015+00
jetq4j3vz3a7w83rnbihyf8r3pcoqn0w	eyJjYXJ0Ijp7fX0:1wS5mb:iapk_DxJwaElRnQtvmu9WizMqK-S5cbetPFaNkP-Yzs	2026-06-10 04:22:17.883139+00
pexzysbmxuqgugmg8utnv2cx0gdawxfj	eyJjYXJ0Ijp7fX0:1wS5x9:813tCDfCWCIhUNDsKmzKTjVRsdP-Ue2IfN6DnryhC3E	2026-06-10 04:33:11.975037+00
14jlekugd1a168soy4oo4307xfk7qudl	eyJjYXJ0Ijp7fX0:1wS5xO:Wu-FFphRfIIKVkgOo3bvmnT6II2rCjhj02_c6HnOZmU	2026-06-10 04:33:26.705685+00
glveeedf1bmuflaqsnaxn0yi293r9217	eyJjYXJ0Ijp7fX0:1wS5xX:ogSQt9-92s55R7Fg1-HNE6sbxwNGWKSpp3HzDOfr2DI	2026-06-10 04:33:35.371328+00
y5vu6euf63f6xvxezrvyj5obsrgj1sc3	eyJjYXJ0Ijp7fX0:1wS5xY:nou_oI-XDVRmA-KFgko6odgkos_AuZT8zVSugShXu5o	2026-06-10 04:33:36.661798+00
rmzmejqxgx1ego0qv4afototdx6icc5c	eyJjYXJ0Ijp7fX0:1wS5xZ:m3zkXc7z7UcWp_uxuWYqSmQqCfeIuXTpDM6B9zcJKto	2026-06-10 04:33:37.06651+00
q694ctiibsv7c7lbwfitxqwizqepr5hs	eyJjYXJ0Ijp7fX0:1wS5xZ:m3zkXc7z7UcWp_uxuWYqSmQqCfeIuXTpDM6B9zcJKto	2026-06-10 04:33:37.321462+00
6ry6okdcd2xq6dtd1ldgbu202ew8ha7p	eyJjYXJ0Ijp7fX0:1wS5xZ:m3zkXc7z7UcWp_uxuWYqSmQqCfeIuXTpDM6B9zcJKto	2026-06-10 04:33:37.672008+00
81x7f5onlp3mnmyqa6so80uglfnh4eqo	eyJjYXJ0Ijp7fX0:1wS5zx:kP3af3-7wXQF3Oz7GEymXejm9Qon7_Cxfy7iadoK5Vc	2026-06-10 04:36:05.436438+00
32zyuaxx0afrmrg1j3afcfmt6rr568a6	eyJjYXJ0Ijp7fX0:1wS687:C8rQQ8ai_4XYsy3iRZzaVYR4tXf04c2nvEtCv4ZGW9w	2026-06-10 04:44:31.149641+00
pejggm91qj8kl60kfh6wu5waw0tngcsi	eyJjYXJ0Ijp7fX0:1wS68s:IW4WySQBg_jIgSdwpMxn61biZDjmFSJM1qR_61Pbn8M	2026-06-10 04:45:18.079203+00
r2x5t8au6hbfblfaavsfw58nuhfffrdg	eyJjYXJ0Ijp7fX0:1wS68u:O7NKiFjdLc4SCG-Zc9ydIGMK645fjU4XEgEFnFp55X0	2026-06-10 04:45:20.727458+00
2c3zxggh1d0tsjtbxr1jfd5368mhshg7	eyJjYXJ0Ijp7fX0:1wS68x:fu3-2J87DCVQsn1nRZzaanb-SEaDrrVa2xS8rTCxWI8	2026-06-10 04:45:23.782091+00
ocmf2mtrxmu62d5jr44i4atxavvzrdw8	eyJjYXJ0Ijp7fX0:1wS68y:6fDxO1HlRwIS6B4YiprkVR9VKhaUdUIX16qr4YPDyIk	2026-06-10 04:45:24.620091+00
h2zklj4vxmssav46k1lrh4bsu4pekqjt	eyJjYXJ0Ijp7fX0:1wS692:TyQouyMUX8C4_LHCOSI3L0GCoTbS_9R6bSXN5z6EJFI	2026-06-10 04:45:28.041229+00
oxv2rc5fpm766ionbt1yhksgtqqxcl45	eyJjYXJ0Ijp7fX0:1wS693:jWBSEXJ4qGObYOgMIAqGWvciLj5Dzl_JM7YcRr0mCUs	2026-06-10 04:45:29.959306+00
om0mp4zfd2w14lix587yvwoo40nmobff	eyJjYXJ0Ijp7fX0:1wS6BX:z3njO28G-DNakRrLKLNrXpY2y2Nth41UmNeQi3r_hQ0	2026-06-10 04:48:03.72991+00
cei00772hi4jo4mgja2wu3xlzy8cncr2	eyJjYXJ0Ijp7fX0:1wS6IL:WzHs4CzY3JIqoaZ6Vqmv5V2mfVORvokI_I6eKdfuSnM	2026-06-10 04:55:05.530539+00
petn1panp4wob7gb6yn5lnyid6cvrpu6	eyJjYXJ0Ijp7fX0:1wS6IO:JN1WWSyuYyhoOmd9mdlOyLjsD7k4WdD6qgfZX7uLqk4	2026-06-10 04:55:08.234489+00
el79vfvdd2fh7wv1gg8zjqkcuf4yowhk	eyJjYXJ0Ijp7fX0:1wS6IS:kf7cDmwN_2bWkWcVB6FCuIunBIgCPaaKXAP8-7TyiDc	2026-06-10 04:55:12.218107+00
z2m7v8r9gw2pzffv5yippjaxtzgmb0q8	eyJjYXJ0Ijp7fX0:1wS6Ia:nzFiwt_X-FxDghUIxOfbjkCvBlxyufydpYqGbkHyg_4	2026-06-10 04:55:20.402233+00
1299yiqu8bacaznx2k27b6uo0dm35914	eyJjYXJ0Ijp7fX0:1wS6Je:9Lo-veeVndnnewAqm7WkTRVTdFVoRef8RzGj0DmQtVU	2026-06-10 04:56:26.730285+00
ydokjm6uc7gg2fyzku72y6tlryy4y3l3	eyJjYXJ0Ijp7fX0:1wS6KH:-1Pg9KhfXEv5VegMT1-AsCRgEACcIqY-MC9YNNk1D4g	2026-06-10 04:57:05.85464+00
d0j0l7qxghj8yp3ni37h0hojqr0wb00e	eyJjYXJ0Ijp7fX0:1wS6S8:f8MivVA-46eSFWzkktyKik_uF5L3JV_w5DLIhRDjTR0	2026-06-10 05:05:12.359529+00
ejc6un2xqfexulu13w8njqazkqoj1kyw	eyJjYXJ0Ijp7fX0:1wS6To:cUJWHrXlE4cNQC5dgEhd2MiBXVH9UTmJWQr580ttkYQ	2026-06-10 05:06:56.0621+00
kdx2bg9buqks6xwsq4rbigg7dhqbviwk	eyJjYXJ0Ijp7fX0:1wS6bG:blcE2sEa00PGkzUX0DFIOCfwEguAK0cYsutSNKgt9BQ	2026-06-10 05:14:38.691707+00
7nwiqr1o2walwu6ge728gnz5i2zpb4n7	eyJjYXJ0Ijp7fX0:1wS6gw:4NgIaDQuRezGQbA52YLo1ezyZLcGcNiTQ4mvSD6yapw	2026-06-10 05:20:30.534273+00
cl7gwireg1qnogcwekjj27anmdzcz1x0	eyJjYXJ0Ijp7fX0:1wS6ha:QOFW0jPIyY55-SmVSK5SSARPqtNyDqj5U13eh1axOco	2026-06-10 05:21:10.09326+00
xtub9mq9v4h969h6n5ejjaw1nhhn4jhw	eyJjYXJ0Ijp7fX0:1wS6iN:NFghTNvM26JxVr2sgYjt4kbQzt7yTzkpNtg4d9haT8I	2026-06-10 05:21:59.274219+00
dmgwm8sr1dftodcfrdeikxhrq1jhexga	eyJjYXJ0Ijp7fX0:1wS6iX:5DIVhiVcKNDbDQlB7S1Hyn1WDuoxfkojVV9tuMDszDo	2026-06-10 05:22:09.217715+00
j9axkxz8e2ina8b3nkc1ad2jq0rrhj7i	eyJjYXJ0Ijp7fX0:1wS6iX:5DIVhiVcKNDbDQlB7S1Hyn1WDuoxfkojVV9tuMDszDo	2026-06-10 05:22:09.910101+00
m5bgp7jkuu8ojby69f1mbf6eteijbla4	eyJjYXJ0Ijp7fX0:1wS6iZ:1ncV-5L-yz6Sk6r_NfmQIoeJPfNglzZ_bqOKEriR6IM	2026-06-10 05:22:11.210876+00
5tksq89y031ttsw2fccgwms94zdy8ai4	eyJjYXJ0Ijp7fX0:1wS6nB:HPLMjRUB-vgCB0wa-Tzzy7kKDNsrslOYNu_ozSq062Y	2026-06-10 05:26:57.173749+00
tyrz925f1p4ffewij0dhy478bxp4120w	eyJjYXJ0Ijp7fX0:1wS6nC:2Iy73omOg0My_IZVxYj2cmseoFJy0m5dPJr0eeQEazo	2026-06-10 05:26:58.297551+00
tnbuj74m9l5wn9bq630wa4bcsmvf06cu	eyJjYXJ0Ijp7fX0:1wS6nC:2Iy73omOg0My_IZVxYj2cmseoFJy0m5dPJr0eeQEazo	2026-06-10 05:26:58.31641+00
p3dtyub58o4xvlfknbe7ur0b6rd32gkg	eyJjYXJ0Ijp7fX0:1wS6nC:2Iy73omOg0My_IZVxYj2cmseoFJy0m5dPJr0eeQEazo	2026-06-10 05:26:58.448754+00
onpad23datdttd9sak8fc2kmh0rbybar	eyJjYXJ0Ijp7fX0:1wS6nC:2Iy73omOg0My_IZVxYj2cmseoFJy0m5dPJr0eeQEazo	2026-06-10 05:26:58.582977+00
own0dn60jnmtohe9n61qwsrjnxc0x7o7	eyJjYXJ0Ijp7fX0:1wS6nD:tNU-gOYW7bU1V82T_F15355MLD0OliY7Y_y3A0mVG5k	2026-06-10 05:26:59.24715+00
7z4phwg4bgv5qucffdebm5i2bgnof8w2	eyJjYXJ0Ijp7fX0:1wS6xy:kXLmN06IzwUwEGZkWw-T7-lT52pHBWbEeYjFi8XX5hk	2026-06-10 05:38:06.996886+00
043lf6swroyg53da6t7qm6qj4eil1t1b	eyJjYXJ0Ijp7fX0:1wS7Dv:WvoPEgxokwPcMCfyuwB-JSjhvlhBUemIIDdT9cwZJiY	2026-06-10 05:54:35.059042+00
nvl1emdgce2xg59qu7yxcbxrkeyguq7m	eyJjYXJ0Ijp7fX0:1wS7Rj:ZY9G-J-MDkNGfCPYrwpR7fkTC4SpyNSOZpR2194Kd1A	2026-06-10 06:08:51.150214+00
pni23wnxsgs4s95j3vcc9gv2mrzwcggr	eyJjYXJ0Ijp7fX0:1wS7jQ:ApmVe4y-1y0DTO6bY4nlyN9rpzq1lnmHtpoiggVMuDE	2026-06-10 06:27:08.897947+00
q8vboklqx2lgig8dumeftz98e7pk9bph	eyJjYXJ0Ijp7fX0:1wS7xo:HiWXbLM8bbSfQM0d3Jlup_1o-93SqoQDr9ScAbnTF9o	2026-06-10 06:42:00.207423+00
extjhwfx6jeqmhykgt9v9fkdwjezozd8	eyJjYXJ0Ijp7fX0:1wS8EA:yWcU-6mZj9NVdu9-yZ93DwHcwMReRdTxhzFY_Zhg3i4	2026-06-10 06:58:54.333608+00
itvr3i8qizz3usx1uv42sb8isoq6dsq3	eyJjYXJ0Ijp7fX0:1wS8FI:8AqvVd3_8Kce3tqZmC9enJcFxA3lzd5VCX-HcdwSBrY	2026-06-10 07:00:04.47473+00
2jmvq5162cz48evbw0jbmwbqs7o7ltzo	eyJjYXJ0Ijp7fX0:1wS8UV:8lJhDqgjX7VoaNTJkDcbWDGmJjY9_AOdbognhWu0AOw	2026-06-10 07:15:47.687051+00
u8n182078m9b5x15boo26kchr6l48r3t	eyJjYXJ0Ijp7fX0:1wS8ld:1hoVEZxjjtpt-agAakbIr9Sph9V8XQ39bnrUSnrBYeA	2026-06-10 07:33:29.608545+00
biov703c56e18mza994wq94grciv5ghd	eyJjYXJ0Ijp7fX0:1wS93I:AQbsCwXV49HmeE--HQBh1AyfMsCENlOZ2HGlRcGAhps	2026-06-10 07:51:44.892576+00
feiol6bpy94jf3dg4mogfyhjq4e6xak5	eyJjYXJ0Ijp7fX0:1wS9IP:nwun5mj0LiWJ8FH5nbjEW1KZBkF2wNPC1lMSKRvPbnk	2026-06-10 08:07:21.967588+00
wabetbxel0t5azmchau36u2h47e973sg	eyJjYXJ0Ijp7fX0:1wS9NR:1CS2M41jXyBhqMhHIOcD10WUVchI9OT439TkSsj5oj8	2026-06-10 08:12:33.726506+00
rzgiq3zvyy9fe2kd5fbq6zls1a2pvqra	eyJjYXJ0Ijp7fX0:1wS9WO:sWqmmw4mBaBxqAfH95xkfxttzbDcK5UcwP6N5JcYuHE	2026-06-10 08:21:48.389255+00
jp46t0qy5ufpsn21yvduzaqn85s9b7k9	eyJjYXJ0Ijp7fX0:1wS9nB:vRwRbS0ROdFuKS5Ngg5Z0q_9XdUXfgzksMYJgDFhNAU	2026-06-10 08:39:09.21784+00
8znbzga81jfqqltx77pn5ahb68rmzz6f	eyJjYXJ0Ijp7fX0:1wSA0f:-xv6M5ZyX8wIMFO-c6-rgMPUOaYtPrUpYslwsSnqRWs	2026-06-10 08:53:05.494889+00
ejawi1v7uviwlk7758etuliikskyevcv	eyJjYXJ0Ijp7fX0:1wSA4w:MQ2SC8mo-XZjAXhEyj-4dv_AfpSXPLmzqO0tfPmiNHs	2026-06-10 08:57:30.627194+00
7arg6157g0908cbgiukxy6bhazl8xsj0	eyJjYXJ0Ijp7fX0:1wSA8l:P9USdAAaVG2WDrsjHhjATOBaPlNrBzWsFCOViya-DAM	2026-06-10 09:01:27.590024+00
4x9wokyvgq2i3iihfjrtbkds6n6pgra2	eyJjYXJ0Ijp7fX0:1wSAC6:zrjj2k1Ewp2dD4Yie4GhATYJgiZSY-1oNnnFhfaOmcw	2026-06-10 09:04:54.079469+00
4enlsvz0gpj13l527iyb6o6mlfixmlbl	eyJjYXJ0Ijp7fX0:1wSAIK:IoVJFHx29A6vVIhhy8PPTmn4qLdIXoBIZQ83BMhZMpk	2026-06-10 09:11:20.295134+00
533qnvsmmfevgia9tymmvumozv7u7fri	eyJjYXJ0Ijp7fX0:1wSAS9:pMDXG7C1wGM2eu61fB4iYRXF03OGF2VnwZPaKP908bU	2026-06-10 09:21:29.204208+00
3vgykzq3bomuwv3e38sm534nezetbcd4	eyJjYXJ0Ijp7fX0:1wSAba:6NXE4YZpIaTMLkec85yrlSqXL-C3H2aKbhrSgdwFbok	2026-06-10 09:31:14.555804+00
ihraellgbxbobb4cumgzq4eulb7qg0yy	eyJjYXJ0Ijp7fX0:1wSAuJ:pfFS386-dMB3Z0bkb1WhnX26EGKCBUJqzOnSYFDOEIo	2026-06-10 09:50:35.955792+00
uys5gk9wp0i7o4mub6by9k9lui27183o	eyJjYXJ0Ijp7fX0:1wSB9p:J8QsHdTd6tl_ElnFQW_sprp0Eh4iDCNM31xcc9cRF5I	2026-06-10 10:06:37.25019+00
9x806ylv1808jgvz7l3hzdme1el6oou1	eyJjYXJ0Ijp7fX0:1wSBPw:161t-bIrcttgnF8XH1f3xfoygHdp3cANgX0UoWhTJ1Q	2026-06-10 10:23:16.542436+00
mvg3v7dmuf27iessg99ucnumi5drfq0p	eyJjYXJ0Ijp7fX0:1wSBS2:wRNhCCtmDXu7D1H3t-1T2TRFSV23bRWyAAtcM9A_xmQ	2026-06-10 10:25:26.529092+00
cdtk2yrc304b2alc9o6039wub5p5orxu	eyJjYXJ0Ijp7fX0:1wSBS4:MoXuTfeBYBre3d2IxyM6LpxaxcVMbMKZtLNz3jDsIaw	2026-06-10 10:25:28.489138+00
rwjskgrw5dltl19jsoibj6yq43n97din	eyJjYXJ0Ijp7fX0:1wSBS6:jE3kv7nvm9F6AQTvVfcha_f3oycTTsjMVIsOSJFMSaw	2026-06-10 10:25:30.457964+00
2th6yeypvm1t938xte9bkbo4ld2mgyl7	eyJjYXJ0Ijp7fX0:1wSBTC:e_-jntqem0_6oZbRi506dBoqpEvq4Oe4k9mqjMl1KDg	2026-06-10 10:26:38.209155+00
uzh6a2vcruklxzgrp911sck4j94pkmlg	eyJjYXJ0Ijp7fX0:1wSBTM:2LvVS7W46Z0aRBLPgL1ggYiKqvQJfIaf-VOhNlH_LlY	2026-06-10 10:26:48.444047+00
njgp8rk1yxu7mk7hvpjn8708er61h544	eyJjYXJ0Ijp7fX0:1wSCA7:VX95vmKMKoXxh_kPtue0Sz_H4XEtOa7YOgIuaCtvE_w	2026-06-10 11:10:59.259557+00
275rwe2somuie1l1x4qo4ox559dg68xl	eyJjYXJ0Ijp7fX0:1wSCRq:580aF1YYgmiXhhx2Pie0a9dqOo7EXlZ0UDncpto6uJ4	2026-06-10 11:29:18.413467+00
1b0niskr9fla5zni5mud7alktads3nqm	eyJjYXJ0Ijp7fX0:1wSCRr:cjoLH-CiiG9qNRkRq7Soo_LBLSqDNIfHBOW6Le6pCdw	2026-06-10 11:29:19.044552+00
ig2d57t8b8ztuvlflmhh3ad684fqu2ep	eyJjYXJ0Ijp7fX0:1wSCT4:DBB2xzAPuaqPG1qmSb1mUisHsEV_gvGT9Dbv1BMiprc	2026-06-10 11:30:34.694852+00
7nm8lpq4ti63ugf4pgzjns50l0y8w2ao	eyJjYXJ0Ijp7fX0:1wSCTB:vYJEOyCIbV5jSKqm0e0saG5lOpredVHXYbAvK-ybDnM	2026-06-10 11:30:41.681664+00
5y4ggyjx6lmmdvuz68k9itmvqyehhgvf	eyJjYXJ0Ijp7fX0:1wSCTD:BGLwCD5jBOzNroHIuBHf3ADUDvmZLZzItWe_7Y4G_sU	2026-06-10 11:30:43.178839+00
c3osszingeik3wvcw77yfv594916mpsx	eyJjYXJ0Ijp7fX0:1wSCTE:WREITq-gUM3dyeviWE0UUDeUrjiIwSF_JW5YVmJFFn0	2026-06-10 11:30:44.829666+00
rjzjvi46d0t7r4dp5bk36x64z4fxzg6l	eyJjYXJ0Ijp7fX0:1wSCTJ:yUmrecDap2DXfn0WAU4nkm0vn5e7kcCGeBY6GfcNhrI	2026-06-10 11:30:49.118764+00
xxfjjs0dzega5t0cqhg4pw1eqlu2lhl4	eyJjYXJ0Ijp7fX0:1wSCTL:U4FeoVjRFqgsbKtsE4FbvF_gHv8K901678d1YDTtMH8	2026-06-10 11:30:51.136814+00
f5911puki2z503rdiwzutgksvw3jgsbd	eyJjYXJ0Ijp7fX0:1wSCTR:6MQ4mbUNqO4yNNrhpfqG3dhZZH-k5gSoVND7CFR_gzc	2026-06-10 11:30:57.275206+00
ixesdjbin3yowz2j97w5w8hz50ndrie8	eyJjYXJ0Ijp7fX0:1wSCTU:1PiaBau3ygdSHcPh6bvw-evIh0nd64Es2nWNFDj20QQ	2026-06-10 11:31:00.188797+00
0nf89ol9nbbvnbl8zfw32a0gustci9qj	eyJjYXJ0Ijp7fX0:1wSCTX:QLGG7Yq7_axh8EG0aDEjCcAMaKKZCbNNoxg331pnEws	2026-06-10 11:31:03.841188+00
1b3vtl8rwfbsl0gd9f2u715oztasgldu	eyJjYXJ0Ijp7fX0:1wSCTb:uzqVlM1YGNO26vopZh1Rs5R-1O1cF-LFvCO20wID5hg	2026-06-10 11:31:07.729495+00
ugamfma8tjfxne9wccozdy2gc2xzu55x	eyJjYXJ0Ijp7fX0:1wSCTe:GLLdPKn_zSS_uNEj6A7lacySzjLhy70MhZ0DsE8h2S0	2026-06-10 11:31:10.370208+00
7w4kq8jxlnbisx5fba84po5vqnlvv59s	eyJjYXJ0Ijp7fX0:1wSCTg:mI287_xojELQc4EnOI_IBLlYCSCkdbPNiQV7SmZZC5o	2026-06-10 11:31:12.080244+00
lpqap64jnqboroljcjvdgfssy3ry4xzx	eyJjYXJ0Ijp7fX0:1wSCUW:mPkCoWITs_srL8huj2PHEQTdsjgz60Dtj5nNOMXIqkQ	2026-06-10 11:32:04.011513+00
x5epk7lng9zypdv8xu033hpwhn53nn2l	eyJjYXJ0Ijp7fX0:1wSCWH:DV3wJg5UOH-K5qMLQFIbLMVIQ-1uNtTUXR0Lg12Hwa8	2026-06-10 11:33:53.620314+00
0zd6w6uw93chsnamxkv778yvyfkue5b6	eyJjYXJ0Ijp7fX0:1wSCan:O14EnW3amW_6kCRTZcWvDBT2hsMhDQJ3xWh6xIy2lT0	2026-06-10 11:38:33.822988+00
nm80po4v6c0m55k7idd7ww0i4zi8ufz5	eyJjYXJ0Ijp7fX0:1wSCaq:VL69-VzhYVuZoweWodeUwOzpPCrFzml67OscV_olSiA	2026-06-10 11:38:36.369648+00
792l2dpaq6o4xgu81923kz2c2eh05ejy	eyJjYXJ0Ijp7fX0:1wSCau:9BwG_VFGjSzHT-jnrwlrTOPQL85J3uj61NDGzGlmJ8E	2026-06-10 11:38:40.582153+00
4r3q8sey8pzzbkmuawdp0yazm085i64y	eyJjYXJ0Ijp7fX0:1wSCax:ETM9vHaPEc4xHH2LaF2NAvncReJ6C4LBU0kZax4njH0	2026-06-10 11:38:43.144561+00
zjzpvc6p1fvprlaqkokgtnztvvg98kj5	eyJjYXJ0Ijp7fX0:1wSCay:UF4rz73ZriD0dmtlqB0EPH00IFIX7gPho7VcILKhil8	2026-06-10 11:38:44.132074+00
bp2yg83ln6fufnyrxxm0j199tyqoyfx4	eyJjYXJ0Ijp7fX0:1wSCb7:uXFAilTvSrWboAlmuu_HgQPJuL7cA0lYptrHNlfGQzI	2026-06-10 11:38:53.715822+00
r9jbj7g1irw3uyyk748yj4igrsjpcey3	eyJjYXJ0Ijp7fX0:1wSCb9:TvEa1rfnln_hn9RRvEgEXqzSkJEFidIM0zwnt5r4sLw	2026-06-10 11:38:55.683554+00
utl7odszyozckcd3isji6f9mykwqfjtb	eyJjYXJ0Ijp7fX0:1wSCbD:bfWXrzEECHPGsunhK__GBBiCDkiXuKDgH-zUr0wyFJc	2026-06-10 11:38:59.951729+00
tzvr6an15fzdiq7ogtkfu35azmet14wh	eyJjYXJ0Ijp7fX0:1wSCbF:YdCW2J7ePtiI5yn-6BFAlgd0YNChG0Pmvfpocd9a_fk	2026-06-10 11:39:01.245403+00
7oeq3ee5b33onq5zb7ji0rs8vypp0oun	eyJjYXJ0Ijp7fX0:1wSCbG:1LTtNkJtWiAkPW-kJuUZsWGHWHsDmsfuRiaIvjvBdyc	2026-06-10 11:39:02.971451+00
rs2gmdhx6guees401zpddtt2to2tjry6	eyJjYXJ0Ijp7fX0:1wSCbK:RzwG4VuPi_-0PWZ5tEOPG9B2csTuyQ4lJUt64YvbEnQ	2026-06-10 11:39:06.347137+00
pvz5y7q55fsmun7qhq5hd377ggs7uc2w	eyJjYXJ0Ijp7fX0:1wSCbz:b20GzKm3DN7lhEpHnUnRBMRhyumH2nxGPlTtQzf85pc	2026-06-10 11:39:47.261795+00
rl6wwjrns0wtwj1t3zf2oj284t14s7ge	eyJjYXJ0Ijp7fX0:1wSCcI:eL9-311DxB-5__-YQVleA3Qf22qVWy-LbH4cQQSkxQo	2026-06-10 11:40:06.041797+00
tjwwmgvblmwp558uyl90tbhf32by9f1r	eyJjYXJ0Ijp7fX0:1wSCcK:8yq2h1_-S2QiuWmv-NsuKzSUk5s8paswvGBybR00o_Q	2026-06-10 11:40:08.489572+00
nxczmjuh320qchmok6rzz4yufj4przme	eyJjYXJ0Ijp7fX0:1wSCd5:tehHbFbaffHKQgdYyJnDQ7hhqoLHVZAFBRiJo95cLuU	2026-06-10 11:40:55.814985+00
6yg61c54o2x5z8r11p6zk661ihn7stvh	eyJjYXJ0Ijp7fX0:1wSCd9:kg4vbriziV59Xqp_aBGyMrXC8u9JAGC3k68Q51sRgEc	2026-06-10 11:40:59.803601+00
26s6ralnxm6w3chgm3x7yzw9kp54vydk	eyJjYXJ0Ijp7fX0:1wSCdB:PwCYGb10VgeDk4QMPGzs4jCXI62zg2n2LWmhlWK7zJg	2026-06-10 11:41:01.791891+00
zrxzgy2mk8zwjqao6wqcw0u38bo6th1h	eyJjYXJ0Ijp7fX0:1wSCdN:1OCv8JS5qSrNu9fFmzkiBW9-V594hnM2YK03DvRHUus	2026-06-10 11:41:13.339436+00
gjcmd5o2by2ryudrlotfj4o0g24ksq0d	eyJjYXJ0Ijp7fX0:1wSCdY:WaLwXiXbaloPCxzhS_aRI9fHYn4ZX2oLzVUZVa06z2U	2026-06-10 11:41:24.40005+00
1e4r36er8p4qbtlso3hylgn4oflv8kln	eyJjYXJ0Ijp7fX0:1wSCdb:P4d3MTFbrjaP9nuCaZhOsehBBaOEF8HcKlFLiD6emk4	2026-06-10 11:41:27.631733+00
qi8lodqybadk12v0w3b6ew4abwrknz07	eyJjYXJ0Ijp7fX0:1wSCgQ:cJNVeZjh5FjqqZhGNwc2fwrZlzMmeAlYFpazA-QhumA	2026-06-10 11:44:22.189354+00
0o3qo92p78xnee487w654k4pbcejzizx	eyJjYXJ0Ijp7fX0:1wSCgR:0z2PeKabOKQzQg0s7Vp56nTNtRSOeHbBdBucBQ8Iok8	2026-06-10 11:44:23.360868+00
94w2r1rxh4nv1o68mat2md0qd7xzstp8	eyJjYXJ0Ijp7fX0:1wSCi9:7XMtJWQ-OtmsVGpx9cQejRv4HqH2-nEYPFD5NTOYJLY	2026-06-10 11:46:09.1301+00
o1m92ns9ctq7xouy0rd930psjls3ivpb	eyJjYXJ0Ijp7fX0:1wSCiH:p3kK87XGTTyU4T6KdgbpzLPCX7kwxKx4_BIiVySqNGM	2026-06-10 11:46:17.758601+00
yku97980bmykv0hvcf8vo2m0uh0cs9ug	eyJjYXJ0Ijp7fX0:1wSDn0:etc7aAkCPXDVvV1_6g83h4N0C44Orc45haP8uYb4pkY	2026-06-10 12:55:14.636411+00
pfsgn9ht6u64uz5agk3riwxsd0c7rruy	eyJjYXJ0Ijp7fX0:1wTVqi:sZHph2Eu9rUls6dUhV2MgDoN7SSGwA73FZRUDX_G0H8	2026-06-14 02:24:24.783088+00
7k3dbgc4szf0p7om5wqqdgx4noezfj6t	eyJjYXJ0Ijp7fX0:1wSDUt:slUzIMGickktshybey76kLvdLggnavoj9BsRK7NYtm0	2026-06-10 12:36:31.993187+00
d5hguc8yu7rl2x2qtk3iergt3nrcv1xu	eyJjYXJ0Ijp7fX0:1wTWJm:MFzdS_wOpa63F4hZhoKgDFxtPQ-4ZZROPBXVE9_5pyo	2026-06-14 02:54:26.296605+00
vzarqu93wrhtn3n363u7uqakw3a678bd	eyJjYXJ0Ijp7fX0:1wTWu7:Ozqb4fKXypy1DqvAXbChPslUvNI22WIpfBwRTGK8qcg	2026-06-14 03:31:59.112503+00
ho5w31xm9p6o8pbrdv9khfnlj0v8bip8	eyJjYXJ0Ijp7fX0:1wTWyv:99sYqYmcuTwQeM7CXC8UrQi8flZ4hlrLTtze859L1X0	2026-06-14 03:36:57.056325+00
2mitou4h5h319p96ws7vonhvjgrgwtwj	eyJjYXJ0Ijp7fX0:1wTXXY:vk7JkJQI4InuNJTRTiL7kvVPueOaojKZAPvozPHbl6g	2026-06-14 04:12:44.342102+00
2iid380k7je0g1u3sn2891b56yl6adn8	eyJjYXJ0Ijp7fX0:1wTXqJ:gtqgaeVqBAuRkb30S88pdXk5yV0i6YoLVHb28ksmDww	2026-06-14 04:32:07.753986+00
oop7mhi5p4lci6mbf43qn98m7k7ifv0k	eyJjYXJ0Ijp7fX0:1wSEJZ:HchEovgFOMmsO0It5cUtwF2r5I9aZhogCzIYyo7vfUs	2026-06-10 13:28:53.993113+00
x1z4uzv5kx51y92zk264v0a29zb2gm6n	eyJjYXJ0Ijp7fX0:1wSENu:VSldh3iMt4HUq7FSapVBCewQBV1w_6za5sMWeG7tA2I	2026-06-10 13:33:22.470773+00
zc2u2u1w3h9d7hcrtd4tcy4xb1syzpe0	.eJyrVkpOLCpRsqpWMjM3AlGFpYl5JZkllUpWhjpKBUWZyalKVkrGxgZ6BgZKtTpAVYY4VRkaGECU1dYCAG0lGT8:1wSERm:8Nx4UZOFtW-akzw-20DQyPeb7p6EEpQgMvb2-lvZE_o	2026-06-10 13:37:22.12372+00
xp7nbz9639om51z9xjsfjj5gqby3sqmm	eyJjYXJ0Ijp7fX0:1wSETb:SRzx5OCBkaQxnAKOU-troIPnj-ttHpoUJquLVFvQ8lQ	2026-06-10 13:39:15.11502+00
4gstow91czj35yb5ztfbjs4d0u762ms7	eyJjYXJ0Ijp7fX0:1wSEY5:3q01rx2OSq1QJl1yFkfvCliONvp_pOqWrk_M5WkieCs	2026-06-10 13:43:53.033262+00
3rlv6idsz6xdag98l33kethhs9xpkfu4	eyJjYXJ0Ijp7fX0:1wSEdq:7hOWgFaxE7ZyUpR6gGIrjlTbR1ZKLT7pnLbc196NXZA	2026-06-10 13:49:50.596195+00
iregaakvz2qkqzka4l86e28s233hj4o4	eyJjYXJ0Ijp7fX0:1wSElk:6Eha3Ca7093TN5_RRtWI_Z99imGDGq72iUuoAe81v-4	2026-06-10 13:58:00.87651+00
tjwem63r468xebh8xuu5kfjc3vj8074v	eyJjYXJ0Ijp7fX0:1wSEwX:6x0ksY0ejKYDDBBCGtgtXsPV3XhMTjof5-QxADknc7I	2026-06-10 14:09:09.067184+00
3s1jvlrfioeknv22pmzlbkurdqedkosm	eyJjYXJ0Ijp7fX0:1wSF60:pWXqFY3IxQaWGYwbFk7tvtwlSpb7QH8_Io2-MHksYqY	2026-06-10 14:18:56.182278+00
ayxmjl18t0mmm9ofsmpi9d4p59yzfec0	eyJjYXJ0Ijp7fX0:1wSFFY:-1ern6ExwuM3Wd5pIx2Z2GDMCwhMfGtDN9OCBet56BQ	2026-06-10 14:28:48.007681+00
vu7nh5qvi8fdtlaun3jeh7xzxnarupsf	eyJjYXJ0Ijp7fX0:1wSCr2:jZppDO27Wot5x_krdhrd29rB3wuDPpkvzdU2L7qFmLU	2026-06-10 11:55:20.344576+00
hy1o1oyiqd1n0d2z36wo8u6fvb1rx9f2	eyJjYXJ0Ijp7fX0:1wSFKe:Bca0nQMZFqQHWgPhCEdsnoM6YIAIH-_i_uonUPZhhtg	2026-06-10 14:34:04.466005+00
jfpf5ckm1hygocm6iw68vrx4oqhi71jk	eyJjYXJ0Ijp7fX0:1wSFKi:091IGcEqIyP0xYig7rscSitL33cA1HUD5MMpQm7cA8I	2026-06-10 14:34:08.786196+00
tef1o9fje46k0kpy3fklgcvtxc4v15n4	eyJjYXJ0Ijp7fX0:1wSFKn:MTR4dn1I8x141gQfz6qE_wSL8S-IEyeUvPWz-4bWrOg	2026-06-10 14:34:13.023176+00
53i6cvvnb0hcoogg9z86z0m1v5cf8el9	eyJjYXJ0Ijp7fX0:1wSFKp:y_RLHBwWKNCR3XHGJEvkNksYCTTAmm8RGhErHcH_UQg	2026-06-10 14:34:15.737981+00
anx9hn4oc8okwn74ius8vdjcmm8brfj9	eyJjYXJ0Ijp7fX0:1wSFKs:YaqpLOEqCtDquAcICAnGxd5IE4D_UH7pqUt2FL_ALJs	2026-06-10 14:34:18.511244+00
2g1wb2h00sujbazrsyvu2c5n7069ila2	eyJjYXJ0Ijp7fX0:1wSFLP:kIcLtVlM3vtX6OsIDZ3zIC5IBqkcfy3PsMk-GyxIig4	2026-06-10 14:34:51.295598+00
a0qtspu9o9ajp6g580x36q5uqx476b5x	eyJjYXJ0Ijp7fX0:1wSFOa:e7LsyyniEYnTWjonXo9BaQBqhaViq6qoNVqn9dGys9g	2026-06-10 14:38:08.346797+00
z0epw1ijd7ge0p01mcu2fg6kvni67cla	eyJjYXJ0Ijp7fX0:1wSFPh:MKUeRSOtE9Llgkhp85aPlYQiPQTcgBAlF0uKOSFWQJc	2026-06-10 14:39:17.263837+00
o5t09i8indh7mex35kpwo3c3m32wjenp	eyJjYXJ0Ijp7fX0:1wSFWR:tqrxuA73KHaRGR1cwGOkEnVvdUTaMEoqBe-2exG3d_A	2026-06-10 14:46:15.925651+00
zkwpx0pf28kho2ip0i0eiud9z2w6ztsv	eyJjYXJ0Ijp7fX0:1wSFhi:wj7gkNN3kRQsE20FLMIGlNSlPLGELnl1QYsHVTaU-vA	2026-06-10 14:57:54.934354+00
hd6mfuxig0w97219nxueq48fxhr3sr87	eyJjYXJ0Ijp7fX0:1wSFht:awkGoudGbEL7OcMx4aaXq1C-6q-xGh3UdsTJ4BKJmeg	2026-06-10 14:58:05.477874+00
nuycxw4o9zhj4okqae83tyjg6t25hojh	eyJjYXJ0Ijp7fX0:1wSFsT:66lil-SVDT_dr8uj8eJC8EnIrdqWQeNx7Y582YSTOwk	2026-06-10 15:09:01.153777+00
ew0xp8t7zrz1tptrfl0pprjz2ddz79gu	eyJjYXJ0Ijp7fX0:1wSFuR:h1PaM9DNjxR5w_Uio8--Grd96OeLBoK99W2BTmIImuI	2026-06-10 15:11:03.496475+00
04sm44w5mr8oi7hwfo4modcnh03zopcj	eyJjYXJ0Ijp7fX0:1wSFuU:qoH7JpDn-oENhs4Kgzjn7jKfFksWoRUYTl2cgzY1a5Q	2026-06-10 15:11:06.967606+00
8e27wwmhgizhy6ccvr16a6quz1b5ipgh	eyJjYXJ0Ijp7fX0:1wSG2I:MfkQpr4NMwC_Dq4aSvtZA9vjJM-aj8kg0kqDzukjCuA	2026-06-10 15:19:10.197178+00
j1i7tiejoupp4377itm9v7zh54n8ujsi	eyJjYXJ0Ijp7fX0:1wSDBF:umxB7cRQVXdYy8FzWVyYRxht8zhWjH0oBeFrF9PdKE4	2026-06-10 12:16:13.974754+00
1l789jgr2iv68makazb3wdzp0w4nygnc	eyJjYXJ0Ijp7fX0:1wSG4B:Ik4xcJL2_jaJcs79EvCW7s4tUIB0trOUI9IevbOPtQw	2026-06-10 15:21:07.693038+00
8yo5rxsowqny5er47fm3r0c7haxshuns	eyJjYXJ0Ijp7fX0:1wSGBS:zsod9-4xg5imYKA9DcDjBmOEyYLcOIfpgGOTujZscvk	2026-06-10 15:28:38.81451+00
axerasogyno9oqiu9di8gcckxv4xoy4i	eyJjYXJ0Ijp7fX0:1wSGLM:Qxjhf5BKQ_FVXV47mIsrfx1BtQM4we3wn5EmtYxyr28	2026-06-10 15:38:52.978182+00
rqszlpjq871t5krt6qivjpif194p4adn	eyJjYXJ0Ijp7fX0:1wSGOU:oPCf49ajncG1zkqkQ63EUhSD8mGmr3SuLx3qWFlRW5I	2026-06-10 15:42:06.498422+00
r737b0jeit3pqz8mvg6q8r4ix25i7bqk	eyJjYXJ0Ijp7fX0:1wSGUc:9G_-xhlnZQmHb6q1T6OyFM1RfTQ_JUAGKkif_xAOxvI	2026-06-10 15:48:26.303244+00
3l3odqi47jw1e0q6t7avapl1n6wtx97s	eyJjYXJ0Ijp7fX0:1wSGeV:O4F9xVMp5cflaY413TEmRfprFJRcjTTbZszyVqTyAQA	2026-06-10 15:58:39.177518+00
0cki8tvzq9ob5ges5bsk8f30czblfjnj	eyJjYXJ0Ijp7fX0:1wSE0E:MvPES8nWRa0DgECETHfwlQ1_1AvelXZLV5UyudNqy_4	2026-06-10 13:08:54.466796+00
wr8f32by66ipyk4w2sm4q9yzbqq5m8xm	eyJjYXJ0Ijp7fX0:1wSE9N:IfZpffvbkVfNtBVvXsBHrCHtgvhTIehr5w8ydc-Qe7Y	2026-06-10 13:18:21.52844+00
k56nig2c4n859fju1d8r647jntc4eq5r	eyJjYXJ0Ijp7fX0:1wSHtt:Cy2UhgqrZJw1S3UgdhZAik1YRuyuw-8V8aEqfBfcm9c	2026-06-10 17:18:37.670216+00
ki8usybsju9ounvn70lapnbe76iqjvjl	eyJjYXJ0Ijp7fX0:1wSI7t:w2jwUh7QelgvjsZuRngXUjuYt34VT3scW0OjQvX8GOo	2026-06-10 17:33:05.442591+00
vyg2xhftgik59fq2ykuyjsqbz2zpbn2n	eyJjYXJ0Ijp7fX0:1wSIGA:rMF69-OwJsgvOAvKyMySNAFH2VCXfcQdMPBTejoaa1s	2026-06-10 17:41:38.694063+00
jkdhj82atsdif572ebuwh3crat1nnqfv	eyJjYXJ0Ijp7fX0:1wSIPD:H7W4lvGc1cngFwgoSmkMwVfslXOLoJBXVek6nNA6O3A	2026-06-10 17:50:59.876742+00
612ei4fdbdcmjhltzbbwkgbda64ak5n0	eyJjYXJ0Ijp7fX0:1wSIS5:OEyl37le7mlGZNLPgLcuD0Ab66M2rs_2HAdOl80BFNc	2026-06-10 17:53:57.821006+00
wtnk0dmeij7k3ije6q7la1b0w4uxtxii	eyJjYXJ0Ijp7fX0:1wSIT9:Ia_1V6hLxg8a0O7nYIvzLDN2Cc3mY5qWr8r7EzS5VSo	2026-06-10 17:55:03.682398+00
jywvyhqtry7i6z2o41g96ks9omjobd37	eyJjYXJ0Ijp7fX0:1wSIZ2:MYzKDcI69ueI-Eew6d_ZrkWplGntuWNzm4rETRMvPoA	2026-06-10 18:01:08.616042+00
1fsmjgb1xyviqy2y2n98rv7wauj3cm83	eyJjYXJ0Ijp7fX0:1wSIkn:rixoS-ScfQmAb25kvGlDjIO2kxCXi3d_oKYoIoc0-8w	2026-06-10 18:13:17.454528+00
1snrflg03wabi7rxk8wo7hn907h7cn39	eyJjYXJ0Ijp7fX0:1wSIlF:BLn0tRwvEa7FUvUTYEar1UI-yGBgQ0-WIc1PREyhzZA	2026-06-10 18:13:45.464357+00
rf5zuthlc0jjayuo5639nsb0c2xxbvho	eyJjYXJ0Ijp7fX0:1wSIll:nDp27k8_lSw_e7giA80Epbp04Cxi1xINZpRoJIxcFa4	2026-06-10 18:14:17.306668+00
7218rb201mxvy5cy95s0n4ufpfxsz010	.eJyrVkpOLCpRsqpWMjO3AFGFpYl5JZkllUpWhjpKBUWZyalKVkpGlnoGBkq1OkBF5jgVGZqYGhjA1JnhNszQwBSsqrYWAPriI_I:1wSh54:SNz0UcKR4lXKNE7Rc22gOJ3yj4M69_e4ppDed8NX6Sc	2026-06-11 20:11:50.746603+00
9ikozim76bu77o1cgt95sgn6utrd1zq3	.eJyrVkpOLCpRsqpWMjO3AFGFpYl5JZkllUpWhjpKBUWZyalKVkpGlnoGBkq1OkBF5jgVGZqYGhjA1RniVmcAVVZbCwAdMiQX:1wSEFI:1Ew3jDc1DRATzMNyWLdjEtbd94IrGBqN0QPuTaY2jXE	2026-06-10 13:24:28.161897+00
lfa5fh2k5azenop120niekln2tceg1k1	eyJjYXJ0Ijp7fX0:1wSIlm:Ujx2O-DFpA4PwVvmCmINlBcKgFOH-2YOzJk3bqxy6iE	2026-06-10 18:14:18.623676+00
6zh3mzmql81d89gpi7w9oymjmchn67k8	eyJjYXJ0Ijp7fX0:1wSItQ:M5mkxEMevIa6TbylCdyMrx9sMhY_51SMybXCs3H4k9s	2026-06-10 18:22:12.205535+00
4edv1jx5wop4viwqr7b99p6ncjz8coof	eyJjYXJ0Ijp7fX0:1wSJ3W:Scvm-KMJyM34DCbSUse1Bl7NZssBff1OuDE9FZWyCqw	2026-06-10 18:32:38.797526+00
6t10aqhm1vflp2r5nkdho4gemnawt2zl	eyJjYXJ0Ijp7fX0:1wSJCY:LyiFCMcs2BA95otXA9j4BsSAsJfcWJ39BhmPSsvEIF4	2026-06-10 18:41:58.409866+00
upuyn3aaj8l5puu7t3clfv0oghcbklx0	eyJjYXJ0Ijp7fX0:1wSJM4:W-AOEV2Hb9fvQ9n5gbLMhT4LrakrgX4ZAOLNju9xR7U	2026-06-10 18:51:48.319678+00
9cdi1sup5y54vab87uxgrl25ijv22ggu	eyJjYXJ0Ijp7fX0:1wSJMq:eTUJNcfcDm9CGgV73GHlQxzeRojx8uKZT76pT1yb4Mo	2026-06-10 18:52:36.294037+00
j8a6tvgisf58l5fxw4oup6wq3sqyov9t	eyJjYXJ0Ijp7fX0:1wSJVz:2Wa95U2Fu6UZP8uRN3Bx3-pfp8AhAxE3yA49Vg9sy0k	2026-06-10 19:02:03.570283+00
o8xogoi0tdvokkjfphjw8atyfp47hjlk	eyJjYXJ0Ijp7fX0:1wSJfg:okdHtIUAadk_ylSPt8jXSaJHcR28pmNTIZVJ_iPFUw8	2026-06-10 19:12:04.565261+00
qxgo7pfuqo1vmt13ca8ob54h9q3ikzkq	eyJjYXJ0Ijp7fX0:1wSJm2:Ajh1rGwDKQQgJEKfP-UaRhcdKwUnvluxcn31BWEXnvg	2026-06-10 19:18:38.282255+00
zijnx1hf4vkeg0mw92a0v8wax0yt9x6i	eyJjYXJ0Ijp7fX0:1wSJnA:tWwzaXbOo-TYj27zi599jmGdaIYvYsYsAApSxBYv5jg	2026-06-10 19:19:48.517869+00
h3d79agvtnvwu40r8zqvztug095sj6t4	eyJjYXJ0Ijp7fX0:1wSK02:zvdx0kXyX3E_u5DEL-YHEx__s5DIZrWulC2v7KQbbrQ	2026-06-10 19:33:06.578621+00
i1ekz2xmfo8l4kvv630b13hnh29yewvq	eyJjYXJ0Ijp7fX0:1wSK6i:9BAqgS1L2FaSakTq8Knxeb7MKvY0oN9YKdziuP_eFQI	2026-06-10 19:40:00.255009+00
0ch1gxvp4fu8zdn2xxuf85vc3jf8lt2b	eyJjYXJ0Ijp7fX0:1wSKHe:vgOYnCw8cf-uoeVG4Td3Iy0CgyuAxxeqYR4geKEu93A	2026-06-10 19:51:18.690329+00
oiooaz89ru1eoe034zno094tiev3fhtt	eyJjYXJ0Ijp7fX0:1wSKLX:Pb-487nluaSeA2RaWWCavRIjywoEYSU_LKLswRq2Kzk	2026-06-10 19:55:19.942865+00
v3yedpl3v8ttywo9u70iwovilzfjxteb	eyJjYXJ0Ijp7fX0:1wSKSJ:FV69zDZZTmzgyjrUVSi6By_nb2ghrCns0-rkPADXd-A	2026-06-10 20:02:19.094243+00
gs1rf5d0azaxsqggu6iga7kaf8z7h464	eyJjYXJ0Ijp7fX0:1wSKSl:o_wPd4Pefkb97n-44s0sU4-eCcB95B4X4KMw4HykSDg	2026-06-10 20:02:47.189462+00
6sqzd3jrka5aj0z6gzc3zjq8f5y1reg4	eyJjYXJ0Ijp7fX0:1wSKSn:UnJiRn9pAFb43h3ytcFBxcX-vhhAnUNR_Pm4kkxaR1g	2026-06-10 20:02:49.368703+00
mj6szm82uq5uu57ctjncc2w4w4wk05ry	eyJjYXJ0Ijp7fX0:1wSKSn:UnJiRn9pAFb43h3ytcFBxcX-vhhAnUNR_Pm4kkxaR1g	2026-06-10 20:02:49.673197+00
f6lu5urfsj7p9vlbe828vk1nhsbw5ik3	eyJjYXJ0Ijp7fX0:1wSKSt:fL3ZsEfEIsIYuIO1KVIlWXF8kDzTfiggu8XftQksnZA	2026-06-10 20:02:55.992444+00
emchh5ihlvabkgoixe6uu57x2enytl6m	eyJjYXJ0Ijp7fX0:1wSKSu:iujpHCCvmabBkvRRNZdHNIZQqMoqwNGeKPCq1HeEp-c	2026-06-10 20:02:56.312946+00
6r3uqeriy06u2kmrzic7cwt42ey286ul	eyJjYXJ0Ijp7fX0:1wSKSu:iujpHCCvmabBkvRRNZdHNIZQqMoqwNGeKPCq1HeEp-c	2026-06-10 20:02:56.496157+00
m7sl4slvygu1pnbmprudiw7815wgud3w	eyJjYXJ0Ijp7fX0:1wSKSv:E0qGFweR1TTVLxkRFS6UN_3wwGzlLPpgm_DmWheEeF4	2026-06-10 20:02:57.759696+00
1dhg6rz73d8h15dyao8ncfe4jl7jf2pc	eyJjYXJ0Ijp7fX0:1wSKSv:E0qGFweR1TTVLxkRFS6UN_3wwGzlLPpgm_DmWheEeF4	2026-06-10 20:02:57.8166+00
6svbpge0gevnprq4p5mr8jh8zz4wxrfx	eyJjYXJ0Ijp7fX0:1wSKSv:E0qGFweR1TTVLxkRFS6UN_3wwGzlLPpgm_DmWheEeF4	2026-06-10 20:02:57.840279+00
1tjhz6vtdu0c3uck0uyu371c9sd5d45z	eyJjYXJ0Ijp7fX0:1wSKSv:E0qGFweR1TTVLxkRFS6UN_3wwGzlLPpgm_DmWheEeF4	2026-06-10 20:02:57.891203+00
2oupv5emzdj9mu1qn7v5f6jzj8bjkvfr	eyJjYXJ0Ijp7fX0:1wSKSv:E0qGFweR1TTVLxkRFS6UN_3wwGzlLPpgm_DmWheEeF4	2026-06-10 20:02:57.918258+00
9y3b5780ukputbb2qyj8p3ptignjqj1e	eyJjYXJ0Ijp7fX0:1wSKSv:E0qGFweR1TTVLxkRFS6UN_3wwGzlLPpgm_DmWheEeF4	2026-06-10 20:02:57.935143+00
3xzbozxc1v00rdfhktnol4cpfaankq6i	eyJjYXJ0Ijp7fX0:1wSKSv:E0qGFweR1TTVLxkRFS6UN_3wwGzlLPpgm_DmWheEeF4	2026-06-10 20:02:57.942848+00
bb8wi81gdfrfjzlqtibqvfts0qcki1yz	eyJjYXJ0Ijp7fX0:1wSKSv:E0qGFweR1TTVLxkRFS6UN_3wwGzlLPpgm_DmWheEeF4	2026-06-10 20:02:57.988098+00
qq1a5zxhr44ibudlrbqv8dmhcqvg2g4c	eyJjYXJ0Ijp7fX0:1wSKdk:6TfDZo5hDv55x88Jlz3P_-y9XMHs-5vTitrSc-lidcs	2026-06-10 20:14:08.61158+00
djnvq3npts3abfvgr2rnrf8mscf6gszi	eyJjYXJ0Ijp7fX0:1wSKkd:1Bowo4Rtw3EguoUlRrmCVCZDTgD-b-RNDK1RMeLp_yI	2026-06-10 20:21:15.771513+00
uskeamf5v8e3hr3l05xakhqyc0nu7gj4	eyJjYXJ0Ijp7fX0:1wSLer:3CX5RmJXG7x7rz03DwYNHsCSvwE2N4o3XK3lnKh57PA	2026-06-10 21:19:21.276566+00
w5c0ksyw7zjqx9v4u3j4jb0grkt8f1ok	eyJjYXJ0Ijp7fX0:1wSLjv:AGyLv9YdeE2HGjkEOpB35CzysSvhoMxGozjOYiMnBWE	2026-06-10 21:24:35.385781+00
yg0bb8ipcit59s165oe5r9e2pseke1hf	eyJjYXJ0Ijp7fX0:1wSLmR:YVGm8l9vLTqwHCrby8IzyAuZMAzdBdCJZBolejdxbDQ	2026-06-10 21:27:11.981509+00
r7qngm1cchvf96v31qgfiw6fjrlrrybr	eyJjYXJ0Ijp7fX0:1wSMXL:QCn4tKEeAr_QggaFUuX2EA0kVJcdF5523RsFhb18AQI	2026-06-10 22:15:39.789549+00
8n1uh6akgutj2ywitqf0wdtde6eax0k0	eyJjYXJ0Ijp7fX0:1wSMrX:y24xFRrDh3ribMMNOuhE4AWhrsgdX4B9QEe3ptj6UhU	2026-06-10 22:36:31.053401+00
noexltgy7yg34ra3st4rxg1k2avc6upd	eyJjYXJ0Ijp7fX0:1wSN46:rYY6vDLmE-YNjsXUXdDwEzyp8OeRt0_wC1FqILXvxoE	2026-06-10 22:49:30.728785+00
g5pxacwsalmu214et81urkvj63h75qel	eyJjYXJ0Ijp7fX0:1wSNDm:NH0hux9WrFIPuuUwWmAZtTVfU1XRhItgehnan1kiGJg	2026-06-10 22:59:30.398552+00
qp9hg928c9n7f6b2e0le2xboxfaigrcv	eyJjYXJ0Ijp7fX0:1wSNN8:evnMEJnLmSAJ9Hc0TvDpkjvWuXco5wC37vmP8B6rq84	2026-06-10 23:09:10.333142+00
qcw8zndlzy6ga3zf8lailpxcgj6mmtis	eyJjYXJ0Ijp7fX0:1wSNUW:3uhBdhml4hhD89SIA9_BLFW9-W_yE3SmlHiCJ5Ynkfk	2026-06-10 23:16:48.12357+00
4g4oozpcg97g90xgblqkrc5yb257qvz8	eyJjYXJ0Ijp7fX0:1wSNWY:DyfKErtV6YB_TBSchQeuIywmiV__BdwaruiHwHKIFyw	2026-06-10 23:18:54.137276+00
r3fe9po984h8lemuk62pasw3qhzjl5aa	eyJjYXJ0Ijp7fX0:1wSNfB:1Zq_hIVOAZOtSnbZRz78tvhbQbBGxpfRExJlXv6tYnM	2026-06-10 23:27:49.931245+00
onjhqp92jp76sa33teljdbrkxer3hrcq	eyJjYXJ0Ijp7fX0:1wSNgV:s4SbrqbuPEeT7BLJGPq0mSBcHumF-gadBpujkDe30Ow	2026-06-10 23:29:11.84212+00
f7ulmnybzv1uqft5sup1g02tugzlkfd5	eyJjYXJ0Ijp7fX0:1wSNrS:ISPCle41ihC81aVAYbL31xA50CfTh6o1Y3c8L778Pps	2026-06-10 23:40:30.850465+00
2wydw26fxl8hmkch0wgo843go09a81mg	eyJjYXJ0Ijp7fX0:1wSO1w:fjRBo8rFsAN7V0JhMhLoaEW8O23IcU6r4WkbCL-lYuk	2026-06-10 23:51:20.395119+00
szys2c3mgjofbxza38sgu8cmsdi9dx32	eyJjYXJ0Ijp7fX0:1wSOBO:utStp4IGuk3v6SJRalqNuGSU9uHxHghBWpfvYn2DB5Y	2026-06-11 00:01:06.325308+00
xp85kkrtnhqpzji02ymg7h1zw987yggy	eyJjYXJ0Ijp7fX0:1wSOIM:XyiIPHftOwFqi7rBsHM-6Orii-yCk5HLJrIey259zCE	2026-06-11 00:08:18.268825+00
xhfyomqjvobgfd40tfrkbc6ymchmmdkw	eyJjYXJ0Ijp7fX0:1wSOTk:JhEErUk6Ald_RVAZDZ_-DU6dXUACvmn85y3Rg9wCIcY	2026-06-11 00:20:04.46002+00
jj9luarzoe5btiw7kixbd0bserqeet60	eyJjYXJ0Ijp7fX0:1wSOef:xLl9IBCediYHU27tCNygI3a-TaQvf6f9LzpNPnj9h50	2026-06-11 00:31:21.584009+00
uo3g9canlm1h5pxvpdjer8v24vylsskr	eyJjYXJ0Ijp7fX0:1wSOn7:AmBdttZcAdFP83Bq-k4OeBvgP2E3XQZF7r4eJ_uYH0M	2026-06-11 00:40:05.697459+00
098239s85cyxk38zi1f7iqlfwu4g6fim	eyJjYXJ0Ijp7fX0:1wSOqZ:3sna_GMKrXwNhjVan3xJ3JRstLBwxOMqfnRfUVkWhwc	2026-06-11 00:43:39.53842+00
61sxhbsu6ngy7d3kdg7abdfwb0b02fw7	eyJjYXJ0Ijp7fX0:1wSOy2:P426saH6eUA7AsVYiPwVkRwtw8wcKspbrbfhVKaRzdA	2026-06-11 00:51:22.385134+00
w0ju1bqvwt0er6dxe8sgvm9x586tc4kv	eyJjYXJ0Ijp7fX0:1wSP3T:gqMKxSPATcawBfU4u7EqiA0gXmXLSOEdZBHrTN3MK60	2026-06-11 00:56:59.402135+00
zrbucld351gp0z92dn5pvhjf2nn3zzec	eyJjYXJ0Ijp7fX0:1wSPEf:oklMDA4Sa2foV8Rz-X72JCHE8t95gqW-rMzL5s9lx7I	2026-06-11 01:08:33.883003+00
7771burhe96j7f9a47mcumfmlb82kkyo	eyJjYXJ0Ijp7fX0:1wSPZR:vIKdAO9dC1Hk43DoZff8YMeTTPjvlks24VT0b-kJUe0	2026-06-11 01:30:01.589752+00
0an1vby4i42og5zffy4ms6rz06im91r1	eyJjYXJ0Ijp7fX0:1wSPm4:pOh4AtEY9tmNEH8pZaAY5OseqHfSvP1aksychJUpyr8	2026-06-11 01:43:04.949051+00
edw7r64u7tcb690gjvbeo005mrr3g49d	eyJjYXJ0Ijp7fX0:1wSPul:G8ASPuMwTzLsaLxoFSsf0nyD10lb4NQZt5HVLDJnPus	2026-06-11 01:52:03.282584+00
fzbame7semum6ooboqrbnf700rhd5fgh	eyJjYXJ0Ijp7fX0:1wSQ5Q:gkyH4-3i0-Eb9BxEZG6ePtQUIjJqeNVy8fjMdomMmhY	2026-06-11 02:03:04.427674+00
dwgbymww3phidvnissv8ug04vbmiue64	eyJjYXJ0Ijp7fX0:1wSQEl:Zof0c9LltqZaqloB1cGlRMeB_MQarOBg6LHEpzKRyt8	2026-06-11 02:12:43.604001+00
tmw4x6vpm2utojdineknre25fakof3oq	eyJjYXJ0Ijp7fX0:1wSQOz:unDSjppITyD3RC1EubAyQKBYM88C3pkWGOT9qCCMs10	2026-06-11 02:23:17.003454+00
lq5ocrzdfqrnsq8gfcw83b6uj02tm82c	eyJjYXJ0Ijp7fX0:1wSQYv:bxPWdqPmaoIkiaFElofJeAm1hc556ivRVULsKgKf5ro	2026-06-11 02:33:33.92096+00
ffzuiu7hnbyuz80bibzwf83kjfqysnqi	eyJjYXJ0Ijp7fX0:1wSQgU:VTEZGbZd4_zRqzukAHxPDPX6_enmz0MKkLTXayNERUM	2026-06-11 02:41:22.800469+00
3ic8j5ipvevkhfuj4kg6quot0fyr0vev	eyJjYXJ0Ijp7fX0:1wSQie:ZJaQBOFidzZH1VHstoR6dyPZWMHql0OuLCD47tPMRgc	2026-06-11 02:43:36.632924+00
kum2oe5wk6h7vlbsv7n75lkpls2loyqy	eyJjYXJ0Ijp7fX0:1wSQqV:_aMp0AM4tK_yhFsGH8Jt_a_pD95dPgmaYgezMoDZvy0	2026-06-11 02:51:43.353927+00
qqklbcfr8fejar6zscydtp462ew7xb5z	eyJjYXJ0Ijp7fX0:1wSRUn:_IBFx0LbnHbGSZ2iYYmz_VtdXQNZxMMbJ-4APrciC28	2026-06-11 03:33:21.147542+00
fi8r61nvztdnyq3znivlmi05vilooxke	eyJjYXJ0Ijp7fX0:1wSRYl:qe29-kXOL_UuSFFud3qUd4rwdl3S1oaIaYY47aClrL4	2026-06-11 03:37:27.784974+00
4j2tdbujd99aujp4uwyzjt8gisp7wha3	eyJjYXJ0Ijp7fX0:1wSRYn:4B9M7YyenjyZduXanKQYco7QG43WbQjwewc8v7pqxck	2026-06-11 03:37:29.54409+00
7f6r31ujypfhhrn25rwheqhmmakta50r	eyJjYXJ0Ijp7fX0:1wSRlW:sCXPxtW5tk0BJS_Jg13r2F2iHEIDHlzQ5NgmUDCadvE	2026-06-11 03:50:38.549842+00
uy6fe672qi8wa9hevt6aqs3m41biolau	eyJjYXJ0Ijp7fX0:1wSRuZ:b3br6mNZLtsy2YWfxxul2YCGbLfOosOK4Z2jEgBaNdw	2026-06-11 03:59:59.014091+00
n15xh9vqzkwuxbhd5v17k0gn5lu9dto3	eyJjYXJ0Ijp7fX0:1wSS58:Ky4vldUyOi_o6yc03bijl-SOjmBBBeM_8DLRoe9DXZU	2026-06-11 04:10:54.169313+00
1e28c5yr46adatgub635onzk5ndt56pv	eyJjYXJ0Ijp7fX0:1wSSF5:IF6K9VTWbwbsp3Y41_J92CppIkhz8nShNDfl5YcXaZI	2026-06-11 04:21:11.727568+00
ieox0pazynpj66t51qh23k2yy4q8ya7w	eyJjYXJ0Ijp7fX0:1wSSKJ:22-6y0RypMcoMVXXYQ6_Vko9Qd6bsCcWLFfD7dk4FTs	2026-06-11 04:26:35.216377+00
rxo8bn687yma01vqexsjw75etnzp4rtx	eyJjYXJ0Ijp7fX0:1wSSOY:na-nKQGFp_WDk7j1Z4_Pbm36iatQQS-l_Fld6BxWDtg	2026-06-11 04:30:58.605564+00
6r4pmhj32jg27uoyl6f2kxk0zc3851vt	eyJjYXJ0Ijp7fX0:1wSSYB:3RfCk4ZEb140n3v39GXeQukqC9CT_z_P4OYIGl5J8V0	2026-06-11 04:40:55.081546+00
wxi1pb9ccddk5xrtgmx0ud3lmk11zcoy	eyJjYXJ0Ijp7fX0:1wSSgq:Q90yF2AMe0IFAMSLYrl742csAQkczRrVw0N25csoZtE	2026-06-11 04:49:52.70915+00
farmjm24vbv6cg998vd3c54bfgalihyk	eyJjYXJ0Ijp7fX0:1wSSrn:ZHG09p-yl6eEe9v58KoPfIxoPEpo-TuxoHQR5h8ZFfs	2026-06-11 05:01:11.888826+00
dwbo9kfbb2bldtwnyy9b2pamyz2xexpg	eyJjYXJ0Ijp7fX0:1wSSzB:6C7EwuuNzTgiw8S0NnNOr5Al6V4uPrteJgun9gA0QkE	2026-06-11 05:08:49.644993+00
ceo4ftq2iswjkt6s80sag8ajd7si8gca	eyJjYXJ0Ijp7fX0:1wST6E:YQTn8XxPyqQZazfIlrvJiK80rDLHmaBaj2jb7HcA_YE	2026-06-11 05:16:06.80697+00
ww53hu1h7q2ydna83wyl1mlnl1l3nkhl	eyJjYXJ0Ijp7fX0:1wSTA9:RLabgKD3WJc5MNNcOGq9uFA2cqjZuLpUNpWR-j9peGE	2026-06-11 05:20:09.678662+00
1hc4c74j60j863dxcxeymp4m8yzc6vyq	eyJjYXJ0Ijp7fX0:1wSTLC:9SRqV3abnnb8BKcKf2T7gmdDMf67ESGZxr61SMoz_hc	2026-06-11 05:31:34.519123+00
t8r2o7fu1t60yoe74xsd8yh8ft7nh33x	eyJjYXJ0Ijp7fX0:1wSTTf:4mMEkQBVPb8wob_FyetQD42dR8oVMrC2gxkSRQ3qZEY	2026-06-11 05:40:19.212364+00
stry0mexxcqoqoonri3mvllq38tihrk1	eyJjYXJ0Ijp7fX0:1wSTeC:SFFVIrVk0Ku1xbeiR0uXV0FjPywQgZ7M10P3uKl9kUw	2026-06-11 05:51:12.920531+00
h6s6xl20cm940ngpc8u6oak0tx7ntkjz	eyJjYXJ0Ijp7fX0:1wSTnu:c9Tn5x87gSk1qffuSF4kwasjwljS47w3kusQqBGj93I	2026-06-11 06:01:14.272028+00
ks9dcwa40com4bg5y4ieyrlaotsa6jat	eyJjYXJ0Ijp7fX0:1wSTpH:r9W2iMN179m7skmVMq0esMUUdIaOgmOSsAhoD5_j_zo	2026-06-11 06:02:39.96213+00
2llknoi3729k612abgkwf878g9vip2p3	eyJjYXJ0Ijp7fX0:1wSTrK:y5Et-xygOtxecvYNVIfISUSoNNaBdw1Arq5dZbfgXMs	2026-06-11 06:04:46.222014+00
7g7wg35i5ehiq9oa12sefcj9757c3vvt	eyJjYXJ0Ijp7fX0:1wSTrK:y5Et-xygOtxecvYNVIfISUSoNNaBdw1Arq5dZbfgXMs	2026-06-11 06:04:46.472619+00
jl4hvrpx9qq53cre8vhwbprxf3n32twq	eyJjYXJ0Ijp7fX0:1wSTrK:y5Et-xygOtxecvYNVIfISUSoNNaBdw1Arq5dZbfgXMs	2026-06-11 06:04:46.473365+00
9u557pl7to242awhkv4j42zk6lnn3wd9	eyJjYXJ0Ijp7fX0:1wSTrK:y5Et-xygOtxecvYNVIfISUSoNNaBdw1Arq5dZbfgXMs	2026-06-11 06:04:46.54027+00
ezvek1wz7fyhb3lpezh6zpxsmifzutlc	eyJjYXJ0Ijp7fX0:1wSTrK:y5Et-xygOtxecvYNVIfISUSoNNaBdw1Arq5dZbfgXMs	2026-06-11 06:04:46.560344+00
4jcexdphfgt4zts3ao6hqvbh6w4w8kfi	eyJjYXJ0Ijp7fX0:1wSTwI:OzbnjrMX-agRz8W0fbGA9jOqwgHi9nUa32gnOjbpCiI	2026-06-11 06:09:54.675064+00
769raubno0ipgh0ynr35ilhvlp4h98uv	eyJjYXJ0Ijp7fX0:1wSU5x:UPbnQod8-fW54sTlJox-Y9IcopW43omBXAcOsM9hojA	2026-06-11 06:19:53.067577+00
21t6xp1jrtoltk5ip03k7t4ks6gvkw53	eyJjYXJ0Ijp7fX0:1wSUGt:3IbXw7p_L9Bwlplw837FfxHUvfJvX55JiwU-MuDThKs	2026-06-11 06:31:11.226172+00
fbm621ts5u64kjml9f2yi0zektcxujan	eyJjYXJ0Ijp7fX0:1wSUQf:hxlTMm0Q0hlyfK0ZI8H6vToycfHeBTZ62pA2knNjXuM	2026-06-11 06:41:17.422162+00
5h6edx1ktn3q8ff6cmijbg60yt7guf6m	eyJjYXJ0Ijp7fX0:1wSURn:YfKnzmsJVcDqp6FyWvhBNM_4XP7zTUdB10SUety8ZDI	2026-06-11 06:42:27.23183+00
d157ocarwnhhj07ejrp5qca7a7467xbz	eyJjYXJ0Ijp7fX0:1wSUUB:c74qnyxCwoGNY5WJI30Qg5T8Bs4FsTVCnbW3i62aCxg	2026-06-11 06:44:55.105374+00
zg08q4ycm70ljpotxfo386fmfze3gyb6	eyJjYXJ0Ijp7fX0:1wSUWx:15dLH2cSHHYjbsWmOEMXihOEDzO9jeyimk6LkDyrfDU	2026-06-11 06:47:47.995358+00
thk5nhig7145da4wz6ni9ojblrw97qha	eyJjYXJ0Ijp7fX0:1wSWAH:t2DbCgU1aUTcnHyxty1ufvbazGwhLVcHx-msYO7OvRU	2026-06-11 08:32:29.893127+00
v5xmkc4dxwvnkbefophnsxmlx5k16txn	eyJjYXJ0Ijp7fX0:1wSWLe:Xt86DXLttDGUGbTOp-TIDRUZ9LkrWrK-pL5XeMLrpEM	2026-06-11 08:44:14.178934+00
p5id5rs9nsef1k37wei1fprb6ygflcfp	eyJjYXJ0Ijp7fX0:1wSWXM:57JP-gLntcGjmZQtLIRtWYWAAa_iA41QDoby7buKSMk	2026-06-11 08:56:20.078483+00
yhkzq37zsx2ifpzcuo7r467csrznexbj	eyJjYXJ0Ijp7fX0:1wSWYY:4yUatsHSInNI0O4PEKvA32OpGqfXpehChHjTb53l_pA	2026-06-11 08:57:34.880654+00
s636090lz6ly1rm5e9dd7scfso3rn1ai	.eJxVjEEOgyAQRe_CuiEOIIwuu-8ZCDBDsW00QV0Z715NXLTb_95_m_BhXYpfZ65-INELJW6_WwzpzeMJ6BXG5yTTNC51iPJU5EVn-ZiIP_fL_QuUMJfjzWSZHYEBQFLJOduh1kC5bUzUkDUqazpLMSkySjO2nFUGm9EgNB0e0RTqIvpt378NEDp3:1wSWaF:UGovQwL5Oq5_OiU1QILj136-Rl8SKIakZbu7flQEIhA	2026-06-11 08:59:19.48161+00
bz0i8mn2cqdw7xe29t9qm72zko9ue84c	eyJjYXJ0Ijp7fX0:1wSWgr:vUwlc5bHMMSGX5BpFQOorNqm71_bLuuB39veVvKVgdM	2026-06-11 09:06:09.364217+00
pw12aaktwco5ezi7o2pqenzfu8s5j1sx	eyJjYXJ0Ijp7fX0:1wSWnp:Xw0JaSF40x7a8Uda7HLLMcVCrcgjlfvHY_HX6yBsc_0	2026-06-11 09:13:21.646065+00
q37n0ag2re3lbh6ipqtqwqjztyj2pmyl	eyJjYXJ0Ijp7fX0:1wSWqP:rXd5-HsJh-9QId6RMA11j4IALuG9CMVi2ortq2TVQ5o	2026-06-11 09:16:01.788126+00
t4r59fu1okqbhe2j87sl2uec0795bykb	eyJjYXJ0Ijp7fX0:1wTWPQ:P12r98f6mcKI_VtOlEq44AMR7nuVmLdzSi9Wr0G7W8A	2026-06-14 03:00:16.717279+00
d7859i9pvvg82fay4zen8rp46y2lom66	eyJjYXJ0Ijp7fX0:1wTX5I:vWZmOZrIKr5epV2yvZZ4l2pt_6mDxNGQgejKViHBex0	2026-06-14 03:43:32.007075+00
zxtohmbqbk61xl9vosdhenpnqwl8uvmx	eyJjYXJ0Ijp7fX0:1wTXi3:EwbIJERwXnRwNnxJwXH6c2hhx8lqnrBW85zV0GoopPk	2026-06-14 04:23:35.259352+00
gtqcesyt7ie6zxq3jxevtcn693d5qqds	eyJjYXJ0Ijp7fX0:1wTXzK:PLro6SLVGIPCU06q70rA2B9m9soD6AafVQ647AHgNRU	2026-06-14 04:41:26.721173+00
6akvnj0y0j9huvoaoc5xhr9g7qu7f4em	eyJjYXJ0Ijp7fX0:1wSWyY:GPdVu1fYWmoMiMdZIVSvpkWBZztBLhWVedCssBPPn5Q	2026-06-11 09:24:26.772534+00
rv69rbjwkqgwiyk2i4ftlt3y7d7lul5d	eyJjYXJ0Ijp7fX0:1wSX03:CFrd7MfQQmZNYh40XJzSeG8DUh9BlZDrQRGxpH5wp-U	2026-06-11 09:25:59.531003+00
t6miibjfgf1nonzhr924hz40qjjf2rbi	eyJjYXJ0Ijp7fX0:1wSX9a:Tpi08Y__ihNMonIubWknI8DfYlagiaEQWGXmiSQ83cE	2026-06-11 09:35:50.01201+00
3zu41phz9w980r03s31fosjgkdfy1xjj	eyJjYXJ0Ijp7fX0:1wSXIa:e5WwjJfga4vK1mUCF0jL-MAtsI1ODs49H8HsPWJa1WM	2026-06-11 09:45:08.656794+00
hui3bzwqfpd7f8zxbuzokg48qw36db7v	eyJjYXJ0Ijp7fX0:1wSXTP:D1i5eNawI1jjBES71gqyR0jrdKGeduNZxDxSWmiCZfI	2026-06-11 09:56:19.800013+00
okq55x6vvx5sfe80t09kpon93fggis5t	eyJjYXJ0Ijp7fX0:1wSuB7:d0rucLwTJ4LlAft_Py9FP0Y09dnVUGIfrONdhtKY83o	2026-06-12 10:10:57.267089+00
q1c7owa2eqyig681qp0tdg64mb4jp0ik	eyJjYXJ0Ijp7fX0:1wSXd7:yBq4AJNHixfFTUDx6vEyk02siWtzif8MZbrqx8FCcis	2026-06-11 10:06:21.849034+00
pu0zdcy839ea2gw3eekzzdgsq6u4hvcv	eyJjYXJ0Ijp7fX0:1wSXkh:KdVvcWe3c3kTfjYeMpfQ-NesmQdo2eDQ2-1dK7CmhAc	2026-06-11 10:14:11.414937+00
1m5s2gyoa2k1uftw7vn1dgo7jauhskkn	eyJjYXJ0Ijp7fX0:1wSXmT:R1oWDpC_7TZaYu4xPRtyL5Rofb_p3C9wfF6x91YIDc0	2026-06-11 10:16:01.635342+00
exktpgrt7n9fnc2pbtf48zyfa74uw6tf	eyJjYXJ0Ijp7fX0:1wSXwO:l35y8_ZWsPlu0nmAmYXDYgCIAhp1PgG14OcHrv88yB0	2026-06-11 10:26:16.071062+00
0j3j0iojv6gk8b1q1g5mtyxdcbb0ormy	eyJjYXJ0Ijp7fX0:1wSY6G:oKihK70pFsh-i_IPhOazNOLJHASS_2_zarReHy1GljQ	2026-06-11 10:36:28.899515+00
z4jpbwo9509ip2eas46d4g8mx9m79skv	eyJjYXJ0Ijp7fX0:1wSYEu:DrWs32SWEB2rUc9HaPrGQAv_EPrrHyzPnTynrkOcIDk	2026-06-11 10:45:24.806307+00
yvhdu563dpf1d53rtgpfwtkjdbsbx1os	eyJjYXJ0Ijp7fX0:1wSYLu:0LwfuAJwO8oxSdqUWFpQdrnzGR0CMPt1_b_IxTXf6-Q	2026-06-11 10:52:38.849547+00
eqq9sckww9r8fvqbogzy46uc9k3gfnpn	eyJjYXJ0Ijp7fX0:1wSYLw:YaaDaZAaS3VN-3xmTLufSEhvUC1izo-I1qLUGkqjyfM	2026-06-11 10:52:40.887918+00
aci5ofmhegmu66r9wor042ni8lxj4odc	eyJjYXJ0Ijp7fX0:1wSYP6:AlwvIktztu1KHmfAEfOMgx-ncBVohUSJ3ydk7i92CrM	2026-06-11 10:55:56.610758+00
ka5ldvehwj8u8e5alnem2ptyuj4dqizm	eyJjYXJ0Ijp7fX0:1wSYY5:1l0RamVWDBkcvRr20fuU83CLjldlkrN2GrBCJNnhZCk	2026-06-11 11:05:13.690475+00
xcqw80g0l5vhpffd81gmcpr6i5wlom7c	eyJjYXJ0Ijp7fX0:1wSYfc:5woGlYEFHXrt4F8Iv0daxrmMqwNPQiaM9rEFga1Q8iM	2026-06-11 11:13:00.557551+00
lky0ua49w49h5pwhd81a0k0xuhhsp551	eyJjYXJ0Ijp7fX0:1wSYhd:3FQNXCZRrabH8LmATOi3msDuGLX5oHvbl5B5LsKRyEw	2026-06-11 11:15:05.09596+00
92bto19cs7m91qgvfmmu5lxzzvjtlqbj	eyJjYXJ0Ijp7fX0:1wSYsE:r5QojlN7nE7o3TmpRn7Qr1S9MmZ2eE5JGhZT7I90Mw8	2026-06-11 11:26:02.90517+00
d3kdr3tsltslvjinnph7wyog382thdlb	eyJjYXJ0Ijp7fX0:1wSZ1B:cVArikAa6JkBDSsIeS_1L1sv_RxJr7obNCDzEZAPJ-8	2026-06-11 11:35:17.349697+00
zpndrfnxcoul3jerzm9d3ightf3bpklk	eyJjYXJ0Ijp7fX0:1wSZ9p:TTWRwIk6iREof4FNjkxir8ZdQb49yzn5yPbwU1c53YA	2026-06-11 11:44:13.039523+00
8ocnw6915a6tw1bor99clrw142cpotyj	eyJjYXJ0Ijp7fX0:1wSZ9p:TTWRwIk6iREof4FNjkxir8ZdQb49yzn5yPbwU1c53YA	2026-06-11 11:44:13.186836+00
j2zlihwl2s4b0dkz35emru7cao83zwer	eyJjYXJ0Ijp7fX0:1wSZBx:YLr8l5nrI29NXhLzmpbGPmhBc1kX7z3rHHygKg-0XnM	2026-06-11 11:46:25.969642+00
yegtsywopndyxz4ctxg9ewoalus9o5s8	eyJjYXJ0Ijp7fX0:1wSZKI:LNyqgpmkXTjKycJMb5mFcMkJRly_iR3fdI5t8TGSq94	2026-06-11 11:55:02.346608+00
185afu41252n3vcu13es7moe78rmuqo4	eyJjYXJ0Ijp7fX0:1wSZVS:w3QkvHWFFn5AzBS29Hmbnrlb9jxhiHt4iick1p5s1Fw	2026-06-11 12:06:34.393687+00
1n2f4rb154e93d2y7t35lferg2atexoh	eyJjYXJ0Ijp7fX0:1wSZf5:TbbuZDJeI8F8iuYhNdoOUUDNud3XiZ35nO1msjZqRcA	2026-06-11 12:16:31.014306+00
6qeldydn5w8mviqyggyvpvueftuam2av	eyJjYXJ0Ijp7fX0:1wSZnN:aQWDHp1cdX9ONEgiTPbbLwxnJZtG9Xb7KAbMZGZJevA	2026-06-11 12:25:05.89616+00
ak0y6vapuvn3epc492v0w6od7ayvm60o	eyJjYXJ0Ijp7fX0:1wSZuZ:DAqAh-W2VEJp8hSHz0-dxmS6eJzbJsM8NDPKv644A6M	2026-06-11 12:32:31.485223+00
c5cv55uevg8r8tufee621vhp87bvygzv	eyJjYXJ0Ijp7fX0:1wSaTI:k2wmtTzJHrUC9xey1zmzfgfyhQePhALiZRnYXYa8Do4	2026-06-11 13:08:24.143652+00
n9m881l8519uashfb0q45q1wljpej4nu	eyJjYXJ0Ijp7fX0:1wSafa:PF3wMM8lZFMXBq-Z63c4R0rkm5fuXrPRWNW9l7-upmQ	2026-06-11 13:21:06.062257+00
qag5smnqy4281dg3nov5hrf8q8g22nv9	eyJjYXJ0Ijp7fX0:1wSaqU:r3dKpJm6w4XVgIei2b62QXFKmy6mqEbJAjObpq-kpLo	2026-06-11 13:32:22.777112+00
f72cnbok1tqai9pe85otcbckklgpiswj	eyJjYXJ0Ijp7fX0:1wSb3e:pWSCKyZ9kY49xAsskGngs7_tVjB43n7zRCctIxPrLu0	2026-06-11 13:45:58.631894+00
4weukvcxw3eh55rqw22adaxbjlp06g1y	eyJjYXJ0Ijp7fX0:1wSbVQ:dyE8LXbf4IcAGijJ67jrmDgkGkM-VTbGebcHkDe70zw	2026-06-11 14:14:40.808559+00
7gbf7izmgwsjhp36cgro6o93xfae1gzv	eyJjYXJ0Ijp7fX0:1wSd0y:Hp34muKPqYk0GO34rzPAjMSNFdrUpWP49eGhAiIxGjI	2026-06-11 15:51:20.4491+00
fda36ma4zdhx8ke54952324mbm80xz5v	eyJjYXJ0Ijp7fX0:1wSeVQ:IOfYWeD9B_dT3rab7rDoQy8xr_HDlZNYHpebwey1X7E	2026-06-11 17:26:52.508229+00
8pjxy8tmzznt4zdiogkcwtwm9pvdm5ib	eyJjYXJ0Ijp7fX0:1wSewk:GSD1n5mGb8NeoLEEAphd28dSkuK_wht70Ce1lNAiG_U	2026-06-11 17:55:06.296431+00
h41n15nr3oo8km8u4w49g0z1296wzxx8	eyJjYXJ0Ijp7fX0:1wSf0N:IN3ZxdwpLQ7_RFVMXVpwQkYxEt1rpI_sCC5ROP2wO3Y	2026-06-11 17:58:51.810009+00
ff1an8zti1m7r6vmjzaq4at5wge8ym3d	eyJjYXJ0Ijp7fX0:1wSfxj:NIfWAo-QWmEG-jUyrWWH0kBWSKRhbZuDcWy4AHKRTI4	2026-06-11 19:00:11.939804+00
rxqhjbqd9cwp901cyxcnumpu953n2rq8	eyJjYXJ0Ijp7fX0:1wSgAv:hE_hsMOa0-tDzsqS7FyONtHcGVo_e4FtV3VEiwigDcI	2026-06-11 19:13:49.026487+00
jqw3it9qdakxsdftdck5lz0mhknhrmgn	eyJjYXJ0Ijp7fX0:1wSgGU:6Njg0OHqlm-79FQ_CXi-CLmgCWwEztIwC8Bu7tAMhb4	2026-06-11 19:19:34.186916+00
y0bhlgf2x9vw5f3y2luhkb2917ueldft	eyJjYXJ0Ijp7fX0:1wSgLm:ReNj_WAh8toFTv_314GOTNmpoc9yoFcwYOsX5_Kr_TU	2026-06-11 19:25:02.381922+00
fokg3t9qp6bjoahe7d1n91nqctvz6ljz	eyJjYXJ0Ijp7fX0:1wSgTk:VYM4yJqDLMMedj-UDrGjfVfJBAYWqdzJzAWMl5oaBlg	2026-06-11 19:33:16.373296+00
riwjhjk7by7zizbxfqndely5uv747wxt	eyJjYXJ0Ijp7fX0:1wSgVG:a2q2GkN0HDKbABVR7pkZ5Oh58Xg7esFRnQR9wq-JF5w	2026-06-11 19:34:50.583874+00
0ork034ct31z45nr4w1o88g4lh0rmwdt	eyJjYXJ0Ijp7fX0:1wSgcL:Sz4V4oVNzQBsOdDBwJjfCivbCnICE8ciomIDseH8drI	2026-06-11 19:42:09.828531+00
r8at31gidm2dycvixwo2linij8qhzxt5	eyJjYXJ0Ijp7fX0:1wSgoV:fQftnWas5QeEkVI3uMVJh5jD4ByQXneMAsUpo0UwDGE	2026-06-11 19:54:43.500456+00
70l0ykeb0ua9j4fngiz8im4k23dby5xc	eyJjYXJ0Ijp7fX0:1wSgzG:tiLHdaQgYohMOkcN_9RkSSfpKYAh4lr2G9VrPWdE6gc	2026-06-11 20:05:50.045505+00
lgnf9fhrqp7vfnx61vgpm6xpa3f2ayr2	eyJjYXJ0Ijp7fX0:1wSh34:7oPouzDdeLZkmImPoms2NdJpkgaK2eOY_ARkPTLZOXg	2026-06-11 20:09:46.691166+00
xerygafz1ika5tiu8x6p6f8li13yd9kk	eyJjYXJ0Ijp7fX0:1wSh7H:726_fXaCbL7m3FLP9TzYWseOccTAiguah_nY62BZWE8	2026-06-11 20:14:07.188171+00
183d52v4rxjra1wzb55z38zr4h20jbcu	eyJjYXJ0Ijp7fX0:1wShGa:X6O8Il7Gtlk0kSslW1_6CoqfsdXAn387VxTExArjES8	2026-06-11 20:23:44.915109+00
xa3csabvm4ca3dpuaz4lgoe5t4920tbz	eyJjYXJ0Ijp7fX0:1wShRk:GMVlV0PgpU0QMMnGO86ZIXbzTDcIaGjeOf9gyqJEnjc	2026-06-11 20:35:16.496598+00
qwnf5lohn5r0se5wz70z5vuokm43faaz	eyJjYXJ0Ijp7fX0:1wShZI:g2hIhlGMJQEyXmFQGMX1r9836yY-H8vVbETlDQekthc	2026-06-11 20:43:04.71727+00
qj04rjrph5lzs53ccf61b2fthxtfqure	eyJjYXJ0Ijp7fX0:1wShbq:FBQi7laeDMc4H29b-KiZUBDJx9nzal80W2Bt50GeTf8	2026-06-11 20:45:42.375906+00
0jn1x7g6bixcv30vt1qjewmuecpsc24i	eyJjYXJ0Ijp7fX0:1wShcJ:i8uahblAfdjayk3PqsUeTwGF3AfZAVHWuAUeRPMf_4U	2026-06-11 20:46:11.296116+00
hlins8d8n9w069pevs8v49hw1gg8xm2q	eyJjYXJ0Ijp7fX0:1wShkS:Bvtyc4qjG-KGNhDTEOK6dci7FC7IZNCUtnknVOUu3U8	2026-06-11 20:54:36.331978+00
xkbd1dofjsd4uoiazdpqhnf587yfbh3f	eyJjYXJ0Ijp7fX0:1wShrA:0wuqbp_YWWjphNDISwvrARDLOc0XA_74w5nHjeoasTE	2026-06-11 21:01:32.26585+00
cdx6pq5d9kskfp4d9gum5r371goob9iz	eyJjYXJ0Ijp7fX0:1wSi2p:3gOEEmYx4Ww3HWMhph_9jWznrr2jqNk8B9-KgYuKQM8	2026-06-11 21:13:35.233532+00
5z1z66g1bznvt54s1vcnzk1ayyajzueu	eyJjYXJ0Ijp7fX0:1wSiBl:xeXsvefWUyfM5pq0LoabDY5znxfVHGBz1IyWm0QzE9A	2026-06-11 21:22:49.797711+00
b3nxhtb71g39qry1shx7u61sovg4k517	eyJjYXJ0Ijp7fX0:1wSiMa:oMjFLJmdR3Owv75ePO5AcAC3jK_7mOAKgCtspJx9RXo	2026-06-11 21:34:00.097096+00
84asxylig108ht31wpr4t97tzldsb79i	eyJjYXJ0Ijp7fX0:1wSiWK:xsICFwT-c231wmkgh8JCP5ByQ6QJuIESLwCdpMDKQRQ	2026-06-11 21:44:04.898974+00
vedr0t3y3vycnjhowutcw4pddynw9j5s	eyJjYXJ0Ijp7fX0:1wSiWW:YIQZuRqY9iD0ifyjM8WEwjQQahPszyZ_ZI0PwTA-pGo	2026-06-11 21:44:16.969415+00
uafe1yf3u5vkll3u2c5o369n7xqvu6i8	eyJjYXJ0Ijp7fX0:1wSiXd:eHCFFeAV-rFPJkD7B0XGUUSsJqb0jjMTcH1HpzdVzd0	2026-06-11 21:45:25.755347+00
he0x7911yyl39i4ck2yh4usrm2o8h7n1	eyJjYXJ0Ijp7fX0:1wSiXk:W6VoMFug70G_OljXkAUEiM7cbdr4Wl1nCItGFNu1Klc	2026-06-11 21:45:32.754716+00
sgu92o2bdiv9hxsf18whceu0mndm8kns	eyJjYXJ0Ijp7fX0:1wSigw:ZPBo8-NVBQGxawuf5Rnopofj2Y8GaEBaa-aZzGaEly8	2026-06-11 21:55:02.227024+00
rb3vhzthb1l2xfdtmtoq9j03gfie69ia	eyJjYXJ0Ijp7fX0:1wSiqm:EZiiLhTMdigtZRDqcHO4iBMNOY7pRlYj5EoGHQdvTOI	2026-06-11 22:05:12.403977+00
v6v3xgualbfge1v0vvt2wrnraxnl9qij	eyJjYXJ0Ijp7fX0:1wSj0K:wc1VJkzrLKy5gleG3Tp6-OSHaueWMNWbrTQeF9NhHJg	2026-06-11 22:15:04.505145+00
p0hjhl895wzxaor0zx65av4fulxj3fld	eyJjYXJ0Ijp7fX0:1wSj2E:TfqHGsIGxbmYVDUnf_eBQ4vVVpeRz8WUh36gwPoFEgU	2026-06-11 22:17:02.204042+00
orac8donmfdxayelcm9cmniaik766829	eyJjYXJ0Ijp7fX0:1wTaLt:PtNXx9ANe9fZH7jF4FFfDtmIy0M8I6JZg2Wn61-Zkns	2026-06-14 07:12:53.781049+00
7f8sozapz5anw8dzpxfcot6pne0fejv7	eyJjYXJ0Ijp7fX0:1wTaUA:36ftph86hUaW4uvQLBkqKSstis52ZfbyK92jDF7Mjjg	2026-06-14 07:21:26.583453+00
k6bjnp0x6so2oyuttlt9bwc3bcdu4ei2	eyJjYXJ0Ijp7fX0:1wTWWa:vxvZPadD6PfjcV3r4GFpgXotwJS0JOBmvE2aZFMDe9A	2026-06-14 03:07:40.416453+00
rczu4ywrszccost882juz01incno54ce	eyJjYXJ0Ijp7fX0:1wTX7w:gscdylhsCnQrVQ3qAyfQbbSEnzK5Jst1LPhR-Nj73QM	2026-06-14 03:46:16.292791+00
ymhzntg2hokvylggemnfkc7g4perhd7y	eyJjYXJ0Ijp7fX0:1wSjEx:9-lOOlw6zrW6YaaiGRvb2NnAogSD5GYBnnmqBUGHhps	2026-06-11 22:30:11.765438+00
v2ugnfbt96wd5ass98tpk9xwade4qj73	eyJjYXJ0Ijp7fX0:1wSkGk:IXen2W2rzBsAtNqm3ysBcJ79oIw3UFBIzuw9i_eRd60	2026-06-11 23:36:06.541892+00
pgyp5thw2tp7x0o5ookynmnxe8yslo00	eyJjYXJ0Ijp7fX0:1wSkLs:2sP0fHxXwyhJRX2zEpT6InqYqnIasT9SQSqBHLiKc-w	2026-06-11 23:41:24.859085+00
m0cttjrkfuubzdm4qocuw7k6u4n3ys47	eyJjYXJ0Ijp7fX0:1wSkWn:NPIK8fzA0rj_cIxw8dfTq5EYMR4ISciWZsFBtXn_FBg	2026-06-11 23:52:41.508909+00
3ga4uygbex2s92j1ih6xka8ii2pc24v3	eyJjYXJ0Ijp7fX0:1wSlLQ:uaS-oj0cngDOK4AvXpkse4cMdKPpBvhQuAeMIWyRpz4	2026-06-12 00:45:00.897982+00
9cy9nospl3vqvw7vjcf1o2diomgqmsd0	eyJjYXJ0Ijp7fX0:1wSlLZ:ppXWVzpvbUqdFGnY8VPdgF1GE_gYYycaoNg8ctEPlJM	2026-06-12 00:45:09.655668+00
ecky2sivy0ppuwe1f6vkn8m4fche2hde	eyJjYXJ0Ijp7fX0:1wSlLc:lTHeOzmvyonL92MZYOGb8EkKGl008EiMwqn2K_PizXU	2026-06-12 00:45:12.966597+00
secno332lzidw5h1pwc2quwdk122t8gt	eyJjYXJ0Ijp7fX0:1wSlLg:csdc2UkkIKtNC6u6e6DjAufQYKcKfPihP854cOsepS0	2026-06-12 00:45:16.117544+00
b7fqnblkx0zjzrv1279zjy1pck34ypb8	eyJjYXJ0Ijp7fX0:1wSlLj:0voiofcYrDY__yj5gZwgpY5Eh2YWsLp9psQEfkJkseM	2026-06-12 00:45:19.028805+00
8n030npby5uyiwtkeryp7wfxgihxeamw	eyJjYXJ0Ijp7fX0:1wSlLo:s_sIp78grPef8-dKl6Y94jecChraxy2v1pZWQUMVPaE	2026-06-12 00:45:24.459153+00
kb4vbyf5wybnhgx52vpfugtae19mr45h	eyJjYXJ0Ijp7fX0:1wSlco:OOmg0GEUpv5m6xYVaQeVVc6CFLam52OS68CtiS7jEqg	2026-06-12 01:02:58.452722+00
opjm2st2nbgx9sexxbwrt3njzhvgzupw	eyJjYXJ0Ijp7fX0:1wSlre:7qib32tpCVcyvyaiKchyip-jVcepagg8L2v12e3Qk58	2026-06-12 01:18:18.211222+00
70d4e9mm76kftagq31p0uog53m40o9bz	eyJjYXJ0Ijp7fX0:1wSm0E:ZXuTkGpOONZ5Fp86HFS2NYlP6xKcBFQl32udUuMXzpU	2026-06-12 01:27:10.393711+00
h4rwqg89jtpf5kdn8g1ucrema335u78w	eyJjYXJ0Ijp7fX0:1wSm9r:0DYv0YXjY66gZ-9o6wDg-D_DMUHzeL6eCFG2xMXrIjI	2026-06-12 01:37:07.02568+00
p5erg7uy7eas52uhpg1qs6j04qrfh1ro	eyJjYXJ0Ijp7fX0:1wSmHl:njj4qeiTCb2Bb7hglE5nO9y7hZXHyFC9iR3LRXpRaqc	2026-06-12 01:45:17.780951+00
ezsy4u5nhh0ynp8y4yj9o5iwaaeeivxw	eyJjYXJ0Ijp7fX0:1wSmSv:nVYRe57hs70MTK7rx1p9IAbwVpe73ZXwczzlAEhBAck	2026-06-12 01:56:49.555775+00
dqh6mdkhbrip26w1zo7vda86bg9pr8ts	eyJjYXJ0Ijp7fX0:1wSmcK:SUa_M7j7n_nTZKEvz1-LAgSa4TF_Qn588C3RZKhTMO0	2026-06-12 02:06:32.250905+00
9ehjjnz9b10bno9df0fcff5p0j4cj5zk	eyJjYXJ0Ijp7fX0:1wSmlJ:zH8g_dZN4RGuuCNW-w9EydPg-E9rXwH1uUIlkYpSSR8	2026-06-12 02:15:49.996172+00
uij1399z6h6k2gdnohup93elowrw67pf	eyJjYXJ0Ijp7fX0:1wSmw8:ZelnXMUeBv-UGXIJTcbMWcDAC092TYee0WmNQhwJshQ	2026-06-12 02:27:00.583577+00
zzp8mtn2km5h655otvi7d576zcz4ul80	eyJjYXJ0Ijp7fX0:1wSn5W:1Ke-NXZslPUfAaAatb3djj17oy4WQrg6Cq7FHMXchFo	2026-06-12 02:36:42.708977+00
e2zbeqie2i2tsfai26aucpwpshp9zhqz	eyJjYXJ0Ijp7fX0:1wSnAj:ZmEDr70p7tGvlKzqG3eCdJP7R10-vJywl0-dsu1bHdI	2026-06-12 02:42:05.607066+00
yi33malwnuy8cmvvdellp1ucaf3e65tf	eyJjYXJ0Ijp7fX0:1wSnAj:ZmEDr70p7tGvlKzqG3eCdJP7R10-vJywl0-dsu1bHdI	2026-06-12 02:42:05.774311+00
o3w2vabu9q3645c9fgtkkfpkta9lbrdp	eyJjYXJ0Ijp7fX0:1wSnAj:ZmEDr70p7tGvlKzqG3eCdJP7R10-vJywl0-dsu1bHdI	2026-06-12 02:42:05.784196+00
4nlhbjgiecdejz0hkgtd2oap1yoqxc8u	eyJjYXJ0Ijp7fX0:1wSnAj:ZmEDr70p7tGvlKzqG3eCdJP7R10-vJywl0-dsu1bHdI	2026-06-12 02:42:05.866261+00
ort994xckuu1v9n4fbtpgbdpih8h1ipm	eyJjYXJ0Ijp7fX0:1wSnFd:fm_NVHUaHwSBr5MNspE3TK1nUiQXsJxvEmlIPeiYnIA	2026-06-12 02:47:09.506686+00
5e8zrx3yllultck38glz9c1aoc8s0ec3	eyJjYXJ0Ijp7fX0:1wSnFd:fm_NVHUaHwSBr5MNspE3TK1nUiQXsJxvEmlIPeiYnIA	2026-06-12 02:47:09.713249+00
vlv351df9ntafzzgomreglxe9yl1s2bf	eyJjYXJ0Ijp7fX0:1wSnFd:fm_NVHUaHwSBr5MNspE3TK1nUiQXsJxvEmlIPeiYnIA	2026-06-12 02:47:09.794589+00
il6ppu8tybjp8dszfwh23gjggdaxapq7	eyJjYXJ0Ijp7fX0:1wSnFd:fm_NVHUaHwSBr5MNspE3TK1nUiQXsJxvEmlIPeiYnIA	2026-06-12 02:47:09.819324+00
zwpzncvh0az6bppyr7bk970yayy0h8a1	eyJjYXJ0Ijp7fX0:1wSnFd:fm_NVHUaHwSBr5MNspE3TK1nUiQXsJxvEmlIPeiYnIA	2026-06-12 02:47:09.847987+00
1kktaz92t1w889fz4j2b4oocby6ipker	eyJjYXJ0Ijp7fX0:1wSnFf:LWmQxGwaoHkbofnpNro7GuDtbsLYM3AAqq_nKblE5rE	2026-06-12 02:47:11.35684+00
23zk6vmulbwqghuhlynjy3w9qkfkqrzv	eyJjYXJ0Ijp7fX0:1wSnFf:LWmQxGwaoHkbofnpNro7GuDtbsLYM3AAqq_nKblE5rE	2026-06-12 02:47:11.636922+00
ddn34ce2m8o4ns52os7qw7wlbq7utfpt	eyJjYXJ0Ijp7fX0:1wSnFf:LWmQxGwaoHkbofnpNro7GuDtbsLYM3AAqq_nKblE5rE	2026-06-12 02:47:11.745867+00
y91hjbjljus0mz50dlmdg8mmhw7jhp2m	eyJjYXJ0Ijp7fX0:1wSnFf:LWmQxGwaoHkbofnpNro7GuDtbsLYM3AAqq_nKblE5rE	2026-06-12 02:47:11.867071+00
8in4sf1zd7isw95wv918maw5nhhhe0u4	eyJjYXJ0Ijp7fX0:1wSnFg:3qwy5gR_knRpAnONjIn3A3nLdS_bus6sm7dbBW-VK0Q	2026-06-12 02:47:12.631233+00
19n7p5q4hpmbaopeiwv252xkhvl4lgmf	eyJjYXJ0Ijp7fX0:1wSnFy:WO7HY8UcDdALpYECF74CUHWMnahj6TV75eKHAx7jqTA	2026-06-12 02:47:30.148947+00
o2qc898c03imzoy2yv2f7bggemdpxlg2	eyJjYXJ0Ijp7fX0:1wSnFy:WO7HY8UcDdALpYECF74CUHWMnahj6TV75eKHAx7jqTA	2026-06-12 02:47:30.858038+00
3c1ugtpp6ojm3uqn1rohh6w90ywhuyog	eyJjYXJ0Ijp7fX0:1wSnHH:opXbVmS2j1uXVzRm4eIx1DU80gkZt9UeHRj0TKgbrYs	2026-06-12 02:48:51.099558+00
0tzhkydoch26jxh4we2ma6rcghx8a238	eyJjYXJ0Ijp7fX0:1wSnHT:VjEHa6M6qs1WcoyOOF_MNbLAOmRQYmzXXP8NMl77H-U	2026-06-12 02:49:03.04251+00
bv23rqsc57dvt7i0s03ehd39udtsmctr	eyJjYXJ0Ijp7fX0:1wSnIR:XUz3DhjmwVjtar9lql4W6sPlME4Vq43RnTz--1YHU1U	2026-06-12 02:50:03.452042+00
6449ota0muxfy0x7hmig5kg8p2xnr4p1	eyJjYXJ0Ijp7fX0:1wSnIU:4owinH9mCBz4IoB8U7u95uHHOrUaPk0hw50A5U-Eh9c	2026-06-12 02:50:06.024313+00
cs91n2ekd0rc5n1y6xifzfdh8mp46vi3	eyJjYXJ0Ijp7fX0:1wSnIf:AtWpGfv5Xg4vYWxQXj_O5CJvdM9AmFBj1ShyJC1SQ28	2026-06-12 02:50:17.087848+00
lqd45f987lilnxorxotrsn1v86jrqzvt	eyJjYXJ0Ijp7fX0:1wSnLX:tjHs7WqDZ0vKXGs9O_3KGupV825Wt5IO0ZbiCtTN8sQ	2026-06-12 02:53:15.942568+00
b1woj0xllz2f4lhia63489uwsv31yq0u	eyJjYXJ0Ijp7fX0:1wSnNO:TOHYsTDmzIzQ0gi7YLn9UXe4wxKY3L_ZlQ_qSpfRfF8	2026-06-12 02:55:10.274682+00
kooq77z6myg1ftahfnpdy9hq4ezfpvtp	eyJjYXJ0Ijp7fX0:1wSnWP:vNzAG8C8lLR5tAGNCLHbWHMDtCn2hHSciAN6ckQG3-I	2026-06-12 03:04:29.521255+00
ee828ckcvzauu6nvksb17hcvv1q6iz8u	eyJjYXJ0Ijp7fX0:1wSncN:TesLrMNEpWgXpWotT9fIc0nEPp0gG2s3ACrKglY7Myw	2026-06-12 03:10:39.342638+00
qkn3thhx02gpv7ehtem8igp7jvn0cw4d	eyJjYXJ0Ijp7fX0:1wSnhy:vTyTbViX49QS8ZJUQBga4FLI0hhZ6hdqeFMyhG9trL4	2026-06-12 03:16:26.875849+00
fbnlpjp86mgpmxfm1ibiaiy0c4u88ctp	eyJjYXJ0Ijp7fX0:1wSnrq:q_5KO2Hh26gY77n6962YcyZdmgcLQuOFOLNbR1kRPMs	2026-06-12 03:26:38.830133+00
orrwderj9vm2kewcvfhdx715nztn3rcs	eyJjYXJ0Ijp7fX0:1wSo25:gjQNdskNKRaiFfijRFWX2Yp_WswWDTBOU4MXsnFapV4	2026-06-12 03:37:13.828936+00
7jyfdiaobvxlus7wg1uhvd7zuz6grolc	eyJjYXJ0Ijp7fX0:1wSoCV:p-O6wB4P4jfYyC97IGxdBJTg2i9hkx1LBqQxGr6SkNY	2026-06-12 03:47:59.514784+00
3uyfffhvnuvob79o4c6m5pdsdfah5nvf	eyJjYXJ0Ijp7fX0:1wSoMI:3KsnDS4YaSHfr-Tlgu3mI5tdASMZcMShvpSJbBOEDvM	2026-06-12 03:58:06.348233+00
w7pzytvj0zz01xw4rifov70pq1wem821	eyJjYXJ0Ijp7fX0:1wSoju:yxCDCiQasYrUBGPhZSKexLFJVkMoHY4IvYMUsP5mxc4	2026-06-12 04:22:30.56069+00
fa3anrlot8ovtyd5xa1zo2ezx34d25hv	eyJjYXJ0Ijp7fX0:1wSpfv:3n3VnGCIF8UXyoqvFLGQYWwgy6LfoAGSyJ5jqQtuDTQ	2026-06-12 05:22:27.837894+00
wazlr8pu8473sr95yskbu774fmbehzax	eyJjYXJ0Ijp7fX0:1wSptE:2Aa-k3KHhq3b3ZM4WcPe20CVKj01dILFKzz8kaWZ0so	2026-06-12 05:36:12.367111+00
ewxou08umcy42e8mqf8falxpm43afa07	eyJjYXJ0Ijp7fX0:1wSqXy:K6f7bwia8bd16Sj2iclSKVzAert3fBjRNDblxb6PTTQ	2026-06-12 06:18:18.868112+00
aeod6gsyns23ztna9rf11xm7gva4a63x	eyJjYXJ0Ijp7fX0:1wSqkY:0JDDVERb0M7lUAwwKluhH-cOtIUDzbQ0lIMHQLyPCVk	2026-06-12 06:31:18.689796+00
wwddpswyd3mp57lj51khukqzhz0pxleh	eyJjYXJ0Ijp7fX0:1wSqui:xo2nZQV-tJgBRNXjdi3f5lzPxsSTr230bvRGEy-XT5o	2026-06-12 06:41:48.525164+00
cf7tew32w0rzxtjdh50vlak6vkpqkozv	eyJjYXJ0Ijp7fX0:1wSr4m:r9iysxvI0V1gMygipBfudt8TMekuJ19oSZufrvU0bX4	2026-06-12 06:52:12.456471+00
nmm9bi1imps68qb1lch616w9r39oj27v	eyJjYXJ0Ijp7fX0:1wSrEG:dwph0DdUFREONg8yJara8kq7Ru1TmPc9QcNwQapog8k	2026-06-12 07:02:00.404192+00
nqko84hzszwbaexz5yifyz7lp4hqmw5h	eyJjYXJ0Ijp7fX0:1wSrMo:OC8Rymtr-4zlfeeIiav4FzMR70qEJOjMPnsJdGIny8A	2026-06-12 07:10:50.916712+00
2gv58qlexregfrgvxnfrfe4vco1ax2lp	eyJjYXJ0Ijp7fX0:1wSrYd:ATVICq8mA0CeBL_qROXqSdZZQasi1obEmkjp1uw96P8	2026-06-12 07:23:03.3542+00
h903affp5jo4j0pxvy6hfja5cn5937j4	eyJjYXJ0Ijp7fX0:1wSrh6:HPBEJVQMrZ9y9rabD-7-gRbnzDTVwcgWaTWoT8MDhlY	2026-06-12 07:31:48.150552+00
1mvs2at0ev7yp38wpc0il3asjjgykzfd	eyJjYXJ0Ijp7fX0:1wSrq0:o9QYWaVRCaBOy1hhcCHu6XuTQDEJo_SMKpDLijUQWEo	2026-06-12 07:41:00.396835+00
h3425zzrdcxxg19hrfxv7ynm2wueo88v	eyJjYXJ0Ijp7fX0:1wSs0L:mGFaJ5n-Dtysxr24xbjnHLPcjvUJ7rwaH5BW_v_Fn_8	2026-06-12 07:51:41.09297+00
kbphhuvjkkk7ny5yr1y4xhpoyfmdy3c5	eyJjYXJ0Ijp7fX0:1wSsAT:IwqEn7Q_g0BpI-dAFeOJMR-a2LCN-lxVBA3S_OQmRw8	2026-06-12 08:02:09.154817+00
77xmbytvzw01gn4edb3gmw2vbjsq6b4y	eyJjYXJ0Ijp7fX0:1wSsKR:YXWGP3uLEZLpVFrC6RJpfgmhXWCypJaCKlvCQN8FBfA	2026-06-12 08:12:27.634078+00
y8td8xyur1byp1ie06655k6cip48j2i6	eyJjYXJ0Ijp7fX0:1wSsMX:BvJDVmMkF-Id5C3BinJjoRSUBIJrrMEKRWpMiD_fsbI	2026-06-12 08:14:37.723515+00
ucambkm5kakmmhh8nzntdueyv1cst943	eyJjYXJ0Ijp7fX0:1wSsSd:N-jCInHgjIFcSOqLY47Sw0h66LbSnsaUKZX-1Tl1KU4	2026-06-12 08:20:55.041368+00
fwbglmtdp0no12z643t7zqxx1v8au49i	eyJjYXJ0Ijp7fX0:1wSsdB:pu0qVQXcW-OK6NGSOscA73mGbahERlhOVKv7YsEopTs	2026-06-12 08:31:49.47389+00
qffyx7ctda7ct4fry36hedejbqg7wegg	eyJjYXJ0Ijp7fX0:1wSsmH:rwxtMjsbJ9SkDx6HaFThOdCHyq4JwjPXspkZ3gwO6U4	2026-06-12 08:41:13.494923+00
v3w0oa4vqc6ophbbisi3zklaiwjwddj9	eyJjYXJ0Ijp7fX0:1wSswC:ICGhlPAWbo7IXIcdV1WRmH9e7mBRTGjngG2WC7RRxqw	2026-06-12 08:51:28.39784+00
sihdw9opoudr5huzxqqlggajxpelhkgg	eyJjYXJ0Ijp7fX0:1wSt8z:_wFmx51XeqBozZcyPXh21A8jrRo8I5YLAUYwwUu9PYQ	2026-06-12 09:04:41.061258+00
5m022t3brrhb4jb8l2s3gnn40rciz0c2	eyJjYXJ0Ijp7fX0:1wStFM:AD8Hc5Kjyb3gGvXNQEHSj4Y4iBrA2EiugRxizV9Vow0	2026-06-12 09:11:16.976767+00
9koyddpmgw4sfeac19vlfaapc1xxnbgm	eyJjYXJ0Ijp7fX0:1wStPd:MojiJPgW7BdBFzD4ddjU67_jOtja_5ih-pilRO8QwEQ	2026-06-12 09:21:53.880597+00
l1brc3xgsgx1qss88rnz67zu93abl8py	eyJjYXJ0Ijp7fX0:1wStk4:ZWasyOGrR3vj651zLXs7orpkL_nMTRJrO5CjcC1pHj8	2026-06-12 09:43:00.31633+00
1dz2pacn2e4071cgu9xasqjjm3biiugt	eyJjYXJ0Ijp7fX0:1wSuBl:2ycRFjIhDR-3CpTC6bLNlD-oWmcFzigY-tD2WtYkINM	2026-06-12 10:11:37.112502+00
eup2mfx433h0a1vaffajdcc71r9352w6	eyJjYXJ0Ijp7fX0:1wSuiK:0GKzfeQ-o7_kI3YzzGapDdNcX8CezZc0vZWWmsliyt4	2026-06-12 10:45:16.297976+00
typ0s32isg20kdvz3ameva0oewsuyt13	eyJjYXJ0Ijp7fX0:1wSuyO:ukS94xPvhZhrCHoyuP6bmc2wHLGOY59SR2gYT7htxnM	2026-06-12 11:01:52.586168+00
awlz1z3lh1ghq8evg92rjvt0vzx034ny	eyJjYXJ0Ijp7fX0:1wSvAS:uKWZIPMQHj_Gg7Vui5kIf1d-Lk53zWl-e1I8n9gnrWw	2026-06-12 11:14:20.055754+00
xsl8l2li2rqo47yj2kr25w2hhzq6cz07	eyJjYXJ0Ijp7fX0:1wSvIe:MIgAnkkuB0TSwwOIbvj9iw2aE0wJ8H1Ra6WX_7j7FR4	2026-06-12 11:22:48.224625+00
wibucf9wm61kk6lrz96kji9a71tfdpiq	eyJjYXJ0Ijp7fX0:1wSvRu:D7SwkBmQ7K_jHQ284onHmoASBiil4xadLb04o_l06gA	2026-06-12 11:32:22.954972+00
13kv7xv09goh8wlchl7fddlk49rztct1	eyJjYXJ0Ijp7fX0:1wSvbV:4nmxwaBvMs7FPL-ocYBtA6ctqZhQOa6AQiSrUs3_kYo	2026-06-12 11:42:17.318037+00
ofqro0dg2dj1ggro6gym4ii1itco2g5d	eyJjYXJ0Ijp7fX0:1wSvl7:PFHIuPuU5QbRHeo6M89WLGGPqzEhKXGkIt7VRf0Jyvw	2026-06-12 11:52:13.234178+00
renfuskgi5w2fdiy1tz3jhne9jhep5ll	eyJjYXJ0Ijp7fX0:1wSvln:yB32E4HrgxUgJtgfgDzHWekZupNWMrhs8jralmAKzfA	2026-06-12 11:52:55.17374+00
doacr1v3764zt4kxermyvtag9hta9v50	eyJjYXJ0Ijp7fX0:1wSvvF:iNq_Sg6zXTEhbAr-pi92ml83wDOzqs3Nli96PWi_nXg	2026-06-12 12:02:41.786165+00
dnnw0kd5gwtc0e3m1hmv7b32gkdj8fuv	eyJjYXJ0Ijp7fX0:1wSw0v:TkSZFMmo9ijlWLFtDy9OheFhniMu2Zqh6W7Jb_6ZR54	2026-06-12 12:08:33.116766+00
8zm673twz6y08bg3l5l5liz7aouex555	eyJjYXJ0Ijp7fX0:1wSw3B:t7vjiVBizfD3XdaM-trJOOnB9q5VKyH0qKwdomDGXDc	2026-06-12 12:10:53.967565+00
5714jl0fkt5p924ied2su0uzc79m6p9j	eyJjYXJ0Ijp7fX0:1wSw86:pUrH5w8i9FiilJLAcRSpMW_s8tscHSwACcHAX5LcRak	2026-06-12 12:15:58.015726+00
47fihwl3bcn8nriniiuyirr6fypr4x9v	eyJjYXJ0Ijp7fX0:1wSwAQ:rZcSMKT7ng7XtHV0MhZU9Ib59cWghI4-VHSsDs9dTA4	2026-06-12 12:18:22.760903+00
kr5co9oqpz8obnlwmb1jwtzu5xpctqvr	eyJjYXJ0Ijp7fX0:1wSwJ1:mTey1xl5n8IZPW-g2herSHtAK2BDwkWFxxuGZa4B554	2026-06-12 12:27:15.79855+00
m5whkvglp8ajrrb308ftsno9t02db2rv	eyJjYXJ0Ijp7fX0:1wSwNW:3s-7oogSO3bSmznh6bEr-rlRa4i4ervzKlc_cbp2hTY	2026-06-12 12:31:54.757993+00
1kvpi8bsbisdeu2w5r13tas4zg416hla	eyJjYXJ0Ijp7fX0:1wSwV4:1bl5j7uSw3Nm_Pc5dp9c0uYiPiDaJzHtli-727f5QZM	2026-06-12 12:39:42.818538+00
1whzmqantu426cc9hzici3b9m4nctvbx	eyJjYXJ0Ijp7fX0:1wSwZ7:7RMeT082aGDJb3ikoZhLWb35nQxiRNi2d4kqWB1MGXs	2026-06-12 12:43:53.095323+00
jxejmwne2ekg9in7ogmkfl7j82mrwxt1	eyJjYXJ0Ijp7fX0:1wSwhO:o7eoyWTDnSAk5g3P_llFC2rCx0NIn7NU3tbml-h5vT4	2026-06-12 12:52:26.128278+00
47gq63qhjbgctvjnl2vl6ix963i8n22g	eyJjYXJ0Ijp7fX0:1wSwqs:PrPnZWz2kFpYPzmM0OI0nPYVxYCY1y1P4fI0srHk5I8	2026-06-12 13:02:14.668787+00
rov9o56hlhm3xdri8hljoaq6xw8x8c8d	eyJjYXJ0Ijp7fX0:1wSx2f:15zqUoAHaApH-b9_JuFzPqY7nsu5H-zP2VwynT6HdaQ	2026-06-12 13:14:25.790273+00
ws7k9ow7bg2ow287xv8wg7q93t2277pn	eyJjYXJ0Ijp7fX0:1wSxEp:S8liBs769MmbET7k-74QuvJ_8947XxoeXL7xnQDv9ZI	2026-06-12 13:26:59.842117+00
ypp9xq2g7ogwaocdjiq0wtcqi07f3zm3	eyJjYXJ0Ijp7fX0:1wSxJw:2_BBPHVJxRMbaQiYyfy1yc5Hn75z5wpnkt4ksfbQYw8	2026-06-12 13:32:16.249279+00
7aa6istq4o8pkerg9stu4ccegte36k7m	eyJjYXJ0Ijp7fX0:1wSxTX:UenhkxVdXwc58fOTulsSR12uxXNlraKhfq-mVlF1gtw	2026-06-12 13:42:11.03801+00
gzifz3aap0jrejqr33ua7vkv0rqypd4n	eyJjYXJ0Ijp7fX0:1wSxkh:xlPkjWgJdsCAtFOODvMCsBeW0dZm9OimblfOCpjnIJM	2026-06-12 13:59:55.737964+00
lcvd66o63rcuw3htzq7f41c3gor4fv3a	eyJjYXJ0Ijp7fX0:1wSxr8:IwtcBCLJb0TWQx26yutK3RWZgU7GyjELQ9wlwHoWu-o	2026-06-12 14:06:34.219499+00
vzqgxmzwbikjfk7a2a0sr1kas4galvfj	eyJjYXJ0Ijp7fX0:1wSy7o:WE7PxBElqi725gqGpDRUMr_v4h_RYk3bnk--rZUQ_3M	2026-06-12 14:23:48.585329+00
xe9n10n8vswttgsvledxaqp3ie9zgu27	eyJjYXJ0Ijp7fX0:1wSy7t:UKyUA315rzET4yw-Q3f9QsnvTzRPjisrGd-f2lx7eZM	2026-06-12 14:23:53.108809+00
qhz29xrnhotb17uv88tludvenrb3v07a	eyJjYXJ0Ijp7fX0:1wSy8M:EpLLBItQKgFmTsb5XgoPBjxVx9OtSpOxVflz6SQ-rJE	2026-06-12 14:24:22.539318+00
m615qbmclzf3vk728ou89av4t5ig7up2	eyJjYXJ0Ijp7fX0:1wSyWr:GHnJ5azVMghb5Vsq_hpKiHeybSQfQGMD0rAyIsSRLdU	2026-06-12 14:49:41.933966+00
sgi43pfqt691lz5m6prdxd9y10a1icox	eyJjYXJ0Ijp7fX0:1wSz0z:hUWnYXE7XleZC0nY111vedB2F9lliwziJ9536Lk1GS0	2026-06-12 15:20:49.322918+00
7exgeb3gjhubtv6erijso1p6iih1uka1	eyJjYXJ0Ijp7fX0:1wSzNu:GrZG4skCfwQ_meEujPSSgNjdQ7szkGlU9HUrXt1WqpI	2026-06-12 15:44:30.298464+00
bh1k34275f0ei7qr6elub2zqseege07w	eyJjYXJ0Ijp7fX0:1wT0DQ:nObRtw-g9x0gYVC6bK9T597Ih0Hl3UwfqlZW4L3ixak	2026-06-12 16:37:44.579204+00
xvuktnvgwzgdnyi43qdrg74lcu6rul95	eyJjYXJ0Ijp7fX0:1wT0uV:Jggc8xYVpKp-YMi3gjO3fBlWJUhZApRRoDALYQ2-N-Y	2026-06-12 17:22:15.914373+00
vuxt3vhtg1e0ri14x1cd4ow1yc4cfr34	eyJjYXJ0Ijp7fX0:1wT0vB:Yu9WxQc0MOPDFZpVxN5L9uR9oBCvjDQH8VpDEC0MgCI	2026-06-12 17:22:57.82384+00
0jv1qesv3lpshq9oqlr6izgjgx0cz2uq	eyJjYXJ0Ijp7fX0:1wT11j:oUPAqQ7AbyMeyW0nwhwt4BOtZlgRVcDfGRisGKhMkWk	2026-06-12 17:29:43.827008+00
rcznp8vgi1be7porfd19j7tx4iws2dpx	eyJjYXJ0Ijp7fX0:1wT1X8:uYTw2rk4BtXZoJT-7dGpk1zamkqwLgOFh4PeOKb-0xY	2026-06-12 18:02:10.845229+00
4sdn76wyhtr0er9v7usnep6dv8iqurbz	eyJjYXJ0Ijp7fX0:1wT22A:fvEGzuXZpFv9eqwvJfXTsPK5cC7CFgnm25aPkXjHfkk	2026-06-12 18:34:14.683713+00
kkh1c7aouu7m9ze7gbpskpb7qat8r6vj	eyJjYXJ0Ijp7fX0:1wT25y:kIXwYBPIQHltyiqJ6Rcl66yBf9O00F8LGNuN9qfKHTU	2026-06-12 18:38:10.691427+00
ge3r6zy9lfsbu1v8zadfpqvc3k6rk7ha	eyJjYXJ0Ijp7fX0:1wT29n:DXDXhhxL1SSAB5J5VOlp3OUWqmCyyuaG1wjrJehKGAg	2026-06-12 18:42:07.017501+00
kknhvmcna3a678nxeorfcn7s2j985jte	eyJjYXJ0Ijp7fX0:1wT2Am:3VrFwErWU7DVut2Y9aiezUnq_-5zB5-pjnOjAPRTVs4	2026-06-12 18:43:08.76118+00
ye6p8g4so7hhx5rx8cxorlm9kleosbh3	eyJjYXJ0Ijp7fX0:1wT4bj:3Tsd3E6KvVuJKs7nnxrVyUguYW5xo12nVsGplqpyMhc	2026-06-12 21:19:07.642256+00
hjp80pc3lwxc8b26gpd19libuxincwzz	eyJjYXJ0Ijp7fX0:1wT4cP:PAH1kEihI4-YOlPMEEQJL9gkPUJr1q5Ayx71NxEuz5c	2026-06-12 21:19:49.490614+00
fmjbfmp8nq7m4e9hqb1l2fyr58j5keir	eyJjYXJ0Ijp7fX0:1wT4cj:VDaUz2nfYEq69uGG6ZKPf1gHbgCVSCCJftM39bC_AVI	2026-06-12 21:20:09.019166+00
l0y23hwcgllm04xc61ji88l2nz16ma83	eyJjYXJ0Ijp7fX0:1wT5du:qmBijbKyQrJ_Ks_zzfmeFZemo88_cLwxRaicOFg7Lvo	2026-06-12 22:25:26.014433+00
1cdd87nb6jnf86k5idvb08dezj0q79vl	eyJjYXJ0Ijp7fX0:1wT68r:yWmZCnsV5u9-LjZsTqL4m8tWFnkT78R9kcNJrZ2GY0U	2026-06-12 22:57:25.391412+00
vbu5d0iz7wdhdxqt0n16u5t31pac8bos	eyJjYXJ0Ijp7fX0:1wT6QY:aq1oarHUGVW2Kmw2xlSsc9kzXkX3IDwrV_mJDa6dLLQ	2026-06-12 23:15:42.653161+00
it1p5sx9q7g3uqiuhb6dw26k7gmrmtzg	eyJjYXJ0Ijp7fX0:1wT6Z5:h6_tAVA3sPgWQC-dmj3_MY2fiilqvUhtY7ncNZ-L_sI	2026-06-12 23:24:31.107065+00
dh3r1k0egys8b9l1qwa9kt0mgx9adfv3	eyJjYXJ0Ijp7fX0:1wT7Ax:26_UI2r8MmpJCyl8f9QaqV-0etu_aW8ROiLnbbbpm3c	2026-06-13 00:03:39.726446+00
hca4kerows3zvowwfw0lp04lcubfvyw2	eyJjYXJ0Ijp7fX0:1wT7XE:mwXMvKrFL16v_-egGQVk5tFU6ikLvRb1IVkhgev6an4	2026-06-13 00:26:40.955668+00
nbeikvlpkewus9dv9votxox86b3x4ajv	eyJjYXJ0Ijp7fX0:1wT80P:N98AV46ytx1O1s3iNO-dPhyZVY-1BxkttAkemNSBlS4	2026-06-13 00:56:49.267483+00
i49a8h6k7wn3owsry1a8ji0lomny4rmu	eyJjYXJ0Ijp7fX0:1wT86s:EVUxD1HnsiaGqGcyVNO5Ts2eva2gANsOwU-otbjgJyM	2026-06-13 01:03:30.623715+00
fkqpyt08run0pgelnwapsir4dw2l3pxq	eyJjYXJ0Ijp7fX0:1wT8NO:0u9NMYV2PxUK7OtWm17QtdEgs99w55u1N98LypFCeDk	2026-06-13 01:20:34.712868+00
jthqc0v0oyb05alr98z84c0a4tr3qd57	eyJjYXJ0Ijp7fX0:1wT9du:cH073LxrUHJYTDrtsF9G3CZDvi4pdfka3OhK1WcDhVE	2026-06-13 02:41:42.580904+00
5s643hsqovkhd2dbgp2r3hdbthur0e2a	eyJjYXJ0Ijp7fX0:1wT9qJ:ThxaZkgxzib2ZmJar2wCsXV_NOTnu9O59wDVolg85jo	2026-06-13 02:54:31.307353+00
i529n3da3zums04h6pnr5c0tptdw317y	eyJjYXJ0Ijp7fX0:1wTAYy:rG1pIwm8UGPt3Y8dT5IQVA7J5BSZ9BBu6dGeIgZOCuA	2026-06-13 03:40:40.384789+00
sp0gpmys6ku2l6vo4117t3cx3v8w7sb6	eyJjYXJ0Ijp7fX0:1wTBhO:uE0DSAPod_6KSpzBvLQffYRpd52NWp3CHySGXVGdNj8	2026-06-13 04:53:26.402834+00
4djf2bxt5wmd7wgkgz2so2veep2vreci	eyJjYXJ0Ijp7fX0:1wTBt7:vkR7TMJMXS89kYzZXtNf6pCUHdYdJDEDsX2ZzQOyMOs	2026-06-13 05:05:33.222695+00
r6skdzemf3kq8arhv85ktyj0ab0g6mva	eyJjYXJ0Ijp7fX0:1wTCDm:nSESGYS-uKOGnccNJD3VGRZ8FknGCHyx5ai94mWWHxg	2026-06-13 05:26:54.977786+00
h6ufcscbtk5sxuzi1qe9p87vn4mgahbk	eyJjYXJ0Ijp7fX0:1wTD2j:LRBYHf8w2Whl1bOFyTfOoRwQxeZdSA007kmmGS3QwX0	2026-06-13 06:19:33.471895+00
qo1jk30z9ferottpcvv0r2apr006lw8w	eyJjYXJ0Ijp7fX0:1wTDDS:uMa36KjAgWKfWxhGRlrLFJy43sV_fLIp0QbgVc5ym44	2026-06-13 06:30:38.023061+00
6b0z8xll2ikv9pxrutxitf09fvrlvoga	eyJjYXJ0Ijp7fX0:1wTEgj:U0iTVPQ21RlaFhKC0fOUJ5i-e_rJmp1i6WC4_GlhuYY	2026-06-13 08:04:57.2567+00
p447nf96xr9um59qttu5ieexgwxm0vqh	eyJjYXJ0Ijp7fX0:1wTF1f:eZ6mXQTUssewA6MVRZnf1v5zP8zd7x7v1E9LSq9H4RE	2026-06-13 08:26:35.760137+00
ba5gbup0iqdsey1oq95yyooq80wbqluj	eyJjYXJ0Ijp7fX0:1wTF1g:dP3gn2vGlKvNUdFWn07_H7Gf8_GI7Fx3OfJbvi3pV9c	2026-06-13 08:26:36.340134+00
udpnyo8h6wj00uduemwc7nwts5xcngl9	eyJjYXJ0Ijp7fX0:1wTFDt:C5_3X6Fmn-9fXJkYBf8fRYXv51AGl9D3OWDAvtj4jOE	2026-06-13 08:39:13.775948+00
lfwz238qc5q6z0g2cqkep9qyvzrymr6i	eyJjYXJ0Ijp7fX0:1wTFkv:akvwD16eszzb6tbQjALvupE2x6W1ziPN3V35JzgjYmg	2026-06-13 09:13:21.611677+00
1cybkkxtpdnw3yid3z3vehitlxhb8lbo	eyJjYXJ0Ijp7fX0:1wTI5i:fS8v-C9ps_i2qPvMKcbIlToIIQd9vHG72rINDLvnFpw	2026-06-13 11:42:58.458078+00
k3xmgk94ldij29l11lcylebnymuwt5ny	eyJjYXJ0Ijp7fX0:1wTIEC:kcNjuuE37rp4jt34cc3m_JUKOhLG72Ho2SJ6CkZOCi4	2026-06-13 11:51:44.020811+00
cgq9l2fy6izpq73yhn4pb0ed0n03l18a	eyJjYXJ0Ijp7fX0:1wTKNE:mL3i5F4oXZWzaB7-hsW22Xjh5bySpW2T_4rSY0BKTSM	2026-06-13 14:09:12.227553+00
huih4vdi38dd6tew4l36m1ma2nuntfee	eyJjYXJ0Ijp7fX0:1wTKTD:odGs8U_ouX-e3aSBOe6mHDjMOXUY-uoEK9IVp7vaNE4	2026-06-13 14:15:23.204072+00
wi6944nkjgk4jxcrq5z92a8u0iiequ4w	eyJjYXJ0Ijp7fX0:1wTL7f:m0Cze5pVhn4PxbaDUQ4nyehf3NeVQSro7HjTiyQKFI0	2026-06-13 14:57:11.585256+00
hezhoaai09clpf35rpgm9z06c4965to5	eyJjYXJ0Ijp7fX0:1wTLZU:BieyrWiYVdfm3A_UEi1hapxIcfNnTsLggnFvZiMwkHQ	2026-06-13 15:25:56.905317+00
nb7iqlmfwjgk0jlmme82i9049epiix5l	eyJjYXJ0Ijp7fX0:1wTLrN:oiV5bzbwQUQ6IMcVlr4yqv51f66JTBQ4kidEA84v3yw	2026-06-13 15:44:25.38167+00
68njcc0ewslz05y2c62iavvj7j5recug	eyJjYXJ0Ijp7fX0:1wTLye:JCiMMk_HEGgb48se3Yxrtj9Zk_gMrQDL_d0VsrGF3qs	2026-06-13 15:51:56.724863+00
a7g86k4qwir0qysrvopq5uh983500eoi	eyJjYXJ0Ijp7fX0:1wTMiq:XNPlhNZTc5MvIqtmTii2iBwkI-nuXk-g7knRB9II7HE	2026-06-13 16:39:40.595715+00
2jpjzy5m1b84w3ry8a07zs5jjx2pohct	eyJjYXJ0Ijp7fX0:1wTNKK:V48iggNOUR4RK21JXTAWehRzQtXMhJvqSWnewrHcle8	2026-06-13 17:18:24.273288+00
z1s71pcfemxu7e7whcyz35e07dc8es5j	eyJjYXJ0Ijp7fX0:1wTNL7:toKw6cqB2e5FIB-7Zwje6BQq0J0BpM7yY6w680_f2tA	2026-06-13 17:19:13.677928+00
ivdsbtp7jgi3zlsc6m7ag5thktlhnxpd	eyJjYXJ0Ijp7fX0:1wTNp8:l9MZMG2QV6UYILb_KceyMJySQ-O59aE1zEcy9Zft54w	2026-06-13 17:50:14.625822+00
csy0c0mxaxbbgivpli6t69qyol68hvkw	eyJjYXJ0Ijp7fX0:1wTODr:cgmRLjUFjYfM3tUEMgthUCiAs-TXQBISTcaAJazNwjM	2026-06-13 18:15:47.243559+00
2tip8zuyv42lqpiw9r3j2p9vmils5kwe	eyJjYXJ0Ijp7fX0:1wTOjK:eHn5MqXbMSqsSPgisUR2uhX0MTrPFdtKD_3Bb5vJdJI	2026-06-13 18:48:18.794554+00
sobcnr88esodgrbfqau2hsbnb1pbnn5o	eyJjYXJ0Ijp7fX0:1wTOjM:yVXkZ0JZaJ5qti3bDZGtRRXlmADlD_VoetpgJ7u9Fho	2026-06-13 18:48:20.621841+00
09b2khheru44bsc7jh8c9s8g1xes3uck	eyJjYXJ0Ijp7fX0:1wTOlC:XEIGbJqhGYVHBZcUZ4yJZk_-BtbLsd74Pz-CgWRjLsA	2026-06-13 18:50:14.507803+00
kkx3dly5e08n8rcz0hvpzfqqnjc2lsi7	eyJjYXJ0Ijp7fX0:1wTOnm:ym73uIPUCZK7Gj6rHyECfWTbinq1QWwFIqkBxljkUpI	2026-06-13 18:52:54.987757+00
pb8k59xz6nr0huxq5l8qjzq4nvn6fsv2	eyJjYXJ0Ijp7fX0:1wTWkb:GcqyMeW7xMLYSpOFClG5rJifcPGinxIGimgL1Ga4Lt8	2026-06-14 03:22:09.70575+00
24dxs7vba39k27om8c5bek36sck9exvm	eyJjYXJ0Ijp7fX0:1wTaOo:8TSDpKe4643wWS-Uv19c1dDDR7jPujQNAwb_3TLuMRw	2026-06-14 07:15:54.740737+00
rayblin81aola0u6xqrrgec1udm90wg8	eyJjYXJ0Ijp7fX0:1wTXCW:Y4KcttpKyRg4YIYlXnAYM7kRm42fis9ZLRVmR8CudR4	2026-06-14 03:51:00.588832+00
gsttseaegaayisddhr1qn36iowd4ax3z	eyJjYXJ0Ijp7fX0:1wTaY1:VGM9ueA77bWYBoe6NKlt_fxh8eLe2-y1P4InxHLtjqQ	2026-06-14 07:25:25.118831+00
yh3v5wspqmo5dg1adaqi9l7p9s5j5fih	eyJjYXJ0Ijp7fX0:1wTP6O:_eOy5872eSg9cLuZvkbm3A-k2bW12na_x8AcltCmpg4	2026-06-13 19:12:08.860501+00
uljyukxdzx3hantrer9vgj7we2x1cuwx	eyJjYXJ0Ijp7fX0:1wTPEF:66_8L1-HuSmqV98TXFMHovIVyv1rSw6L_RFdo3Rr9Xc	2026-06-13 19:20:15.175316+00
7vruddnlg1403iguwfivdhch9cusciwc	eyJjYXJ0Ijp7fX0:1wTPEF:66_8L1-HuSmqV98TXFMHovIVyv1rSw6L_RFdo3Rr9Xc	2026-06-13 19:20:15.327759+00
1u8gsn2nk6qzvw6mi8vbzhjm4wkhuhrz	eyJjYXJ0Ijp7fX0:1wTPFL:1Oa2uxF4mQAwHVZ2aKXsVWNQWobjtAkv0MDKrD9G_dM	2026-06-13 19:21:23.690801+00
u3x8cteugs5r9ds7x47dxw7n3uww1iv8	eyJjYXJ0Ijp7fX0:1wTPFh:qSTujQ53GxwhpCK_uTZPQyMfXa2YyO0Ia7d5N28bGPo	2026-06-13 19:21:45.709233+00
6qdqrv0bmevkhn7mh3j25jhkml9m7kaq	eyJjYXJ0Ijp7fX0:1wTQJx:Bmsp3kAR589XSsud5xr9N-7OtKXgTFo15pYVerhlpXY	2026-06-13 20:30:13.096814+00
wutqrgj2do8qr1qatp5x0bf23fohvew5	eyJjYXJ0Ijp7fX0:1wTQWP:WngEAzuoT4QSayiH8RqnIj6l7ixKgCRGM2P3VaKpFgI	2026-06-13 20:43:05.94503+00
1jrsdkaan0h88eatkoei7dx4j78vq4bw	eyJjYXJ0Ijp7fX0:1wTQj6:JYqmLqmgjIqGyCVw-Rh-DO9EBhXFaBI9BPX7rfFnBGA	2026-06-13 20:56:12.820234+00
b00hqex86fz7w36ykcmme2u9r4d8bv7v	eyJjYXJ0Ijp7fX0:1wTQjA:PXWBPwmJTwcfkWfBVY127_bG0BDB7ep7LtNekxlY1os	2026-06-13 20:56:16.56484+00
cziofdnq3xdf66yyto8e6hczgbaxt32e	eyJjYXJ0Ijp7fX0:1wTQjB:TOfai1jSpSHiVoVb7HfZ0J32rTmHOfrZHMSLXDB_Ivg	2026-06-13 20:56:17.224969+00
iqz16tdsil6aj9h7eij3qr9zi1f0qjgy	eyJjYXJ0Ijp7fX0:1wTQjB:TOfai1jSpSHiVoVb7HfZ0J32rTmHOfrZHMSLXDB_Ivg	2026-06-13 20:56:17.686283+00
emmlykl6o6qc40203hdf2g1uag8elfqy	eyJjYXJ0Ijp7fX0:1wTQjC:dHNIH3g5Bl3uhOxhu5Ur0CfhMLxFQzx4OiyODUPqGZk	2026-06-13 20:56:18.147981+00
je0n2fa0fbcapztks1majqvhskcxe7z5	eyJjYXJ0Ijp7fX0:1wTQjC:dHNIH3g5Bl3uhOxhu5Ur0CfhMLxFQzx4OiyODUPqGZk	2026-06-13 20:56:18.610369+00
462w68693npr3n5726p3d773kz4dmewn	eyJjYXJ0Ijp7fX0:1wTQkx:NLYRTPxqrPQu15stR5Q3GhYFa64TemoPkJ7oCtbj8mM	2026-06-13 20:58:07.673185+00
7klsix6cj5dj394veqv0xway21tkxb2u	eyJjYXJ0Ijp7fX0:1wTQl9:RGdYI7QlCWUSgbjssJVY0rpXf9B0mTro4B4NR68Ta04	2026-06-13 20:58:19.298731+00
yyezz85ihdv3t60siv2yl8ozltyaseoc	eyJjYXJ0Ijp7fX0:1wTR1t:61LaW-SoTGTTlXRiSDFbOyhOd43hsI5SgH88NbiJhpo	2026-06-13 21:15:37.722337+00
z3vvv2selqjihlrhk5warzxaemkg69t6	eyJjYXJ0Ijp7fX0:1wTRJB:EE9b0H9Pamuu4mKSJAfYqrvzO-QWcDKICIVZeDBuKf0	2026-06-13 21:33:29.994472+00
8xfoiykv3mqx5imc7k1lxvxypf5g9cpk	eyJjYXJ0Ijp7fX0:1wTRWN:HCOtwsUocL9C6uV5sUyRwmsGrFqU4LOCWRBudlhcgUI	2026-06-13 21:47:07.534118+00
2s96brd05rbtu611fzqn5fr0el51otsh	eyJjYXJ0Ijp7fX0:1wTRWd:jnGo1CRDCY_Tf1p98V-hzysoVgDdtdiG2cYVZ0lRRn4	2026-06-13 21:47:23.585035+00
1nyoyb1trli0dygcue709x99dtpsj90h	eyJjYXJ0Ijp7fX0:1wTRew:lniCO4r51FpF0CejZEqAqxC3ARmAx1pCv_Gmd5p7WnU	2026-06-13 21:55:58.141096+00
cnzvbkdceg74n1aqwstdej8bcxr4f2kj	eyJjYXJ0Ijp7fX0:1wTRkc:7t04x1bYcy4zR3ulzJCwGst7hPThUdhHl2Y-HifZ-C4	2026-06-13 22:01:50.662404+00
yhf48zjh9xzuqp4kiesmhv7wei27j4yh	eyJjYXJ0Ijp7fX0:1wTRnd:QnaabpS6tIv8HE8ibR0W0nX5Tjmq0Z7uoS3wADrfoNc	2026-06-13 22:04:57.686929+00
3n0df6m9d0rte7tg2nknnvoxj1c83964	eyJjYXJ0Ijp7fX0:1wTRod:5oVs7Lj_GSJeeUJHa_N4FRBGy6g0k8Dd-d2E_ajAtqw	2026-06-13 22:05:59.70572+00
az3dalq6t0c93d8qto71t48liwdavm78	eyJjYXJ0Ijp7fX0:1wTRyK:qwvkvPu5m3N8fE5LuT4oIxD4sbFRT-ixzBFu2FAMrlk	2026-06-13 22:16:00.51955+00
a974c9t4k5blclqmdcqtzcvnl9y75mkb	eyJjYXJ0Ijp7fX0:1wTS2A:jnoFAeJUDfGW7C1ALWxztLx2XSlkQd51IOJuzWJOf0c	2026-06-13 22:19:58.856732+00
lherzho6jmwgowsnbikug17bqq8fvbmd	eyJjYXJ0Ijp7fX0:1wTSG5:R-d0WrpASwF49R2-1Y9ek1SD2-TD4VDK03g_h96t-GE	2026-06-13 22:34:21.14597+00
15mmw0vp31lkc080kliy9jd7qh6ebcj3	eyJjYXJ0Ijp7fX0:1wTSIo:pf-xPg0rYtSDYW9GzjV-VPQC2EhGvlQ56VCg5Tq4Paw	2026-06-13 22:37:10.681078+00
htm8x1gl98h66kaer741ba3yt9yqzlnt	eyJjYXJ0Ijp7fX0:1wTST4:s6rzK-NQS3naWwECeiZqFBM8vNpFKt5mn8wZ8v25XTE	2026-06-13 22:47:46.458872+00
s69y08g4o4vjxwflixg1vcqq2u9dj0e0	eyJjYXJ0Ijp7fX0:1wTSXT:Y710Ezdb8zP-zEqEiXUh7aZzhxGWDTxbAM7r5euRysU	2026-06-13 22:52:19.091179+00
5x2l3nzjvuu5u8hwltvf8k5e2kq9v8pp	eyJjYXJ0Ijp7fX0:1wTSZj:nlf3J6osTUxqNbJOK1qOq-UNctqAIlI7DcT80ej9VAo	2026-06-13 22:54:39.93743+00
cv28ajgltuzptday4scjl1qqvwuckhtj	eyJjYXJ0Ijp7fX0:1wTSm4:TrZ9XbNINQVc6P3kmsU7376Sb2GTYLqJqLxrlqhTYhY	2026-06-13 23:07:24.922846+00
o8xz5aamzsjqemtlh13l48bjv3dfpvcu	eyJjYXJ0Ijp7fX0:1wTSmS:0Tw_8cl6s-693KYcdHw50TDRDdeRJOX_mcUBDW7Orf8	2026-06-13 23:07:48.944145+00
d3j8b56je3afgiu33c7jviv7pszutc5x	eyJjYXJ0Ijp7fX0:1wTSsf:CljPe-5A8FfmwYTckU5pgLFXVcjLJGhav25wqXJlsQ8	2026-06-13 23:14:13.966918+00
1l3nuif1hsfnfb562xdlogn8n1qs8e9i	eyJjYXJ0Ijp7fX0:1wTStV:4r1TjPWaCs93HWhaSwnJulVFzYZe2e3zIORikWS8w-k	2026-06-13 23:15:05.37089+00
oxgguolxd1zfu38ixd32f8mx5s75xp1s	eyJjYXJ0Ijp7fX0:1wTSz1:BfZDtnOfPSQK_ROkzK6biJhmS0KLhwMQL2BOmVJC3_8	2026-06-13 23:20:47.558861+00
blfuw0sexyrt6021rhqpsrfzejl2okhz	eyJjYXJ0Ijp7fX0:1wTT3z:bHXsElFJ9S-3T8clhoVJZ4AAI1piDZQRB5gY7FRYLZA	2026-06-13 23:25:55.108457+00
7m1d66ur40npeafysl3p46odjn5buvp1	eyJjYXJ0Ijp7fX0:1wTT54:8UkEFYNO0bsAqOpifJxx0PsMkvXDV1eLU6rRZxcpaUU	2026-06-13 23:27:02.017177+00
66166kg4l9h0cnpgj5frrlgawl6hijfd	eyJjYXJ0Ijp7fX0:1wTTFG:MbHfvqeW_n-1T2SRwRvyUnjC22WOh82ap6BryacZ-WY	2026-06-13 23:37:34.93442+00
ffu2ml4emeuna9vh17u8nv437shvm155	eyJjYXJ0Ijp7fX0:1wTTJL:ihqlLYURZGjZjWOSECCFEYPVqk0YPEiSmlzPdLW_wuQ	2026-06-13 23:41:47.693933+00
ubcz5ob9o25sglbtd6q7g8he9qxqmc20	eyJjYXJ0Ijp7fX0:1wTTN5:zsKRYZnDN01cd0RIRobaYC_SoiBf0f8K1C-4l7NOtVQ	2026-06-13 23:45:39.346622+00
41wq5d4hracbfewsvjn077trzol1shx8	eyJjYXJ0Ijp7fX0:1wTTXN:G44Mt0iwiR20FKp0_hWxkJfULdRd8aq64LtC307qKxc	2026-06-13 23:56:17.664931+00
fk9qesjkcwk2gl999xvuh7rwh0qxti3s	eyJjYXJ0Ijp7fX0:1wTTZo:xtbI50w_0XNTo_ORDnWq8z_jJuoqZfILum81E5T47Oc	2026-06-13 23:58:48.091914+00
y2wcs5e0897vxdcwld89epy7c43pm6ct	eyJjYXJ0Ijp7fX0:1wTTbc:VFgQwfg-CjCNpYq0SjFTeHcDQ11h9TAMAAjUO_xOLhU	2026-06-14 00:00:40.872014+00
dpbk3mlc9tus62qlwyx1qn8j4c7035fe	eyJjYXJ0Ijp7fX0:1wTThJ:di35ryNYoHKFSgL2jID-begm-T-YAhEn16GZN82DZRw	2026-06-14 00:06:33.730576+00
xrwr44vi8jknvvjk1xd4wlf0rqxcnk1q	eyJjYXJ0Ijp7fX0:1wTThK:AP1DzKWtL_HRQcjysJcu2yrYX0K9neCcfaVsOsqKT2o	2026-06-14 00:06:34.539799+00
jw68m7xrqx3asf1filrkvgltkb3f0vqb	eyJjYXJ0Ijp7fX0:1wTTmu:kmGOguxUvBZUZk_vIipZzlibPNc13T0HJ97dgrVxKZM	2026-06-14 00:12:20.33368+00
shb3311c21yrm2csb5y3jifn13tpfd8c	eyJjYXJ0Ijp7fX0:1wTTpM:zSLubO-EUE6qFbR57ypy4nTFCh5ZzrGWHd81TN_g7fs	2026-06-14 00:14:52.384792+00
3c5hb6lhtx9g34l0535376zyddj71toj	eyJjYXJ0Ijp7fX0:1wTTqB:7m4rX8Zo_WQn0jjrCvqhC71mj42vWndeKZVxRwWu-cc	2026-06-14 00:15:43.110556+00
fqieasxxbzv51ah9zc4n6l5ydzjmwtv7	eyJjYXJ0Ijp7fX0:1wTTx9:QRm33-lYW8wto-FietU2TGFX9Tcgct4aZGb-lOTrBwc	2026-06-14 00:22:55.488512+00
nf2ni9d8ycnk6inmmvavl4totbl8l0it	eyJjYXJ0Ijp7fX0:1wTU0W:7fmVquH_ZQJrrpg5Gg2RN6q1ZZpEpJ9REdsV2nc8S-0	2026-06-14 00:26:24.884121+00
6zx9m8uvjmbzvlwi7xvoetjq4m8am1v9	eyJjYXJ0Ijp7fX0:1wTU5V:42JMK3s57PnpzgF3koyOjRA6vF6ZGMHZ7rk8MCOe5Uc	2026-06-14 00:31:33.735969+00
xcf6l64qra7311iaceh3aia99fsrwet7	eyJjYXJ0Ijp7fX0:1wTaQi:7_1mBePupR3ej8OplZDbgn2s3afUNWoxcEXsmCpcrCE	2026-06-14 07:17:52.903732+00
m4wyznpcuycqch217v6jzwfa10j737vb	eyJjYXJ0Ijp7fX0:1wTUAY:qAXxeBENybhnpuuuJA3_-hy5r2khBvTcdd26NFfJh9E	2026-06-14 00:36:46.276319+00
ubz2sq2p5q6g449wslj3ulyff3rwg25x	eyJjYXJ0Ijp7fX0:1wTaf0:yG96xJmCcj_ZOx_KlU2ju0MSDEh-3wbJmXFoe8yhie8	2026-06-14 07:32:38.049446+00
lmds1ssjjde2fl7226i10x0g4bjnuxys	eyJjYXJ0Ijp7fX0:1wTUOV:F7sbsr8LLX2pHQhTRd2bI1l6qFw088uLf2AjJ3yFOZA	2026-06-14 00:51:11.649215+00
yxgb216ri3ce6nl90ig4i0nlte4v63lb	eyJjYXJ0Ijp7fX0:1wTUlA:4W7fk3W4ZNWlRRkayjGva_ikHkmqp-YrnwIzVM1Z_LI	2026-06-14 01:14:36.658329+00
x4xlj5wwwkrzvpa5y3498v0v73g6oe9h	eyJjYXJ0Ijp7fX0:1wTUpA:QD0ckP90VERciUzuAXlyRoopaaQoUH6UnEHJBvkixbg	2026-06-14 01:18:44.004079+00
5zlmnm23h0mwzmspmsuecvhvmf9nud29	eyJjYXJ0Ijp7fX0:1wTV0p:kiO0167BYHEMGkGJZ83bW1WL9duchWUPC5l3eZkWuLk	2026-06-14 01:30:47.245232+00
vb0vga8zcrra8zsa0kkilo5rbz3j5yf8	eyJjYXJ0Ijp7fX0:1wTV3v:qdJD5cNDCcoMxqAG0WQaeewcPSu6qlQZC0pHYWDs06c	2026-06-14 01:33:59.047021+00
2l2uhykm1nrdwj5crymvd7x72hq8wplo	eyJjYXJ0Ijp7fX0:1wTVCH:jIO0S4q_OActXKbyNg3prLx0A1mcxWBYMarKSM4YPsg	2026-06-14 01:42:37.046801+00
6iss2rtcaljg2dw8iqvf4vxlx0ph3y8i	eyJjYXJ0Ijp7fX0:1wTVLj:HV4AgiMbOl0A9vivJRmtprbeGy6L1txwRrCDGK5NDcc	2026-06-14 01:52:23.734506+00
f7588glear0meffk7x0so6r8d0v7bzjs	eyJjYXJ0Ijp7fX0:1wTaQd:7FZxOAHRnqEugodqcjrzWPN4WzVvDBjdOdAMdvTGYhw	2026-06-14 07:17:47.857857+00
qi1qxq47tew8dfu9n9umbldsrtktsxvu	.eJxVjDEOgzAMRe_iuYocIE1g7N4zIMeOC20FUgIT4u4tEgvrf-_9DZjyAt2236CndRn6taTcjwIdOLhskfiTpgPIm6bXbHieljxGcyjmpMU8Z0nfx-leDgYqw79GDtEqVYioJBh9REfCyrWqSvKWkO4ibahqz6IUbbAthaYR59hqgP0HZN88hw:1wTVl0:faTiYWvSUnkUt7lmqxlSV9vbzDMnfFYp-Sdr4Jh3ijo	2026-06-14 02:18:30.454059+00
5696tllohnwh13sbuz7hmtpou25dykpx	eyJjYXJ0Ijp7fX0:1wTW9l:Cm5od4prGCtv1WcuaBuunKPNKYlKGjMKWorML7b0KpQ	2026-06-14 02:44:05.743051+00
ustnizxq39kqpm1bfl6j3eyt7ku2dgwq	eyJjYXJ0Ijp7fX0:1wTWrf:EU2fuMfhHcoVSRbdZGOZ-DprAFXyM7kofRYVaeTelBY	2026-06-14 03:29:27.100953+00
h0g0a629sjihn5x8z01pmp7u2tba3uuh	eyJjYXJ0Ijp7fX0:1wTVXy:toGpE3d4palqNvju2hv865mOypG6FjePL8s9Gmq2dRQ	2026-06-14 02:05:02.772367+00
5d9kz309mecz4ea9oary8juiolwm2uk1	eyJjYXJ0Ijp7fX0:1wTVdr:ab3_Nrcqoht0d35wSLjo7saucdHsMudkI6gGBYgyDNg	2026-06-14 02:11:07.455355+00
adfyp0vy0w210k1c1aqizxwdtnqfv7g0	eyJjYXJ0Ijp7fX0:1wTVfA:VGN2ubEpmJSY9kNvAA05g8ajHUulaeRV95V6fHIM97U	2026-06-14 02:12:28.572284+00
jeeu1k0776ym67l6ip3eaul6owm6ipwk	eyJjYXJ0Ijp7fX0:1wTVfB:Lz2YArcOzQ39y2xfWMvfBX_1eTL_2Fpf4SsN8xa6DqY	2026-06-14 02:12:29.125262+00
qxkpzf7pdihr0tcihtt0nt2v10vtxfmx	eyJjYXJ0Ijp7fX0:1wTVfB:Lz2YArcOzQ39y2xfWMvfBX_1eTL_2Fpf4SsN8xa6DqY	2026-06-14 02:12:29.527661+00
zphooxc9d9o3ql2iwlhwidl3dm2x6uzy	eyJjYXJ0Ijp7fX0:1wTVfB:Lz2YArcOzQ39y2xfWMvfBX_1eTL_2Fpf4SsN8xa6DqY	2026-06-14 02:12:29.928279+00
hpco2i237egf9pxoppophfqeob9ix875	eyJjYXJ0Ijp7fX0:1wTVgy:1_uMs2D1dkOc-ouVDebclXQNyK5Vrp6KDetRD9HjM8U	2026-06-14 02:14:20.448352+00
ky5mg1dmkteqn0bvz7vpmip8ne9py9au	.eJxdzc8OgjAMBvB36Zks26Rj4-jdZyDdVgQ1oDAOhvDugiHxz6lJv1-_zlDRlJpqGnmo2gglHCD73nkKV-62IF6oO_ci9F0aWi82IvZ0FKc-8u2425-ChsZmvSZTU64LVyhfa4xIllHlGhVqSYaUp1q74Kwxlr2N-uBcTZizV4gsmdbSQEOCcgaD2m7zMVGX2vSEUmVwH9rA6x_thJSwZFBIJ_-U_DCH8u2W5QUQYVCS:1wTaeO:3xsEkYuT1tb_K4j352GaoDS_Qem6QTYlUgz_hf6zIIc	2026-06-14 07:32:00.036492+00
yr9geffc6gxo3mo9caib0zgpyq44ihc0	eyJjYXJ0Ijp7fX0:1wTag5:J5wBylbtZre5zz0Gfu4XKu098ADB6p98xnaoMJhx6Fw	2026-06-14 07:33:45.044376+00
w4f9n6vyeu9qsumv1kwuuh2yj6u1c8s7	eyJjYXJ0Ijp7fX0:1wTXP1:h55DbcWGshGNRhEfG2feE8UaZIr5Ws6sUsxZj5e7wXw	2026-06-14 04:03:55.220122+00
yn4fsjl7hm8z3o8fhvfddhdef0pug28y	eyJjYXJ0Ijp7fX0:1wTXjy:uhUALvt4m12G5EpFgjfaXiuWT1s_FEZGgoW3Q1Kl6fA	2026-06-14 04:25:34.59172+00
37gttpdwv2bvv63hywgq62p1przz77tn	eyJjYXJ0Ijp7fX0:1wTY9R:qK3NKHsYfXJJQjytlCq-zQ7Gap7x1lQA8I1FgFSl5FQ	2026-06-14 04:51:53.035058+00
oukexy27qxdtj0bzkgxr0efg909zja9o	eyJjYXJ0Ijp7fX0:1wTYEZ:MNMM30crbrxhOVUeXxhBcDh0m53tC7yLZ7gGNeJ88j8	2026-06-14 04:57:11.15281+00
2x5tz7i6kqjh2w1csgi87gjih2zoq70n	eyJjYXJ0Ijp7fX0:1wTYPj:LgoMxWjgHizjysvcOzXcebjwvkNdldfZZa2g1omHC_Y	2026-06-14 05:08:43.125488+00
spf69yzvj3pvjkifsr78q0xxnwjqwfkb	eyJjYXJ0Ijp7fX0:1wTYQC:mdVZ8K1PL6Y_z117hPGoqFNOCFV2bN1xQQqRlUbi-9k	2026-06-14 05:09:12.722169+00
90x1279zcxqry0406azbk1wrlicri0xg	eyJjYXJ0Ijp7fX0:1wTYRK:NOVyAEVMlMf8NwF0fy6_ugrVFNgR86P0KclQfJJ65-Q	2026-06-14 05:10:22.406928+00
checyss095v5rtm51xiul8ze059ntmis	eyJjYXJ0Ijp7fX0:1wTYTs:-YeyAuDo3ynqLcY_7syvhZAGcRsT6wQTxmuvEiVM5Ws	2026-06-14 05:13:00.557082+00
1zt121etn8y613wnzftq16qfzwmcx7b7	eyJjYXJ0Ijp7fX0:1wTYcJ:fQmLJaBK_HvB1oBvgvyDdOSs_F4O2PzQ8kb6OKGHB0A	2026-06-14 05:21:43.644278+00
468pd0tl89x7r1vn0y1tgp430rhgmyy9	eyJjYXJ0Ijp7fX0:1wTYm5:4pXYHK473eQYtjw9kRqf2piunrrFmxjOSCIts4jm61g	2026-06-14 05:31:49.213154+00
jc65ii9xk5iuw9zqz856fzj0v5cssqyl	eyJjYXJ0Ijp7fX0:1wTYuh:7T3MneGkL1tZAvkI7Rl7muHwRkTM5CrzsdJpFXZTsvY	2026-06-14 05:40:43.727712+00
o5qwjnvmlkj4gbyuphcsr42ob6uqt0dc	eyJjYXJ0Ijp7fX0:1wTZ3o:R0X1sEbQvni_s4IeQ55QBAR7X74UEMW5IRt0__N5O8I	2026-06-14 05:50:08.346819+00
d8uplzxd7klnawqvmilpp20il306rvuw	eyJjYXJ0Ijp7fX0:1wTZ5Q:IA6Vdy5D05P9auD75kaUM_WrKq0dcr_lSYInMRolyBQ	2026-06-14 05:51:48.560715+00
hzgtdlsgfe7kz9m3zfp1er3zhjjft5s5	eyJjYXJ0Ijp7fX0:1wTZF8:e-4HKQP0TSMPNn8hLRqzEXfl2uTHZI2en9tbwovdYgY	2026-06-14 06:01:50.992413+00
njrvckuwlitk50xzax6w6ilxuf4kjb1x	eyJjYXJ0Ijp7fX0:1wTZUL:ytpjNYikI5lDbgWFukfa7WJ2I1w2Vi9vTPGb4_WjwG8	2026-06-14 06:17:33.381599+00
fxn70da77rgus9ea70bnvr4ffa58t3xj	eyJjYXJ0Ijp7fX0:1wTZYx:Yb93RjeX7ddnyQbPhUYy6Xg9C2NBbDjpUExhKehg08I	2026-06-14 06:22:19.635064+00
8eu59wexx2r2qolffl4w9aqlpf6e6qzv	eyJjYXJ0Ijp7fX0:1wTZZY:YQ2RR8lRjUmr1N4Sor1Gg1TPmTF4JKv9O65lTAO9VkU	2026-06-14 06:22:56.179216+00
e7tx8wbhm37nc0c4lfq2ktifrfwo440r	eyJjYXJ0Ijp7fX0:1wTaE5:pLZBnsoNldM9NYaCMiO_lww0O1uYCPfAEFtRY1eBynY	2026-06-14 07:04:49.009433+00
\.


--
-- Data for Name: integration_exchange1clog; Type: TABLE DATA; Schema: public; Owner: kameks_user
--

COPY public.integration_exchange1clog (id, filename, status, created_at, count_processed, count_created, count_price_updated, count_stock_updated, count_no_sku, count_errors, error_text, details) FROM stdin;
1	kameks_commerceml.xml	success	2026-05-31 07:07:50.944666+00	598	0	20	566	0	0		[]
2	kameks_commerceml.xml	success	2026-05-31 07:31:59.115165+00	598	0	20	566	0	0		[]
\.


--
-- Data for Name: integration_productbackup; Type: TABLE DATA; Schema: public; Owner: kameks_user
--

COPY public.integration_productbackup (id, product_id, sku, name, price, stock, is_active, action, log_id) FROM stdin;
1	5944	11.2905005-53 (в уп.2шт.)	Амортизатор п/кабину  г.Гродно 90/271	1750.00	10	t	updated	1
2	5945	11.6809010	Амортизатор п/сиденье  г.Гродно 110/200(шток 12,цилиндр 30)	1721.00	10	t	updated	1
3	5946	4310-2905006 300/485	Амортизатор передней подвески  г.Гродно	6899.00	10	t	updated	1
4	5947	53212-2905006-02 Пластм.	Амортизатор передней подвески  г.Гродно 275/460	3670.00	10	t	updated	1
5	5948	53212-2905006-01 Метал.	Амортизатор передней подвески  г.Гродно 275/460	5623.00	10	t	updated	1
6	5949	50.4.2905005 245/450	Амортизатор Икарус г. Гродно	5000.00	10	t	updated	1
7	5950	152-2905006-11(230/450)	Амортизатор ЛИАЗ УКРАИНА	1600.00	10	t	updated	1
8	5951	50.2.2905005 325/500	Амортизатор МАЗ, КАМАЗ 6520 г. Гродно 325/500	4009.00	10	t	updated	1
9	5952	50.6.2905005 230/450	Амортизатор НЕФАЗ, ЛИАЗ г.Гродно	4140.00	10	t	updated	1
10	5953	50.5.2905005   (300/475)	Амортизатор УРАЛ, КРАЗ, (43118)  300/475 г. Гродно	3980.00	10	t	updated	1
11	5954	100-3519010-01	Камера передняя тип 16 ЗИЛ  (ход штока 58мм)	1050.00	10	t	updated	1
12	5955	100-3519010-11	Камера передняя тип 16 ЗИЛ длинн. шток г.Гродно (шток 88мм)	1060.00	10	t	updated	1
13	5956	24.3519010-01 корот. шток	Камера передняя тип 24 г.Гродно L=2.5cм	1070.00	10	t	updated	1
14	5957	24.3519010-11	Камера передняя тип 24 г.Гродно L=5,5	2879.00	10	t	updated	1
15	5958	24.3519200-04	Камера тормозная (4310), МАЗ 24/24  г.Гродно	13857.00	10	t	updated	1
16	5959	20.3519100-02	Камера тормозная (5320) 20/20 г.Гродно	5476.00	10	t	updated	1
17	5960	12.3519110-01	Камера тормозная тип 12/20 с энергоаккумулятором ЛИАЗ  г. Гродно	5150.00	10	t	updated	1
18	5961	18.3519110	Камера тормозная тип 20 МАЗ (шток 57 мм)  г. Гродно	2794.00	10	t	updated	1
19	5962	30.3519010	Камера тормозная тип 30 МАЗ, КРАЗ г. Гродно (шток 58 мм) (19.3519310-02)	1350.00	10	t	updated	1
20	5963	30.3519200	Камера тормозная тип 30/24 КАМАЗ 6520 г.Гродно	6939.00	10	t	updated	1
21	5964	30.3519300-10	Камера тормозная тип 30/30 г.Гродно	15183.00	10	t	updated	1
22	5965	П40.1.2905005  (4310)	Амортизатор п/п КАМАЗ метал. Первоуральск	2811.00	10	t	updated	1
23	5966	П50.6-2905005 245х450	Амортизатор НЕФАЗ метал. (ПААЗ)	3980.00	10	t	updated	1
24	5967	А2-245/450.2905006(152)	Амортизатор Икарус, НЕФАЗ г.Барановичи	4500.00	10	t	updated	1
25	5968	А1-275/460.2905006(22)	Амортизатор КАМАЗ усил., ПАЗ г.Барановичи	4119.00	10	t	updated	1
26	5969	А1-237/412.2905006-41	Амортизатор п/прицеп МАЗ г.Барановичи	4500.00	10	t	updated	1
27	5970	А1-275/450.2905006	Амортизатор КАМАЗ 4308 г.Барановичи	4175.00	10	t	updated	1
28	5971	54327-2915006-10	Амортизатор МАЗ г.Барановичи 315/500	4500.00	10	t	updated	1
29	5972	54327-2915006-50	Амортизатор МАЗ г. Барановичи 240/425	4500.00	10	t	updated	1
30	5973	54327-2915006-30	Амортизатор МАЗ г.Барановичи 265/450	4500.00	10	t	updated	1
31	5974	А2-230/450.2905006(152)	Амортизатор ЕВРО, ЛиАЗ,НЕФАЗ(5460) г.Барановичи	4500.00	10	t	updated	1
32	5975	54327-2915006-60	Амортизатор МАЗ 190/425	4500.00	10	t	updated	1
33	5976	А1-325/500.2905006-11	Амортизатор МАЗ, КАМАЗ 6520 г.Барановичи	4100.00	10	t	updated	1
34	5977	54327-2915006-20	Амортизатор МАЗ (290/475)	3229.00	10	t	updated	1
35	5978	А1-300/475.2905006-21	Амортизатор УРАЛ,КРАЗ г.Барановичи перед. ушки 5460, пласт.кожух	4001.00	10	t	updated	1
36	5979	ДГ 25.3913010	Домкрат 25т. г.Барановичи	20061.00	10	t	updated	1
37	5980	42-3708600	Бендикс Волга, Газель, УАЗ, 402 дв. г.Борисов	775.00	10	t	updated	1
38	5981	42-3708600-10	Бендикс Волга, Газель 406 дв. г. Борисов	672.00	10	t	updated	1
39	5982	425-3708600	Бендикс ВАЗ-2101-07, 2121 г. Борисов	590.00	10	t	updated	1
40	5983	7402.3708600	Бендикс г. Борисов	1060.00	10	t	updated	1
41	5984	СТ230-3708600-01	Бендикс большой ГАЗ-53, ПАЗ, ГАЗ-66 г.Борисов	819.00	10	t	updated	1
42	5985	СТ230К-3708600-01	Бендикс ЗИЛ , СТ230К4 г.Борисов	869.00	10	t	updated	1
43	5986	3242-3771-10	Генератор 28В,110А ,10 руч.ш ев-3 г.Борисов	11466.00	10	t	updated	1
44	5987	3232.3771000	Генератор 3232 Дв.ЯМЗ-236,-238, КАМАЗ-740 и их модиф.60А г.Борисов	6261.00	10	t	updated	1
45	5988	3252.3771000	Генератор МАЗ ОАО БАТЭ 28В. 90А	8910.00	10	t	updated	1
46	5989	3232.3771000-10	Генератор  МАЗ, МТЗ, ММЗ(ЕВРО-2) Д-245(Д-245.30Е-715,-716) 28В 60А г.Борисов	8271.00	10	t	updated	1
47	5990	СТ 2А-3708150	Обмотка	1436.00	10	t	updated	1
48	5991	7402-3708120	Обмотка стартера	1723.00	10	t	updated	1
49	5992	СТ230-3708110	Обмотка стартера (большая)	1898.00	10	t	updated	1
50	5993	422.3708 (42.3708-10)	Обмотка стартера 402 дв. г.Борисов г.Борисов	1247.00	10	t	updated	1
322	6263	5320-3509015	Р/К компрессора	495.00	10	t	updated	1
51	5994	422.3708800	Реле втягивающее малое в коробке ГАЗ, УАЗ (402, 406 дв)г. Борисов	1543.00	10	t	updated	1
52	5995	74.3708800 (12В)	Реле втягивающее г. Борисов	2408.00	10	t	updated	1
53	5996	7402-3708800 (24В)	Реле втягивающее ММЗ Д-243,-245 г.Борисов	2408.00	10	t	updated	1
54	5997	СТ142М-3708800	Реле втягивающее ММЗ Д-243,-245,-260 (12В) г. Борисов	3038.00	10	t	updated	1
55	5998	СТ142Н-3708800	Реле втягивающее ММЗ Д245,-260 (24В) г.Борисов	3105.00	10	t	updated	1
56	5999	СТ230А-3708800	Реле втягивающее ГАЗ-53 в сб.с крышкой г. Борисов	2057.00	10	t	updated	1
57	6000	СТ230Б-3708800-10	Реле втягивающее большое в коробке  СТ230Б4, СТ230А1 г. Борисов	1965.00	10	t	updated	1
58	6001	СТ230Б2-3708800-10	Реле втягивающее (СТ230К1, СТ230К4) г. Борисов	1707.00	10	t	updated	1
59	6002	2107.370810-01	Стартер ВАЗ 2101-07 на магнитах г.Борисов	5385.00	10	t	updated	1
60	6003	2109.3708010-01	Стартер ВАЗ 2108-09 на магнитах г.Борисов	5385.00	10	t	updated	1
61	6004	3002.3708000	Стартер 3002.3708000 ГАЗ 3306-3309-66  24В 7,7КВ	21193.00	10	t	updated	1
62	6005	426.3708000	Стартер 426 ВАЗ 2108-09 с обмоткой г.Борисов	6958.00	10	t	updated	1
63	6006	5404-3708000 (24В 5,2кВт)	Стартер 5404 редукт. ММЗ-243,245(аналог 230Р0,7402,142Н) г.Борисов	14429.00	10	t	updated	1
64	6007	5112-3708000 (12В 1,8кВт)	Стартер ГАЗ УАЗ с редуктором  г. Борисов	6983.00	10	t	updated	1
65	6008	6502.3708000-01(12В1,8кВт	Стартер ГАЗ, УАЗ с редуктором	6403.00	10	t	updated	1
66	6009	СТ230К4-3708000 (12В)	Стартер СТ230К4 ЗИЛ-130, ЛАЗ, ЛиАЗ г. Борисов	9597.00	10	t	updated	1
67	6010	СТ230Р-3708200	Якорь стартера ММЗ-Д243,Д245 г.Борисов	3030.00	10	t	updated	1
68	6011	RS.96640.02.02 L=418 mm	43114-2202011-01 Вал карданный TIRSAN	18248.00	10	t	updated	1
69	6012	65101-2205010 L=1582	Вал карданный КРАЗ	12310.00	10	t	updated	1
70	6013	501-2203010-07 L=1688+58	Вал карданный МАЗ	9634.00	10	t	updated	1
71	6014	503-2201010-15 L=1126	Вал карданный МАЗ	9230.00	10	t	updated	1
72	6015	4310-2202011-02	Вал карданный кв.фланец L=409mm	22143.00	10	t	updated	1
73	6016	4310-2203011-01 Н/О	Вал карданный  кв.фл. L=1136mm	22640.00	10	t	updated	1
74	6017	4310-2205011-04	Вал карданный круг.фланец L=727mm	31449.00	10	t	updated	1
75	6018	43114-2202011-01	Вал карданный торц.шлицы L=418mm	42562.00	10	t	updated	1
76	6019	43114-2203011	Вал карданный торц.шлицы L=1127mm	34128.00	10	t	updated	1
77	6020	43114-2205011	Вал карданный торц.шлицы L=699mm	38691.00	10	t	updated	1
78	6021	43118-2202011-31	Вал карданный торц.шлицы L=440+34mm	41769.00	10	t	updated	1
79	6022	43118-2203011-30	Вал карданный торц.шлицы L=1305mm	39783.00	10	t	updated	1
80	6023	43118-2203011-31	Вал карданный 43118-2203011-31 L=1285 mm	52220.00	10	t	updated	1
81	6024	5320-2201011-03 М/О	Вал карданный кв.фланец L=724mm	20400.00	10	t	updated	1
82	6025	5320-2205011-04	Вал карданный кв.фланец L=983mm	28500.00	10	t	updated	1
83	6026	5320-2205011-33(34)	Вал карданный круг.фланец L=990mm	15000.00	10	t	updated	1
84	6027	53205-2201011-10 М/О	Вал карданный торц.шлицы L=709mm	33370.00	10	t	updated	1
85	6028	53205-2205011-10 ОСНОВНОЙ	Вал карданный торц.шлицы L=955mm	38301.00	10	t	updated	1
86	6029	53212-2205011-03	Вал карданный кв.фланец L=1483mm	25200.00	10	t	updated	1
87	6030	53212-2205011-95	Вал карданный круг.фланец L=1377mm	15000.00	10	t	updated	1
88	6031	53213-2205011-02	Вал карданный круг.фланец L=1666mm	15692.00	10	t	updated	1
89	6032	53215-2205011-10	Вал карданный торц.шлицы L=1450mm	35995.00	10	t	updated	1
90	6033	53254-2201011-02	Вал карданный круг.фланец L=1057mm	14000.00	10	t	updated	1
91	6034	5410-2205011-04	Вал карданный кв.фланец L=638mm	28400.00	10	t	updated	1
92	6035	54105-2205011-10	Вал карданный торц.шлицы L=629mm	37180.00	10	t	updated	1
93	6036	54112-2205011-02	Вал карданный круг.фланец L=646mm	31641.00	10	t	updated	1
94	6037	5511-2205011-13	Вал карданный кв.фланец L=818mm	28600.00	10	t	updated	1
95	6038	55111-2205011-11	Вал карданный круг.фланец L=821mm	21671.00	10	t	updated	1
96	6039	6520Г-2201011-11	Вал карданный КАМАЗ межосевой БЕЛКАРД L=701mm	47599.00	10	t	updated	1
97	6040	6520Г-2205011-10	Вал карданный КАМАЗ основной БЕЛКАРД L=1425mm	66000.00	10	t	updated	1
98	6041	375-2201010-04 L=880+92	Вал карданный УРАЛ межосевой	12946.00	10	t	updated	1
99	6042	375-2202010-03 L=436+29	Вал карданный УРАЛ основной	26209.00	10	t	updated	1
100	6043	375-2203010-05 L=1167+90	Вал карданный УРАЛ перед.мост	19278.00	10	t	updated	1
101	6044	375-2205010-04 L=1262+60	Вал карданный УРАЛ средний мост	21956.00	10	t	updated	1
102	6045	4320-2201010-03 L=821+92	Вал карданный УРАЛ межосевой	17994.00	10	t	updated	1
374	6311	33.1111083	Кольцо ТНВД ОАО БРТ	5.00	10	t	updated	1
103	6046	4320-2205010-02 L=1192+60	Вал карданный УРАЛ средний мост	23044.00	10	t	updated	1
104	6047	5320-2201023	Вилка фланец 5320-2201023 межосевая	3441.00	10	t	updated	1
105	6048	6520-2201023	Вилка фланец 6520-2201023	10345.00	10	t	updated	1
106	6049	5320-2205023-10 Н/О	Вилка фланец Н/О	4565.00	10	t	updated	1
107	6050	У 4310-2203011-01	Вал карданный (1136 мм)	13992.00	10	t	updated	1
108	6051	У 375-2203010-05	Вал карданный (1167 мм)	14027.00	10	t	updated	1
109	6052	У 43118-2203011-31	Вал карданный (1285мм)	24318.00	10	t	updated	1
110	6053	У 43118-2203011-30	Вал карданный (1305 мм)	22234.00	10	t	updated	1
111	6054	У 43118-2205011	Вал карданный (1322мм)	27800.00	10	t	updated	1
112	6055	У 6520-2205011-10	Вал карданный (1425 мм)	36975.00	10	t	updated	1
113	6056	У 53215-2205011-10	Вал карданный (1454 мм)	32848.00	10	t	updated	1
114	6057	У 53212-2205011-03	Вал карданный (1483 мм)	16055.00	10	t	updated	1
115	6058	У 43118-2202011-10	Вал карданный (585 мм)	33465.00	10	t	updated	1
116	6059	У 54105-2205011-10	Вал карданный (629 мм)	29842.00	10	t	updated	1
117	6060	У 5410-2205011-04	Вал карданный (638 мм)	15333.00	10	t	updated	1
118	6061	У 6520Г-2201011-11	Вал карданный (701 мм)	22999.00	10	t	updated	1
119	6062	У 53205-2201011-10	Вал карданный (709 мм)	28088.00	10	t	updated	1
120	6063	У 5511-2205011-13	Вал карданный (818 мм)	15133.00	10	t	updated	1
121	6064	У 53205-2205011-10	Вал карданный (955 мм)	33580.00	10	t	updated	1
122	6065	У 5320-2201011-01	Вал карданный межосевой  (724 мм)	12466.00	10	t	updated	1
123	6066	У 43114-2203011	Вал карданный торц.шл. L=1127mm	27238.00	10	t	updated	1
124	6067	У 43114-2202011-01	Вал карданный торц.шл. L=418mm	20175.00	10	t	updated	1
125	6068	У 4320-2201010-03	Вал карданный УРАЛ м/о (821мм)	16704.00	10	t	updated	1
126	6069	740-1006037	Втулка распредвала	163.00	10	t	updated	1
127	6070	740-1006026-02 1 шт.	Втулка распредвала	121.00	10	t	updated	1
128	6071	740.21-1006037	Втулка распредвала ЕВРО	171.00	10	t	updated	1
129	6072	740-1004052	Втулка шатуна	159.00	10	t	updated	1
130	6073	5320-6105020-10	Замок двери правый г.Димитровград	849.00	10	t	updated	1
131	6074	5320-8406010	Замок панели в сборе г.Димитровград	173.00	10	t	updated	1
132	6075	236-1000102-00	К--т вкладышей коренной Р0 МАЗ 236	2038.00	10	t	updated	1
133	6076	236-1000102-01	К--т вкладышей коренной Р1 МАЗ 236	2021.00	10	t	updated	1
134	6077	236-1000102-02	К--т вкладышей коренной Р2 МАЗ 236	2062.00	10	t	updated	1
135	6078	236-1000102-06	К--т вкладышей коренной Р6 МАЗ 236	1876.00	10	t	updated	1
136	6079	238-1000102-00 Б2	К--т вкладышей МАЗ 238 коренной Р0	2491.00	10	t	updated	1
137	6080	238-1000102-01 Б2	К--т вкладышей МАЗ 238 коренной Р1	2599.00	10	t	updated	1
138	6081	238-1000104-00	К--т вкладышей МАЗ 238 шатунный Р0	2810.00	10	t	updated	1
139	6082	238-1000104-01	К--т вкладышей МАЗ 238 шатунный Р1	2760.00	10	t	updated	1
140	6083	238-1000104-02	К--т вкладышей МАЗ 238 шатунный Р2	2879.00	10	t	updated	1
141	6084	7405-1000102-00 10шт. уп.	К--т вкладышей Р0 коренной	2215.00	10	t	updated	1
142	6085	7405-1000102-01	К--т вкладышей Р1 коренной	2087.00	10	t	updated	1
143	6086	7405-1000102-02	К--т вкладышей Р2 коренной	2087.00	10	t	updated	1
144	6087	7405-1000102-03	К--т вкладышей Р3 коренной	2006.00	10	t	updated	1
145	6088	7405-1000102-04	К--т вкладышей Р4 коренной	2305.00	10	t	updated	1
146	6089	7405-1000102-05	К--т вкладышей Р5 коренной	2087.00	10	t	updated	1
147	6090	7405-1000102-06	К--т вкладышей Р6 коренной	2087.00	10	t	updated	1
148	6091	7405-1000102-07	К--т вкладышей Р7 коренной	2006.00	10	t	updated	1
149	6092	7405-1000104-00  9 шт.уп.	К-т вкладышей Р0  шатунный	2979.00	10	t	updated	1
150	6093	7405-1000104-01	К-т вкладышей Р1  шатунный	2810.00	10	t	updated	1
151	6094	7405-1000104-02	К-т вкладышей Р2  шатунный	2810.00	10	t	updated	1
152	6095	7405-1000104-03	К-т вкладышей Р3  шатунный	1050.00	10	t	updated	1
153	6096	7405-1000104-04	К-т вкладышей Р4  шатунный	970.00	10	t	updated	1
154	6097	7405-1000104-05	К-т вкладышей Р5  шатунный	888.00	10	t	updated	1
155	6098	7405-1000104-06	К-т вкладышей Р6  шатунный	3050.00	10	t	updated	1
156	6099	7405-1000104-07	К-т вкладышей Р7  шатунный	786.00	10	t	updated	1
157	6100	236-1000104-00 В2	К-т вкладышей шатунный Р0 МАЗ 236	2108.00	10	t	updated	1
158	6101	236-1000104-01 В2	К-т вкладышей шатунный Р1 МАЗ 236	2097.00	10	t	updated	1
159	6102	5320-6105081	Привод замка двери лев. г.Димитровград	97.00	10	t	updated	1
160	6103	5320-6105080	Привод замка двери пр.г.Димитровград	97.00	10	t	updated	1
161	6104	5320-6105180	Ручка двери внутренняя г.Димитровград	224.00	10	t	updated	1
162	6105	5320-6105040	Ручка двери наружная к-т г.Димитровград	1122.00	10	t	updated	1
163	6106	5320-6104060	Ручка стеклоподъемника  г.Димитровград	146.00	10	t	updated	1
164	6107	53205-6104011-00	Стеклоподъемник двери  ЕВРО левый	1400.00	10	t	updated	1
165	6108	53205-6104010-00	Стеклоподъемник двери ЕВРО правый	794.00	10	t	updated	1
166	6109	5320-1108120-12	Тяга руч.управл.акселерат  (трос газа) г.Димитровград	214.00	10	t	updated	1
167	6110	5320-1108130	Тяга ручной остановки двигателя длинн. г.Димитровград	103.00	10	t	updated	1
168	6111	5320-6105035-10	Фиксатор замка левый г.Димитровград	351.00	10	t	updated	1
169	6112	5320-6105034-10	Фиксатор замка правый г.Димитровград	329.00	10	t	updated	1
170	6113	6562-3701000	Генератор 6562 КАМАЗ 4310 90А г.Самара	9910.00	10	t	updated	1
171	6114	6582-3701000-02 М	Генератор 6582 КАМАЗ Евро 80А  2-х руч. г.Самара	10628.00	10	t	updated	1
172	6115	6582-3701000-04 ГЧ	Генератор 6582 с широким шкивом ЕВРО г.Самара	9710.00	10	t	updated	1
173	6116	6582-3701000-04 М	Генератор 6582 с широким шкивом ЕВРО г.Самара	10361.00	10	t	updated	1
174	6117	AAN5182 Искра	Генератор Iskra ААN5182 24v80A Евро (аналог7762,4502,3782)	10200.00	10	t	updated	1
175	6118	Г273В1 НОВЫЙ	Генератор Г 273В1-3701000-03 (28В 50А) г.Самара	6170.00	10	t	updated	1
176	6119	Г273В1-03М 80А	Генератор Г273В1-03М КАМАЗ, МАЗ 80А г. Самара	6069.00	10	t	updated	1
177	6120	Г288Е-3701000	Генератор Г288Е 28 В 47А  г.Самара	10960.00	10	t	updated	1
178	6121	7762-3701-03  (76А)	Генератор МАЗ,Урал с дв. ЯМЗ Евро 2,3 г.Самара	5406.00	10	t	updated	1
179	6122	БПВ46-65-02Б	Диодный мост Г273В1	408.00	10	t	updated	1
180	6123	БПВ 7-100-02	Диодный мост генератора 288,6562	459.00	10	t	updated	1
181	6124	БПВ 17-100-02	Диодный мост генератора 6582 ЕВРО	1155.00	10	t	updated	1
182	6125	668.3701200-10	Ротор на Г 273В1-03  (50А)	2138.00	10	t	updated	1
183	6126	Г-40.3771	Ротор ФЭГТ 2000.015	1224.00	10	t	updated	1
184	6127	Г65.3701100	Статор генератора 6562 (90А), 6582 (80А)	2637.00	10	t	updated	1
185	6128	Г273-3701100	Статор генератора Г273В1 коопер. Самара (45А)	1408.00	10	t	updated	1
186	6129	Г288-3701100	Статор генератора Г288 (47А)	2301.00	10	t	updated	1
187	6130	669.3701100-10	Статор на Г 273В1-03  (на 50А)	1347.00	10	t	updated	1
188	6131	Г273-3701010 А ЗАВОД	Щеткодержатель генератора	509.00	10	t	updated	1
189	6132	6582-3701010 ЗАВОД	Щеткодержатель ЕВРО	505.00	10	t	updated	1
190	6133	4501.3771-53	Генератор ( аналог 4001-53) (АТЭ-1) 28В 80А	10702.00	10	t	updated	1
191	6134	1312.3771 Т	Генератор 1312.3771 (аналог  Г273В1) 28В 60А КАМАЗ, МАЗ	5631.00	10	t	updated	1
192	6135	1322.3771 Т	Генератор 1322.3771 (аналог Г273В2) 28В 50А МАЗ	5508.00	10	t	updated	1
193	6136	1702.3771 Т	Генератор 1702.3771 (аналог Г288Е) 28В 50А КАМАЗ, МАЗ, КРАЗ	7733.00	10	t	updated	1
194	6137	3112.3771	Генератор 3112.3771  28В 80А МАЗ (7511)  (2-х руч.)	6758.00	10	t	updated	1
195	6138	3122.3771	Генератор 3122.3771 2-х руч. 28В 80А (аналог 6582-02) КАМАЗ	9180.00	10	t	updated	1
196	6139	3142.3771	Генератор 3142.3771 (аналог Г4001-53) КАМАЗ Евро широкий шкив	10185.00	10	t	updated	1
197	6140	4502.3771Т	Генератор 4502.3771 широкий рем. (аналог 7762) 28В 80А КАМАЗ ЕВРО-2,-3	7926.00	10	t	updated	1
198	6141	4512.3771Т	Генератор 4512.3771 28В 90А МАЗ ЕВРО-3  широкий шкив	8638.00	10	t	updated	1
199	6142	3142.3771-10	Генератор 740.30, 740.31, креп.10мм.6 руч, 28В 90А	9244.00	10	t	updated	1
200	6143	3142.3771-20	Генератор 740.30, 740.31, креп.10мм.8 руч, 28В 90А	9007.00	10	t	updated	1
201	6144	4542.3771-20 28В 120А	Генератор КАМАЗ  Евро-4,5  8 руч ПРАМО	10782.00	10	t	updated	1
202	6145	4542.3771	Генератор КАМАЗ ЕВРО-3  28В 90А широкий шкив, пятипиновый разъем	9015.00	10	t	updated	1
203	6146	4522.3771-10 28В 80А	Генератор КАМАЗ ЕВРО-3,4 10-ти ручейковый	8548.00	10	t	updated	1
204	6147	3112.3771-01 Т 80А	Генератор средний	8303.00	10	t	updated	1
205	6148	ПРАМО 16 тонн	Домкрат гидр.бут. 16т, 230-465 мм	1505.00	10	t	updated	1
206	6149	ПРАМО 30 тонн	Домкрат гидр.бут. 30т, 240-370 мм	3887.00	10	t	updated	1
207	6150	4502.3771.100-01	Статор на 4502,4212(10),4522(10),4532(10),4542	2981.00	10	t	updated	1
208	6151	4502.3771.060	Щеткодержатель с регулятором	271.00	10	t	updated	1
209	6152	503-3405010-10	Гидроусилитель МАЗ	52514.00	10	t	updated	1
210	6153	453198.237 ШНКФ	Гидроцилиндр подъема запасного колеса КАМАЗ г.Борисов	15110.00	10	t	updated	1
211	6154	4310-3400020-03	ГУР  КАМАЗ г.Борисов	110160.00	10	t	updated	1
212	6155	4310-3400020-01	ГУР  КАМАЗ г.Борисов	107100.00	10	t	updated	1
213	6156	453461.425-01 ШНКФ	ГУР КамАЗ 4308, 4326, 6520 (двухосн., трехосные)	120502.00	10	t	updated	1
214	6157	4310-3407200-21	Насос ГУРа  КАМАЗ (усил.)18*1,5 внутр г.Борисов	18092.00	10	t	updated	1
215	6158	4310-3407200-01	Насос ГУРа  КАМАЗ г.Борисов	17769.00	10	t	updated	1
216	6159	130-3407199	Насос ГУРа (без бачка и шкива) г.Борисов	13249.00	10	t	updated	1
217	6160	130-3407200-а	Насос ГУРа 130-3407200-а ЗИЛ г.Борисов	17004.00	10	t	updated	1
218	6161	6520-3407200 г.Елец	Насос ГУРа 6520 г.Елец	21719.00	10	t	updated	1
219	6162	4310-3407200-02 г. Елец	Насос ГУРа КАМАЗ (наружн.резьба)	17850.00	10	t	updated	1
220	6163	4310-3407200-11	Насос Гура Камаз левого вращения г.Борисов	18576.00	10	t	updated	1
221	6164	256б-3407199-01	Насос ГУРа КРАЗ, Урал, МАЗ  г.Борисов	15226.00	10	t	updated	1
222	6165	458662.250 ШНКФ	Насос МОК  в упаковке г.Борисов КАМАЗ, МАЗ (182.5004010-11)	21284.00	10	t	updated	1
223	6166	5320-3407244	Р/К Насос ГУРа г.Борисов	3570.00	10	t	updated	1
224	6167	453479.011 ШНКФ	Р/К Насос Гура 453471.021 ШНКФ	2236.00	10	t	updated	1
225	6168	453198.214 ШНКФ	Цилиндр МОК (с трубкой) 43114-5003014 КАМАЗ г.Борисов	20225.00	10	t	updated	1
226	6169	453198.210 ШНКФ	Цилиндр МОК КАМАЗ г.Борисов	18527.00	10	t	updated	1
227	6170	110б-3811010(30А)	Амперметр (30А)	815.00	10	t	updated	1
228	6171	111б-3811010(50А)	Амперметр (50А) Владимр	535.00	10	t	updated	1
229	6172	ВК318Б	Выключатель ВК318Б механч. Старый Оскол	281.00	10	t	updated	1
230	6173	1410.3737 4 шт.	Выключатель массы электр.	2125.00	10	t	updated	1
231	6174	1400.3737 24В 50А	Выключатель массы КамАз-6520(крышка текстолит)	1759.00	10	t	updated	1
232	6175	5212.3827	Датчик  бензобака 500л. г.Владимир	740.00	10	t	updated	1
233	6176	ММ 125Д	Датчик  выкл.пневмат.сигнала торможения г.Пенза	43.00	10	t	updated	1
234	6177	5320-3829030 ММ 111(2602)	Датчик аварийного давления масла г.Владимир	82.00	10	t	updated	1
235	6178	5320-3708500-00	Замок зажигания ВК-353 г.Санкт-Петербург	899.00	10	t	updated	1
236	6179	1902.3704	Замок зажигания ЕВРО (камаз)	497.00	10	t	updated	1
237	6180	МЭ 307	Привод спидометра г.Самара	1302.00	10	t	updated	1
238	6181	8602.3777	Реле блокировки стартера РБС г.Пенза	74.00	10	t	updated	1
239	6182	РС 951А.372610 (37 уп)	Реле поворота  г.Владимир	1216.00	10	t	updated	1
240	6183	27.5205700-02	Рычаг стеклоочистителя шт	130.00	10	t	updated	1
241	6184	80С	Термостат ТС 108.1306100-01М ГАЗ 53, ПАЗ	180.00	10	t	updated	1
242	6185	(30 уп)80С	Термостат ТС 107.1306100-01М набор 2+1 КАМАЗ	578.00	10	t	updated	1
243	6184	80С	Термостат ТС 108.1306100-01М ГАЗ 53, ПАЗ	210.00	22	t	updated	1
244	6186	272.5205500	Тяга	392.00	10	t	updated	1
245	6187	УБ 170	Указатель уровня топлива г. Октябрьский	210.00	10	t	updated	1
246	6188	27.5205800-02 М	Щетка  г.Ставрово к-т	155.00	10	t	updated	1
247	6189	740-1029154	Вал ведомой шестерни	760.00	10	t	updated	1
248	6190	5320-2502201 г.Курган	Вал промежуточный среднего моста	1100.00	10	t	updated	1
249	6191	14-1702027	Вилка перекл. 2-3 пер.КПП ОАО КАМАЗ	920.00	10	t	updated	1
250	6192	15-1771094	Вилка перекл.делителя КПП ОАО КАМАЗ	1640.00	10	t	updated	1
251	6193	5320-2919040	Вкладыш реактивной штанги	34.00	10	t	updated	1
252	6194	5297-3414066	Вкладыш наконечника верхний	847.00	10	t	updated	1
253	6195	5320-3414067	Вкладыш наконечника нижний ОАО КАМАЗ	305.00	10	t	updated	1
254	6196	5511-2919034	Вкладыш реактивного пальца (толстый) ОАО КАМАЗ	499.00	10	t	updated	1
255	6197	15-1772010	Воздухораспределитель делителя КПП	246.75	10	t	updated	1
256	6198	740-1005133	Втулка маховика	180.00	10	t	updated	1
257	6199	5320-2502029	Втулка распорная	463.00	10	t	updated	1
258	6200	154-1701282	Втулка шестерни 1-ой передачи	1650.00	10	t	updated	1
259	6201	853550	Гайка конич.шестерни среднего моста	345.00	10	t	updated	1
260	6202	5425-3101040	Гайка пер. колеса ЕВРО ОАО КАМАЗ	48.00	10	t	updated	1
261	6203	5320-2502063	Гайка подшипника в сборе ОАО КАМАЗ	330.00	10	t	updated	1
262	6204	53205-2403040	Гайка подшипника дифер.бугельная ОАО КАМАЗ	630.00	10	t	updated	1
263	6205	4310-3103076	Гайка подшипника ступицы 4310 ОАО КАМАЗ	320.00	10	t	updated	1
264	6206	853567	Гайка сошки Гура	215.00	10	t	updated	1
265	6207	5320-3703058	Гнездо АКБ ОАО КАМАЗ ( без крышки)	3500.00	10	t	updated	1
266	6208	6520-3501090	Колодка тормозная в сб.ОАО КАМАЗ	3952.00	10	t	updated	1
267	6209	5320-1109384	Колпак воздухозаборника ОАО КАМАЗ	830.00	10	t	updated	1
268	6210	55118-1109384	Колпак воздухозаборника в сборе	815.00	10	t	updated	1
269	6211	14-1701096	Кольцо маслонагнетательное ОАО КАМАЗ	415.00	10	t	updated	1
270	6212	15-1772132-10	Кран управления делителем(нов.обр.) ОАО КАМАЗ	2040.00	10	t	updated	1
271	6213	5320-2905535	Кронштейн амортизатора левый	680.00	10	t	updated	1
272	6214	5320-2905534	Кронштейн амортизатора правый	680.00	10	t	updated	1
273	6215	5320-2509053	Муфта блокировки МОД ОАО КАМАЗ	810.00	10	t	updated	1
274	6216	14-1701580	Муфта с втулкой (к-т)	2000.00	10	t	updated	1
275	6217	5320-3501133	Накладка оси тормозных колодок ОАО КАМАЗ	86.00	10	t	updated	1
276	6218	740.11-1011014	Насос масляный без шестерни ЕВРО	7365.00	10	t	updated	1
277	6219	740-1308110	Натяжитель ремня	2355.00	10	t	updated	1
278	6220	53205-2806117	Палец буксирной вилки ОАО КАМАЗ	705.00	10	t	updated	1
279	6221	5320-8401012-00	Панель облицовочная верхняя ОАО КАМАЗ	2943.00	10	t	updated	1
280	6222	5320-8401120	Панель облицовочная нижняя ОАО КАМАЗ	7500.00	10	t	updated	1
281	6223	53205-8401120-00	Панель облицовочная нижняя ЕВРО ОАО КАМАЗ	6200.00	10	t	updated	1
282	6224	5320-5301046	Панель передка боковая съемная ОАО КАМАЗ	1620.00	10	t	updated	1
283	6225	5320-5301047	Панель передка боковая съемная ОАО КАМАЗ	880.00	10	t	updated	1
284	6226	5320-5399005-00	Панель с обтекателем левая в сборе ОАО КАМАЗ	1570.00	10	t	updated	1
285	6227	5320-5399004-00	Панель с обтекателем правая в сборе ОАО КАМАЗ	1570.00	10	t	updated	1
286	6228	740-1000128-1839	Поршневая ч/б с пальцем ОАО КАМАЗ (поршнекомплект)	8000.00	10	t	updated	1
287	6229	ЕВРО- 3	Р/К водяного насоса в сборе ЕВРО-3 НАШ	1320.00	10	t	updated	1
288	6230	740-1011014-30	Р/К масляного насоса полный	825.00	10	t	updated	1
289	6231	5320-3501109	Ролик (тормозмой колодки) ОАО КАМАЗ	105.00	10	t	updated	1
290	6232	5320-2402046	Стакан подшипников ОАО КАМАЗ	3200.00	10	t	updated	1
291	6233	14-1601142	Ступица ведомого диска ОАО КАМАЗ	450.00	10	t	updated	1
292	6234	5320-2918189	Стяжка кронштейнов оси (балансира) ОАО КАМАЗ	4440.00	10	t	updated	1
293	6235	5320-3414009-00	Тяга продольная рулевая в сборе ОАО КАМАЗ	12000.00	10	t	updated	1
294	6236	5297-3414009-00	Тяга продольная рулевая в сборе ОАО КАМАЗ	12000.00	10	t	updated	1
295	6237	152-1701240	Фланец КПП круг. ОАО КАМАЗ	2100.00	10	t	updated	1
296	6238	53205-2506016	Чашки МОД (к-т) ОАО КАМАЗ	25000.00	10	t	updated	1
297	6239	5320-3501134	Чека ОАО КАМАЗ	17.00	10	t	updated	1
298	6240	740-1003216	Экран	24.00	10	t	updated	1
299	6241	6661.3701	Генератор 6661 М-2141 дв. 412 Уфа ОАО ЗИТ	2590.47	10	t	updated	1
300	6242	носик	Крышка СТ222-3708400	500.00	10	t	updated	1
301	6242	носик	Крышка СТ222-3708400	560.00	11	t	updated	1
302	6243	20.3708600-01	Привод в сборе н/о (на редукт. 20,24 серию)	465.00	10	t	updated	1
303	6244	24.3708600-01	Привод  МТЗ-80 в сборе	405.00	10	t	updated	1
304	6245	40000012	Редуктор с валом на стартер 9112	1870.00	10	t	updated	1
305	6246	60.3708800	Реле втягивающее	700.00	10	t	updated	1
306	6247	20.3708800 стар.обр.	Реле стартера в сборе МТЗ-80 24В ОАО ЗИТ	1310.00	10	t	updated	1
307	6248	2002.3708000-01 24В	Стартер взамен 20 Бычок, МТЗ редуктор. (5,9 кВт) ОАО ЗИТ	6100.00	10	t	updated	1
308	6249	2412.3708000-01 12В 4кВт	Стартер Д-144,Т-40,Т25А2 редукт. (взамен 241 и 222А)  ОАО ЗИТ	6100.00	10	t	updated	1
309	6250	2402.3708000-01 12В	Стартер МТЗ-50,80,100 редукт. 4 кВт (взамен 24)  ОАО ЗИТ	6100.00	10	t	updated	1
310	6251	2012.37008000-01 24В	Стартер Т-40М  5,9  кВт (взамен 201)  ОАО ЗИТ	6100.00	10	t	updated	1
311	6252	20-3708200-02 нов.обр.	Якорь стартера	1695.00	10	t	updated	1
312	6253	53205-3509015-20 (21)	Компрессор 1-ц. г.Ижевск 16 мм.	12230.00	10	t	updated	1
313	6254	53205-3509015-02 АЙК	Компрессор 1-ц.( Айк-Мото) г.Ижевск 22 мм. выход сверху	12818.00	10	t	updated	1
314	6255	ПК 306-01	Компрессор 1-цил. КАМАЗ г.Борисов	28539.00	10	t	updated	1
315	6256	ПК 214-30	Компрессор  2-х цил. КАМАЗ 201 л/мин г.Борисов	28705.00	10	t	updated	1
316	6257	5336-3509012  210л/м	Компрессор 5336-3509012 МАЗ, Урал со шкивом 210 л/мин г.Борисов	23460.00	10	t	updated	1
317	6258	5336-3509012-01 201 л/мин	Компрессор 5336-3509012-01 без шкива ЗИЛ, МАЗ,КРАЗ,Урал, БЕЛАЗ г.Борисов	21805.00	10	t	updated	1
318	6259	5336-3509012-10	Компрессор 5336-3509012-10 усилин. 270 л/мин г.Борисов	19890.00	10	t	updated	1
319	6260	ПК 310	Компрессор МАЗ,Лиаз,Урал 320л/мин  г.Борисов	26000.00	10	t	updated	1
320	6261	18-3509015-20 ( 373л.)	Компрессор 1 цил. Литва выход сверху	18100.00	10	t	updated	1
321	6262	161-3509012-20	Компрессор 2-х 275 л/м (дв.ЯМЗ) Литва	23460.00	10	t	updated	1
323	6264	5320-3509015-10	Компрессор 2-х цил. Литва Н/О  275 л/мин	24072.00	10	t	updated	1
324	6265	161-3509012	Компрессор 2-х цил. (дв.ЯМЗ)  201л/мин Литва	23606.00	10	t	updated	1
325	6266	Р0 1-но цил.	Р/К  1-но цил. компрессора Р0 в сборе НАШ	618.00	10	t	updated	1
326	6267	без шатуна Р 1	Р/К  2-х цил. компрессора Р1 из 5-ти наим.	371.00	10	t	updated	1
327	6268	5320-2201025-02 меж.20шт	Крестовина 5320-2201025 межосевая г.Гродно	3104.00	10	t	updated	1
328	6269	53205-2201025-10 меж.10шт	Крестовина  53205-2201025 м/о г.Гродно	4188.00	10	t	updated	1
329	6270	4310-2205025 осн.10шт	Крестовина 4310-2205025 основная г.Гродно	4999.00	10	t	updated	1
330	6271	53205-2205025-12 осн.10шт	Крестовина  53205-2205025 основная г.Гродно	4579.00	10	t	updated	1
331	6272	130-2201025	Крестовина ЗИЛ 130-2201025 межосевая г.Гродно	459.00	10	t	updated	1
332	6273	131-2205025	Крестовина ЗИЛ 131-2205025 основная г.Гродно	765.00	10	t	updated	1
333	6274	голая	Крестовина осн. 53205-2205026-10 голая	1379.00	10	t	updated	1
334	6275	853858	Тавотница 90	4.00	10	t	updated	1
335	6276	ПРАМО (118*39 мм)	Крестовина 5320-2201026	567.00	10	t	updated	1
336	6277	ПРАМО (135*50 мм)	Крестовина 5320-2205025-01	1022.00	10	t	updated	1
337	6278	ПРАМО (50*135мм) М/О	Крестовина 53205-2201025	1525.00	10	t	updated	1
338	6279	ПРАМО (155*50 мм) ОСН.	Крестовина 53205-2205025	1093.00	10	t	updated	1
339	6280	5320-3422039 АЕ	Крестовина в сборе (28*68) рулевого вала КАМАЗ, Агротэк	255.00	10	t	updated	1
340	6281	5320-2201025 Агротэк	Крестовина в сборе (39*118) м/о Агротэк	688.00	10	t	updated	1
341	6282	6520-2201025 АЕ	Крестовина в сборе (50*135) евро-2 м/о,Агротэк	1270.00	10	t	updated	1
342	6283	5320-2205025 АЕ	Крестовина в сборе (50*135) Агротэк	1202.00	10	t	updated	1
343	6284	53205-2205025 АЕ	Крестовина в сборе (50*155) евро осн, Агротэк	1314.00	10	t	updated	1
344	6285	4310-2205025 АЕ	Крестовина в сборе (50*155) КАМАЗ,КРАЗ,МАЗ(Агротэк)	1348.00	10	t	updated	1
345	6286	53205S-2201025 (уп 6)	Крестовина ВЕБЕР (малая) ЕВРО	592.00	10	t	updated	1
346	6287	УниверсалКарданДеталь	Крестовина У.6520-2201025 межосевая	1751.00	10	t	updated	1
347	6287	УниверсалКарданДеталь	Крестовина У.6520-2201025 межосевая	1757.00	15	t	updated	1
348	6288	У 5320-2205025-10	Крестовина У.5320-2205025-10 основная со стопорными кольцами	1551.00	10	t	updated	1
349	6287	УниверсалКарданДеталь	Крестовина У.6520-2201025 межосевая	845.00	16	t	updated	1
350	6287	УниверсалКарданДеталь	Крестовина У.6520-2201025 межосевая	1744.00	18	t	updated	1
351	6287	УниверсалКарданДеталь	Крестовина У.6520-2201025 межосевая	1921.00	17	t	updated	1
352	6289	УКД ЕВРО-2	Крестовина У.6520-2201025-10  мал. в сб.	1836.00	10	t	updated	1
353	6290	5511-3502237 ПРАМО	Рычаг регулировочный левый 10 т. трещётка зад.	842.00	10	t	updated	1
354	6291	5320-3502236 ПРАМО	Рычаг регулировочный правый 8 т. трещётка зад.	725.00	10	t	updated	1
355	6292	НШ-10	НШ-10 ПРАВЫЙ г.Ставрополь	700.00	10	t	updated	1
356	6293	НШ-10 У3	Насос НШ-10 У3 (4-х шл.) правый	2700.00	10	t	updated	1
357	6294	НШ-50А3 правый	Насос НШ-50 А3 правый круглый	12000.00	10	t	updated	1
358	6295	А 24-21+5	Лампа А 24-21+5 г.Брест 2-х конт.	5.00	10	t	updated	1
359	6296	УП118-3726010-П	Передний указатель поворота правый г.Киржач	245.00	10	t	updated	1
360	6297	62 3711201-01	Стекло фары (галоген) ВАЗ-2101,ГАЗ-2410	11.87	10	t	updated	1
361	6298	ФГ140 3711201	Стекло фары ВАЗ-2101,ГАЗ-2410	10.82	10	t	updated	1
362	6299	4502.3712	Фонарь УП-1 (4502.3712) ОСВАР	275.00	10	t	updated	1
363	6300	5320-2902624	Буфер передней рессоры ОАО БРТ	493.00	10	t	updated	1
364	6301	5320-5130027	Вставка уплотнителя рычага КПП ОАО БРТ	519.00	10	t	updated	1
365	6302	5320-5002025	Втулка торсиона ОАО БРТ	90.00	10	t	updated	1
366	6303	5320-1609569	Гофра ПГУ ОАО БРТ	10.00	10	t	updated	1
367	6304	5320-2509017	Диафрагма механизма блокировки МОД ОАО БРТ	27.00	10	t	updated	1
368	6305	106005-23	К-т пр-ок блока двигателя КАМАЗ (темпсил) ПРОФИ 7 наименований	48.00	10	t	updated	1
369	6306	106004-23	К-т пр-ок водяной коробки двигателя КАМАЗ (темпсил) ПРОФИ 4 наименования	10.00	10	t	updated	1
370	6307	106006-23	К-т пр-ок гидромуфты двигателя КАМАЗ (темпсил) ПРОФИ 6 наименований	22.00	10	t	updated	1
371	6308	106001-23	К-т пр-ок двигателя КАМАЗ (темпсил) ПРОФИ 24 наименования	95.00	10	t	updated	1
372	6309	106002-23	К-т пр-ок картера маховика КАМАЗ (темпсил) ПРОФИ 7 наименований	48.00	10	t	updated	1
373	6310	33.1111069	Кольцо ТНВД ОАО БРТ	5.00	10	t	updated	1
375	6312	740-1105075	Кольцо уплотнительное (ФГОТ, ФЦОМ) ОАО БРТ	10.00	10	t	updated	1
376	6313	740-1109553	Кольцо уплотн. воздушного фильтра ОАО БРТ	279.00	10	t	updated	1
377	6314	864117(115х145)	Манжета балансира ОАО БРТ	171.00	10	t	updated	1
378	6315	740-1318166 (100х125х12)	Манжета гидромуфты ЗАО ВРТ	401.00	10	t	updated	1
379	6316	740-1318186 (34х50х10)	Манжета гидромуфты ЗАО ВРТ	116.00	10	t	updated	1
380	6317	864141	Манжета ГУР на сошку (42*58*10)	40.80	10	t	updated	1
381	6318	864113  (22х34,5х6)	Манжета ГУР на угловой редуктор	29.00	10	t	updated	1
382	6319	5320-1602517 (29х26х5)	Манжета ГЦС ОАО БРТ	26.00	10	t	updated	1
383	6320	7405-1005160 (105х130)	Манжета коленвала ЕВРО Резерв	295.00	10	t	updated	1
384	6321	14-1701230-01	Манжета КПП (45х64) ЗАО ВРТ	165.00	10	t	updated	1
385	6322	6520-2502280	Манжета с пружиной в сборе	690.00	10	t	updated	1
386	6323	6520-2402176	Манжета с пружиной в сборе 80*105 наружн.	732.00	10	t	updated	1
387	6324	6520-2502180	Манжета с пружиной в сборе 80*105 сред. мост	784.00	10	t	updated	1
388	6325	864129-01(142х168х16)	Манжета ступицы задней  ОАО БРТ	153.00	10	t	updated	1
389	6326	864135-01	Манжета ступицы передней ОАО БРТ с пружиной	198.00	10	t	updated	1
390	6327	864195 (70*92*10)	Манжета хвостовика Евро	325.00	10	t	updated	1
391	6328	864180 (70х92х12х16)	Манжета хвостовика ЗАО ВРТ	296.00	10	t	updated	1
392	6329	864176 (70х92х12х16)	Манжета хвостовика ЗАО ВРТ	298.00	10	t	updated	1
393	6330	100-3519250Р	Мембрана тип 24 ОАО БРТ	218.00	10	t	updated	1
394	6331	100-3519350	Мембрана тип 30 ОАО БРТ	218.00	10	t	updated	1
395	6332	6520-1303026	Патрубок радиатора 6520 нижний ОАО БРТ	950.00	10	t	updated	1
396	6333	5320-1303027	Патрубок радиатора Шланг Ф68х120 ОАО БРТ	139.00	10	t	updated	1
397	6334	5320-1303026	Патрубок радиатора ШЛАНГ Ф68х200 ОАО БРТ	214.00	10	t	updated	1
398	6335	5320-1311049	Патрубок расширительного бачка ШЛАНГ Ф30Р ОАО БРТ	110.00	10	t	updated	1
399	6336	740-1014138	Патрубок сапуна переходной ОАО БРТ	87.00	10	t	updated	1
400	6337	5320-5001021	Подушка переднего крепления кабины нижняя ОАО БРТ	870.00	10	t	updated	1
401	6338	5320-3513092-01Р	Прокладка баллона (рессивера) ОАО БРТ	51.00	10	t	updated	1
402	6339	740-1115026-01	Прокладка впускного коллектора (домик)	13.00	10	t	updated	1
403	6340	7403-1008050 армир.	Прокладка выпускного коллектора	35.00	10	t	updated	1
404	6341	740-1003213-20	Прокладка ГБЦ ОАО БРТ	108.00	10	t	updated	1
405	6342	740-1003270-11	Прокладка клапанной крышки ОАО БРТ	73.00	10	t	updated	1
406	6343	740-1009040	Прокладка поддона ОАО БРТ	261.00	10	t	updated	1
407	6344	5320-2201043	Пыльник крестовины м/о ОАО БРТ	25.00	10	t	updated	1
408	6345	5320-2205042	Пыльник крестовины осн. ОАО БРТ	30.00	10	t	updated	1
409	6346	5320-3509015-10 н/о	Р/К компрессора	1040.00	10	t	updated	1
410	6263	5320-3509015	Р/К компрессора	20257.00	14	t	updated	1
411	6347	2-х цил.	Р/К компрессора (6 наименований) паронит	34.00	10	t	updated	1
412	6348	18-3509015	Р/К компрессора 1-ц	597.00	10	t	updated	1
413	6349	740-1308020-10	Ремень 1250 зубчатый ОАО БРТ	375.00	10	t	updated	1
414	6350	740-1307170Р	Ремень 1320 ОАО БРТ	253.00	10	t	updated	1
415	6351	864158-10Р (864159)	Сальник п/оси КамАЗ-4310	216.00	10	t	updated	1
416	6352	5320-5130029-01Р	Уплотнитель педали тормоза ОАО БРТ	86.00	10	t	updated	1
417	6353	5320-6107805	Уплотнитель проема двери УП 805 ОАО БРТ	347.00	10	t	updated	1
418	6354	5320-5130016-01	Уплотнитель рычага КПП ОАО БРТ	706.00	10	t	updated	1
419	6355	5320-6103123	Уплотнитель форточки двери лев.	414.00	10	t	updated	1
420	6356	5320-6103122	Уплотнитель форточки двери ОАО БРТ	431.00	10	t	updated	1
421	6357	100-3519180Р	Уплотнитель энергоаккумулятора ОАО БРТ	121.00	10	t	updated	1
422	6358	СТР	Р/К топливного фильтра	198.00	10	t	updated	1
423	6359	7406-1003270-01 СТР	Прокладка клапанной крышки Евро	220.00	10	t	updated	1
424	6358	СТР	Р/К топливного фильтра	280.00	13	t	updated	1
425	6358	СТР	Р/К топливного фильтра	110.00	4	t	updated	1
426	6360	5402-3708600-01	Бендикс КАМАЗ Евро	1720.00	10	t	updated	1
427	6361	5432-3708600-01	Бендикс г. Борисов	2254.00	10	t	updated	1
428	6362	СТ142Б-3708600	Бендикс  г.Борисов 10 зуб.	1834.00	10	t	updated	1
429	6363	142Т-3708000	Крепление стартера МАЗ	335.00	10	t	updated	1
430	6364	142-3708830	Крышка втягивающего реле в сборе с болтами	556.00	10	t	updated	1
431	6365	5432.3708110-01	Обмотка стартера  5402-01,5432-10-20	3143.00	10	t	updated	1
432	6366	СТ142-3708110	Обмотка стартера СТ142-3708110 г.Борисов	4630.00	10	t	updated	1
433	6367	СТ142Б2-3708800	Реле втягивающее г.Борисов	3844.00	10	t	updated	1
434	6368	5402-3708800	Реле втягивающее	3208.00	10	t	updated	1
435	6369	5432-3708800-10	Реле втягивающее (стартер 5432-10, 5402-01) г.Борисов	2893.00	10	t	updated	1
436	6370	РС-24Д	Реле стартера дополнит. г.Борисов	1316.00	10	t	updated	1
437	6371	5402.3708-01	Стартер 5402 КАМАЗ Евро 2, 3 , Урал (редукторный с доп. реле)	17417.00	10	t	updated	1
438	6372	5402-3708	Стартер 5402 ЕВРО редукт (аналог AZF 4554) 24В, 5,4 кВт,10 зуб.  г.Борисов	16218.00	10	t	updated	1
439	6373	5422.3708 24В 10кВ б/н	Стартер Евро-2 (Аналог БОШ взамен 0001261006) г.Борисов	19052.00	10	t	updated	1
440	6374	СТ142Б-3708-10	Стартер КАМАЗ ЕВРО-2,3 г.Борисов  (8,2 кВт 24В 10 зуб)	25924.00	10	t	updated	1
441	6375	СТ142Б2-3708	Стартер КАМАЗ г.Борисов (24В 8,2кВт)	26622.00	10	t	updated	1
442	6376	5432-3708-10 с доп.реле	Стартер КАМАЗ,Зил-133ГЯ,Урал,ЛиАЗ, редукт.24В 5,5кВт (ан. 3367) г.Борисов	19870.00	10	t	updated	1
443	6377	5432-3708000 МАЗ	Стартер МАЗ 10 зуб. 24В 9кв.(ан. 4581) г.Борисов	16397.00	10	t	updated	1
444	6378	5432-3708-01	Стартер МАЗ 10 зуб. 24В 9кв.(ан.4581) с доп. реле	17466.00	10	t	updated	1
445	6379	СТ142Т-3708	Стартер МАЗ 11зуб. г.Борисов	25959.00	10	t	updated	1
446	6380	СТ142Т-3708-10	Стартер МАЗ евро 10зуб.г.Борисов	25062.00	10	t	updated	1
447	6381	СТ142-3708330	Траверза СТ 142Б1	1383.00	10	t	updated	1
448	6382	СТ142-3708060-10	Щетки стартера СТ 142Б1	62.00	10	t	updated	1
449	6383	СТ 142-3708200	Якорь стартера г.Борисов	8503.00	10	t	updated	1
450	6384	СТ 142-3708200-10	Якорь стартера ЕВРО г.Борисов	8503.00	10	t	updated	1
451	6385	2502.3708.600-10 г.Ржев	Бендикс ( для ст.25.3708 КАМАЗ)	2632.00	10	t	updated	1
452	6386	2502.3708.600	Бендикс 11 зуб МАЗ (подходит на стартер 142Т) г.Ржев	1224.00	10	t	updated	1
453	6387	2501.3708.150-10	Катушка (обмотка) КАМАЗ	1184.00	10	t	updated	1
454	6388	2501.3708.150-01	Катушка (обмотка)  МАЗ г.Ржев	4017.00	10	t	updated	1
455	6389	42.3708.600 ХН-006	Привод стартера (АТЭ-1)	204.00	10	t	updated	1
456	6390	42.3708.600-10 ХН-949	Привод стартера (АТЭ-1)	204.00	10	t	updated	1
457	6391	42.3708.800-01 ХН-3-017	Реле втягивающее (АТЭ-1)	551.00	10	t	updated	1
458	6392	42.3708.800-11 ХН-3-082	Реле втягивающее (АТЭ-1)	551.00	10	t	updated	1
459	6393	42-3708-11 Р	Стартер (АТЭ-1) ГАЗ, УАЗ с двиг. ЗМЗ - 406.10, 4061.10, 4062.10	3754.00	10	t	updated	1
460	6394	42-3708 Р	Стартер (АТЭ-1) ГАЗ, УАЗ с двиг. УМЗ 3151-01, 3303-01, 3741-01	3754.00	10	t	updated	1
461	6395	422-370800	Стартер (АТЭ-1) ГАЗ с дв.ЗМЗ 402.10,4021.10,4025.10	3754.00	10	t	updated	1
462	6396	9112 М9Т четыре болта	Стартер КАМАЗ (АТЭ-1) 24В 8,5 кВт редукторный	8364.00	10	t	updated	1
463	6397	2501.3708-21 МАЗ	Стартер МАЗ 10 зуб. ЕВРО нов/обр. г.Ржев	28553.00	10	t	updated	1
464	6398	2501.3708-40 МАЗ	Стартер МАЗ 11 зуб. г.Ржев	28451.00	10	t	updated	1
465	6399	25.3708.320	Траверза высокая г.Ржев	719.00	10	t	updated	1
466	6400	2502.3708.320-11	Траверза низкая г.Ржев	704.00	10	t	updated	1
467	6401	2501.3708.200-03	Якорь стартера МАЗ ( для стар. 2501-40) г.Ржев	12795.00	10	t	updated	1
468	6402	16.904.237	Бендикс на ст. 3367,3436 (Искра) г.Самара	1576.00	10	t	updated	1
469	6403	16911674  АТЭ	Бендикс на ст.4554 АТЭ	829.00	10	t	updated	1
470	6404	16904832	Редуктор стартера AZF 4554,4581	2193.00	10	t	updated	1
471	6405	16.670.421	Реле втягивающее AZJ 3367 г.Самара	1831.00	10	t	updated	1
472	6406	16.670.546	Реле стартера ст.4554 г.Самара	1933.00	10	t	updated	1
473	6407	4554 AZF(11131150)	Стартер AZF 4554 КАМАЗ ЕВРО 24V 4kW z10 пр-во ISKRA ( ЕВРО 6520)	17697.00	10	t	updated	1
474	6408	4594 AZF(11131359)	Стартер AZF 4594 КАМАЗ 4308 с двигателем Cummins 24 V z10 пр-во ISKRA	17850.00	10	t	updated	1
475	6409	3367 AZJ	Стартер AZJ 3367 КАМАЗ, ДТ 75 (аналог 9112) 24V 6kW пр-во ИСКРА Словения	17833.00	10	t	updated	1
476	6410	С4929600 kw 6.0	Стартер КАМАЗ 4308 дв. Cammins (Китай) 24V z12	15300.00	10	t	updated	1
477	6411	16908995	Щетки стартера AZF 4554	834.00	10	t	updated	1
478	6412	3514 009 013 0	ГТК н/обр. с педалью 100-3514108 SORL	2712.00	10	t	updated	1
479	6413	3514 009 014 0	ГТК н/обр.(без педали) 100-3514108-10 SORL	2332.00	10	t	updated	1
480	6414	3533 009 013 0	Клапан двухмагистральный 100-3562010-10 SORL	638.00	10	t	updated	1
481	6415	3522 001 015 0	КУТП-2 100-3522010 SORL	2250.00	10	t	updated	1
482	6416	3522 002 038 0	КУТП-2 ЕВРО с глушителем 25-3522210-10 SORL	2614.00	10	t	updated	1
483	6417	3526 004 201 0	Ручник 2-х выходной WABKO 961 723 038,001,015 SORL	2780.00	10	t	updated	1
484	6418	3530 010 646 0	Энергоаккумулятор тип 30/24 25-3519301 SORL	3643.00	10	t	updated	1
485	6419	16-3521110	Головка ПАЛМ Автокомпонент Плюс	138.00	10	t	updated	1
486	6420	16-3521111	Головка ПАЛМ Автокомпонент Плюс	138.00	10	t	updated	1
487	6421	16-3514008	ГТК Автокомпонент плюс	1561.00	10	t	updated	1
488	6422	16-3515010	Клапан защитный одинарный ( Автокомпонент плюс)	146.00	10	t	updated	1
489	6423	16-3537110	Кран пневматический (авар.растормаж.) Автокомпонент Плюс	276.00	10	t	updated	1
490	6424	16-3514108	Кран подпедальный ( Автокомпонент плюс)	1561.00	10	t	updated	1
491	6425	16-3537310	Ручник ЕВРО 4-х Автокомпонент Ппюс	1051.00	10	t	updated	1
492	6426	11.3521411 ПААЗ	Головка ПАЛМ автомат. г.Полтава	633.00	10	t	updated	1
493	6427	11.3521410 ПААЗ	Головка ПАЛМ автомат. г.Полтава	633.00	10	t	updated	1
494	6428	100.3521111 ПААЗ	Головка ПАЛМ г.Полтава	580.00	10	t	updated	1
495	6429	100.3521110 ПААЗ	Головка ПАЛМ г.Полтава	580.00	10	t	updated	1
496	6430	64221-3514008 (8000)	ГТК БелОМО	7452.00	10	t	updated	1
497	6431	6025.3562010	Клапан двухмагистральный ЕВРО Беларусь	605.00	10	t	updated	1
498	6432	13.3515310 ПААЗ	Клапан контрольного вывода  г.Полтава	361.00	10	t	updated	1
499	6433	64221-3518010-10 ЕВРО	Клапан ускорительный под глушитель БЕЛОМО	2601.00	10	t	updated	1
500	6434	11.3515410 ПААЗ	Клапан четырехконтурный  г.Полтава	3111.00	10	t	updated	1
501	6435	64221-3537110 (8002)	Кран аварийного раст. 64221-3537110 БелОМО	1367.00	10	t	updated	1
502	6436	100.3537110	Кран аварийного растормаживания г.Полтава	1235.00	10	t	updated	1
503	6437	8099-3514108	Кран подпедальный КАМАЗ-6520 БелОМО	7691.00	10	t	updated	1
504	6438	8090-3514100	Кран подпедальный МАЗ (аналог WABKO 4613190080) БелОМО	8931.00	10	t	updated	1
505	6439	8099-3514108-10	Кран подпедальный Нефаз (снизу сапун кривой) БелОМО	6794.00	10	t	updated	1
506	6440	12.3520010 ПААЗ	Кран разобщительный 12.3520010 г.Полтава	911.00	10	t	updated	1
507	6441	14.3520010 ПААЗ	Кран разобщительный МТЗ ПААЗ	696.00	10	t	updated	1
508	6442	8708-3537310	Кран ручника Беломо ( аналог WABKO 961 723 100)	4142.00	10	t	updated	1
509	6443	100.3522110	КУТП-1 г.Полтава	4792.00	10	t	updated	1
510	6444	64221-3522010 (6024)	КУТП-2  Беларусь ЕВРО	5214.00	10	t	updated	1
511	6445	100.3522010	КУТП-2 г.Полтава	4315.00	10	t	updated	1
512	6446	11.3522008	КУТП-2 ЕВРО с клапаном обрыва г.Полтава	4760.00	10	t	updated	1
513	6447	5320-3514012	Педаль ГТК н/о в сборе	204.00	10	t	updated	1
514	6448	11.3512010 ПААЗ	РДВ 11.3512010 г.Полтава (МАЗ, КРАЗ,УРАЛ)	4871.00	10	t	updated	1
515	6449	11.3512010-10 ПААЗ	РДВ 11.3512010-10 г.Полтава  (КАМАЗ)	4488.00	10	t	updated	1
516	6450	11.3537310	Ручник (ЕВРО, 4 отв.) г.Полтава	3280.00	10	t	updated	1
517	6451	64221-3537310 (6029)-30	Ручник ЕВРО МАЗ БелОМО	2944.00	10	t	updated	1
518	6452	25-3511110-01	Влагоотделитель с РДВ  г.Рославль	7609.00	10	t	updated	1
519	6453	100-3521110-10	Головка автоматическая  г.Рославль	785.00	10	t	updated	1
520	6454	100-3521111-10	Головка автоматическая г.Рославль	785.00	10	t	updated	1
521	6455	100-3521111	Головка ПАЛМ  г.Рославль	713.00	10	t	updated	1
522	6456	100-3521110	Головка ПАЛМ  г.Рославль	713.00	10	t	updated	1
523	6457	100-3514008	ГТК г.Рославль	6581.00	10	t	updated	1
524	6458	100-3519210	Камера передняя тип 24  г.Рославль	2256.00	10	t	updated	1
525	6459	100-3519200	Камера тормозная 4310 тип 24х24 г.Рославль	5676.00	10	t	updated	1
526	6460	100-3519100	Камера тормозная 5320 тип 20х20  г.Рославль	4745.00	10	t	updated	1
527	6461	100.3519100-10 левые	Камера тормозная  5320 тип 20х20  г.Рославль	4812.00	10	t	updated	1
528	6462	100-3519100-30 правые	Камера тормозная  5320 тип 20х20  г.Рославль	4812.00	10	t	updated	1
529	6463	25-3519301	Камера тормозная  6520 тип 30/24 г.Рославль	7364.00	10	t	updated	1
530	6464	5 435 05 002 1СЕРБИЯ	Камера тормозная 5320 тип 20х20  РРТ	4925.00	10	t	updated	1
531	6465	100-3519310	Камера тормозная прицепа тип 30 г.Рославль	2227.00	10	t	updated	1
532	6466	100-3518110	Клапан  быстрого растормаживания РААЗ	1975.00	10	t	updated	1
533	6467	100-3515010	Клапан  защитный 1-й  г.Рославль	1540.00	10	t	updated	1
534	6468	100-3515110	Клапан  защитный 2-й  г.Рославль	2559.00	10	t	updated	1
535	6469	100-3515210	Клапан  защитный 3-й    г.Рославль	2910.00	10	t	updated	1
536	6470	100-3562010	Клапан 2-х магистральный  г.Рославль	862.00	10	t	updated	1
537	6471	100-3515510-20	Клапан защитный 4-х контурный РААЗ	3003.00	10	t	updated	1
538	6472	100-3515310 высок.	Клапан контрольного вывода  г.Рославль	385.00	10	t	updated	1
539	6473	100-3515310-01 мален.	Клапан контрольного вывода  г.Рославль	385.00	10	t	updated	1
540	6474	100-3534010	Клапан огран. давления  г.Рославль	2887.00	10	t	updated	1
541	6475	100-3518010	Клапан ускорительный   г.Рославль	2706.00	10	t	updated	1
542	6476	100-3518010-10	Клапан ускорительный ЕВРО г.Рославль	2811.00	10	t	updated	1
543	6477	100-3537110	Кран аварийного раст. 100-3537110 г.Рославль	1428.00	10	t	updated	1
544	6478	100-3514108-10	Кран подпедальный   100-3514108-10  г.Рославль	6394.00	10	t	updated	1
545	6479	100-3531008	Кран прицепа 100-3531008 г.Рославль	7019.00	10	t	updated	1
546	6480	100-3520010	Кран разобщительный 100-3520010  г.Рославль	1550.00	10	t	updated	1
547	6481	100-3513110	Кран слива  100-3513110 г.Рославль	340.00	10	t	updated	1
548	6482	100-3522110	КУТП-1 г.Рославль	5479.00	10	t	updated	1
549	6483	100-3522010	КУТП-2 г.Рославль	6409.00	10	t	updated	1
550	6484	25.3522210	КУТП-2 с клап. обрыва  г.Рославль	6042.00	10	t	updated	1
551	6485	100-3536010	ППЗ 100-3536010  г.Рославль	2675.00	10	t	updated	1
552	6486	100-3512010 упк.2 шт.	РДВ 100-3512010  г.Рославль	5677.00	10	t	updated	1
553	6487	100-3533010-10	Регулятор тормозных сил 100-3533010-10  г.Рославль	4902.00	10	t	updated	1
554	6488	100-3537010	Ручник 100-3537010 г.Рославль	4191.00	10	t	updated	1
555	6489	100-3537310	Ручник ЕВРО 100-3537310 г.Рославль	3366.00	10	t	updated	1
556	6490	100-3511310	Фильтр магистральный г.Рославль	1280.00	10	t	updated	1
557	6491	100-3570110	Цилиндр пневматический г.Рославль	1211.00	10	t	updated	1
558	6492	100-3570210	Цилиндр пневматический г.Рославль	1508.00	10	t	updated	1
559	6493	Металл	Фитинг MRUC (прямой) 15 мм.	176.00	10	t	updated	1
560	6493	Металл	Фитинг MRUC (прямой) 15 мм.	85.00	13	t	updated	1
561	6493	Металл	Фитинг MRUC (прямой) 15 мм.	105.00	13	t	updated	1
562	6493	Металл	Фитинг MRUC (прямой) 15 мм.	103.00	17	t	updated	1
563	6494	54115Ш-1301010-01 3-х	"Радиатор водяной ""CuproBraze"""	14000.00	10	t	updated	1
564	6495	740.21-1118310 длинная	Трубка подвода масла ТКР	160.00	10	t	updated	1
565	6496	7,5 м.	Шланг желто-красный  к-т.	240.00	10	t	updated	1
566	6497	5320-2511016	Шланг МОД (кривой) Казань	30.00	10	t	updated	1
567	6498	4310-3506442-10	Шланг тормозной 4310 задний г/г (пруж.)	82.00	10	t	updated	1
568	6499	4310-3506060	Шланг тормозной 4310 передний ш/г	76.00	10	t	updated	1
569	6500	560-1017004	Фильтр очистки масла 560 Штайр Колан	150.00	10	t	updated	1
570	6501	020-ФТ245-1117010 1/40	ФТОТ ЕВРО-3 Д-245 Д-243 синий г.Гродно	290.00	10	t	updated	1
571	6502	В 4391	Эл.фильтра воздушного ЕВРО-3 г.Гродно	1070.00	10	t	updated	1
572	6503	740-1109560	Эл.фильтра воздушный г.Гродно	850.00	10	t	updated	1
573	6504	7405-1109560	Эл.фильтра воздушный ЕВРО г.Гродно	950.00	10	t	updated	1
574	6505	В 4313 наружний	Эл.фильтра воздушный ЕВРО-2 г.Гродно	720.00	10	t	updated	1
575	6506	8421-1109080 МЭ	Эл.фильтра воздушный низкий МАЗ ЕВРО,ТУТАЙ г.Гродно	290.00	10	t	updated	1
576	6507	238Н-1109080	Эл.фильтра воздушный МАЗ  г.Гродно	358.00	10	t	updated	1
577	6508	240-1017040 (6 шт)	Эл.фильтра МАЗ масляный  г.Гродно м/с	42.00	10	t	updated	1
578	6509	740-1012040-10 м/с (6 шт)	Эл.фильтра масляный в метал.сетке г.Гродно	108.00	10	t	updated	1
579	6510	7405-1012040 м/с (6 шт)	Эл.фильтра масляный ЕВРО в метал.сетке г.Гродно	141.00	10	t	updated	1
580	6511	М 5334	Эл.фильтра масляный ниточный ЕВРО г.Гродно	126.00	10	t	updated	1
581	6512	740-1117040-10 м/с (13шт)	Эл.фильтра топливный в метал.сетке г.Гродно	68.00	10	t	updated	1
582	6513	740-1117040 уп.13шт.	Эл.фильтра топливный  г.Гродно	18.00	10	t	updated	1
583	6514	7405-1017040 ЭФМ703	Элемент масляного фильтра ЕВРО железный г.Ливны	960.00	10	t	updated	1
584	6515	21.3759-05(30А)	Конвертер 24/12 V г.Калуга	3598.00	10	t	updated	1
585	6516	612.3702-08	Регулятор напряжения в сб (7762)  г.Калуга	460.00	10	t	updated	1
586	6517	612.3702-05	Регулятор напряжения в сборе (3252,7762-02,7762-03)  г.Калуга	316.00	10	t	updated	1
587	6518	612.3702-06(в сб. с ЩУ)	Регулятор напряжения в сборе со щеточным узлом на ген. 4502  г.Калуга	180.00	10	t	updated	1
588	6519	621.3702-01(7332.3702)	Регулятор напряжения на генер. 40.3771,Г3000  г.Калуга	111.00	10	t	updated	1
589	6520	621.3702-02 (7342.3702)	Регулятор напряжения на генер. Г3000А  г.Калуга	105.00	10	t	updated	1
590	6521	13.3787-01 (7312.3777-02)	Реле блокировки стартера КамАЗ, Евро, Краз, ЗИЛ г.Калуга	120.00	10	t	updated	1
591	6522	718.3777	Реле поворота РС951А г. Калуга	665.00	10	t	updated	1
592	6523	ЩСК 2 (МГС5) (12х32х20)	Щетки для стартера с контактами и изолированными выводами г.Калуга	330.00	10	t	updated	1
593	6524	5320-2205011-03	Вал карданный кв.фланец дл.983 мм.	4300.00	10	t	updated	1
594	6525	5511-2205011-12	Вал карданный кв.фланец дл.818 мм.	4300.00	10	t	updated	1
595	6197	15-1772010	Воздухораспределитель делителя КПП	2285.00	20	t	updated	1
596	6526	53212-3400020	ГУР	4000.00	10	t	updated	1
597	6527	55111-2912012-02 ЕВРО	Рессора задняя 55111	14500.00	10	t	updated	1
598	6528	7403-1115050	Прокладка впускного коллектора	29.00	10	t	updated	1
599	6530	11.2905005-53 (в уп.2шт.)	Амортизатор п/кабину  г.Гродно 90/271	1750.00	10	t	updated	2
600	6531	11.6809010	Амортизатор п/сиденье  г.Гродно 110/200(шток 12,цилиндр 30)	1721.00	10	t	updated	2
601	6532	4310-2905006 300/485	Амортизатор передней подвески  г.Гродно	6899.00	10	t	updated	2
602	6533	53212-2905006-02 Пластм.	Амортизатор передней подвески  г.Гродно 275/460	3670.00	10	t	updated	2
603	6534	53212-2905006-01 Метал.	Амортизатор передней подвески  г.Гродно 275/460	5623.00	10	t	updated	2
604	6535	50.4.2905005 245/450	Амортизатор Икарус г. Гродно	5000.00	10	t	updated	2
605	6536	152-2905006-11(230/450)	Амортизатор ЛИАЗ УКРАИНА	1600.00	10	t	updated	2
606	6537	50.2.2905005 325/500	Амортизатор МАЗ, КАМАЗ 6520 г. Гродно 325/500	4009.00	10	t	updated	2
607	6538	50.6.2905005 230/450	Амортизатор НЕФАЗ, ЛИАЗ г.Гродно	4140.00	10	t	updated	2
608	6539	50.5.2905005   (300/475)	Амортизатор УРАЛ, КРАЗ, (43118)  300/475 г. Гродно	3980.00	10	t	updated	2
609	6540	100-3519010-01	Камера передняя тип 16 ЗИЛ  (ход штока 58мм)	1050.00	10	t	updated	2
610	6541	100-3519010-11	Камера передняя тип 16 ЗИЛ длинн. шток г.Гродно (шток 88мм)	1060.00	10	t	updated	2
611	6542	24.3519010-01 корот. шток	Камера передняя тип 24 г.Гродно L=2.5cм	1070.00	10	t	updated	2
612	6543	24.3519010-11	Камера передняя тип 24 г.Гродно L=5,5	2879.00	10	t	updated	2
613	6544	24.3519200-04	Камера тормозная (4310), МАЗ 24/24  г.Гродно	13857.00	10	t	updated	2
614	6545	20.3519100-02	Камера тормозная (5320) 20/20 г.Гродно	5476.00	10	t	updated	2
615	6546	12.3519110-01	Камера тормозная тип 12/20 с энергоаккумулятором ЛИАЗ  г. Гродно	5150.00	10	t	updated	2
616	6547	18.3519110	Камера тормозная тип 20 МАЗ (шток 57 мм)  г. Гродно	2794.00	10	t	updated	2
617	6548	30.3519010	Камера тормозная тип 30 МАЗ, КРАЗ г. Гродно (шток 58 мм) (19.3519310-02)	1350.00	10	t	updated	2
618	6549	30.3519200	Камера тормозная тип 30/24 КАМАЗ 6520 г.Гродно	6939.00	10	t	updated	2
619	6550	30.3519300-10	Камера тормозная тип 30/30 г.Гродно	15183.00	10	t	updated	2
620	6551	П40.1.2905005  (4310)	Амортизатор п/п КАМАЗ метал. Первоуральск	2811.00	10	t	updated	2
621	6552	П50.6-2905005 245х450	Амортизатор НЕФАЗ метал. (ПААЗ)	3980.00	10	t	updated	2
622	6553	А2-245/450.2905006(152)	Амортизатор Икарус, НЕФАЗ г.Барановичи	4500.00	10	t	updated	2
623	6554	А1-275/460.2905006(22)	Амортизатор КАМАЗ усил., ПАЗ г.Барановичи	4119.00	10	t	updated	2
624	6555	А1-237/412.2905006-41	Амортизатор п/прицеп МАЗ г.Барановичи	4500.00	10	t	updated	2
625	6556	А1-275/450.2905006	Амортизатор КАМАЗ 4308 г.Барановичи	4175.00	10	t	updated	2
626	6557	54327-2915006-10	Амортизатор МАЗ г.Барановичи 315/500	4500.00	10	t	updated	2
627	6558	54327-2915006-50	Амортизатор МАЗ г. Барановичи 240/425	4500.00	10	t	updated	2
628	6559	54327-2915006-30	Амортизатор МАЗ г.Барановичи 265/450	4500.00	10	t	updated	2
629	6560	А2-230/450.2905006(152)	Амортизатор ЕВРО, ЛиАЗ,НЕФАЗ(5460) г.Барановичи	4500.00	10	t	updated	2
630	6561	54327-2915006-60	Амортизатор МАЗ 190/425	4500.00	10	t	updated	2
631	6562	А1-325/500.2905006-11	Амортизатор МАЗ, КАМАЗ 6520 г.Барановичи	4100.00	10	t	updated	2
632	6563	54327-2915006-20	Амортизатор МАЗ (290/475)	3229.00	10	t	updated	2
633	6564	А1-300/475.2905006-21	Амортизатор УРАЛ,КРАЗ г.Барановичи перед. ушки 5460, пласт.кожух	4001.00	10	t	updated	2
634	6565	ДГ 25.3913010	Домкрат 25т. г.Барановичи	20061.00	10	t	updated	2
635	6566	42-3708600	Бендикс Волга, Газель, УАЗ, 402 дв. г.Борисов	775.00	10	t	updated	2
636	6567	42-3708600-10	Бендикс Волга, Газель 406 дв. г. Борисов	672.00	10	t	updated	2
637	6568	425-3708600	Бендикс ВАЗ-2101-07, 2121 г. Борисов	590.00	10	t	updated	2
638	6569	7402.3708600	Бендикс г. Борисов	1060.00	10	t	updated	2
639	6570	СТ230-3708600-01	Бендикс большой ГАЗ-53, ПАЗ, ГАЗ-66 г.Борисов	819.00	10	t	updated	2
640	6571	СТ230К-3708600-01	Бендикс ЗИЛ , СТ230К4 г.Борисов	869.00	10	t	updated	2
641	6572	3242-3771-10	Генератор 28В,110А ,10 руч.ш ев-3 г.Борисов	11466.00	10	t	updated	2
642	6573	3232.3771000	Генератор 3232 Дв.ЯМЗ-236,-238, КАМАЗ-740 и их модиф.60А г.Борисов	6261.00	10	t	updated	2
643	6574	3252.3771000	Генератор МАЗ ОАО БАТЭ 28В. 90А	8910.00	10	t	updated	2
644	6575	3232.3771000-10	Генератор  МАЗ, МТЗ, ММЗ(ЕВРО-2) Д-245(Д-245.30Е-715,-716) 28В 60А г.Борисов	8271.00	10	t	updated	2
645	6576	СТ 2А-3708150	Обмотка	1436.00	10	t	updated	2
646	6577	7402-3708120	Обмотка стартера	1723.00	10	t	updated	2
647	6578	СТ230-3708110	Обмотка стартера (большая)	1898.00	10	t	updated	2
648	6579	422.3708 (42.3708-10)	Обмотка стартера 402 дв. г.Борисов г.Борисов	1247.00	10	t	updated	2
649	6580	422.3708800	Реле втягивающее малое в коробке ГАЗ, УАЗ (402, 406 дв)г. Борисов	1543.00	10	t	updated	2
650	6581	74.3708800 (12В)	Реле втягивающее г. Борисов	2408.00	10	t	updated	2
651	6582	7402-3708800 (24В)	Реле втягивающее ММЗ Д-243,-245 г.Борисов	2408.00	10	t	updated	2
652	6583	СТ142М-3708800	Реле втягивающее ММЗ Д-243,-245,-260 (12В) г. Борисов	3038.00	10	t	updated	2
653	6584	СТ142Н-3708800	Реле втягивающее ММЗ Д245,-260 (24В) г.Борисов	3105.00	10	t	updated	2
654	6585	СТ230А-3708800	Реле втягивающее ГАЗ-53 в сб.с крышкой г. Борисов	2057.00	10	t	updated	2
655	6586	СТ230Б-3708800-10	Реле втягивающее большое в коробке  СТ230Б4, СТ230А1 г. Борисов	1965.00	10	t	updated	2
656	6587	СТ230Б2-3708800-10	Реле втягивающее (СТ230К1, СТ230К4) г. Борисов	1707.00	10	t	updated	2
657	6588	2107.370810-01	Стартер ВАЗ 2101-07 на магнитах г.Борисов	5385.00	10	t	updated	2
658	6589	2109.3708010-01	Стартер ВАЗ 2108-09 на магнитах г.Борисов	5385.00	10	t	updated	2
659	6590	3002.3708000	Стартер 3002.3708000 ГАЗ 3306-3309-66  24В 7,7КВ	21193.00	10	t	updated	2
660	6591	426.3708000	Стартер 426 ВАЗ 2108-09 с обмоткой г.Борисов	6958.00	10	t	updated	2
661	6592	5404-3708000 (24В 5,2кВт)	Стартер 5404 редукт. ММЗ-243,245(аналог 230Р0,7402,142Н) г.Борисов	14429.00	10	t	updated	2
662	6593	5112-3708000 (12В 1,8кВт)	Стартер ГАЗ УАЗ с редуктором  г. Борисов	6983.00	10	t	updated	2
663	6594	6502.3708000-01(12В1,8кВт	Стартер ГАЗ, УАЗ с редуктором	6403.00	10	t	updated	2
664	6595	СТ230К4-3708000 (12В)	Стартер СТ230К4 ЗИЛ-130, ЛАЗ, ЛиАЗ г. Борисов	9597.00	10	t	updated	2
665	6596	СТ230Р-3708200	Якорь стартера ММЗ-Д243,Д245 г.Борисов	3030.00	10	t	updated	2
666	6597	RS.96640.02.02 L=418 mm	43114-2202011-01 Вал карданный TIRSAN	18248.00	10	t	updated	2
667	6598	65101-2205010 L=1582	Вал карданный КРАЗ	12310.00	10	t	updated	2
668	6599	501-2203010-07 L=1688+58	Вал карданный МАЗ	9634.00	10	t	updated	2
669	6600	503-2201010-15 L=1126	Вал карданный МАЗ	9230.00	10	t	updated	2
670	6601	4310-2202011-02	Вал карданный кв.фланец L=409mm	22143.00	10	t	updated	2
671	6602	4310-2203011-01 Н/О	Вал карданный  кв.фл. L=1136mm	22640.00	10	t	updated	2
672	6603	4310-2205011-04	Вал карданный круг.фланец L=727mm	31449.00	10	t	updated	2
673	6604	43114-2202011-01	Вал карданный торц.шлицы L=418mm	42562.00	10	t	updated	2
674	6605	43114-2203011	Вал карданный торц.шлицы L=1127mm	34128.00	10	t	updated	2
675	6606	43114-2205011	Вал карданный торц.шлицы L=699mm	38691.00	10	t	updated	2
676	6607	43118-2202011-31	Вал карданный торц.шлицы L=440+34mm	41769.00	10	t	updated	2
677	6608	43118-2203011-30	Вал карданный торц.шлицы L=1305mm	39783.00	10	t	updated	2
678	6609	43118-2203011-31	Вал карданный 43118-2203011-31 L=1285 mm	52220.00	10	t	updated	2
679	6610	5320-2201011-03 М/О	Вал карданный кв.фланец L=724mm	20400.00	10	t	updated	2
680	6611	5320-2205011-04	Вал карданный кв.фланец L=983mm	28500.00	10	t	updated	2
681	6612	5320-2205011-33(34)	Вал карданный круг.фланец L=990mm	15000.00	10	t	updated	2
682	6613	53205-2201011-10 М/О	Вал карданный торц.шлицы L=709mm	33370.00	10	t	updated	2
683	6614	53205-2205011-10 ОСНОВНОЙ	Вал карданный торц.шлицы L=955mm	38301.00	10	t	updated	2
684	6615	53212-2205011-03	Вал карданный кв.фланец L=1483mm	25200.00	10	t	updated	2
685	6616	53212-2205011-95	Вал карданный круг.фланец L=1377mm	15000.00	10	t	updated	2
686	6617	53213-2205011-02	Вал карданный круг.фланец L=1666mm	15692.00	10	t	updated	2
687	6618	53215-2205011-10	Вал карданный торц.шлицы L=1450mm	35995.00	10	t	updated	2
688	6619	53254-2201011-02	Вал карданный круг.фланец L=1057mm	14000.00	10	t	updated	2
689	6620	5410-2205011-04	Вал карданный кв.фланец L=638mm	28400.00	10	t	updated	2
690	6621	54105-2205011-10	Вал карданный торц.шлицы L=629mm	37180.00	10	t	updated	2
691	6622	54112-2205011-02	Вал карданный круг.фланец L=646mm	31641.00	10	t	updated	2
692	6623	5511-2205011-13	Вал карданный кв.фланец L=818mm	28600.00	10	t	updated	2
693	6624	55111-2205011-11	Вал карданный круг.фланец L=821mm	21671.00	10	t	updated	2
694	6625	6520Г-2201011-11	Вал карданный КАМАЗ межосевой БЕЛКАРД L=701mm	47599.00	10	t	updated	2
695	6626	6520Г-2205011-10	Вал карданный КАМАЗ основной БЕЛКАРД L=1425mm	66000.00	10	t	updated	2
696	6627	375-2201010-04 L=880+92	Вал карданный УРАЛ межосевой	12946.00	10	t	updated	2
697	6628	375-2202010-03 L=436+29	Вал карданный УРАЛ основной	26209.00	10	t	updated	2
698	6629	375-2203010-05 L=1167+90	Вал карданный УРАЛ перед.мост	19278.00	10	t	updated	2
699	6630	375-2205010-04 L=1262+60	Вал карданный УРАЛ средний мост	21956.00	10	t	updated	2
700	6631	4320-2201010-03 L=821+92	Вал карданный УРАЛ межосевой	17994.00	10	t	updated	2
701	6632	4320-2205010-02 L=1192+60	Вал карданный УРАЛ средний мост	23044.00	10	t	updated	2
702	6633	5320-2201023	Вилка фланец 5320-2201023 межосевая	3441.00	10	t	updated	2
703	6634	6520-2201023	Вилка фланец 6520-2201023	10345.00	10	t	updated	2
704	6635	5320-2205023-10 Н/О	Вилка фланец Н/О	4565.00	10	t	updated	2
705	6636	У 4310-2203011-01	Вал карданный (1136 мм)	13992.00	10	t	updated	2
706	6637	У 375-2203010-05	Вал карданный (1167 мм)	14027.00	10	t	updated	2
707	6638	У 43118-2203011-31	Вал карданный (1285мм)	24318.00	10	t	updated	2
708	6639	У 43118-2203011-30	Вал карданный (1305 мм)	22234.00	10	t	updated	2
709	6640	У 43118-2205011	Вал карданный (1322мм)	27800.00	10	t	updated	2
710	6641	У 6520-2205011-10	Вал карданный (1425 мм)	36975.00	10	t	updated	2
711	6642	У 53215-2205011-10	Вал карданный (1454 мм)	32848.00	10	t	updated	2
712	6643	У 53212-2205011-03	Вал карданный (1483 мм)	16055.00	10	t	updated	2
713	6644	У 43118-2202011-10	Вал карданный (585 мм)	33465.00	10	t	updated	2
714	6645	У 54105-2205011-10	Вал карданный (629 мм)	29842.00	10	t	updated	2
715	6646	У 5410-2205011-04	Вал карданный (638 мм)	15333.00	10	t	updated	2
716	6647	У 6520Г-2201011-11	Вал карданный (701 мм)	22999.00	10	t	updated	2
717	6648	У 53205-2201011-10	Вал карданный (709 мм)	28088.00	10	t	updated	2
718	6649	У 5511-2205011-13	Вал карданный (818 мм)	15133.00	10	t	updated	2
719	6650	У 53205-2205011-10	Вал карданный (955 мм)	33580.00	10	t	updated	2
720	6651	У 5320-2201011-01	Вал карданный межосевой  (724 мм)	12466.00	10	t	updated	2
721	6652	У 43114-2203011	Вал карданный торц.шл. L=1127mm	27238.00	10	t	updated	2
722	6653	У 43114-2202011-01	Вал карданный торц.шл. L=418mm	20175.00	10	t	updated	2
723	6654	У 4320-2201010-03	Вал карданный УРАЛ м/о (821мм)	16704.00	10	t	updated	2
724	6655	740-1006037	Втулка распредвала	163.00	10	t	updated	2
725	6656	740-1006026-02 1 шт.	Втулка распредвала	121.00	10	t	updated	2
726	6657	740.21-1006037	Втулка распредвала ЕВРО	171.00	10	t	updated	2
727	6658	740-1004052	Втулка шатуна	159.00	10	t	updated	2
728	6659	5320-6105020-10	Замок двери правый г.Димитровград	849.00	10	t	updated	2
729	6660	5320-8406010	Замок панели в сборе г.Димитровград	173.00	10	t	updated	2
730	6661	236-1000102-00	К--т вкладышей коренной Р0 МАЗ 236	2038.00	10	t	updated	2
731	6662	236-1000102-01	К--т вкладышей коренной Р1 МАЗ 236	2021.00	10	t	updated	2
732	6663	236-1000102-02	К--т вкладышей коренной Р2 МАЗ 236	2062.00	10	t	updated	2
733	6664	236-1000102-06	К--т вкладышей коренной Р6 МАЗ 236	1876.00	10	t	updated	2
734	6665	238-1000102-00 Б2	К--т вкладышей МАЗ 238 коренной Р0	2491.00	10	t	updated	2
735	6666	238-1000102-01 Б2	К--т вкладышей МАЗ 238 коренной Р1	2599.00	10	t	updated	2
736	6667	238-1000104-00	К--т вкладышей МАЗ 238 шатунный Р0	2810.00	10	t	updated	2
737	6668	238-1000104-01	К--т вкладышей МАЗ 238 шатунный Р1	2760.00	10	t	updated	2
738	6669	238-1000104-02	К--т вкладышей МАЗ 238 шатунный Р2	2879.00	10	t	updated	2
739	6670	7405-1000102-00 10шт. уп.	К--т вкладышей Р0 коренной	2215.00	10	t	updated	2
740	6671	7405-1000102-01	К--т вкладышей Р1 коренной	2087.00	10	t	updated	2
741	6672	7405-1000102-02	К--т вкладышей Р2 коренной	2087.00	10	t	updated	2
742	6673	7405-1000102-03	К--т вкладышей Р3 коренной	2006.00	10	t	updated	2
743	6674	7405-1000102-04	К--т вкладышей Р4 коренной	2305.00	10	t	updated	2
744	6675	7405-1000102-05	К--т вкладышей Р5 коренной	2087.00	10	t	updated	2
745	6676	7405-1000102-06	К--т вкладышей Р6 коренной	2087.00	10	t	updated	2
746	6677	7405-1000102-07	К--т вкладышей Р7 коренной	2006.00	10	t	updated	2
747	6678	7405-1000104-00  9 шт.уп.	К-т вкладышей Р0  шатунный	2979.00	10	t	updated	2
748	6679	7405-1000104-01	К-т вкладышей Р1  шатунный	2810.00	10	t	updated	2
749	6680	7405-1000104-02	К-т вкладышей Р2  шатунный	2810.00	10	t	updated	2
750	6681	7405-1000104-03	К-т вкладышей Р3  шатунный	1050.00	10	t	updated	2
751	6682	7405-1000104-04	К-т вкладышей Р4  шатунный	970.00	10	t	updated	2
752	6683	7405-1000104-05	К-т вкладышей Р5  шатунный	888.00	10	t	updated	2
753	6684	7405-1000104-06	К-т вкладышей Р6  шатунный	3050.00	10	t	updated	2
754	6685	7405-1000104-07	К-т вкладышей Р7  шатунный	786.00	10	t	updated	2
755	6686	236-1000104-00 В2	К-т вкладышей шатунный Р0 МАЗ 236	2108.00	10	t	updated	2
756	6687	236-1000104-01 В2	К-т вкладышей шатунный Р1 МАЗ 236	2097.00	10	t	updated	2
757	6688	5320-6105081	Привод замка двери лев. г.Димитровград	97.00	10	t	updated	2
758	6689	5320-6105080	Привод замка двери пр.г.Димитровград	97.00	10	t	updated	2
759	6690	5320-6105180	Ручка двери внутренняя г.Димитровград	224.00	10	t	updated	2
760	6691	5320-6105040	Ручка двери наружная к-т г.Димитровград	1122.00	10	t	updated	2
761	6692	5320-6104060	Ручка стеклоподъемника  г.Димитровград	146.00	10	t	updated	2
762	6693	53205-6104011-00	Стеклоподъемник двери  ЕВРО левый	1400.00	10	t	updated	2
763	6694	53205-6104010-00	Стеклоподъемник двери ЕВРО правый	794.00	10	t	updated	2
764	6695	5320-1108120-12	Тяга руч.управл.акселерат  (трос газа) г.Димитровград	214.00	10	t	updated	2
765	6696	5320-1108130	Тяга ручной остановки двигателя длинн. г.Димитровград	103.00	10	t	updated	2
766	6697	5320-6105035-10	Фиксатор замка левый г.Димитровград	351.00	10	t	updated	2
767	6698	5320-6105034-10	Фиксатор замка правый г.Димитровград	329.00	10	t	updated	2
768	6699	6562-3701000	Генератор 6562 КАМАЗ 4310 90А г.Самара	9910.00	10	t	updated	2
769	6700	6582-3701000-02 М	Генератор 6582 КАМАЗ Евро 80А  2-х руч. г.Самара	10628.00	10	t	updated	2
770	6701	6582-3701000-04 ГЧ	Генератор 6582 с широким шкивом ЕВРО г.Самара	9710.00	10	t	updated	2
771	6702	6582-3701000-04 М	Генератор 6582 с широким шкивом ЕВРО г.Самара	10361.00	10	t	updated	2
772	6703	AAN5182 Искра	Генератор Iskra ААN5182 24v80A Евро (аналог7762,4502,3782)	10200.00	10	t	updated	2
773	6704	Г273В1 НОВЫЙ	Генератор Г 273В1-3701000-03 (28В 50А) г.Самара	6170.00	10	t	updated	2
774	6705	Г273В1-03М 80А	Генератор Г273В1-03М КАМАЗ, МАЗ 80А г. Самара	6069.00	10	t	updated	2
775	6706	Г288Е-3701000	Генератор Г288Е 28 В 47А  г.Самара	10960.00	10	t	updated	2
776	6707	7762-3701-03  (76А)	Генератор МАЗ,Урал с дв. ЯМЗ Евро 2,3 г.Самара	5406.00	10	t	updated	2
777	6708	БПВ46-65-02Б	Диодный мост Г273В1	408.00	10	t	updated	2
778	6709	БПВ 7-100-02	Диодный мост генератора 288,6562	459.00	10	t	updated	2
779	6710	БПВ 17-100-02	Диодный мост генератора 6582 ЕВРО	1155.00	10	t	updated	2
780	6711	668.3701200-10	Ротор на Г 273В1-03  (50А)	2138.00	10	t	updated	2
781	6712	Г-40.3771	Ротор ФЭГТ 2000.015	1224.00	10	t	updated	2
782	6713	Г65.3701100	Статор генератора 6562 (90А), 6582 (80А)	2637.00	10	t	updated	2
783	6714	Г273-3701100	Статор генератора Г273В1 коопер. Самара (45А)	1408.00	10	t	updated	2
784	6715	Г288-3701100	Статор генератора Г288 (47А)	2301.00	10	t	updated	2
785	6716	669.3701100-10	Статор на Г 273В1-03  (на 50А)	1347.00	10	t	updated	2
786	6717	Г273-3701010 А ЗАВОД	Щеткодержатель генератора	509.00	10	t	updated	2
787	6718	6582-3701010 ЗАВОД	Щеткодержатель ЕВРО	505.00	10	t	updated	2
788	6719	4501.3771-53	Генератор ( аналог 4001-53) (АТЭ-1) 28В 80А	10702.00	10	t	updated	2
789	6720	1312.3771 Т	Генератор 1312.3771 (аналог  Г273В1) 28В 60А КАМАЗ, МАЗ	5631.00	10	t	updated	2
790	6721	1322.3771 Т	Генератор 1322.3771 (аналог Г273В2) 28В 50А МАЗ	5508.00	10	t	updated	2
791	6722	1702.3771 Т	Генератор 1702.3771 (аналог Г288Е) 28В 50А КАМАЗ, МАЗ, КРАЗ	7733.00	10	t	updated	2
792	6723	3112.3771	Генератор 3112.3771  28В 80А МАЗ (7511)  (2-х руч.)	6758.00	10	t	updated	2
793	6724	3122.3771	Генератор 3122.3771 2-х руч. 28В 80А (аналог 6582-02) КАМАЗ	9180.00	10	t	updated	2
794	6725	3142.3771	Генератор 3142.3771 (аналог Г4001-53) КАМАЗ Евро широкий шкив	10185.00	10	t	updated	2
795	6726	4502.3771Т	Генератор 4502.3771 широкий рем. (аналог 7762) 28В 80А КАМАЗ ЕВРО-2,-3	7926.00	10	t	updated	2
796	6727	4512.3771Т	Генератор 4512.3771 28В 90А МАЗ ЕВРО-3  широкий шкив	8638.00	10	t	updated	2
797	6728	3142.3771-10	Генератор 740.30, 740.31, креп.10мм.6 руч, 28В 90А	9244.00	10	t	updated	2
798	6729	3142.3771-20	Генератор 740.30, 740.31, креп.10мм.8 руч, 28В 90А	9007.00	10	t	updated	2
799	6730	4542.3771-20 28В 120А	Генератор КАМАЗ  Евро-4,5  8 руч ПРАМО	10782.00	10	t	updated	2
800	6731	4542.3771	Генератор КАМАЗ ЕВРО-3  28В 90А широкий шкив, пятипиновый разъем	9015.00	10	t	updated	2
801	6732	4522.3771-10 28В 80А	Генератор КАМАЗ ЕВРО-3,4 10-ти ручейковый	8548.00	10	t	updated	2
802	6733	3112.3771-01 Т 80А	Генератор средний	8303.00	10	t	updated	2
803	6734	ПРАМО 16 тонн	Домкрат гидр.бут. 16т, 230-465 мм	1505.00	10	t	updated	2
804	6735	ПРАМО 30 тонн	Домкрат гидр.бут. 30т, 240-370 мм	3887.00	10	t	updated	2
805	6736	4502.3771.100-01	Статор на 4502,4212(10),4522(10),4532(10),4542	2981.00	10	t	updated	2
806	6737	4502.3771.060	Щеткодержатель с регулятором	271.00	10	t	updated	2
807	6738	503-3405010-10	Гидроусилитель МАЗ	52514.00	10	t	updated	2
808	6739	453198.237 ШНКФ	Гидроцилиндр подъема запасного колеса КАМАЗ г.Борисов	15110.00	10	t	updated	2
809	6740	4310-3400020-03	ГУР  КАМАЗ г.Борисов	110160.00	10	t	updated	2
810	6741	4310-3400020-01	ГУР  КАМАЗ г.Борисов	107100.00	10	t	updated	2
811	6742	453461.425-01 ШНКФ	ГУР КамАЗ 4308, 4326, 6520 (двухосн., трехосные)	120502.00	10	t	updated	2
812	6743	4310-3407200-21	Насос ГУРа  КАМАЗ (усил.)18*1,5 внутр г.Борисов	18092.00	10	t	updated	2
813	6744	4310-3407200-01	Насос ГУРа  КАМАЗ г.Борисов	17769.00	10	t	updated	2
814	6745	130-3407199	Насос ГУРа (без бачка и шкива) г.Борисов	13249.00	10	t	updated	2
815	6746	130-3407200-а	Насос ГУРа 130-3407200-а ЗИЛ г.Борисов	17004.00	10	t	updated	2
816	6747	6520-3407200 г.Елец	Насос ГУРа 6520 г.Елец	21719.00	10	t	updated	2
817	6748	4310-3407200-02 г. Елец	Насос ГУРа КАМАЗ (наружн.резьба)	17850.00	10	t	updated	2
818	6749	4310-3407200-11	Насос Гура Камаз левого вращения г.Борисов	18576.00	10	t	updated	2
819	6750	256б-3407199-01	Насос ГУРа КРАЗ, Урал, МАЗ  г.Борисов	15226.00	10	t	updated	2
820	6751	458662.250 ШНКФ	Насос МОК  в упаковке г.Борисов КАМАЗ, МАЗ (182.5004010-11)	21284.00	10	t	updated	2
821	6752	5320-3407244	Р/К Насос ГУРа г.Борисов	3570.00	10	t	updated	2
822	6753	453479.011 ШНКФ	Р/К Насос Гура 453471.021 ШНКФ	2236.00	10	t	updated	2
823	6754	453198.214 ШНКФ	Цилиндр МОК (с трубкой) 43114-5003014 КАМАЗ г.Борисов	20225.00	10	t	updated	2
824	6755	453198.210 ШНКФ	Цилиндр МОК КАМАЗ г.Борисов	18527.00	10	t	updated	2
825	6756	110б-3811010(30А)	Амперметр (30А)	815.00	10	t	updated	2
826	6757	111б-3811010(50А)	Амперметр (50А) Владимр	535.00	10	t	updated	2
827	6758	ВК318Б	Выключатель ВК318Б механч. Старый Оскол	281.00	10	t	updated	2
828	6759	1410.3737 4 шт.	Выключатель массы электр.	2125.00	10	t	updated	2
829	6760	1400.3737 24В 50А	Выключатель массы КамАз-6520(крышка текстолит)	1759.00	10	t	updated	2
830	6761	5212.3827	Датчик  бензобака 500л. г.Владимир	740.00	10	t	updated	2
831	6762	ММ 125Д	Датчик  выкл.пневмат.сигнала торможения г.Пенза	43.00	10	t	updated	2
832	6763	5320-3829030 ММ 111(2602)	Датчик аварийного давления масла г.Владимир	82.00	10	t	updated	2
833	6764	5320-3708500-00	Замок зажигания ВК-353 г.Санкт-Петербург	899.00	10	t	updated	2
834	6765	1902.3704	Замок зажигания ЕВРО (камаз)	497.00	10	t	updated	2
835	6766	МЭ 307	Привод спидометра г.Самара	1302.00	10	t	updated	2
836	6767	8602.3777	Реле блокировки стартера РБС г.Пенза	74.00	10	t	updated	2
837	6768	РС 951А.372610 (37 уп)	Реле поворота  г.Владимир	1216.00	10	t	updated	2
838	6769	27.5205700-02	Рычаг стеклоочистителя шт	130.00	10	t	updated	2
839	6770	80С	Термостат ТС 108.1306100-01М ГАЗ 53, ПАЗ	180.00	10	t	updated	2
840	6771	(30 уп)80С	Термостат ТС 107.1306100-01М набор 2+1 КАМАЗ	578.00	10	t	updated	2
841	6770	80С	Термостат ТС 108.1306100-01М ГАЗ 53, ПАЗ	210.00	22	t	updated	2
842	6772	272.5205500	Тяга	392.00	10	t	updated	2
843	6773	УБ 170	Указатель уровня топлива г. Октябрьский	210.00	10	t	updated	2
844	6774	27.5205800-02 М	Щетка  г.Ставрово к-т	155.00	10	t	updated	2
845	6775	740-1029154	Вал ведомой шестерни	760.00	10	t	updated	2
846	6776	5320-2502201 г.Курган	Вал промежуточный среднего моста	1100.00	10	t	updated	2
847	6777	14-1702027	Вилка перекл. 2-3 пер.КПП ОАО КАМАЗ	920.00	10	t	updated	2
848	6778	15-1771094	Вилка перекл.делителя КПП ОАО КАМАЗ	1640.00	10	t	updated	2
849	6779	5320-2919040	Вкладыш реактивной штанги	34.00	10	t	updated	2
850	6780	5297-3414066	Вкладыш наконечника верхний	847.00	10	t	updated	2
851	6781	5320-3414067	Вкладыш наконечника нижний ОАО КАМАЗ	305.00	10	t	updated	2
852	6782	5511-2919034	Вкладыш реактивного пальца (толстый) ОАО КАМАЗ	499.00	10	t	updated	2
853	6783	15-1772010	Воздухораспределитель делителя КПП	246.75	10	t	updated	2
854	6784	740-1005133	Втулка маховика	180.00	10	t	updated	2
855	6785	5320-2502029	Втулка распорная	463.00	10	t	updated	2
856	6786	154-1701282	Втулка шестерни 1-ой передачи	1650.00	10	t	updated	2
857	6787	853550	Гайка конич.шестерни среднего моста	345.00	10	t	updated	2
858	6788	5425-3101040	Гайка пер. колеса ЕВРО ОАО КАМАЗ	48.00	10	t	updated	2
859	6789	5320-2502063	Гайка подшипника в сборе ОАО КАМАЗ	330.00	10	t	updated	2
860	6790	53205-2403040	Гайка подшипника дифер.бугельная ОАО КАМАЗ	630.00	10	t	updated	2
861	6791	4310-3103076	Гайка подшипника ступицы 4310 ОАО КАМАЗ	320.00	10	t	updated	2
862	6792	853567	Гайка сошки Гура	215.00	10	t	updated	2
863	6793	5320-3703058	Гнездо АКБ ОАО КАМАЗ ( без крышки)	3500.00	10	t	updated	2
864	6794	6520-3501090	Колодка тормозная в сб.ОАО КАМАЗ	3952.00	10	t	updated	2
865	6795	5320-1109384	Колпак воздухозаборника ОАО КАМАЗ	830.00	10	t	updated	2
866	6796	55118-1109384	Колпак воздухозаборника в сборе	815.00	10	t	updated	2
867	6797	14-1701096	Кольцо маслонагнетательное ОАО КАМАЗ	415.00	10	t	updated	2
868	6798	15-1772132-10	Кран управления делителем(нов.обр.) ОАО КАМАЗ	2040.00	10	t	updated	2
869	6799	5320-2905535	Кронштейн амортизатора левый	680.00	10	t	updated	2
870	6800	5320-2905534	Кронштейн амортизатора правый	680.00	10	t	updated	2
871	6801	5320-2509053	Муфта блокировки МОД ОАО КАМАЗ	810.00	10	t	updated	2
872	6802	14-1701580	Муфта с втулкой (к-т)	2000.00	10	t	updated	2
873	6803	5320-3501133	Накладка оси тормозных колодок ОАО КАМАЗ	86.00	10	t	updated	2
874	6804	740.11-1011014	Насос масляный без шестерни ЕВРО	7365.00	10	t	updated	2
875	6805	740-1308110	Натяжитель ремня	2355.00	10	t	updated	2
876	6806	53205-2806117	Палец буксирной вилки ОАО КАМАЗ	705.00	10	t	updated	2
877	6807	5320-8401012-00	Панель облицовочная верхняя ОАО КАМАЗ	2943.00	10	t	updated	2
878	6808	5320-8401120	Панель облицовочная нижняя ОАО КАМАЗ	7500.00	10	t	updated	2
879	6809	53205-8401120-00	Панель облицовочная нижняя ЕВРО ОАО КАМАЗ	6200.00	10	t	updated	2
880	6810	5320-5301046	Панель передка боковая съемная ОАО КАМАЗ	1620.00	10	t	updated	2
881	6811	5320-5301047	Панель передка боковая съемная ОАО КАМАЗ	880.00	10	t	updated	2
882	6812	5320-5399005-00	Панель с обтекателем левая в сборе ОАО КАМАЗ	1570.00	10	t	updated	2
883	6813	5320-5399004-00	Панель с обтекателем правая в сборе ОАО КАМАЗ	1570.00	10	t	updated	2
884	6814	740-1000128-1839	Поршневая ч/б с пальцем ОАО КАМАЗ (поршнекомплект)	8000.00	10	t	updated	2
885	6815	ЕВРО- 3	Р/К водяного насоса в сборе ЕВРО-3 НАШ	1320.00	10	t	updated	2
886	6816	740-1011014-30	Р/К масляного насоса полный	825.00	10	t	updated	2
887	6817	5320-3501109	Ролик (тормозмой колодки) ОАО КАМАЗ	105.00	10	t	updated	2
888	6818	5320-2402046	Стакан подшипников ОАО КАМАЗ	3200.00	10	t	updated	2
889	6819	14-1601142	Ступица ведомого диска ОАО КАМАЗ	450.00	10	t	updated	2
890	6820	5320-2918189	Стяжка кронштейнов оси (балансира) ОАО КАМАЗ	4440.00	10	t	updated	2
891	6821	5320-3414009-00	Тяга продольная рулевая в сборе ОАО КАМАЗ	12000.00	10	t	updated	2
892	6822	5297-3414009-00	Тяга продольная рулевая в сборе ОАО КАМАЗ	12000.00	10	t	updated	2
893	6823	152-1701240	Фланец КПП круг. ОАО КАМАЗ	2100.00	10	t	updated	2
894	6824	53205-2506016	Чашки МОД (к-т) ОАО КАМАЗ	25000.00	10	t	updated	2
895	6825	5320-3501134	Чека ОАО КАМАЗ	17.00	10	t	updated	2
896	6826	740-1003216	Экран	24.00	10	t	updated	2
897	6827	6661.3701	Генератор 6661 М-2141 дв. 412 Уфа ОАО ЗИТ	2590.47	10	t	updated	2
898	6828	носик	Крышка СТ222-3708400	500.00	10	t	updated	2
899	6828	носик	Крышка СТ222-3708400	560.00	11	t	updated	2
900	6829	20.3708600-01	Привод в сборе н/о (на редукт. 20,24 серию)	465.00	10	t	updated	2
901	6830	24.3708600-01	Привод  МТЗ-80 в сборе	405.00	10	t	updated	2
902	6831	40000012	Редуктор с валом на стартер 9112	1870.00	10	t	updated	2
903	6832	60.3708800	Реле втягивающее	700.00	10	t	updated	2
904	6833	20.3708800 стар.обр.	Реле стартера в сборе МТЗ-80 24В ОАО ЗИТ	1310.00	10	t	updated	2
905	6834	2002.3708000-01 24В	Стартер взамен 20 Бычок, МТЗ редуктор. (5,9 кВт) ОАО ЗИТ	6100.00	10	t	updated	2
906	6835	2412.3708000-01 12В 4кВт	Стартер Д-144,Т-40,Т25А2 редукт. (взамен 241 и 222А)  ОАО ЗИТ	6100.00	10	t	updated	2
907	6836	2402.3708000-01 12В	Стартер МТЗ-50,80,100 редукт. 4 кВт (взамен 24)  ОАО ЗИТ	6100.00	10	t	updated	2
908	6837	2012.37008000-01 24В	Стартер Т-40М  5,9  кВт (взамен 201)  ОАО ЗИТ	6100.00	10	t	updated	2
909	6838	20-3708200-02 нов.обр.	Якорь стартера	1695.00	10	t	updated	2
910	6839	53205-3509015-20 (21)	Компрессор 1-ц. г.Ижевск 16 мм.	12230.00	10	t	updated	2
911	6840	53205-3509015-02 АЙК	Компрессор 1-ц.( Айк-Мото) г.Ижевск 22 мм. выход сверху	12818.00	10	t	updated	2
912	6841	ПК 306-01	Компрессор 1-цил. КАМАЗ г.Борисов	28539.00	10	t	updated	2
913	6842	ПК 214-30	Компрессор  2-х цил. КАМАЗ 201 л/мин г.Борисов	28705.00	10	t	updated	2
914	6843	5336-3509012  210л/м	Компрессор 5336-3509012 МАЗ, Урал со шкивом 210 л/мин г.Борисов	23460.00	10	t	updated	2
915	6844	5336-3509012-01 201 л/мин	Компрессор 5336-3509012-01 без шкива ЗИЛ, МАЗ,КРАЗ,Урал, БЕЛАЗ г.Борисов	21805.00	10	t	updated	2
916	6845	5336-3509012-10	Компрессор 5336-3509012-10 усилин. 270 л/мин г.Борисов	19890.00	10	t	updated	2
917	6846	ПК 310	Компрессор МАЗ,Лиаз,Урал 320л/мин  г.Борисов	26000.00	10	t	updated	2
918	6847	18-3509015-20 ( 373л.)	Компрессор 1 цил. Литва выход сверху	18100.00	10	t	updated	2
919	6848	161-3509012-20	Компрессор 2-х 275 л/м (дв.ЯМЗ) Литва	23460.00	10	t	updated	2
920	6849	5320-3509015	Р/К компрессора	495.00	10	t	updated	2
921	6850	5320-3509015-10	Компрессор 2-х цил. Литва Н/О  275 л/мин	24072.00	10	t	updated	2
922	6851	161-3509012	Компрессор 2-х цил. (дв.ЯМЗ)  201л/мин Литва	23606.00	10	t	updated	2
923	6852	Р0 1-но цил.	Р/К  1-но цил. компрессора Р0 в сборе НАШ	618.00	10	t	updated	2
924	6853	без шатуна Р 1	Р/К  2-х цил. компрессора Р1 из 5-ти наим.	371.00	10	t	updated	2
925	6854	5320-2201025-02 меж.20шт	Крестовина 5320-2201025 межосевая г.Гродно	3104.00	10	t	updated	2
926	6855	53205-2201025-10 меж.10шт	Крестовина  53205-2201025 м/о г.Гродно	4188.00	10	t	updated	2
927	6856	4310-2205025 осн.10шт	Крестовина 4310-2205025 основная г.Гродно	4999.00	10	t	updated	2
928	6857	53205-2205025-12 осн.10шт	Крестовина  53205-2205025 основная г.Гродно	4579.00	10	t	updated	2
929	6858	130-2201025	Крестовина ЗИЛ 130-2201025 межосевая г.Гродно	459.00	10	t	updated	2
930	6859	131-2205025	Крестовина ЗИЛ 131-2205025 основная г.Гродно	765.00	10	t	updated	2
931	6860	голая	Крестовина осн. 53205-2205026-10 голая	1379.00	10	t	updated	2
932	6861	853858	Тавотница 90	4.00	10	t	updated	2
933	6862	ПРАМО (118*39 мм)	Крестовина 5320-2201026	567.00	10	t	updated	2
934	6863	ПРАМО (135*50 мм)	Крестовина 5320-2205025-01	1022.00	10	t	updated	2
935	6864	ПРАМО (50*135мм) М/О	Крестовина 53205-2201025	1525.00	10	t	updated	2
936	6865	ПРАМО (155*50 мм) ОСН.	Крестовина 53205-2205025	1093.00	10	t	updated	2
937	6866	5320-3422039 АЕ	Крестовина в сборе (28*68) рулевого вала КАМАЗ, Агротэк	255.00	10	t	updated	2
938	6867	5320-2201025 Агротэк	Крестовина в сборе (39*118) м/о Агротэк	688.00	10	t	updated	2
939	6868	6520-2201025 АЕ	Крестовина в сборе (50*135) евро-2 м/о,Агротэк	1270.00	10	t	updated	2
940	6869	5320-2205025 АЕ	Крестовина в сборе (50*135) Агротэк	1202.00	10	t	updated	2
941	6870	53205-2205025 АЕ	Крестовина в сборе (50*155) евро осн, Агротэк	1314.00	10	t	updated	2
942	6871	4310-2205025 АЕ	Крестовина в сборе (50*155) КАМАЗ,КРАЗ,МАЗ(Агротэк)	1348.00	10	t	updated	2
943	6872	53205S-2201025 (уп 6)	Крестовина ВЕБЕР (малая) ЕВРО	592.00	10	t	updated	2
944	6873	УниверсалКарданДеталь	Крестовина У.6520-2201025 межосевая	1751.00	10	t	updated	2
945	6873	УниверсалКарданДеталь	Крестовина У.6520-2201025 межосевая	1757.00	15	t	updated	2
946	6874	У 5320-2205025-10	Крестовина У.5320-2205025-10 основная со стопорными кольцами	1551.00	10	t	updated	2
947	6873	УниверсалКарданДеталь	Крестовина У.6520-2201025 межосевая	845.00	16	t	updated	2
948	6873	УниверсалКарданДеталь	Крестовина У.6520-2201025 межосевая	1744.00	18	t	updated	2
949	6873	УниверсалКарданДеталь	Крестовина У.6520-2201025 межосевая	1921.00	17	t	updated	2
950	6875	УКД ЕВРО-2	Крестовина У.6520-2201025-10  мал. в сб.	1836.00	10	t	updated	2
951	6876	5511-3502237 ПРАМО	Рычаг регулировочный левый 10 т. трещётка зад.	842.00	10	t	updated	2
952	6877	5320-3502236 ПРАМО	Рычаг регулировочный правый 8 т. трещётка зад.	725.00	10	t	updated	2
953	6878	НШ-10	НШ-10 ПРАВЫЙ г.Ставрополь	700.00	10	t	updated	2
954	6879	НШ-10 У3	Насос НШ-10 У3 (4-х шл.) правый	2700.00	10	t	updated	2
955	6880	НШ-50А3 правый	Насос НШ-50 А3 правый круглый	12000.00	10	t	updated	2
956	6881	А 24-21+5	Лампа А 24-21+5 г.Брест 2-х конт.	5.00	10	t	updated	2
957	6882	УП118-3726010-П	Передний указатель поворота правый г.Киржач	245.00	10	t	updated	2
958	6883	62 3711201-01	Стекло фары (галоген) ВАЗ-2101,ГАЗ-2410	11.87	10	t	updated	2
959	6884	ФГ140 3711201	Стекло фары ВАЗ-2101,ГАЗ-2410	10.82	10	t	updated	2
960	6885	4502.3712	Фонарь УП-1 (4502.3712) ОСВАР	275.00	10	t	updated	2
961	6886	5320-2902624	Буфер передней рессоры ОАО БРТ	493.00	10	t	updated	2
962	6887	5320-5130027	Вставка уплотнителя рычага КПП ОАО БРТ	519.00	10	t	updated	2
963	6888	5320-5002025	Втулка торсиона ОАО БРТ	90.00	10	t	updated	2
964	6889	5320-1609569	Гофра ПГУ ОАО БРТ	10.00	10	t	updated	2
965	6890	5320-2509017	Диафрагма механизма блокировки МОД ОАО БРТ	27.00	10	t	updated	2
966	6891	106005-23	К-т пр-ок блока двигателя КАМАЗ (темпсил) ПРОФИ 7 наименований	48.00	10	t	updated	2
967	6892	106004-23	К-т пр-ок водяной коробки двигателя КАМАЗ (темпсил) ПРОФИ 4 наименования	10.00	10	t	updated	2
968	6893	106006-23	К-т пр-ок гидромуфты двигателя КАМАЗ (темпсил) ПРОФИ 6 наименований	22.00	10	t	updated	2
969	6894	106001-23	К-т пр-ок двигателя КАМАЗ (темпсил) ПРОФИ 24 наименования	95.00	10	t	updated	2
970	6895	106002-23	К-т пр-ок картера маховика КАМАЗ (темпсил) ПРОФИ 7 наименований	48.00	10	t	updated	2
971	6896	33.1111069	Кольцо ТНВД ОАО БРТ	5.00	10	t	updated	2
972	6897	33.1111083	Кольцо ТНВД ОАО БРТ	5.00	10	t	updated	2
973	6898	740-1105075	Кольцо уплотнительное (ФГОТ, ФЦОМ) ОАО БРТ	10.00	10	t	updated	2
974	6899	740-1109553	Кольцо уплотн. воздушного фильтра ОАО БРТ	279.00	10	t	updated	2
975	6900	864117(115х145)	Манжета балансира ОАО БРТ	171.00	10	t	updated	2
976	6901	740-1318166 (100х125х12)	Манжета гидромуфты ЗАО ВРТ	401.00	10	t	updated	2
977	6902	740-1318186 (34х50х10)	Манжета гидромуфты ЗАО ВРТ	116.00	10	t	updated	2
978	6903	864141	Манжета ГУР на сошку (42*58*10)	40.80	10	t	updated	2
979	6904	864113  (22х34,5х6)	Манжета ГУР на угловой редуктор	29.00	10	t	updated	2
980	6905	5320-1602517 (29х26х5)	Манжета ГЦС ОАО БРТ	26.00	10	t	updated	2
981	6906	7405-1005160 (105х130)	Манжета коленвала ЕВРО Резерв	295.00	10	t	updated	2
982	6907	14-1701230-01	Манжета КПП (45х64) ЗАО ВРТ	165.00	10	t	updated	2
983	6908	6520-2502280	Манжета с пружиной в сборе	690.00	10	t	updated	2
984	6909	6520-2402176	Манжета с пружиной в сборе 80*105 наружн.	732.00	10	t	updated	2
985	6910	6520-2502180	Манжета с пружиной в сборе 80*105 сред. мост	784.00	10	t	updated	2
986	6911	864129-01(142х168х16)	Манжета ступицы задней  ОАО БРТ	153.00	10	t	updated	2
987	6912	864135-01	Манжета ступицы передней ОАО БРТ с пружиной	198.00	10	t	updated	2
988	6913	864195 (70*92*10)	Манжета хвостовика Евро	325.00	10	t	updated	2
989	6914	864180 (70х92х12х16)	Манжета хвостовика ЗАО ВРТ	296.00	10	t	updated	2
990	6915	864176 (70х92х12х16)	Манжета хвостовика ЗАО ВРТ	298.00	10	t	updated	2
991	6916	100-3519250Р	Мембрана тип 24 ОАО БРТ	218.00	10	t	updated	2
992	6917	100-3519350	Мембрана тип 30 ОАО БРТ	218.00	10	t	updated	2
993	6918	6520-1303026	Патрубок радиатора 6520 нижний ОАО БРТ	950.00	10	t	updated	2
994	6919	5320-1303027	Патрубок радиатора Шланг Ф68х120 ОАО БРТ	139.00	10	t	updated	2
995	6920	5320-1303026	Патрубок радиатора ШЛАНГ Ф68х200 ОАО БРТ	214.00	10	t	updated	2
996	6921	5320-1311049	Патрубок расширительного бачка ШЛАНГ Ф30Р ОАО БРТ	110.00	10	t	updated	2
997	6922	740-1014138	Патрубок сапуна переходной ОАО БРТ	87.00	10	t	updated	2
998	6923	5320-5001021	Подушка переднего крепления кабины нижняя ОАО БРТ	870.00	10	t	updated	2
999	6924	5320-3513092-01Р	Прокладка баллона (рессивера) ОАО БРТ	51.00	10	t	updated	2
1000	6925	740-1115026-01	Прокладка впускного коллектора (домик)	13.00	10	t	updated	2
1001	6926	7403-1008050 армир.	Прокладка выпускного коллектора	35.00	10	t	updated	2
1002	6927	740-1003213-20	Прокладка ГБЦ ОАО БРТ	108.00	10	t	updated	2
1003	6928	740-1003270-11	Прокладка клапанной крышки ОАО БРТ	73.00	10	t	updated	2
1004	6929	740-1009040	Прокладка поддона ОАО БРТ	261.00	10	t	updated	2
1005	6930	5320-2201043	Пыльник крестовины м/о ОАО БРТ	25.00	10	t	updated	2
1006	6931	5320-2205042	Пыльник крестовины осн. ОАО БРТ	30.00	10	t	updated	2
1007	6932	5320-3509015-10 н/о	Р/К компрессора	1040.00	10	t	updated	2
1008	6849	5320-3509015	Р/К компрессора	20257.00	14	t	updated	2
1009	6933	2-х цил.	Р/К компрессора (6 наименований) паронит	34.00	10	t	updated	2
1010	6934	18-3509015	Р/К компрессора 1-ц	597.00	10	t	updated	2
1011	6935	740-1308020-10	Ремень 1250 зубчатый ОАО БРТ	375.00	10	t	updated	2
1012	6936	740-1307170Р	Ремень 1320 ОАО БРТ	253.00	10	t	updated	2
1013	6937	864158-10Р (864159)	Сальник п/оси КамАЗ-4310	216.00	10	t	updated	2
1014	6938	5320-5130029-01Р	Уплотнитель педали тормоза ОАО БРТ	86.00	10	t	updated	2
1015	6939	5320-6107805	Уплотнитель проема двери УП 805 ОАО БРТ	347.00	10	t	updated	2
1016	6940	5320-5130016-01	Уплотнитель рычага КПП ОАО БРТ	706.00	10	t	updated	2
1017	6941	5320-6103123	Уплотнитель форточки двери лев.	414.00	10	t	updated	2
1018	6942	5320-6103122	Уплотнитель форточки двери ОАО БРТ	431.00	10	t	updated	2
1019	6943	100-3519180Р	Уплотнитель энергоаккумулятора ОАО БРТ	121.00	10	t	updated	2
1020	6944	СТР	Р/К топливного фильтра	198.00	10	t	updated	2
1021	6945	7406-1003270-01 СТР	Прокладка клапанной крышки Евро	220.00	10	t	updated	2
1022	6944	СТР	Р/К топливного фильтра	280.00	13	t	updated	2
1023	6944	СТР	Р/К топливного фильтра	110.00	4	t	updated	2
1024	6946	5402-3708600-01	Бендикс КАМАЗ Евро	1720.00	10	t	updated	2
1025	6947	5432-3708600-01	Бендикс г. Борисов	2254.00	10	t	updated	2
1026	6948	СТ142Б-3708600	Бендикс  г.Борисов 10 зуб.	1834.00	10	t	updated	2
1027	6949	142Т-3708000	Крепление стартера МАЗ	335.00	10	t	updated	2
1028	6950	142-3708830	Крышка втягивающего реле в сборе с болтами	556.00	10	t	updated	2
1029	6951	5432.3708110-01	Обмотка стартера  5402-01,5432-10-20	3143.00	10	t	updated	2
1030	6952	СТ142-3708110	Обмотка стартера СТ142-3708110 г.Борисов	4630.00	10	t	updated	2
1031	6953	СТ142Б2-3708800	Реле втягивающее г.Борисов	3844.00	10	t	updated	2
1032	6954	5402-3708800	Реле втягивающее	3208.00	10	t	updated	2
1033	6955	5432-3708800-10	Реле втягивающее (стартер 5432-10, 5402-01) г.Борисов	2893.00	10	t	updated	2
1034	6956	РС-24Д	Реле стартера дополнит. г.Борисов	1316.00	10	t	updated	2
1035	6957	5402.3708-01	Стартер 5402 КАМАЗ Евро 2, 3 , Урал (редукторный с доп. реле)	17417.00	10	t	updated	2
1036	6958	5402-3708	Стартер 5402 ЕВРО редукт (аналог AZF 4554) 24В, 5,4 кВт,10 зуб.  г.Борисов	16218.00	10	t	updated	2
1037	6959	5422.3708 24В 10кВ б/н	Стартер Евро-2 (Аналог БОШ взамен 0001261006) г.Борисов	19052.00	10	t	updated	2
1038	6960	СТ142Б-3708-10	Стартер КАМАЗ ЕВРО-2,3 г.Борисов  (8,2 кВт 24В 10 зуб)	25924.00	10	t	updated	2
1039	6961	СТ142Б2-3708	Стартер КАМАЗ г.Борисов (24В 8,2кВт)	26622.00	10	t	updated	2
1040	6962	5432-3708-10 с доп.реле	Стартер КАМАЗ,Зил-133ГЯ,Урал,ЛиАЗ, редукт.24В 5,5кВт (ан. 3367) г.Борисов	19870.00	10	t	updated	2
1041	6963	5432-3708000 МАЗ	Стартер МАЗ 10 зуб. 24В 9кв.(ан. 4581) г.Борисов	16397.00	10	t	updated	2
1042	6964	5432-3708-01	Стартер МАЗ 10 зуб. 24В 9кв.(ан.4581) с доп. реле	17466.00	10	t	updated	2
1043	6965	СТ142Т-3708	Стартер МАЗ 11зуб. г.Борисов	25959.00	10	t	updated	2
1044	6966	СТ142Т-3708-10	Стартер МАЗ евро 10зуб.г.Борисов	25062.00	10	t	updated	2
1045	6967	СТ142-3708330	Траверза СТ 142Б1	1383.00	10	t	updated	2
1046	6968	СТ142-3708060-10	Щетки стартера СТ 142Б1	62.00	10	t	updated	2
1047	6969	СТ 142-3708200	Якорь стартера г.Борисов	8503.00	10	t	updated	2
1048	6970	СТ 142-3708200-10	Якорь стартера ЕВРО г.Борисов	8503.00	10	t	updated	2
1049	6971	2502.3708.600-10 г.Ржев	Бендикс ( для ст.25.3708 КАМАЗ)	2632.00	10	t	updated	2
1050	6972	2502.3708.600	Бендикс 11 зуб МАЗ (подходит на стартер 142Т) г.Ржев	1224.00	10	t	updated	2
1051	6973	2501.3708.150-10	Катушка (обмотка) КАМАЗ	1184.00	10	t	updated	2
1052	6974	2501.3708.150-01	Катушка (обмотка)  МАЗ г.Ржев	4017.00	10	t	updated	2
1053	6975	42.3708.600 ХН-006	Привод стартера (АТЭ-1)	204.00	10	t	updated	2
1054	6976	42.3708.600-10 ХН-949	Привод стартера (АТЭ-1)	204.00	10	t	updated	2
1055	6977	42.3708.800-01 ХН-3-017	Реле втягивающее (АТЭ-1)	551.00	10	t	updated	2
1056	6978	42.3708.800-11 ХН-3-082	Реле втягивающее (АТЭ-1)	551.00	10	t	updated	2
1057	6979	42-3708-11 Р	Стартер (АТЭ-1) ГАЗ, УАЗ с двиг. ЗМЗ - 406.10, 4061.10, 4062.10	3754.00	10	t	updated	2
1058	6980	42-3708 Р	Стартер (АТЭ-1) ГАЗ, УАЗ с двиг. УМЗ 3151-01, 3303-01, 3741-01	3754.00	10	t	updated	2
1059	6981	422-370800	Стартер (АТЭ-1) ГАЗ с дв.ЗМЗ 402.10,4021.10,4025.10	3754.00	10	t	updated	2
1060	6982	9112 М9Т четыре болта	Стартер КАМАЗ (АТЭ-1) 24В 8,5 кВт редукторный	8364.00	10	t	updated	2
1061	6983	2501.3708-21 МАЗ	Стартер МАЗ 10 зуб. ЕВРО нов/обр. г.Ржев	28553.00	10	t	updated	2
1062	6984	2501.3708-40 МАЗ	Стартер МАЗ 11 зуб. г.Ржев	28451.00	10	t	updated	2
1063	6985	25.3708.320	Траверза высокая г.Ржев	719.00	10	t	updated	2
1064	6986	2502.3708.320-11	Траверза низкая г.Ржев	704.00	10	t	updated	2
1065	6987	2501.3708.200-03	Якорь стартера МАЗ ( для стар. 2501-40) г.Ржев	12795.00	10	t	updated	2
1066	6988	16.904.237	Бендикс на ст. 3367,3436 (Искра) г.Самара	1576.00	10	t	updated	2
1067	6989	16911674  АТЭ	Бендикс на ст.4554 АТЭ	829.00	10	t	updated	2
1068	6990	16904832	Редуктор стартера AZF 4554,4581	2193.00	10	t	updated	2
1069	6991	16.670.421	Реле втягивающее AZJ 3367 г.Самара	1831.00	10	t	updated	2
1070	6992	16.670.546	Реле стартера ст.4554 г.Самара	1933.00	10	t	updated	2
1071	6993	4554 AZF(11131150)	Стартер AZF 4554 КАМАЗ ЕВРО 24V 4kW z10 пр-во ISKRA ( ЕВРО 6520)	17697.00	10	t	updated	2
1072	6994	4594 AZF(11131359)	Стартер AZF 4594 КАМАЗ 4308 с двигателем Cummins 24 V z10 пр-во ISKRA	17850.00	10	t	updated	2
1073	6995	3367 AZJ	Стартер AZJ 3367 КАМАЗ, ДТ 75 (аналог 9112) 24V 6kW пр-во ИСКРА Словения	17833.00	10	t	updated	2
1074	6996	С4929600 kw 6.0	Стартер КАМАЗ 4308 дв. Cammins (Китай) 24V z12	15300.00	10	t	updated	2
1075	6997	16908995	Щетки стартера AZF 4554	834.00	10	t	updated	2
1076	6998	3514 009 013 0	ГТК н/обр. с педалью 100-3514108 SORL	2712.00	10	t	updated	2
1077	6999	3514 009 014 0	ГТК н/обр.(без педали) 100-3514108-10 SORL	2332.00	10	t	updated	2
1078	7000	3533 009 013 0	Клапан двухмагистральный 100-3562010-10 SORL	638.00	10	t	updated	2
1079	7001	3522 001 015 0	КУТП-2 100-3522010 SORL	2250.00	10	t	updated	2
1080	7002	3522 002 038 0	КУТП-2 ЕВРО с глушителем 25-3522210-10 SORL	2614.00	10	t	updated	2
1081	7003	3526 004 201 0	Ручник 2-х выходной WABKO 961 723 038,001,015 SORL	2780.00	10	t	updated	2
1082	7004	3530 010 646 0	Энергоаккумулятор тип 30/24 25-3519301 SORL	3643.00	10	t	updated	2
1083	7005	16-3521110	Головка ПАЛМ Автокомпонент Плюс	138.00	10	t	updated	2
1084	7006	16-3521111	Головка ПАЛМ Автокомпонент Плюс	138.00	10	t	updated	2
1085	7007	16-3514008	ГТК Автокомпонент плюс	1561.00	10	t	updated	2
1086	7008	16-3515010	Клапан защитный одинарный ( Автокомпонент плюс)	146.00	10	t	updated	2
1087	7009	16-3537110	Кран пневматический (авар.растормаж.) Автокомпонент Плюс	276.00	10	t	updated	2
1088	7010	16-3514108	Кран подпедальный ( Автокомпонент плюс)	1561.00	10	t	updated	2
1089	7011	16-3537310	Ручник ЕВРО 4-х Автокомпонент Ппюс	1051.00	10	t	updated	2
1090	7012	11.3521411 ПААЗ	Головка ПАЛМ автомат. г.Полтава	633.00	10	t	updated	2
1091	7013	11.3521410 ПААЗ	Головка ПАЛМ автомат. г.Полтава	633.00	10	t	updated	2
1092	7014	100.3521111 ПААЗ	Головка ПАЛМ г.Полтава	580.00	10	t	updated	2
1093	7015	100.3521110 ПААЗ	Головка ПАЛМ г.Полтава	580.00	10	t	updated	2
1094	7016	64221-3514008 (8000)	ГТК БелОМО	7452.00	10	t	updated	2
1095	7017	6025.3562010	Клапан двухмагистральный ЕВРО Беларусь	605.00	10	t	updated	2
1096	7018	13.3515310 ПААЗ	Клапан контрольного вывода  г.Полтава	361.00	10	t	updated	2
1097	7019	64221-3518010-10 ЕВРО	Клапан ускорительный под глушитель БЕЛОМО	2601.00	10	t	updated	2
1098	7020	11.3515410 ПААЗ	Клапан четырехконтурный  г.Полтава	3111.00	10	t	updated	2
1099	7021	64221-3537110 (8002)	Кран аварийного раст. 64221-3537110 БелОМО	1367.00	10	t	updated	2
1100	7022	100.3537110	Кран аварийного растормаживания г.Полтава	1235.00	10	t	updated	2
1101	7023	8099-3514108	Кран подпедальный КАМАЗ-6520 БелОМО	7691.00	10	t	updated	2
1102	7024	8090-3514100	Кран подпедальный МАЗ (аналог WABKO 4613190080) БелОМО	8931.00	10	t	updated	2
1103	7025	8099-3514108-10	Кран подпедальный Нефаз (снизу сапун кривой) БелОМО	6794.00	10	t	updated	2
1104	7026	12.3520010 ПААЗ	Кран разобщительный 12.3520010 г.Полтава	911.00	10	t	updated	2
1105	7027	14.3520010 ПААЗ	Кран разобщительный МТЗ ПААЗ	696.00	10	t	updated	2
1106	7028	8708-3537310	Кран ручника Беломо ( аналог WABKO 961 723 100)	4142.00	10	t	updated	2
1107	7029	100.3522110	КУТП-1 г.Полтава	4792.00	10	t	updated	2
1108	7030	64221-3522010 (6024)	КУТП-2  Беларусь ЕВРО	5214.00	10	t	updated	2
1109	7031	100.3522010	КУТП-2 г.Полтава	4315.00	10	t	updated	2
1110	7032	11.3522008	КУТП-2 ЕВРО с клапаном обрыва г.Полтава	4760.00	10	t	updated	2
1111	7033	5320-3514012	Педаль ГТК н/о в сборе	204.00	10	t	updated	2
1112	7034	11.3512010 ПААЗ	РДВ 11.3512010 г.Полтава (МАЗ, КРАЗ,УРАЛ)	4871.00	10	t	updated	2
1113	7035	11.3512010-10 ПААЗ	РДВ 11.3512010-10 г.Полтава  (КАМАЗ)	4488.00	10	t	updated	2
1114	7036	11.3537310	Ручник (ЕВРО, 4 отв.) г.Полтава	3280.00	10	t	updated	2
1115	7037	64221-3537310 (6029)-30	Ручник ЕВРО МАЗ БелОМО	2944.00	10	t	updated	2
1116	7038	25-3511110-01	Влагоотделитель с РДВ  г.Рославль	7609.00	10	t	updated	2
1117	7039	100-3521110-10	Головка автоматическая  г.Рославль	785.00	10	t	updated	2
1118	7040	100-3521111-10	Головка автоматическая г.Рославль	785.00	10	t	updated	2
1119	7041	100-3521111	Головка ПАЛМ  г.Рославль	713.00	10	t	updated	2
1120	7042	100-3521110	Головка ПАЛМ  г.Рославль	713.00	10	t	updated	2
1121	7043	100-3514008	ГТК г.Рославль	6581.00	10	t	updated	2
1122	7044	100-3519210	Камера передняя тип 24  г.Рославль	2256.00	10	t	updated	2
1123	7045	100-3519200	Камера тормозная 4310 тип 24х24 г.Рославль	5676.00	10	t	updated	2
1124	7046	100-3519100	Камера тормозная 5320 тип 20х20  г.Рославль	4745.00	10	t	updated	2
1125	7047	100.3519100-10 левые	Камера тормозная  5320 тип 20х20  г.Рославль	4812.00	10	t	updated	2
1126	7048	100-3519100-30 правые	Камера тормозная  5320 тип 20х20  г.Рославль	4812.00	10	t	updated	2
1127	7049	25-3519301	Камера тормозная  6520 тип 30/24 г.Рославль	7364.00	10	t	updated	2
1128	7050	5 435 05 002 1СЕРБИЯ	Камера тормозная 5320 тип 20х20  РРТ	4925.00	10	t	updated	2
1129	7051	100-3519310	Камера тормозная прицепа тип 30 г.Рославль	2227.00	10	t	updated	2
1130	7052	100-3518110	Клапан  быстрого растормаживания РААЗ	1975.00	10	t	updated	2
1131	7053	100-3515010	Клапан  защитный 1-й  г.Рославль	1540.00	10	t	updated	2
1132	7054	100-3515110	Клапан  защитный 2-й  г.Рославль	2559.00	10	t	updated	2
1133	7055	100-3515210	Клапан  защитный 3-й    г.Рославль	2910.00	10	t	updated	2
1134	7056	100-3562010	Клапан 2-х магистральный  г.Рославль	862.00	10	t	updated	2
1135	7057	100-3515510-20	Клапан защитный 4-х контурный РААЗ	3003.00	10	t	updated	2
1136	7058	100-3515310 высок.	Клапан контрольного вывода  г.Рославль	385.00	10	t	updated	2
1137	7059	100-3515310-01 мален.	Клапан контрольного вывода  г.Рославль	385.00	10	t	updated	2
1138	7060	100-3534010	Клапан огран. давления  г.Рославль	2887.00	10	t	updated	2
1139	7061	100-3518010	Клапан ускорительный   г.Рославль	2706.00	10	t	updated	2
1140	7062	100-3518010-10	Клапан ускорительный ЕВРО г.Рославль	2811.00	10	t	updated	2
1141	7063	100-3537110	Кран аварийного раст. 100-3537110 г.Рославль	1428.00	10	t	updated	2
1142	7064	100-3514108-10	Кран подпедальный   100-3514108-10  г.Рославль	6394.00	10	t	updated	2
1143	7065	100-3531008	Кран прицепа 100-3531008 г.Рославль	7019.00	10	t	updated	2
1144	7066	100-3520010	Кран разобщительный 100-3520010  г.Рославль	1550.00	10	t	updated	2
1145	7067	100-3513110	Кран слива  100-3513110 г.Рославль	340.00	10	t	updated	2
1146	7068	100-3522110	КУТП-1 г.Рославль	5479.00	10	t	updated	2
1147	7069	100-3522010	КУТП-2 г.Рославль	6409.00	10	t	updated	2
1148	7070	25.3522210	КУТП-2 с клап. обрыва  г.Рославль	6042.00	10	t	updated	2
1149	7071	100-3536010	ППЗ 100-3536010  г.Рославль	2675.00	10	t	updated	2
1150	7072	100-3512010 упк.2 шт.	РДВ 100-3512010  г.Рославль	5677.00	10	t	updated	2
1151	7073	100-3533010-10	Регулятор тормозных сил 100-3533010-10  г.Рославль	4902.00	10	t	updated	2
1152	7074	100-3537010	Ручник 100-3537010 г.Рославль	4191.00	10	t	updated	2
1153	7075	100-3537310	Ручник ЕВРО 100-3537310 г.Рославль	3366.00	10	t	updated	2
1154	7076	100-3511310	Фильтр магистральный г.Рославль	1280.00	10	t	updated	2
1155	7077	100-3570110	Цилиндр пневматический г.Рославль	1211.00	10	t	updated	2
1156	7078	100-3570210	Цилиндр пневматический г.Рославль	1508.00	10	t	updated	2
1157	7079	Металл	Фитинг MRUC (прямой) 15 мм.	176.00	10	t	updated	2
1158	7079	Металл	Фитинг MRUC (прямой) 15 мм.	85.00	13	t	updated	2
1159	7079	Металл	Фитинг MRUC (прямой) 15 мм.	105.00	13	t	updated	2
1160	7079	Металл	Фитинг MRUC (прямой) 15 мм.	103.00	17	t	updated	2
1161	7080	54115Ш-1301010-01 3-х	"Радиатор водяной ""CuproBraze"""	14000.00	10	t	updated	2
1162	7081	740.21-1118310 длинная	Трубка подвода масла ТКР	160.00	10	t	updated	2
1163	7082	7,5 м.	Шланг желто-красный  к-т.	240.00	10	t	updated	2
1164	7083	5320-2511016	Шланг МОД (кривой) Казань	30.00	10	t	updated	2
1165	7084	4310-3506442-10	Шланг тормозной 4310 задний г/г (пруж.)	82.00	10	t	updated	2
1166	7085	4310-3506060	Шланг тормозной 4310 передний ш/г	76.00	10	t	updated	2
1167	7086	560-1017004	Фильтр очистки масла 560 Штайр Колан	150.00	10	t	updated	2
1168	7087	020-ФТ245-1117010 1/40	ФТОТ ЕВРО-3 Д-245 Д-243 синий г.Гродно	290.00	10	t	updated	2
1169	7088	В 4391	Эл.фильтра воздушного ЕВРО-3 г.Гродно	1070.00	10	t	updated	2
1170	7089	740-1109560	Эл.фильтра воздушный г.Гродно	850.00	10	t	updated	2
1171	7090	7405-1109560	Эл.фильтра воздушный ЕВРО г.Гродно	950.00	10	t	updated	2
1172	7091	В 4313 наружний	Эл.фильтра воздушный ЕВРО-2 г.Гродно	720.00	10	t	updated	2
1173	7092	8421-1109080 МЭ	Эл.фильтра воздушный низкий МАЗ ЕВРО,ТУТАЙ г.Гродно	290.00	10	t	updated	2
1174	7093	238Н-1109080	Эл.фильтра воздушный МАЗ  г.Гродно	358.00	10	t	updated	2
1175	7094	240-1017040 (6 шт)	Эл.фильтра МАЗ масляный  г.Гродно м/с	42.00	10	t	updated	2
1176	7095	740-1012040-10 м/с (6 шт)	Эл.фильтра масляный в метал.сетке г.Гродно	108.00	10	t	updated	2
1177	7096	7405-1012040 м/с (6 шт)	Эл.фильтра масляный ЕВРО в метал.сетке г.Гродно	141.00	10	t	updated	2
1178	7097	М 5334	Эл.фильтра масляный ниточный ЕВРО г.Гродно	126.00	10	t	updated	2
1179	7098	740-1117040-10 м/с (13шт)	Эл.фильтра топливный в метал.сетке г.Гродно	68.00	10	t	updated	2
1180	7099	740-1117040 уп.13шт.	Эл.фильтра топливный  г.Гродно	18.00	10	t	updated	2
1181	7100	7405-1017040 ЭФМ703	Элемент масляного фильтра ЕВРО железный г.Ливны	960.00	10	t	updated	2
1182	7101	21.3759-05(30А)	Конвертер 24/12 V г.Калуга	3598.00	10	t	updated	2
1183	7102	612.3702-08	Регулятор напряжения в сб (7762)  г.Калуга	460.00	10	t	updated	2
1184	7103	612.3702-05	Регулятор напряжения в сборе (3252,7762-02,7762-03)  г.Калуга	316.00	10	t	updated	2
1185	7104	612.3702-06(в сб. с ЩУ)	Регулятор напряжения в сборе со щеточным узлом на ген. 4502  г.Калуга	180.00	10	t	updated	2
1186	7105	621.3702-01(7332.3702)	Регулятор напряжения на генер. 40.3771,Г3000  г.Калуга	111.00	10	t	updated	2
1187	7106	621.3702-02 (7342.3702)	Регулятор напряжения на генер. Г3000А  г.Калуга	105.00	10	t	updated	2
1188	7107	13.3787-01 (7312.3777-02)	Реле блокировки стартера КамАЗ, Евро, Краз, ЗИЛ г.Калуга	120.00	10	t	updated	2
1189	7108	718.3777	Реле поворота РС951А г. Калуга	665.00	10	t	updated	2
1190	7109	ЩСК 2 (МГС5) (12х32х20)	Щетки для стартера с контактами и изолированными выводами г.Калуга	330.00	10	t	updated	2
1191	7110	5320-2205011-03	Вал карданный кв.фланец дл.983 мм.	4300.00	10	t	updated	2
1192	7111	5511-2205011-12	Вал карданный кв.фланец дл.818 мм.	4300.00	10	t	updated	2
1193	6783	15-1772010	Воздухораспределитель делителя КПП	2285.00	20	t	updated	2
1194	7112	53212-3400020	ГУР	4000.00	10	t	updated	2
1195	7113	55111-2912012-02 ЕВРО	Рессора задняя 55111	14500.00	10	t	updated	2
1196	7114	7403-1115050	Прокладка впускного коллектора	29.00	10	t	updated	2
\.


--
-- Data for Name: main_advantage; Type: TABLE DATA; Schema: public; Owner: kameks_user
--

COPY public.main_advantage (id, icon, title, description, "order") FROM stdin;
\.


--
-- Data for Name: main_banner; Type: TABLE DATA; Schema: public; Owner: kameks_user
--

COPY public.main_banner (id, title, subtitle, image, button_text, button_url, is_active, "order") FROM stdin;
\.


--
-- Data for Name: main_partner; Type: TABLE DATA; Schema: public; Owner: kameks_user
--

COPY public.main_partner (id, name, logo, website, "order", is_active) FROM stdin;
\.


--
-- Data for Name: main_review; Type: TABLE DATA; Schema: public; Owner: kameks_user
--

COPY public.main_review (id, author_name, author_company, text, rating, is_active, created_at) FROM stdin;
\.


--
-- Data for Name: orders_order; Type: TABLE DATA; Schema: public; Owner: kameks_user
--

COPY public.orders_order (id, first_name, last_name, phone, email, company, delivery_type, delivery_address, delivery_city, payment_type, status, comment, total_price, created_at, updated_at, user_id, exported_at, exported_to_1c, stock_deducted) FROM stdin;
1	фыыы	фяяя	+79600627002	mail@mail.ru		pickup	Ул.Чистопольская 5	Казань	card	new		14529.00	2026-05-27 11:53:06.432784+00	2026-05-27 11:53:06.432795+00	1	\N	f	f
2	Андрей	Семенович	+79272451335	111171@mail.ru		pickup			card	new		1450.00	2026-05-27 13:34:45.328642+00	2026-05-27 13:34:45.328653+00	2	\N	f	f
\.


--
-- Data for Name: orders_orderitem; Type: TABLE DATA; Schema: public; Owner: kameks_user
--

COPY public.orders_orderitem (id, price, quantity, order_id, product_id) FROM stdin;
\.


--
-- Name: accounts_userprofile_id_seq; Type: SEQUENCE SET; Schema: public; Owner: kameks_user
--

SELECT pg_catalog.setval('public.accounts_userprofile_id_seq', 6, true);


--
-- Name: auth_group_id_seq; Type: SEQUENCE SET; Schema: public; Owner: kameks_user
--

SELECT pg_catalog.setval('public.auth_group_id_seq', 1, false);


--
-- Name: auth_group_permissions_id_seq; Type: SEQUENCE SET; Schema: public; Owner: kameks_user
--

SELECT pg_catalog.setval('public.auth_group_permissions_id_seq', 1, false);


--
-- Name: auth_permission_id_seq; Type: SEQUENCE SET; Schema: public; Owner: kameks_user
--

SELECT pg_catalog.setval('public.auth_permission_id_seq', 88, true);


--
-- Name: auth_user_groups_id_seq; Type: SEQUENCE SET; Schema: public; Owner: kameks_user
--

SELECT pg_catalog.setval('public.auth_user_groups_id_seq', 1, false);


--
-- Name: auth_user_id_seq; Type: SEQUENCE SET; Schema: public; Owner: kameks_user
--

SELECT pg_catalog.setval('public.auth_user_id_seq', 6, true);


--
-- Name: auth_user_user_permissions_id_seq; Type: SEQUENCE SET; Schema: public; Owner: kameks_user
--

SELECT pg_catalog.setval('public.auth_user_user_permissions_id_seq', 1, false);


--
-- Name: catalog_analogue_id_seq; Type: SEQUENCE SET; Schema: public; Owner: kameks_user
--

SELECT pg_catalog.setval('public.catalog_analogue_id_seq', 10, true);


--
-- Name: catalog_brand_id_seq; Type: SEQUENCE SET; Schema: public; Owner: kameks_user
--

SELECT pg_catalog.setval('public.catalog_brand_id_seq', 12, true);


--
-- Name: catalog_carmodel_id_seq; Type: SEQUENCE SET; Schema: public; Owner: kameks_user
--

SELECT pg_catalog.setval('public.catalog_carmodel_id_seq', 14, true);


--
-- Name: catalog_category_id_seq; Type: SEQUENCE SET; Schema: public; Owner: kameks_user
--

SELECT pg_catalog.setval('public.catalog_category_id_seq', 6828, true);


--
-- Name: catalog_product_brands_id_seq; Type: SEQUENCE SET; Schema: public; Owner: kameks_user
--

SELECT pg_catalog.setval('public.catalog_product_brands_id_seq', 5533, true);


--
-- Name: catalog_product_car_models_id_seq; Type: SEQUENCE SET; Schema: public; Owner: kameks_user
--

SELECT pg_catalog.setval('public.catalog_product_car_models_id_seq', 1, false);


--
-- Name: catalog_product_id_seq; Type: SEQUENCE SET; Schema: public; Owner: kameks_user
--

SELECT pg_catalog.setval('public.catalog_product_id_seq', 7114, true);


--
-- Name: catalog_productattribute_id_seq; Type: SEQUENCE SET; Schema: public; Owner: kameks_user
--

SELECT pg_catalog.setval('public.catalog_productattribute_id_seq', 1, false);


--
-- Name: catalog_productimage_id_seq; Type: SEQUENCE SET; Schema: public; Owner: kameks_user
--

SELECT pg_catalog.setval('public.catalog_productimage_id_seq', 3, true);


--
-- Name: django_admin_log_id_seq; Type: SEQUENCE SET; Schema: public; Owner: kameks_user
--

SELECT pg_catalog.setval('public.django_admin_log_id_seq', 6, true);


--
-- Name: django_content_type_id_seq; Type: SEQUENCE SET; Schema: public; Owner: kameks_user
--

SELECT pg_catalog.setval('public.django_content_type_id_seq', 22, true);


--
-- Name: django_migrations_id_seq; Type: SEQUENCE SET; Schema: public; Owner: kameks_user
--

SELECT pg_catalog.setval('public.django_migrations_id_seq', 27, true);


--
-- Name: integration_exchange1clog_id_seq; Type: SEQUENCE SET; Schema: public; Owner: kameks_user
--

SELECT pg_catalog.setval('public.integration_exchange1clog_id_seq', 2, true);


--
-- Name: integration_productbackup_id_seq; Type: SEQUENCE SET; Schema: public; Owner: kameks_user
--

SELECT pg_catalog.setval('public.integration_productbackup_id_seq', 1196, true);


--
-- Name: main_advantage_id_seq; Type: SEQUENCE SET; Schema: public; Owner: kameks_user
--

SELECT pg_catalog.setval('public.main_advantage_id_seq', 1, false);


--
-- Name: main_banner_id_seq; Type: SEQUENCE SET; Schema: public; Owner: kameks_user
--

SELECT pg_catalog.setval('public.main_banner_id_seq', 1, false);


--
-- Name: main_partner_id_seq; Type: SEQUENCE SET; Schema: public; Owner: kameks_user
--

SELECT pg_catalog.setval('public.main_partner_id_seq', 1, false);


--
-- Name: main_review_id_seq; Type: SEQUENCE SET; Schema: public; Owner: kameks_user
--

SELECT pg_catalog.setval('public.main_review_id_seq', 1, false);


--
-- Name: orders_order_id_seq; Type: SEQUENCE SET; Schema: public; Owner: kameks_user
--

SELECT pg_catalog.setval('public.orders_order_id_seq', 2, true);


--
-- Name: orders_orderitem_id_seq; Type: SEQUENCE SET; Schema: public; Owner: kameks_user
--

SELECT pg_catalog.setval('public.orders_orderitem_id_seq', 3, true);


--
-- Name: accounts_userprofile accounts_userprofile_pkey; Type: CONSTRAINT; Schema: public; Owner: kameks_user
--

ALTER TABLE ONLY public.accounts_userprofile
    ADD CONSTRAINT accounts_userprofile_pkey PRIMARY KEY (id);


--
-- Name: accounts_userprofile accounts_userprofile_user_id_key; Type: CONSTRAINT; Schema: public; Owner: kameks_user
--

ALTER TABLE ONLY public.accounts_userprofile
    ADD CONSTRAINT accounts_userprofile_user_id_key UNIQUE (user_id);


--
-- Name: auth_group auth_group_name_key; Type: CONSTRAINT; Schema: public; Owner: kameks_user
--

ALTER TABLE ONLY public.auth_group
    ADD CONSTRAINT auth_group_name_key UNIQUE (name);


--
-- Name: auth_group_permissions auth_group_permissions_group_id_permission_id_0cd325b0_uniq; Type: CONSTRAINT; Schema: public; Owner: kameks_user
--

ALTER TABLE ONLY public.auth_group_permissions
    ADD CONSTRAINT auth_group_permissions_group_id_permission_id_0cd325b0_uniq UNIQUE (group_id, permission_id);


--
-- Name: auth_group_permissions auth_group_permissions_pkey; Type: CONSTRAINT; Schema: public; Owner: kameks_user
--

ALTER TABLE ONLY public.auth_group_permissions
    ADD CONSTRAINT auth_group_permissions_pkey PRIMARY KEY (id);


--
-- Name: auth_group auth_group_pkey; Type: CONSTRAINT; Schema: public; Owner: kameks_user
--

ALTER TABLE ONLY public.auth_group
    ADD CONSTRAINT auth_group_pkey PRIMARY KEY (id);


--
-- Name: auth_permission auth_permission_content_type_id_codename_01ab375a_uniq; Type: CONSTRAINT; Schema: public; Owner: kameks_user
--

ALTER TABLE ONLY public.auth_permission
    ADD CONSTRAINT auth_permission_content_type_id_codename_01ab375a_uniq UNIQUE (content_type_id, codename);


--
-- Name: auth_permission auth_permission_pkey; Type: CONSTRAINT; Schema: public; Owner: kameks_user
--

ALTER TABLE ONLY public.auth_permission
    ADD CONSTRAINT auth_permission_pkey PRIMARY KEY (id);


--
-- Name: auth_user_groups auth_user_groups_pkey; Type: CONSTRAINT; Schema: public; Owner: kameks_user
--

ALTER TABLE ONLY public.auth_user_groups
    ADD CONSTRAINT auth_user_groups_pkey PRIMARY KEY (id);


--
-- Name: auth_user_groups auth_user_groups_user_id_group_id_94350c0c_uniq; Type: CONSTRAINT; Schema: public; Owner: kameks_user
--

ALTER TABLE ONLY public.auth_user_groups
    ADD CONSTRAINT auth_user_groups_user_id_group_id_94350c0c_uniq UNIQUE (user_id, group_id);


--
-- Name: auth_user auth_user_pkey; Type: CONSTRAINT; Schema: public; Owner: kameks_user
--

ALTER TABLE ONLY public.auth_user
    ADD CONSTRAINT auth_user_pkey PRIMARY KEY (id);


--
-- Name: auth_user_user_permissions auth_user_user_permissions_pkey; Type: CONSTRAINT; Schema: public; Owner: kameks_user
--

ALTER TABLE ONLY public.auth_user_user_permissions
    ADD CONSTRAINT auth_user_user_permissions_pkey PRIMARY KEY (id);


--
-- Name: auth_user_user_permissions auth_user_user_permissions_user_id_permission_id_14a6b632_uniq; Type: CONSTRAINT; Schema: public; Owner: kameks_user
--

ALTER TABLE ONLY public.auth_user_user_permissions
    ADD CONSTRAINT auth_user_user_permissions_user_id_permission_id_14a6b632_uniq UNIQUE (user_id, permission_id);


--
-- Name: auth_user auth_user_username_key; Type: CONSTRAINT; Schema: public; Owner: kameks_user
--

ALTER TABLE ONLY public.auth_user
    ADD CONSTRAINT auth_user_username_key UNIQUE (username);


--
-- Name: catalog_analogue catalog_analogue_pkey; Type: CONSTRAINT; Schema: public; Owner: kameks_user
--

ALTER TABLE ONLY public.catalog_analogue
    ADD CONSTRAINT catalog_analogue_pkey PRIMARY KEY (id);


--
-- Name: catalog_brand catalog_brand_pkey; Type: CONSTRAINT; Schema: public; Owner: kameks_user
--

ALTER TABLE ONLY public.catalog_brand
    ADD CONSTRAINT catalog_brand_pkey PRIMARY KEY (id);


--
-- Name: catalog_brand catalog_brand_slug_key; Type: CONSTRAINT; Schema: public; Owner: kameks_user
--

ALTER TABLE ONLY public.catalog_brand
    ADD CONSTRAINT catalog_brand_slug_key UNIQUE (slug);


--
-- Name: catalog_carmodel catalog_carmodel_brand_id_slug_f9d3106e_uniq; Type: CONSTRAINT; Schema: public; Owner: kameks_user
--

ALTER TABLE ONLY public.catalog_carmodel
    ADD CONSTRAINT catalog_carmodel_brand_id_slug_f9d3106e_uniq UNIQUE (brand_id, slug);


--
-- Name: catalog_carmodel catalog_carmodel_pkey; Type: CONSTRAINT; Schema: public; Owner: kameks_user
--

ALTER TABLE ONLY public.catalog_carmodel
    ADD CONSTRAINT catalog_carmodel_pkey PRIMARY KEY (id);


--
-- Name: catalog_category catalog_category_pkey; Type: CONSTRAINT; Schema: public; Owner: kameks_user
--

ALTER TABLE ONLY public.catalog_category
    ADD CONSTRAINT catalog_category_pkey PRIMARY KEY (id);


--
-- Name: catalog_category catalog_category_slug_key; Type: CONSTRAINT; Schema: public; Owner: kameks_user
--

ALTER TABLE ONLY public.catalog_category
    ADD CONSTRAINT catalog_category_slug_key UNIQUE (slug);


--
-- Name: catalog_product_brands catalog_product_brands_pkey; Type: CONSTRAINT; Schema: public; Owner: kameks_user
--

ALTER TABLE ONLY public.catalog_product_brands
    ADD CONSTRAINT catalog_product_brands_pkey PRIMARY KEY (id);


--
-- Name: catalog_product_brands catalog_product_brands_product_id_brand_id_114c68a0_uniq; Type: CONSTRAINT; Schema: public; Owner: kameks_user
--

ALTER TABLE ONLY public.catalog_product_brands
    ADD CONSTRAINT catalog_product_brands_product_id_brand_id_114c68a0_uniq UNIQUE (product_id, brand_id);


--
-- Name: catalog_product_car_models catalog_product_car_models_pkey; Type: CONSTRAINT; Schema: public; Owner: kameks_user
--

ALTER TABLE ONLY public.catalog_product_car_models
    ADD CONSTRAINT catalog_product_car_models_pkey PRIMARY KEY (id);


--
-- Name: catalog_product_car_models catalog_product_car_models_product_id_carmodel_id_f0b14802_uniq; Type: CONSTRAINT; Schema: public; Owner: kameks_user
--

ALTER TABLE ONLY public.catalog_product_car_models
    ADD CONSTRAINT catalog_product_car_models_product_id_carmodel_id_f0b14802_uniq UNIQUE (product_id, carmodel_id);


--
-- Name: catalog_product catalog_product_pkey; Type: CONSTRAINT; Schema: public; Owner: kameks_user
--

ALTER TABLE ONLY public.catalog_product
    ADD CONSTRAINT catalog_product_pkey PRIMARY KEY (id);


--
-- Name: catalog_product catalog_product_sku_key; Type: CONSTRAINT; Schema: public; Owner: kameks_user
--

ALTER TABLE ONLY public.catalog_product
    ADD CONSTRAINT catalog_product_sku_key UNIQUE (sku);


--
-- Name: catalog_product catalog_product_slug_key; Type: CONSTRAINT; Schema: public; Owner: kameks_user
--

ALTER TABLE ONLY public.catalog_product
    ADD CONSTRAINT catalog_product_slug_key UNIQUE (slug);


--
-- Name: catalog_productattribute catalog_productattribute_pkey; Type: CONSTRAINT; Schema: public; Owner: kameks_user
--

ALTER TABLE ONLY public.catalog_productattribute
    ADD CONSTRAINT catalog_productattribute_pkey PRIMARY KEY (id);


--
-- Name: catalog_productimage catalog_productimage_pkey; Type: CONSTRAINT; Schema: public; Owner: kameks_user
--

ALTER TABLE ONLY public.catalog_productimage
    ADD CONSTRAINT catalog_productimage_pkey PRIMARY KEY (id);


--
-- Name: django_admin_log django_admin_log_pkey; Type: CONSTRAINT; Schema: public; Owner: kameks_user
--

ALTER TABLE ONLY public.django_admin_log
    ADD CONSTRAINT django_admin_log_pkey PRIMARY KEY (id);


--
-- Name: django_content_type django_content_type_app_label_model_76bd3d3b_uniq; Type: CONSTRAINT; Schema: public; Owner: kameks_user
--

ALTER TABLE ONLY public.django_content_type
    ADD CONSTRAINT django_content_type_app_label_model_76bd3d3b_uniq UNIQUE (app_label, model);


--
-- Name: django_content_type django_content_type_pkey; Type: CONSTRAINT; Schema: public; Owner: kameks_user
--

ALTER TABLE ONLY public.django_content_type
    ADD CONSTRAINT django_content_type_pkey PRIMARY KEY (id);


--
-- Name: django_migrations django_migrations_pkey; Type: CONSTRAINT; Schema: public; Owner: kameks_user
--

ALTER TABLE ONLY public.django_migrations
    ADD CONSTRAINT django_migrations_pkey PRIMARY KEY (id);


--
-- Name: django_session django_session_pkey; Type: CONSTRAINT; Schema: public; Owner: kameks_user
--

ALTER TABLE ONLY public.django_session
    ADD CONSTRAINT django_session_pkey PRIMARY KEY (session_key);


--
-- Name: integration_exchange1clog integration_exchange1clog_pkey; Type: CONSTRAINT; Schema: public; Owner: kameks_user
--

ALTER TABLE ONLY public.integration_exchange1clog
    ADD CONSTRAINT integration_exchange1clog_pkey PRIMARY KEY (id);


--
-- Name: integration_productbackup integration_productbackup_pkey; Type: CONSTRAINT; Schema: public; Owner: kameks_user
--

ALTER TABLE ONLY public.integration_productbackup
    ADD CONSTRAINT integration_productbackup_pkey PRIMARY KEY (id);


--
-- Name: main_advantage main_advantage_pkey; Type: CONSTRAINT; Schema: public; Owner: kameks_user
--

ALTER TABLE ONLY public.main_advantage
    ADD CONSTRAINT main_advantage_pkey PRIMARY KEY (id);


--
-- Name: main_banner main_banner_pkey; Type: CONSTRAINT; Schema: public; Owner: kameks_user
--

ALTER TABLE ONLY public.main_banner
    ADD CONSTRAINT main_banner_pkey PRIMARY KEY (id);


--
-- Name: main_partner main_partner_pkey; Type: CONSTRAINT; Schema: public; Owner: kameks_user
--

ALTER TABLE ONLY public.main_partner
    ADD CONSTRAINT main_partner_pkey PRIMARY KEY (id);


--
-- Name: main_review main_review_pkey; Type: CONSTRAINT; Schema: public; Owner: kameks_user
--

ALTER TABLE ONLY public.main_review
    ADD CONSTRAINT main_review_pkey PRIMARY KEY (id);


--
-- Name: orders_order orders_order_pkey; Type: CONSTRAINT; Schema: public; Owner: kameks_user
--

ALTER TABLE ONLY public.orders_order
    ADD CONSTRAINT orders_order_pkey PRIMARY KEY (id);


--
-- Name: orders_orderitem orders_orderitem_pkey; Type: CONSTRAINT; Schema: public; Owner: kameks_user
--

ALTER TABLE ONLY public.orders_orderitem
    ADD CONSTRAINT orders_orderitem_pkey PRIMARY KEY (id);


--
-- Name: auth_group_name_a6ea08ec_like; Type: INDEX; Schema: public; Owner: kameks_user
--

CREATE INDEX auth_group_name_a6ea08ec_like ON public.auth_group USING btree (name varchar_pattern_ops);


--
-- Name: auth_group_permissions_group_id_b120cbf9; Type: INDEX; Schema: public; Owner: kameks_user
--

CREATE INDEX auth_group_permissions_group_id_b120cbf9 ON public.auth_group_permissions USING btree (group_id);


--
-- Name: auth_group_permissions_permission_id_84c5c92e; Type: INDEX; Schema: public; Owner: kameks_user
--

CREATE INDEX auth_group_permissions_permission_id_84c5c92e ON public.auth_group_permissions USING btree (permission_id);


--
-- Name: auth_permission_content_type_id_2f476e4b; Type: INDEX; Schema: public; Owner: kameks_user
--

CREATE INDEX auth_permission_content_type_id_2f476e4b ON public.auth_permission USING btree (content_type_id);


--
-- Name: auth_user_groups_group_id_97559544; Type: INDEX; Schema: public; Owner: kameks_user
--

CREATE INDEX auth_user_groups_group_id_97559544 ON public.auth_user_groups USING btree (group_id);


--
-- Name: auth_user_groups_user_id_6a12ed8b; Type: INDEX; Schema: public; Owner: kameks_user
--

CREATE INDEX auth_user_groups_user_id_6a12ed8b ON public.auth_user_groups USING btree (user_id);


--
-- Name: auth_user_user_permissions_permission_id_1fbb5f2c; Type: INDEX; Schema: public; Owner: kameks_user
--

CREATE INDEX auth_user_user_permissions_permission_id_1fbb5f2c ON public.auth_user_user_permissions USING btree (permission_id);


--
-- Name: auth_user_user_permissions_user_id_a95ead1b; Type: INDEX; Schema: public; Owner: kameks_user
--

CREATE INDEX auth_user_user_permissions_user_id_a95ead1b ON public.auth_user_user_permissions USING btree (user_id);


--
-- Name: auth_user_username_6821ab7c_like; Type: INDEX; Schema: public; Owner: kameks_user
--

CREATE INDEX auth_user_username_6821ab7c_like ON public.auth_user USING btree (username varchar_pattern_ops);


--
-- Name: catalog_analogue_part_number_1f542b37; Type: INDEX; Schema: public; Owner: kameks_user
--

CREATE INDEX catalog_analogue_part_number_1f542b37 ON public.catalog_analogue USING btree (part_number);


--
-- Name: catalog_analogue_part_number_1f542b37_like; Type: INDEX; Schema: public; Owner: kameks_user
--

CREATE INDEX catalog_analogue_part_number_1f542b37_like ON public.catalog_analogue USING btree (part_number varchar_pattern_ops);


--
-- Name: catalog_analogue_product_id_d2ebccc0; Type: INDEX; Schema: public; Owner: kameks_user
--

CREATE INDEX catalog_analogue_product_id_d2ebccc0 ON public.catalog_analogue USING btree (product_id);


--
-- Name: catalog_brand_slug_988c8dbc_like; Type: INDEX; Schema: public; Owner: kameks_user
--

CREATE INDEX catalog_brand_slug_988c8dbc_like ON public.catalog_brand USING btree (slug varchar_pattern_ops);


--
-- Name: catalog_carmodel_brand_id_c44915da; Type: INDEX; Schema: public; Owner: kameks_user
--

CREATE INDEX catalog_carmodel_brand_id_c44915da ON public.catalog_carmodel USING btree (brand_id);


--
-- Name: catalog_carmodel_slug_eeb76c2a; Type: INDEX; Schema: public; Owner: kameks_user
--

CREATE INDEX catalog_carmodel_slug_eeb76c2a ON public.catalog_carmodel USING btree (slug);


--
-- Name: catalog_carmodel_slug_eeb76c2a_like; Type: INDEX; Schema: public; Owner: kameks_user
--

CREATE INDEX catalog_carmodel_slug_eeb76c2a_like ON public.catalog_carmodel USING btree (slug varchar_pattern_ops);


--
-- Name: catalog_category_parent_id_f61bd017; Type: INDEX; Schema: public; Owner: kameks_user
--

CREATE INDEX catalog_category_parent_id_f61bd017 ON public.catalog_category USING btree (parent_id);


--
-- Name: catalog_category_slug_dbf63ad0_like; Type: INDEX; Schema: public; Owner: kameks_user
--

CREATE INDEX catalog_category_slug_dbf63ad0_like ON public.catalog_category USING btree (slug varchar_pattern_ops);


--
-- Name: catalog_product_brands_brand_id_19331722; Type: INDEX; Schema: public; Owner: kameks_user
--

CREATE INDEX catalog_product_brands_brand_id_19331722 ON public.catalog_product_brands USING btree (brand_id);


--
-- Name: catalog_product_brands_product_id_fd757728; Type: INDEX; Schema: public; Owner: kameks_user
--

CREATE INDEX catalog_product_brands_product_id_fd757728 ON public.catalog_product_brands USING btree (product_id);


--
-- Name: catalog_product_car_models_carmodel_id_d63b0a26; Type: INDEX; Schema: public; Owner: kameks_user
--

CREATE INDEX catalog_product_car_models_carmodel_id_d63b0a26 ON public.catalog_product_car_models USING btree (carmodel_id);


--
-- Name: catalog_product_car_models_product_id_1eacacb7; Type: INDEX; Schema: public; Owner: kameks_user
--

CREATE INDEX catalog_product_car_models_product_id_1eacacb7 ON public.catalog_product_car_models USING btree (product_id);


--
-- Name: catalog_product_category_id_35bf920b; Type: INDEX; Schema: public; Owner: kameks_user
--

CREATE INDEX catalog_product_category_id_35bf920b ON public.catalog_product USING btree (category_id);


--
-- Name: catalog_product_no_sku_5f1733bd; Type: INDEX; Schema: public; Owner: kameks_user
--

CREATE INDEX catalog_product_no_sku_5f1733bd ON public.catalog_product USING btree (no_sku);


--
-- Name: catalog_product_oem_number_7ff1f00f; Type: INDEX; Schema: public; Owner: kameks_user
--

CREATE INDEX catalog_product_oem_number_7ff1f00f ON public.catalog_product USING btree (oem_number);


--
-- Name: catalog_product_oem_number_7ff1f00f_like; Type: INDEX; Schema: public; Owner: kameks_user
--

CREATE INDEX catalog_product_oem_number_7ff1f00f_like ON public.catalog_product USING btree (oem_number varchar_pattern_ops);


--
-- Name: catalog_product_sku_5c54c070_like; Type: INDEX; Schema: public; Owner: kameks_user
--

CREATE INDEX catalog_product_sku_5c54c070_like ON public.catalog_product USING btree (sku varchar_pattern_ops);


--
-- Name: catalog_product_slug_f37848b0_like; Type: INDEX; Schema: public; Owner: kameks_user
--

CREATE INDEX catalog_product_slug_f37848b0_like ON public.catalog_product USING btree (slug varchar_pattern_ops);


--
-- Name: catalog_productattribute_product_id_7ea24d8b; Type: INDEX; Schema: public; Owner: kameks_user
--

CREATE INDEX catalog_productattribute_product_id_7ea24d8b ON public.catalog_productattribute USING btree (product_id);


--
-- Name: catalog_productimage_product_id_1f42dd8c; Type: INDEX; Schema: public; Owner: kameks_user
--

CREATE INDEX catalog_productimage_product_id_1f42dd8c ON public.catalog_productimage USING btree (product_id);


--
-- Name: django_admin_log_content_type_id_c4bce8eb; Type: INDEX; Schema: public; Owner: kameks_user
--

CREATE INDEX django_admin_log_content_type_id_c4bce8eb ON public.django_admin_log USING btree (content_type_id);


--
-- Name: django_admin_log_user_id_c564eba6; Type: INDEX; Schema: public; Owner: kameks_user
--

CREATE INDEX django_admin_log_user_id_c564eba6 ON public.django_admin_log USING btree (user_id);


--
-- Name: django_session_expire_date_a5c62663; Type: INDEX; Schema: public; Owner: kameks_user
--

CREATE INDEX django_session_expire_date_a5c62663 ON public.django_session USING btree (expire_date);


--
-- Name: django_session_session_key_c0390e0f_like; Type: INDEX; Schema: public; Owner: kameks_user
--

CREATE INDEX django_session_session_key_c0390e0f_like ON public.django_session USING btree (session_key varchar_pattern_ops);


--
-- Name: integration_productbackup_log_id_5716cf4c; Type: INDEX; Schema: public; Owner: kameks_user
--

CREATE INDEX integration_productbackup_log_id_5716cf4c ON public.integration_productbackup USING btree (log_id);


--
-- Name: orders_order_user_id_e9b59eb1; Type: INDEX; Schema: public; Owner: kameks_user
--

CREATE INDEX orders_order_user_id_e9b59eb1 ON public.orders_order USING btree (user_id);


--
-- Name: orders_orderitem_order_id_fe61a34d; Type: INDEX; Schema: public; Owner: kameks_user
--

CREATE INDEX orders_orderitem_order_id_fe61a34d ON public.orders_orderitem USING btree (order_id);


--
-- Name: orders_orderitem_product_id_afe4254a; Type: INDEX; Schema: public; Owner: kameks_user
--

CREATE INDEX orders_orderitem_product_id_afe4254a ON public.orders_orderitem USING btree (product_id);


--
-- Name: accounts_userprofile accounts_userprofile_user_id_92240672_fk_auth_user_id; Type: FK CONSTRAINT; Schema: public; Owner: kameks_user
--

ALTER TABLE ONLY public.accounts_userprofile
    ADD CONSTRAINT accounts_userprofile_user_id_92240672_fk_auth_user_id FOREIGN KEY (user_id) REFERENCES public.auth_user(id) DEFERRABLE INITIALLY DEFERRED;


--
-- Name: auth_group_permissions auth_group_permissio_permission_id_84c5c92e_fk_auth_perm; Type: FK CONSTRAINT; Schema: public; Owner: kameks_user
--

ALTER TABLE ONLY public.auth_group_permissions
    ADD CONSTRAINT auth_group_permissio_permission_id_84c5c92e_fk_auth_perm FOREIGN KEY (permission_id) REFERENCES public.auth_permission(id) DEFERRABLE INITIALLY DEFERRED;


--
-- Name: auth_group_permissions auth_group_permissions_group_id_b120cbf9_fk_auth_group_id; Type: FK CONSTRAINT; Schema: public; Owner: kameks_user
--

ALTER TABLE ONLY public.auth_group_permissions
    ADD CONSTRAINT auth_group_permissions_group_id_b120cbf9_fk_auth_group_id FOREIGN KEY (group_id) REFERENCES public.auth_group(id) DEFERRABLE INITIALLY DEFERRED;


--
-- Name: auth_permission auth_permission_content_type_id_2f476e4b_fk_django_co; Type: FK CONSTRAINT; Schema: public; Owner: kameks_user
--

ALTER TABLE ONLY public.auth_permission
    ADD CONSTRAINT auth_permission_content_type_id_2f476e4b_fk_django_co FOREIGN KEY (content_type_id) REFERENCES public.django_content_type(id) DEFERRABLE INITIALLY DEFERRED;


--
-- Name: auth_user_groups auth_user_groups_group_id_97559544_fk_auth_group_id; Type: FK CONSTRAINT; Schema: public; Owner: kameks_user
--

ALTER TABLE ONLY public.auth_user_groups
    ADD CONSTRAINT auth_user_groups_group_id_97559544_fk_auth_group_id FOREIGN KEY (group_id) REFERENCES public.auth_group(id) DEFERRABLE INITIALLY DEFERRED;


--
-- Name: auth_user_groups auth_user_groups_user_id_6a12ed8b_fk_auth_user_id; Type: FK CONSTRAINT; Schema: public; Owner: kameks_user
--

ALTER TABLE ONLY public.auth_user_groups
    ADD CONSTRAINT auth_user_groups_user_id_6a12ed8b_fk_auth_user_id FOREIGN KEY (user_id) REFERENCES public.auth_user(id) DEFERRABLE INITIALLY DEFERRED;


--
-- Name: auth_user_user_permissions auth_user_user_permi_permission_id_1fbb5f2c_fk_auth_perm; Type: FK CONSTRAINT; Schema: public; Owner: kameks_user
--

ALTER TABLE ONLY public.auth_user_user_permissions
    ADD CONSTRAINT auth_user_user_permi_permission_id_1fbb5f2c_fk_auth_perm FOREIGN KEY (permission_id) REFERENCES public.auth_permission(id) DEFERRABLE INITIALLY DEFERRED;


--
-- Name: auth_user_user_permissions auth_user_user_permissions_user_id_a95ead1b_fk_auth_user_id; Type: FK CONSTRAINT; Schema: public; Owner: kameks_user
--

ALTER TABLE ONLY public.auth_user_user_permissions
    ADD CONSTRAINT auth_user_user_permissions_user_id_a95ead1b_fk_auth_user_id FOREIGN KEY (user_id) REFERENCES public.auth_user(id) DEFERRABLE INITIALLY DEFERRED;


--
-- Name: catalog_analogue catalog_analogue_product_id_d2ebccc0_fk_catalog_product_id; Type: FK CONSTRAINT; Schema: public; Owner: kameks_user
--

ALTER TABLE ONLY public.catalog_analogue
    ADD CONSTRAINT catalog_analogue_product_id_d2ebccc0_fk_catalog_product_id FOREIGN KEY (product_id) REFERENCES public.catalog_product(id) DEFERRABLE INITIALLY DEFERRED;


--
-- Name: catalog_carmodel catalog_carmodel_brand_id_c44915da_fk_catalog_brand_id; Type: FK CONSTRAINT; Schema: public; Owner: kameks_user
--

ALTER TABLE ONLY public.catalog_carmodel
    ADD CONSTRAINT catalog_carmodel_brand_id_c44915da_fk_catalog_brand_id FOREIGN KEY (brand_id) REFERENCES public.catalog_brand(id) DEFERRABLE INITIALLY DEFERRED;


--
-- Name: catalog_category catalog_category_parent_id_f61bd017_fk_catalog_category_id; Type: FK CONSTRAINT; Schema: public; Owner: kameks_user
--

ALTER TABLE ONLY public.catalog_category
    ADD CONSTRAINT catalog_category_parent_id_f61bd017_fk_catalog_category_id FOREIGN KEY (parent_id) REFERENCES public.catalog_category(id) DEFERRABLE INITIALLY DEFERRED;


--
-- Name: catalog_product_brands catalog_product_bran_product_id_fd757728_fk_catalog_p; Type: FK CONSTRAINT; Schema: public; Owner: kameks_user
--

ALTER TABLE ONLY public.catalog_product_brands
    ADD CONSTRAINT catalog_product_bran_product_id_fd757728_fk_catalog_p FOREIGN KEY (product_id) REFERENCES public.catalog_product(id) DEFERRABLE INITIALLY DEFERRED;


--
-- Name: catalog_product_brands catalog_product_brands_brand_id_19331722_fk_catalog_brand_id; Type: FK CONSTRAINT; Schema: public; Owner: kameks_user
--

ALTER TABLE ONLY public.catalog_product_brands
    ADD CONSTRAINT catalog_product_brands_brand_id_19331722_fk_catalog_brand_id FOREIGN KEY (brand_id) REFERENCES public.catalog_brand(id) DEFERRABLE INITIALLY DEFERRED;


--
-- Name: catalog_product_car_models catalog_product_car__carmodel_id_d63b0a26_fk_catalog_c; Type: FK CONSTRAINT; Schema: public; Owner: kameks_user
--

ALTER TABLE ONLY public.catalog_product_car_models
    ADD CONSTRAINT catalog_product_car__carmodel_id_d63b0a26_fk_catalog_c FOREIGN KEY (carmodel_id) REFERENCES public.catalog_carmodel(id) DEFERRABLE INITIALLY DEFERRED;


--
-- Name: catalog_product_car_models catalog_product_car__product_id_1eacacb7_fk_catalog_p; Type: FK CONSTRAINT; Schema: public; Owner: kameks_user
--

ALTER TABLE ONLY public.catalog_product_car_models
    ADD CONSTRAINT catalog_product_car__product_id_1eacacb7_fk_catalog_p FOREIGN KEY (product_id) REFERENCES public.catalog_product(id) DEFERRABLE INITIALLY DEFERRED;


--
-- Name: catalog_product catalog_product_category_id_35bf920b_fk_catalog_category_id; Type: FK CONSTRAINT; Schema: public; Owner: kameks_user
--

ALTER TABLE ONLY public.catalog_product
    ADD CONSTRAINT catalog_product_category_id_35bf920b_fk_catalog_category_id FOREIGN KEY (category_id) REFERENCES public.catalog_category(id) DEFERRABLE INITIALLY DEFERRED;


--
-- Name: catalog_productattribute catalog_productattri_product_id_7ea24d8b_fk_catalog_p; Type: FK CONSTRAINT; Schema: public; Owner: kameks_user
--

ALTER TABLE ONLY public.catalog_productattribute
    ADD CONSTRAINT catalog_productattri_product_id_7ea24d8b_fk_catalog_p FOREIGN KEY (product_id) REFERENCES public.catalog_product(id) DEFERRABLE INITIALLY DEFERRED;


--
-- Name: catalog_productimage catalog_productimage_product_id_1f42dd8c_fk_catalog_product_id; Type: FK CONSTRAINT; Schema: public; Owner: kameks_user
--

ALTER TABLE ONLY public.catalog_productimage
    ADD CONSTRAINT catalog_productimage_product_id_1f42dd8c_fk_catalog_product_id FOREIGN KEY (product_id) REFERENCES public.catalog_product(id) DEFERRABLE INITIALLY DEFERRED;


--
-- Name: django_admin_log django_admin_log_content_type_id_c4bce8eb_fk_django_co; Type: FK CONSTRAINT; Schema: public; Owner: kameks_user
--

ALTER TABLE ONLY public.django_admin_log
    ADD CONSTRAINT django_admin_log_content_type_id_c4bce8eb_fk_django_co FOREIGN KEY (content_type_id) REFERENCES public.django_content_type(id) DEFERRABLE INITIALLY DEFERRED;


--
-- Name: django_admin_log django_admin_log_user_id_c564eba6_fk_auth_user_id; Type: FK CONSTRAINT; Schema: public; Owner: kameks_user
--

ALTER TABLE ONLY public.django_admin_log
    ADD CONSTRAINT django_admin_log_user_id_c564eba6_fk_auth_user_id FOREIGN KEY (user_id) REFERENCES public.auth_user(id) DEFERRABLE INITIALLY DEFERRED;


--
-- Name: integration_productbackup integration_productb_log_id_5716cf4c_fk_integrati; Type: FK CONSTRAINT; Schema: public; Owner: kameks_user
--

ALTER TABLE ONLY public.integration_productbackup
    ADD CONSTRAINT integration_productb_log_id_5716cf4c_fk_integrati FOREIGN KEY (log_id) REFERENCES public.integration_exchange1clog(id) DEFERRABLE INITIALLY DEFERRED;


--
-- Name: orders_order orders_order_user_id_e9b59eb1_fk_auth_user_id; Type: FK CONSTRAINT; Schema: public; Owner: kameks_user
--

ALTER TABLE ONLY public.orders_order
    ADD CONSTRAINT orders_order_user_id_e9b59eb1_fk_auth_user_id FOREIGN KEY (user_id) REFERENCES public.auth_user(id) DEFERRABLE INITIALLY DEFERRED;


--
-- Name: orders_orderitem orders_orderitem_order_id_fe61a34d_fk_orders_order_id; Type: FK CONSTRAINT; Schema: public; Owner: kameks_user
--

ALTER TABLE ONLY public.orders_orderitem
    ADD CONSTRAINT orders_orderitem_order_id_fe61a34d_fk_orders_order_id FOREIGN KEY (order_id) REFERENCES public.orders_order(id) DEFERRABLE INITIALLY DEFERRED;


--
-- Name: orders_orderitem orders_orderitem_product_id_afe4254a_fk_catalog_product_id; Type: FK CONSTRAINT; Schema: public; Owner: kameks_user
--

ALTER TABLE ONLY public.orders_orderitem
    ADD CONSTRAINT orders_orderitem_product_id_afe4254a_fk_catalog_product_id FOREIGN KEY (product_id) REFERENCES public.catalog_product(id) DEFERRABLE INITIALLY DEFERRED;


--
-- PostgreSQL database dump complete
--

\unrestrict vDKrbAMN7HERhSRLpeIJpmFzs4VfBIarmoeZpNJhAZBS6zSpPGHf4Askz0lCgnM

